_goals/convex-backend-runtime-2026-10-02/qa/task03b2d-compiler-review-1.md
_goals/convex-backend-runtime-2026-10-02/qa/outcome-matrix.md
_goals/convex-backend-runtime-2026-10-02/qa/task03c1-review-1.md
_goals/convex-backend-runtime-2026-10-02/qa/task02b-review-1.md
_goals/convex-backend-runtime-2026-10-02/qa/task03b1-mf-review-2.md
_goals/convex-backend-runtime-2026-10-02/qa/task03b2b1-extra-cycle-proposal.md
_goals/convex-backend-runtime-2026-10-02/qa/qualified-runtime-dependencies.json
_goals/convex-backend-runtime-2026-10-02/qa/billable-callsite-snapshot.md
_goals/convex-backend-runtime-2026-10-02/qa/baseline-quality.md
_goals/convex-backend-runtime-2026-10-02/qa/current-gates.md
_goals/convex-backend-runtime-2026-10-02/qa/task03b1-mf-review-3.md
_goals/convex-backend-runtime-2026-10-02/qa/task03-metadata-native-errors/control-source-context.json
_goals/convex-backend-runtime-2026-10-02/qa/task03-metadata-native-errors/report.md
_goals/convex-backend-runtime-2026-10-02/qa/task03-metadata-native-errors/followup-cycle2/new-scope-tests-initial.json
_goals/convex-backend-runtime-2026-10-02/qa/task03-metadata-native-errors/followup-cycle2/inventory-callback.ts.text
_goals/convex-backend-runtime-2026-10-02/qa/task03-metadata-native-errors/followup-cycle2/mutable.accepted-baseline.ts.text
_goals/convex-backend-runtime-2026-10-02/qa/task03-metadata-native-errors/followup-cycle2/cleanup-controls.json
_goals/convex-backend-runtime-2026-10-02/qa/task03-metadata-native-errors/followup-cycle2/runtimeMetadataAuth.accepted-baseline.raw.ts.text
_goals/convex-backend-runtime-2026-10-02/qa/task03-metadata-native-errors/followup-cycle2/sessions.accepted-baseline.raw.ts.text
_goals/convex-backend-runtime-2026-10-02/qa/task03-metadata-native-errors/followup-cycle2/replay-provenance.json
_goals/convex-backend-runtime-2026-10-02/qa/task03-metadata-native-errors/followup-cycle2/boundary-probes.mjs.text
_goals/convex-backend-runtime-2026-10-02/qa/task03-metadata-native-errors/followup-cycle2/timestamp-equivalence.json
_goals/convex-backend-runtime-2026-10-02/qa/task03-metadata-native-errors/followup-cycle2/historical-additional-probes.mjs.text
_goals/convex-backend-runtime-2026-10-02/qa/task03-metadata-native-errors/followup-cycle2/run-check.py.text
_goals/convex-backend-runtime-2026-10-02/qa/task03-metadata-native-errors/followup-cycle2/native-parent-proof-provenance.json
_goals/convex-backend-runtime-2026-10-02/qa/task03-metadata-native-errors/followup-cycle2/metadata-native-error-confirmation-current-baseline.json
_goals/convex-backend-runtime-2026-10-02/qa/task03-metadata-native-errors/followup-cycle2/baseline-mutable.raw.ts.text
_goals/convex-backend-runtime-2026-10-02/qa/task03-metadata-native-errors/followup-cycle2/judge-replay-provenance.json
_goals/convex-backend-runtime-2026-10-02/qa/task03-metadata-native-errors/followup-cycle2/historical-probes.mjs.text
_goals/convex-backend-runtime-2026-10-02/qa/task03-metadata-native-errors/followup-cycle2/cycle2-only.patch
_goals/convex-backend-runtime-2026-10-02/qa/task03-metadata-native-errors/followup-cycle2/freeze.py.text
_goals/convex-backend-runtime-2026-10-02/qa/task03-metadata-native-errors/followup-cycle2/baseline-runtimeMetadataAuth.raw.ts.text
_goals/convex-backend-runtime-2026-10-02/qa/task03-metadata-native-errors/followup-cycle2/original41-requirement-mapping.json
_goals/convex-backend-runtime-2026-10-02/qa/task03-metadata-native-errors/followup-cycle2/before-cycle2.json
_goals/convex-backend-runtime-2026-10-02/qa/task03-metadata-native-errors/followup-cycle2/current-required18-probe.mjs.text
_goals/convex-backend-runtime-2026-10-02/qa/task03-metadata-native-errors/followup-cycle2/extra-probes.json
_goals/convex-backend-runtime-2026-10-02/qa/task03-metadata-native-errors/followup-cycle2/commands.json
_goals/convex-backend-runtime-2026-10-02/qa/task03-metadata-native-errors/followup-cycle2/closure-controls.mjs.text
_goals/convex-backend-runtime-2026-10-02/qa/task03-metadata-native-errors/followup-cycle2/catalog/public-path-inventory.json
_goals/convex-backend-runtime-2026-10-02/qa/task03-metadata-native-errors/followup-cycle2/catalog/public-path-inventory.md
_goals/convex-backend-runtime-2026-10-02/qa/task03-metadata-native-errors/followup-cycle2/current-required-denial.json
_goals/convex-backend-runtime-2026-10-02/qa/task03-metadata-native-errors/followup-cycle2/immutable.accepted-baseline.ts.text
_goals/convex-backend-runtime-2026-10-02/qa/task03-metadata-native-errors/followup-cycle2/mutable.accepted-baseline.raw.ts.text
_goals/convex-backend-runtime-2026-10-02/qa/task03-metadata-native-errors/followup-cycle2/sessions.accepted-baseline.ts.text
_goals/convex-backend-runtime-2026-10-02/qa/task03-metadata-native-errors/followup-cycle2/report.md
_goals/convex-backend-runtime-2026-10-02/qa/task03-metadata-native-errors/followup-cycle2/preservation.json
_goals/convex-backend-runtime-2026-10-02/qa/task03-metadata-native-errors/followup-cycle2/cycle2-authorization-and-scope.md
_goals/convex-backend-runtime-2026-10-02/qa/task03-metadata-native-errors/followup-cycle2/verify.py.text
_goals/convex-backend-runtime-2026-10-02/qa/task03-metadata-native-errors/followup-cycle2/historical-numeric-probe.mjs.text
_goals/convex-backend-runtime-2026-10-02/qa/task03-metadata-native-errors/followup-cycle2/baseline-runtimeAuth.ts.text
_goals/convex-backend-runtime-2026-10-02/qa/task03-metadata-native-errors/followup-cycle2/runtimeAuth.accepted-baseline.ts.text
_goals/convex-backend-runtime-2026-10-02/qa/task03-metadata-native-errors/followup-cycle2/freeze.json
_goals/convex-backend-runtime-2026-10-02/qa/task03-metadata-native-errors/followup-cycle2/ambiguity-pruning-probe.mjs.text
_goals/convex-backend-runtime-2026-10-02/qa/task03-metadata-native-errors/followup-cycle2/metadata-control-native-error-confirmation.mts.text
_goals/convex-backend-runtime-2026-10-02/qa/task03-metadata-native-errors/followup-cycle2/current-required18-outcomes.json
_goals/convex-backend-runtime-2026-10-02/qa/task03-metadata-native-errors/followup-cycle2/historical-probe-check.mjs.text
_goals/convex-backend-runtime-2026-10-02/qa/task03-metadata-native-errors/followup-cycle2/metadata-native-error-confirmation.mts.text
_goals/convex-backend-runtime-2026-10-02/qa/task03-metadata-native-errors/followup-cycle2/runtimeMetadataAuth.accepted-baseline.ts.text
_goals/convex-backend-runtime-2026-10-02/qa/task03-metadata-native-errors/followup-cycle2/regression-required-denial.mjs.text
_goals/convex-backend-runtime-2026-10-02/qa/task03-metadata-native-errors/followup-cycle2/affected03A-requirement-mapping.json
_goals/convex-backend-runtime-2026-10-02/qa/task03-metadata-native-errors/followup-cycle2/cycle1-pre-repair-regression-required-denial.json
_goals/convex-backend-runtime-2026-10-02/qa/task03-metadata-native-errors/followup-cycle2/baseline-runtimeAuth.raw.ts.text
_goals/convex-backend-runtime-2026-10-02/qa/task03-metadata-native-errors/followup-cycle2/final-source.json
_goals/convex-backend-runtime-2026-10-02/qa/task03-metadata-native-errors/followup-cycle2/runtimeAuth.accepted-baseline.raw.ts.text
_goals/convex-backend-runtime-2026-10-02/qa/task03-metadata-native-errors/followup-cycle2/current-required-denial.mjs.text
_goals/convex-backend-runtime-2026-10-02/qa/task03-metadata-native-errors/followup-cycle2/registration.mjs.text
_goals/convex-backend-runtime-2026-10-02/qa/task03-metadata-native-errors/followup-cycle2/boundary-probes.json
_goals/convex-backend-runtime-2026-10-02/qa/task03-metadata-native-errors/followup-cycle2/cycle1-pre-repair-ambiguity-pruning-outcomes.json
_goals/convex-backend-runtime-2026-10-02/qa/task03-metadata-native-errors/followup-cycle2/credentials-outcomes.json
_goals/convex-backend-runtime-2026-10-02/qa/task03-metadata-native-errors/followup-cycle2/immutable.accepted-baseline.raw.ts.text
_goals/convex-backend-runtime-2026-10-02/qa/task03-metadata-native-errors/followup-cycle2/changed-paths.patch
_goals/convex-backend-runtime-2026-10-02/qa/task03-metadata-native-errors/followup-cycle2/framework-registration.json
_goals/convex-backend-runtime-2026-10-02/qa/task03-metadata-native-errors/followup-cycle2/test-summary.json
_goals/convex-backend-runtime-2026-10-02/qa/task03-metadata-native-errors/followup-cycle2/baseline-runtimeMetadataAuth.ts.text
_goals/convex-backend-runtime-2026-10-02/qa/task03-metadata-native-errors/followup-cycle2/baseline-mutable.ts.text
_goals/convex-backend-runtime-2026-10-02/qa/task03-metadata-native-errors/followup-cycle2/extra-probes.mjs.text
_goals/convex-backend-runtime-2026-10-02/qa/task03-metadata-native-errors/followup-cycle2/final-selected-outcomes.json
_goals/convex-backend-runtime-2026-10-02/qa/task01/fixture/tsconfig.json
_goals/convex-backend-runtime-2026-10-02/qa/task01/fixture/transport.ts
_goals/convex-backend-runtime-2026-10-02/qa/task03b2a/cycle3/check-hashes.json
_goals/convex-backend-runtime-2026-10-02/qa/task03b2a/cycle3/artifact-hashes.json
_goals/convex-backend-runtime-2026-10-02/qa/task03b2a/cycle3/verification-receipt.initial.json
_goals/convex-backend-runtime-2026-10-02/qa/task03b2a/cycle3/freeze.py
_goals/convex-backend-runtime-2026-10-02/qa/task03b2a/cycle3/verification-receipt.json
_goals/convex-backend-runtime-2026-10-02/qa/task03b2a/cycle3/verification.json
_goals/convex-backend-runtime-2026-10-02/qa/task03b2a/cycle3/run-checks.py
_goals/convex-backend-runtime-2026-10-02/qa/task03b2a/cycle3/report.md
_goals/convex-backend-runtime-2026-10-02/qa/task03b2a/cycle3/archive-verification.json
_goals/convex-backend-runtime-2026-10-02/qa/task03b2a/cycle3/freeze.json
_goals/convex-backend-runtime-2026-10-02/qa/task03b2a/cycle3/jest-results.json
_goals/convex-backend-runtime-2026-10-02/qa/task03b2a/cycle3/catalog-test-preservation.json
_goals/convex-backend-runtime-2026-10-02/qa/task03b2a/cycle3/source-hashes.json
_goals/convex-backend-runtime-2026-10-02/qa/task03b2a/cycle3/timestamp-probe.mjs
_goals/convex-backend-runtime-2026-10-02/qa/task03b2a/cycle3/verify.mjs
_goals/convex-backend-runtime-2026-10-02/qa/task03b2a/cycle3/check-receipts.json
_goals/convex-backend-runtime-2026-10-02/qa/task03-metadata-native-errors/followup-cycle2/cycle1-source/convex-dev/runtimeMetadataAuth.ts.text
_goals/convex-backend-runtime-2026-10-02/qa/task01/fixture/scripts/qualify.mjs
_goals/convex-backend-runtime-2026-10-02/qa/task03-metadata-native-errors/followup-cycle2/cycle1-source/convex-dev/runtimeAuth.ts.text
_goals/convex-backend-runtime-2026-10-02/qa/task03b2a/baseline-unchanged.json
_goals/convex-backend-runtime-2026-10-02/qa/task01/fixture/scripts/paths.d.mts
_goals/convex-backend-runtime-2026-10-02/qa/task01/fixture/scripts/deploy.mjs
_goals/convex-backend-runtime-2026-10-02/qa/task01/fixture/scripts/transport-check.ts
_goals/convex-backend-runtime-2026-10-02/qa/task01/fixture/scripts/client.mjs
_goals/convex-backend-runtime-2026-10-02/qa/task01/fixture/scripts/gateway-check.mjs
_goals/convex-backend-runtime-2026-10-02/qa/task01/fixture/scripts/paths-check.mjs
_goals/convex-backend-runtime-2026-10-02/qa/task01/fixture/scripts/transpile-check.mjs
_goals/convex-backend-runtime-2026-10-02/qa/task01/fixture/scripts/ordering-check.mjs
_goals/convex-backend-runtime-2026-10-02/qa/task01/fixture/scripts/keys-check.mjs
_goals/convex-backend-runtime-2026-10-02/qa/task01/fixture/scripts/effect-secret.mjs
_goals/convex-backend-runtime-2026-10-02/qa/task01/fixture/scripts/verify.mjs
_goals/convex-backend-runtime-2026-10-02/qa/task01/fixture/scripts/keys.mjs
_goals/convex-backend-runtime-2026-10-02/qa/task01/fixture/scripts/paths.mjs
_goals/convex-backend-runtime-2026-10-02/qa/task01/fixture/package.json
_goals/convex-backend-runtime-2026-10-02/qa/task01/fixture/convex.json
_goals/convex-backend-runtime-2026-10-02/qa/task03b2a/contracts.md
_goals/convex-backend-runtime-2026-10-02/qa/task03-metadata-native-errors/followup-cycle2/cycle1-source/tests/unit/runtimeAuth/provisioning.test.ts.text
_goals/convex-backend-runtime-2026-10-02/qa/task03-metadata-native-errors/followup-cycle2/cycle1-source/tests/unit/runtimeMetadataAuth/native-errors.test.ts.text
_goals/convex-backend-runtime-2026-10-02/qa/task03-metadata-native-errors/followup-cycle2/cycle1-source/tests/unit/runtimeMetadataAuth/handlers.test.ts.text
_goals/convex-backend-runtime-2026-10-02/qa/task03-metadata-native-errors/followup-cycle2/metadata-control-native-error-confirmation-current-baseline.json
_goals/convex-backend-runtime-2026-10-02/qa/task03b2a/catalog/public-path-inventory.json
_goals/convex-backend-runtime-2026-10-02/qa/task03b2a/catalog/public-path-inventory.md
_goals/convex-backend-runtime-2026-10-02/qa/task03b2a/run-checks.py
_goals/convex-backend-runtime-2026-10-02/qa/task03b2a/report.md
_goals/convex-backend-runtime-2026-10-02/qa/task03b2a/freeze.json
_goals/convex-backend-runtime-2026-10-02/qa/task03b2a/cycle2/check-hashes.json
_goals/convex-backend-runtime-2026-10-02/qa/task03b2a/cycle2/verification.json
_goals/convex-backend-runtime-2026-10-02/qa/task03b2a/cycle2/numeric-probe.mjs
_goals/convex-backend-runtime-2026-10-02/qa/task03b2a/cycle2/probes.mjs
_goals/convex-backend-runtime-2026-10-02/qa/task03b2a/cycle2/report.md
_goals/convex-backend-runtime-2026-10-02/qa/task03b2a/cycle2/archive-verification.json
_goals/convex-backend-runtime-2026-10-02/qa/task03b2a/cycle2/freeze.json
_goals/convex-backend-runtime-2026-10-02/qa/task03b2a/cycle2/probe-check.mjs
_goals/convex-backend-runtime-2026-10-02/qa/task03b2a/cycle2/additional-probes.mjs
_goals/convex-backend-runtime-2026-10-02/qa/task03b2a/jest-results.json
_goals/convex-backend-runtime-2026-10-02/qa/task01/fixture/convex/auth.ts
_goals/convex-backend-runtime-2026-10-02/qa/task01/fixture/convex/runtime.ts
_goals/convex-backend-runtime-2026-10-02/qa/task01/fixture/convex/schema.ts
_goals/convex-backend-runtime-2026-10-02/qa/task01/fixture/convex/http.ts
_goals/convex-backend-runtime-2026-10-02/qa/task01/fixture/convex/auth.config.ts
_goals/convex-backend-runtime-2026-10-02/qa/task01/fixture/convex/convex.config.ts
_goals/convex-backend-runtime-2026-10-02/qa/task01/fixture/convex/inference.ts
_goals/convex-backend-runtime-2026-10-02/qa/task03b2a/independent-cycle3/inventory-callback.ts.text
_goals/convex-backend-runtime-2026-10-02/qa/task03b2a/independent-cycle3/final-verdict.json
_goals/convex-backend-runtime-2026-10-02/qa/task03b2a/independent-cycle3/cleanup-controls.json
_goals/convex-backend-runtime-2026-10-02/qa/task03b2a/independent-cycle3/boundary-probes.mjs.text
_goals/convex-backend-runtime-2026-10-02/qa/task03b2a/independent-cycle3/timestamp-equivalence.json
_goals/convex-backend-runtime-2026-10-02/qa/task03b2a/independent-cycle3/verify.py
_goals/convex-backend-runtime-2026-10-02/qa/task03b2a/independent-cycle3/final-snapshot.json
_goals/convex-backend-runtime-2026-10-02/qa/task03b2a/independent-cycle3/verification.json
_goals/convex-backend-runtime-2026-10-02/qa/task03b2a/independent-cycle3/verify.py.initial2.text
_goals/convex-backend-runtime-2026-10-02/qa/task03b2a/independent-cycle3/verification.json.initial2
_goals/convex-backend-runtime-2026-10-02/qa/task03b2a/independent-cycle3/run.py
_goals/convex-backend-runtime-2026-10-02/qa/task03b2a/independent-cycle3/harness-notes.txt
_goals/convex-backend-runtime-2026-10-02/qa/task03b2a/independent-cycle3/extra-probes.json
_goals/convex-backend-runtime-2026-10-02/qa/task03b2a/independent-cycle3/commands.json
_goals/convex-backend-runtime-2026-10-02/qa/task03b2a/independent-cycle3/closure-controls.mjs.text
_goals/convex-backend-runtime-2026-10-02/qa/task03b2a/independent-cycle3/config-controls.json
_goals/convex-backend-runtime-2026-10-02/qa/task03-metadata-native-errors/followup-cycle2/checks/current-required-denial.receipt.json
_goals/convex-backend-runtime-2026-10-02/qa/task03-metadata-native-errors/followup-cycle2/checks/native-registration.receipt.json
_goals/convex-backend-runtime-2026-10-02/qa/task03-metadata-native-errors/followup-cycle2/checks/closure-replay.receipt.json
_goals/convex-backend-runtime-2026-10-02/qa/task03-metadata-native-errors/followup-cycle2/checks/root-build.receipt.json
_goals/convex-backend-runtime-2026-10-02/qa/task03-metadata-native-errors/followup-cycle2/checks/parent-native-control-six.receipt.json
_goals/convex-backend-runtime-2026-10-02/qa/task03-metadata-native-errors/followup-cycle2/checks/cycle1-exact18-pre-repair-final.receipt.json
_goals/convex-backend-runtime-2026-10-02/qa/task03-metadata-native-errors/followup-cycle2/checks/actual-backend-types.receipt.json
_goals/convex-backend-runtime-2026-10-02/qa/task03-metadata-native-errors/followup-cycle2/checks/full-root-types.receipt.json
_goals/convex-backend-runtime-2026-10-02/qa/task03-metadata-native-errors/followup-cycle2/checks/historical-observations-additional.receipt.json
_goals/convex-backend-runtime-2026-10-02/qa/task03-metadata-native-errors/followup-cycle2/checks/node-version.receipt.json
_goals/convex-backend-runtime-2026-10-02/qa/task03-metadata-native-errors/followup-cycle2/checks/root-lint.receipt.json
_goals/convex-backend-runtime-2026-10-02/qa/task03-metadata-native-errors/followup-cycle2/checks/boundary-replay.receipt.json
_goals/convex-backend-runtime-2026-10-02/qa/task03-metadata-native-errors/followup-cycle2/checks/old-exact-finding-collector-after-repair.receipt.json
_goals/convex-backend-runtime-2026-10-02/qa/task03-metadata-native-errors/followup-cycle2/checks/packed-contracts.receipt.json
_goals/convex-backend-runtime-2026-10-02/qa/task03-metadata-native-errors/followup-cycle2/checks/credentials-outcomes.receipt.json
_goals/convex-backend-runtime-2026-10-02/qa/task03-metadata-native-errors/followup-cycle2/checks/diff-check.receipt.json
_goals/convex-backend-runtime-2026-10-02/qa/task03-metadata-native-errors/followup-cycle2/checks/current-required18.receipt.json
_goals/convex-backend-runtime-2026-10-02/qa/task03-metadata-native-errors/followup-cycle2/checks/historical-observations-numeric.receipt.json
_goals/convex-backend-runtime-2026-10-02/qa/task03-metadata-native-errors/followup-cycle2/checks/npm-version.receipt.json
_goals/convex-backend-runtime-2026-10-02/qa/task03-metadata-native-errors/followup-cycle2/checks/scoped-lint.receipt.json
_goals/convex-backend-runtime-2026-10-02/qa/task03-metadata-native-errors/followup-cycle2/checks/extra-replay.receipt.json
_goals/convex-backend-runtime-2026-10-02/qa/task03-metadata-native-errors/followup-cycle2/checks/historical19-check.receipt.json
_goals/convex-backend-runtime-2026-10-02/qa/task03-metadata-native-errors/followup-cycle2/checks/cycle1-required-denial-pre-repair-final.receipt.json
_goals/convex-backend-runtime-2026-10-02/qa/task03-metadata-native-errors/followup-cycle2/checks/cycle1-required-denial-before-repair.receipt.json
_goals/convex-backend-runtime-2026-10-02/qa/task03-metadata-native-errors/followup-cycle2/checks/ast-inventory.receipt.json
_goals/convex-backend-runtime-2026-10-02/qa/task03-metadata-native-errors/followup-cycle2/checks/final-selected-outcomes.receipt.json
_goals/convex-backend-runtime-2026-10-02/qa/task03-metadata-native-errors/followup-cycle2/checks/scoped-types-initial.receipt.json
_goals/convex-backend-runtime-2026-10-02/qa/task03-metadata-native-errors/followup-cycle2/checks/discovery.receipt.json
_goals/convex-backend-runtime-2026-10-02/qa/task03-metadata-native-errors/followup-cycle2/checks/historical-observations-ordinary.receipt.json
_goals/convex-backend-runtime-2026-10-02/qa/task03-metadata-native-errors/followup-cycle2/checks/parent-native-canonical-six.receipt.json
_goals/convex-backend-runtime-2026-10-02/qa/task03-metadata-native-errors/followup-cycle2/checks/preservation-and-multiplicity.receipt.json
_goals/convex-backend-runtime-2026-10-02/qa/task03-metadata-native-errors/followup-cycle2/checks/new-scope-tests-initial.receipt.json
_goals/convex-backend-runtime-2026-10-02/qa/task03-metadata-native-errors/followup-cycle2/checks/final-preservation-and-multiplicity.receipt.json
_goals/convex-backend-runtime-2026-10-02/qa/task03-metadata-native-errors/followup-cycle2/checks/cycle1-exact18-before-repair.receipt.json
_goals/convex-backend-runtime-2026-10-02/qa/task03-metadata-native-errors/followup-cycle2/current-required18-provenance.json
_goals/convex-backend-runtime-2026-10-02/qa/task03-metadata-native-errors/metadata-control-native-error-confirmation.mts.text
_goals/convex-backend-runtime-2026-10-02/qa/task03-metadata-native-errors/metadata-native-error-confirmation.mts.text
_goals/convex-backend-runtime-2026-10-02/qa/task03-metadata-native-errors/metadata-control-native-error-confirmation.json
_goals/convex-backend-runtime-2026-10-02/qa/task03-metadata-native-errors/source-context.json
_goals/convex-backend-runtime-2026-10-02/qa/task03-metadata-native-errors/followup-review-2.md
_goals/convex-backend-runtime-2026-10-02/qa/task03-metadata-native-errors/metadata-native-error-confirmation.json
_goals/convex-backend-runtime-2026-10-02/qa/task03b2a/independent-cycle3/catalog/public-path-inventory.json
_goals/convex-backend-runtime-2026-10-02/qa/task03b2a/independent-cycle3/catalog/public-path-inventory.md
_goals/convex-backend-runtime-2026-10-02/qa/task03b2a/independent-cycle3/config-probe.command.json
_goals/convex-backend-runtime-2026-10-02/qa/task03b2a/independent-cycle3/verification.command.json.initial2
_goals/convex-backend-runtime-2026-10-02/qa/task03b2a/independent-cycle3/immutable.ts.cycle3.patch
_goals/convex-backend-runtime-2026-10-02/qa/task03b2a/independent-cycle3/verification.log.initial2
_goals/convex-backend-runtime-2026-10-02/qa/task03b2a/independent-cycle3/boundary-probes.provenance.json
_goals/convex-backend-runtime-2026-10-02/qa/task03b2a/independent-cycle3/package.json
_goals/convex-backend-runtime-2026-10-02/qa/task03b2a/independent-cycle3/jest-results.json
_goals/convex-backend-runtime-2026-10-02/qa/task03b2a/independent-cycle3/closure-controls.initial.mjs.text
_goals/convex-backend-runtime-2026-10-02/qa/task03b2a/independent-cycle3/extra-probes.provenance.json
_goals/convex-backend-runtime-2026-10-02/qa/task03b2a/independent-cycle3/initial-snapshot.json
_goals/convex-backend-runtime-2026-10-02/qa/task03b2a/independent-cycle3/judgment.md
_goals/convex-backend-runtime-2026-10-02/qa/task03b2a/independent-cycle3/baseline-diagnostics.json
_goals/convex-backend-runtime-2026-10-02/qa/task03b2a/independent-cycle3/closure-controls.initial.command.json
_goals/convex-backend-runtime-2026-10-02/qa/task03b2a/independent-cycle3/closure-controls.command.json
_goals/convex-backend-runtime-2026-10-02/qa/task03b2a/independent-cycle3/baseline.mjs.text
_goals/convex-backend-runtime-2026-10-02/qa/task03b2a/independent-cycle3/verification.log.initial
_goals/convex-backend-runtime-2026-10-02/qa/task03b2a/independent-cycle3/copy-provenance.json
_goals/convex-backend-runtime-2026-10-02/qa/task03b2a/independent-cycle3/config-probe.mjs.text
_goals/convex-backend-runtime-2026-10-02/qa/task03b2a/independent-cycle3/verification.command.json
_goals/convex-backend-runtime-2026-10-02/qa/task03b2a/independent-cycle3/registration.mjs.text
_goals/convex-backend-runtime-2026-10-02/qa/task03b2a/independent-cycle3/verification.command.json.initial
_goals/convex-backend-runtime-2026-10-02/qa/task03b2a/independent-cycle3/verification.json.initial
_goals/convex-backend-runtime-2026-10-02/qa/task03b2a/independent-cycle3/boundary-probes.json
_goals/convex-backend-runtime-2026-10-02/qa/task03b2a/independent-cycle3/closure-controls.mjs.initial2.text
_goals/convex-backend-runtime-2026-10-02/qa/task03b2a/independent-cycle3/verify.py.initial.text
_goals/convex-backend-runtime-2026-10-02/qa/task03b2a/independent-cycle3/ordinary-test-preservation.json
_goals/convex-backend-runtime-2026-10-02/qa/task03b2a/independent-cycle3/framework-registration.json
_goals/convex-backend-runtime-2026-10-02/qa/task03b2a/independent-cycle3/extra-probes.mjs.text
_goals/convex-backend-runtime-2026-10-02/qa/task03b2a/independent-cycle3/cycle2-immutable.ts.text
_goals/convex-backend-runtime-2026-10-02/qa/task03b2a/independent-cycle3/registrations.test.ts.cycle3.patch
_goals/convex-backend-runtime-2026-10-02/qa/task03b2a/independent-cycle3/users.ts.cycle3.patch
_goals/convex-backend-runtime-2026-10-02/qa/task03b2a/independent-cycle3/cycle2-users.ts.text
_goals/convex-backend-runtime-2026-10-02/qa/task03b2a/independent-cycle3/closure-controls.log.initial2
_goals/convex-backend-runtime-2026-10-02/qa/task03b2a/independent-cycle3/closure-controls.command.json.initial2
_goals/convex-backend-runtime-2026-10-02/qa/task03b2a/baseline-diagnostics.json
_goals/convex-backend-runtime-2026-10-02/qa/task03b2a/registration-probe.mjs
_goals/convex-backend-runtime-2026-10-02/qa/task03b2a/source-hashes.json
_goals/convex-backend-runtime-2026-10-02/qa/task03b2a/main-integration/schema-composition.json
_goals/convex-backend-runtime-2026-10-02/qa/task01/fixture/convex/_generated/api.d.ts
_goals/convex-backend-runtime-2026-10-02/qa/task03b2a/main-integration/catalog-preservation.json
_goals/convex-backend-runtime-2026-10-02/qa/task03b2a/main-integration/commands.json
_goals/convex-backend-runtime-2026-10-02/qa/task03b2a/main-integration/copy-provenance.json
_goals/convex-backend-runtime-2026-10-02/qa/task03b2a/main-integration/combined-outcomes.json
_goals/convex-backend-runtime-2026-10-02/qa/task03b2a/inventory.mjs
_goals/convex-backend-runtime-2026-10-02/qa/task03b2a/baseline-root-types.mjs
_goals/convex-backend-runtime-2026-10-02/qa/task03b2a/unsupported-downstream-boundaries.json
_goals/convex-backend-runtime-2026-10-02/qa/task03-metadata-native-errors/history/followup-cycle1-final/independent/replay-provenance.json
_goals/convex-backend-runtime-2026-10-02/qa/task03-metadata-native-errors/history/followup-cycle1-final/independent/verify-review.second.py.text
_goals/convex-backend-runtime-2026-10-02/qa/task03-metadata-native-errors/history/followup-cycle1-final/independent/reviewer-harness-notes.txt
_goals/convex-backend-runtime-2026-10-02/qa/task03-metadata-native-errors/history/followup-cycle1-final/independent/final-snapshot.json
_goals/convex-backend-runtime-2026-10-02/qa/task03-metadata-native-errors/history/followup-cycle1-final/independent/baseline-mutable.raw.ts.text
_goals/convex-backend-runtime-2026-10-02/qa/task03-metadata-native-errors/history/followup-cycle1-final/independent/verification.json
_goals/convex-backend-runtime-2026-10-02/qa/task03-metadata-native-errors/history/followup-cycle1-final/independent/verify-review.initial.py.text
_goals/convex-backend-runtime-2026-10-02/qa/task03-metadata-native-errors/history/followup-cycle1-final/independent/baseline-runtimeMetadataAuth.raw.ts.text
_goals/convex-backend-runtime-2026-10-02/qa/task03-metadata-native-errors/history/followup-cycle1-final/independent/original41-independent-requirement-mapping.json
_goals/convex-backend-runtime-2026-10-02/qa/task03-metadata-native-errors/history/followup-cycle1-final/independent/commands.json
_goals/convex-backend-runtime-2026-10-02/qa/task01/fixture/convex/_generated/dataModel.d.ts
_goals/convex-backend-runtime-2026-10-02/qa/task01/fixture/convex/_generated/server.js
_goals/convex-backend-runtime-2026-10-02/qa/task01/fixture/convex/_generated/api.js
_goals/convex-backend-runtime-2026-10-02/qa/task01/fixture/convex/_generated/server.d.ts
_goals/convex-backend-runtime-2026-10-02/qa/task01/fixture/convex/execution.ts
_goals/convex-backend-runtime-2026-10-02/qa/task01/fixture/convex/interrupted.ts
_goals/convex-backend-runtime-2026-10-02/qa/task01/fixture/README.md
_goals/convex-backend-runtime-2026-10-02/qa/task01/fixture/package-lock.json
_goals/convex-backend-runtime-2026-10-02/qa/task01/contracts.md
_goals/convex-backend-runtime-2026-10-02/qa/task01/report.md
_goals/convex-backend-runtime-2026-10-02/qa/task03a-review-1.md
_goals/convex-backend-runtime-2026-10-02/qa/task03-metadata-native-errors/history/followup-cycle1-final/independent/catalog/public-path-inventory.json
_goals/convex-backend-runtime-2026-10-02/qa/task03-metadata-native-errors/history/followup-cycle1-final/independent/catalog/public-path-inventory.md
_goals/convex-backend-runtime-2026-10-02/qa/task03-metadata-native-errors/history/followup-cycle1-final/independent/regression-required-denial.json
_goals/convex-backend-runtime-2026-10-02/qa/task03-metadata-native-errors/history/followup-cycle1-final/independent/global.npmrc
_goals/convex-backend-runtime-2026-10-02/qa/task03-metadata-native-errors/history/followup-cycle1-final/independent/report.md
_goals/convex-backend-runtime-2026-10-02/qa/task03-metadata-native-errors/history/followup-cycle1-final/independent/manifest.json
_goals/convex-backend-runtime-2026-10-02/qa/task03-metadata-native-errors/history/followup-cycle1-final/independent/before-snapshot.json
_goals/convex-backend-runtime-2026-10-02/qa/task03-metadata-native-errors/history/followup-cycle1-final/independent/verify-review.third.py.text
_goals/convex-backend-runtime-2026-10-02/qa/task03-metadata-native-errors/history/followup-cycle1-final/independent/baseline-runtimeAuth.ts.text
_goals/convex-backend-runtime-2026-10-02/qa/task01/evidence/live-receipts-initial.json
_goals/convex-backend-runtime-2026-10-02/qa/task01/evidence/live-receipts.json
_goals/convex-backend-runtime-2026-10-02/qa/task01/evidence/agent-streaming.txt
_goals/convex-backend-runtime-2026-10-02/qa/task01/evidence/changed-paths.json
_goals/convex-backend-runtime-2026-10-02/qa/task01/evidence/gateway-api.txt
_goals/convex-backend-runtime-2026-10-02/qa/task01/evidence/security-hygiene.json
_goals/convex-backend-runtime-2026-10-02/qa/task01/evidence/privacy-finding.json
_goals/convex-backend-runtime-2026-10-02/qa/task01/evidence/custom-jwt.txt
_goals/convex-backend-runtime-2026-10-02/qa/task01/evidence/deploy.txt
_goals/convex-backend-runtime-2026-10-02/qa/task01/evidence/api-declarations.txt
_goals/convex-backend-runtime-2026-10-02/qa/task01/evidence/live-receipts-before-allowlist.json
_goals/convex-backend-runtime-2026-10-02/qa/task01/evidence/privacy-failure-stdout.txt
_goals/convex-backend-runtime-2026-10-02/qa/task01/evidence/check-commands.json
_goals/convex-backend-runtime-2026-10-02/qa/task01/evidence/lock-runtime.json
_goals/convex-backend-runtime-2026-10-02/qa/task01/evidence/gateway-chat.json
_goals/convex-backend-runtime-2026-10-02/qa/task01/evidence/agent-workflows.txt
_goals/convex-backend-runtime-2026-10-02/qa/task01/evidence/transport.json
_goals/convex-backend-runtime-2026-10-02/qa/task01/evidence/gateway-setup.txt
_goals/convex-backend-runtime-2026-10-02/qa/task03a-review-2.md
_goals/convex-backend-runtime-2026-10-02/qa/task03b2b1-review-1.md
_goals/convex-backend-runtime-2026-10-02/qa/planning-review-2.md
_goals/convex-backend-runtime-2026-10-02/qa/media-provider-contract-read.json
_goals/convex-backend-runtime-2026-10-02/qa/task03b2a/history/cycle2-final/qa/baseline-unchanged.json
_goals/convex-backend-runtime-2026-10-02/qa/task03b2a/history/cycle2-final/qa/contracts.md
_goals/convex-backend-runtime-2026-10-02/qa/task03-metadata-native-errors/history/followup-cycle1-final/independent/replays/inventory-callback.ts.text
_goals/convex-backend-runtime-2026-10-02/qa/task03-metadata-native-errors/history/followup-cycle1-final/independent/replays/cleanup-controls.json
_goals/convex-backend-runtime-2026-10-02/qa/task03-metadata-native-errors/history/followup-cycle1-final/independent/replays/boundary-probes.mjs.text
_goals/convex-backend-runtime-2026-10-02/qa/task03-metadata-native-errors/history/followup-cycle1-final/independent/replays/timestamp-equivalence.json
_goals/convex-backend-runtime-2026-10-02/qa/task03-metadata-native-errors/history/followup-cycle1-final/independent/replays/historical-additional-probes.mjs.text
_goals/convex-backend-runtime-2026-10-02/qa/task03-metadata-native-errors/history/followup-cycle1-final/independent/replays/historical-probes.mjs.text
_goals/convex-backend-runtime-2026-10-02/qa/task03-metadata-native-errors/history/followup-cycle1-final/independent/replays/extra-probes.json
_goals/convex-backend-runtime-2026-10-02/qa/task03-metadata-native-errors/history/followup-cycle1-final/independent/replays/closure-controls.mjs.text
_goals/convex-backend-runtime-2026-10-02/qa/task03-metadata-native-errors/history/followup-cycle1-final/independent/replays/historical-numeric-probe.mjs.text
_goals/convex-backend-runtime-2026-10-02/qa/task03-metadata-native-errors/history/followup-cycle1-final/independent/replays/historical-probe-check.mjs.text
_goals/convex-backend-runtime-2026-10-02/qa/task03-metadata-native-errors/history/followup-cycle1-final/independent/replays/registration.mjs.text
_goals/convex-backend-runtime-2026-10-02/qa/task03-metadata-native-errors/history/followup-cycle1-final/independent/replays/boundary-probes.json
_goals/convex-backend-runtime-2026-10-02/qa/task03-metadata-native-errors/history/followup-cycle1-final/independent/replays/extra-probes.mjs.text
_goals/convex-backend-runtime-2026-10-02/qa/task03-metadata-native-errors/history/followup-cycle1-final/independent/replays/cycle2-immutable.ts.text
_goals/convex-backend-runtime-2026-10-02/qa/task03b2a/history/cycle2-final/qa/catalog/public-path-inventory.json
_goals/convex-backend-runtime-2026-10-02/qa/task03-metadata-native-errors/history/followup-cycle1-final/independent/replays/cycle2-users.ts.text
_goals/convex-backend-runtime-2026-10-02/qa/task03b2a/history/cycle2-final/qa/catalog/public-path-inventory.md
_goals/convex-backend-runtime-2026-10-02/qa/task03-metadata-native-errors/history/followup-cycle1-final/independent/verification.second.json
_goals/convex-backend-runtime-2026-10-02/qa/task03b2a/history/cycle2-final/qa/run-checks.py
_goals/convex-backend-runtime-2026-10-02/qa/task03-metadata-native-errors/history/followup-cycle1-final/independent/ambiguity-pruning-probe.mjs.text
_goals/convex-backend-runtime-2026-10-02/qa/task03b2a/history/cycle2-final/qa/report.md
_goals/convex-backend-runtime-2026-10-02/qa/task03b2a/history/cycle2-final/qa/freeze.json
_goals/convex-backend-runtime-2026-10-02/qa/task03b1-mf/closure-inventory.md
_goals/convex-backend-runtime-2026-10-02/qa/task03b1-mf/contracts.md
_goals/convex-backend-runtime-2026-10-02/qa/task03b1-mf/report.md
_goals/convex-backend-runtime-2026-10-02/qa/task03b1-mf/archive-integrity.mjs
_goals/convex-backend-runtime-2026-10-02/qa/task03b1-mf/freeze.json
_goals/convex-backend-runtime-2026-10-02/qa/task03b1-mf/tsconfig.root.json
_goals/convex-backend-runtime-2026-10-02/qa/task03b1-mf/checks.mjs
_goals/convex-backend-runtime-2026-10-02/qa/task03b1-mf/closure-inventory.json
_goals/convex-backend-runtime-2026-10-02/qa/task03b2a/history/cycle2-final/qa/cycle2/check-hashes.json
_goals/convex-backend-runtime-2026-10-02/qa/task03b2a/history/cycle2-final/qa/cycle2/verification.json
_goals/convex-backend-runtime-2026-10-02/qa/task03b2a/history/cycle2-final/qa/cycle2/numeric-probe.mjs
_goals/convex-backend-runtime-2026-10-02/qa/task03b2a/history/cycle2-final/qa/cycle2/probes.mjs
_goals/convex-backend-runtime-2026-10-02/qa/task03b2a/history/cycle2-final/qa/cycle2/report.md
_goals/convex-backend-runtime-2026-10-02/qa/task03b2a/history/cycle2-final/qa/cycle2/archive-verification.json
_goals/convex-backend-runtime-2026-10-02/qa/task03b2a/history/cycle2-final/qa/cycle2/freeze.json
_goals/convex-backend-runtime-2026-10-02/qa/task03b2a/history/cycle2-final/qa/cycle2/probe-check.mjs
_goals/convex-backend-runtime-2026-10-02/qa/task03b2a/history/cycle2-final/qa/cycle2/additional-probes.mjs
_goals/convex-backend-runtime-2026-10-02/qa/task03b2a/history/cycle2-final/qa/jest-results.json
_goals/convex-backend-runtime-2026-10-02/qa/task03b2a/history/cycle2-final/qa/baseline-diagnostics.json
_goals/convex-backend-runtime-2026-10-02/qa/task03b2a/history/cycle2-final/qa/registration-probe.mjs
_goals/convex-backend-runtime-2026-10-02/qa/task03b2a/history/cycle2-final/qa/source-hashes.json
_goals/convex-backend-runtime-2026-10-02/qa/task03b2a/history/cycle2-final/qa/inventory.mjs
_goals/convex-backend-runtime-2026-10-02/qa/task03b2a/history/cycle2-final/qa/baseline-root-types.mjs
_goals/convex-backend-runtime-2026-10-02/qa/task03b2a/history/cycle2-final/qa/unsupported-downstream-boundaries.json
_goals/convex-backend-runtime-2026-10-02/qa/task03b2a/history/cycle2-final/qa/tsconfig.backend.json
_goals/convex-backend-runtime-2026-10-02/qa/task03b2a/history/cycle2-final/qa/framework-registration.json
_goals/convex-backend-runtime-2026-10-02/qa/task03b2a/history/cycle2-final/qa/tsconfig.tests.json
_goals/convex-backend-runtime-2026-10-02/qa/task03b2a/history/cycle2-final/qa/check-receipts.json
_goals/convex-backend-runtime-2026-10-02/qa/task03-metadata-native-errors/history/followup-cycle1-final/independent/accepted-copy/LICENSE.md
_goals/convex-backend-runtime-2026-10-02/qa/task03-metadata-native-errors/history/followup-cycle1-final/independent/accepted-copy/eslint.config.js.text
_goals/convex-backend-runtime-2026-10-02/qa/task03b1-mf/history/cycle2-open-final-read/qa/closure-inventory.md
_goals/convex-backend-runtime-2026-10-02/qa/task03b1-mf/history/cycle2-open-final-read/qa/contracts.md
_goals/convex-backend-runtime-2026-10-02/qa/task03b1-mf/history/cycle2-open-final-read/qa/report.md
_goals/convex-backend-runtime-2026-10-02/qa/task03b1-mf/history/cycle2-open-final-read/qa/freeze.json
_goals/convex-backend-runtime-2026-10-02/qa/task03b1-mf/history/cycle2-open-final-read/qa/tsconfig.root.json
_goals/convex-backend-runtime-2026-10-02/qa/task03b1-mf/history/cycle2-open-final-read/qa/checks.mjs
_goals/convex-backend-runtime-2026-10-02/qa/task03b1-mf/history/cycle2-open-final-read/qa/closure-inventory.json
_goals/convex-backend-runtime-2026-10-02/qa/task03b1-mf/history/cycle2-open-final-read/qa/tsconfig.backend.json
_goals/convex-backend-runtime-2026-10-02/qa/task03b1-mf/history/cycle2-open-final-read/qa/closure.mjs
_goals/convex-backend-runtime-2026-10-02/qa/task03b1-mf/history/cycle2-open-final-read/qa/repair-evidence.md
_goals/convex-backend-runtime-2026-10-02/qa/task03b2a/history/cycle2-final/independent/probes.mjs.text
_goals/convex-backend-runtime-2026-10-02/qa/task03b2a/history/cycle2-final/independent/boundary-probes.mjs.text
_goals/convex-backend-runtime-2026-10-02/qa/task03b2a/history/cycle2-final/independent/verify.py
_goals/convex-backend-runtime-2026-10-02/qa/task03b2a/history/cycle2-final/independent/verification.json
_goals/convex-backend-runtime-2026-10-02/qa/task03b2a/history/cycle2-final/independent/extra-probes-harness-note.txt
_goals/convex-backend-runtime-2026-10-02/qa/task03b2a/history/cycle2-final/independent/run.py
_goals/convex-backend-runtime-2026-10-02/qa/task03b2a/history/cycle2-final/independent/extra-probes.json
_goals/convex-backend-runtime-2026-10-02/qa/task03b2a/history/cycle2-final/independent/commands.json
_goals/convex-backend-runtime-2026-10-02/qa/task03-metadata-native-errors/history/followup-cycle1-final/independent/accepted-copy/convex-dev/artifacts.ts.text
_goals/convex-backend-runtime-2026-10-02/qa/task03-metadata-native-errors/history/followup-cycle1-final/independent/accepted-copy/convex-dev/runtimeMemoryRepository.ts.text
_goals/convex-backend-runtime-2026-10-02/qa/task03-metadata-native-errors/history/followup-cycle1-final/independent/accepted-copy/convex-dev/runtimeAuthSchema.ts.text
_goals/convex-backend-runtime-2026-10-02/qa/task03-metadata-native-errors/history/followup-cycle1-final/independent/accepted-copy/convex-dev/graphSync.ts.text
_goals/convex-backend-runtime-2026-10-02/qa/task03-metadata-native-errors/history/followup-cycle1-final/independent/accepted-copy/convex-dev/tsconfig.json
_goals/convex-backend-runtime-2026-10-02/qa/task03-metadata-native-errors/history/followup-cycle1-final/independent/accepted-copy/convex-dev/runtimeMemory.ts.text
_goals/convex-backend-runtime-2026-10-02/qa/task03-metadata-native-errors/history/followup-cycle1-final/independent/accepted-copy/convex-dev/runtimeWorkerAuth.ts.text
_goals/convex-backend-runtime-2026-10-02/qa/task03-metadata-native-errors/history/followup-cycle1-final/independent/accepted-copy/convex-dev/facts.ts.text
_goals/convex-backend-runtime-2026-10-02/qa/task03-metadata-native-errors/history/followup-cycle1-final/independent/accepted-copy/convex-dev/conversationSnapshots.ts.text
_goals/convex-backend-runtime-2026-10-02/qa/task03-metadata-native-errors/history/followup-cycle1-final/independent/accepted-copy/convex-dev/runtimeMemorySchema.ts.text
_goals/convex-backend-runtime-2026-10-02/qa/task03-metadata-native-errors/history/followup-cycle1-final/independent/accepted-copy/convex-dev/governance.ts.text
_goals/convex-backend-runtime-2026-10-02/qa/task03-metadata-native-errors/history/followup-cycle1-final/independent/accepted-copy/convex-dev/sessions.ts.text
_goals/convex-backend-runtime-2026-10-02/qa/task03-metadata-native-errors/history/followup-cycle1-final/independent/accepted-copy/convex-dev/conversationShares.ts.text
_goals/convex-backend-runtime-2026-10-02/qa/task03-metadata-native-errors/history/followup-cycle1-final/independent/accepted-copy/convex-dev/factHistory.ts.text
_goals/convex-backend-runtime-2026-10-02/qa/task03-metadata-native-errors/history/followup-cycle1-final/independent/accepted-copy/convex-dev/admin.ts.text
_goals/convex-backend-runtime-2026-10-02/qa/task03-metadata-native-errors/history/followup-cycle1-final/independent/accepted-copy/convex-dev/attachments.ts.text
_goals/convex-backend-runtime-2026-10-02/qa/task03-metadata-native-errors/history/followup-cycle1-final/independent/accepted-copy/convex-dev/runtimeMetadataAuth.ts.text
_goals/convex-backend-runtime-2026-10-02/qa/task03-metadata-native-errors/history/followup-cycle1-final/independent/accepted-copy/convex-dev/runtimeAuth.ts.text
_goals/convex-backend-runtime-2026-10-02/qa/task03-metadata-native-errors/history/followup-cycle1-final/independent/accepted-copy/convex-dev/memories.ts.text
_goals/convex-backend-runtime-2026-10-02/qa/task03-metadata-native-errors/history/followup-cycle1-final/independent/accepted-copy/convex-dev/runtimeMemoryServices.ts.text
_goals/convex-backend-runtime-2026-10-02/qa/task03b2a/history/cycle2-final/independent/tests/handlers.test.ts.text
_goals/convex-backend-runtime-2026-10-02/qa/task03b2a/history/cycle2-final/independent/tests/registrations.test.ts.text
_goals/convex-backend-runtime-2026-10-02/qa/task03b2a/history/cycle2-final/independent/tests/fixture.ts.text
_goals/convex-backend-runtime-2026-10-02/qa/task03b2a/history/cycle2-final/independent/catalog/public-path-inventory.json
_goals/convex-backend-runtime-2026-10-02/qa/task03b2a/history/cycle2-final/independent/catalog/public-path-inventory.md
_goals/convex-backend-runtime-2026-10-02/qa/task03b2a/history/cycle2-final/independent/numeric-probe.mjs.text
_goals/convex-backend-runtime-2026-10-02/qa/task03b2a/history/cycle2-final/independent/jest-results.json
_goals/convex-backend-runtime-2026-10-02/qa/task03b2a/history/cycle2-final/independent/initial-snapshot.json
_goals/convex-backend-runtime-2026-10-02/qa/task03b2a/history/cycle2-final/independent/judgment.md
_goals/convex-backend-runtime-2026-10-02/qa/task03b2a/history/cycle2-final/independent/baseline-diagnostics.json
_goals/convex-backend-runtime-2026-10-02/qa/task03b2a/history/cycle2-final/independent/baseline.mjs.text
_goals/convex-backend-runtime-2026-10-02/qa/task03b2a/history/cycle2-final/independent/jest-readonly-results.json
_goals/convex-backend-runtime-2026-10-02/qa/task03b2a/history/cycle2-final/independent/jest.readonly.config.mjs.text
_goals/convex-backend-runtime-2026-10-02/qa/task03b2a/history/cycle2-final/independent/registration.mjs.text
_goals/convex-backend-runtime-2026-10-02/qa/task03b2a/history/cycle2-final/independent/boundary-probes.json
_goals/convex-backend-runtime-2026-10-02/qa/task03b2a/history/cycle2-final/independent/tsconfig.tests.es2021.json
_goals/convex-backend-runtime-2026-10-02/qa/task03b2a/history/cycle2-final/independent/jest.config.mjs.text
_goals/convex-backend-runtime-2026-10-02/qa/task03b2a/history/cycle2-final/independent/tsconfig.backend.json
_goals/convex-backend-runtime-2026-10-02/qa/task03b2a/history/cycle2-final/independent/framework-registration.json
_goals/convex-backend-runtime-2026-10-02/qa/task03b2a/history/cycle2-final/independent/additional-probes.mjs.text
_goals/convex-backend-runtime-2026-10-02/qa/task03b2a/history/cycle2-final/independent/extra-probes.mjs.text
_goals/convex-backend-runtime-2026-10-02/qa/task03b2a/history/cycle2-final/independent/tsconfig.tests.json
_goals/convex-backend-runtime-2026-10-02/qa/task03b2a/history/cycle2-final/independent/extra-probes.initial.json
_goals/convex-backend-runtime-2026-10-02/qa/task03b2a/history/cycle2-final/independent/tsconfig.backend.es2021.json
_goals/convex-backend-runtime-2026-10-02/qa/task03-metadata-native-errors/history/followup-cycle1-final/independent/accepted-copy/convex-dev/_generated/api.js.text
_goals/convex-backend-runtime-2026-10-02/qa/task03-metadata-native-errors/history/followup-cycle1-final/independent/accepted-copy/convex-dev/_generated/server.d.ts.text
_goals/convex-backend-runtime-2026-10-02/qa/task03-metadata-native-errors/history/followup-cycle1-final/independent/accepted-copy/convex-dev/_generated/dataModel.d.ts.text
_goals/convex-backend-runtime-2026-10-02/qa/task03-metadata-native-errors/history/followup-cycle1-final/independent/accepted-copy/convex-dev/_generated/api.d.ts.text
_goals/convex-backend-runtime-2026-10-02/qa/task03-metadata-native-errors/history/followup-cycle1-final/independent/accepted-copy/convex-dev/_generated/server.js.text
_goals/convex-backend-runtime-2026-10-02/qa/task03-metadata-native-errors/history/followup-cycle1-final/independent/accepted-copy/convex-dev/immutable.ts.text
_goals/convex-backend-runtime-2026-10-02/qa/task03-metadata-native-errors/history/followup-cycle1-final/independent/accepted-copy/convex-dev/README.md
_goals/convex-backend-runtime-2026-10-02/qa/task03-metadata-native-errors/history/followup-cycle1-final/independent/accepted-copy/convex-dev/a2a.ts.text
_goals/convex-backend-runtime-2026-10-02/qa/task03-metadata-native-errors/history/followup-cycle1-final/independent/accepted-copy/convex-dev/mutable.ts.text
_goals/convex-backend-runtime-2026-10-02/qa/task03-metadata-native-errors/history/followup-cycle1-final/independent/accepted-copy/convex-dev/contexts.ts.text
_goals/convex-backend-runtime-2026-10-02/qa/task03-metadata-native-errors/history/followup-cycle1-final/independent/accepted-copy/convex-dev/users.ts.text
_goals/convex-backend-runtime-2026-10-02/qa/task03-metadata-native-errors/history/followup-cycle1-final/independent/accepted-copy/convex-dev/schema.ts.text
_goals/convex-backend-runtime-2026-10-02/qa/task03-metadata-native-errors/history/followup-cycle1-final/independent/accepted-copy/convex-dev/agents.ts.text
_goals/convex-backend-runtime-2026-10-02/qa/task03-metadata-native-errors/history/followup-cycle1-final/independent/accepted-copy/convex-dev/conversations.ts.text
_goals/convex-backend-runtime-2026-10-02/qa/task03-metadata-native-errors/history/followup-cycle1-final/independent/accepted-copy/convex-dev/memorySpaces.ts.text
_goals/convex-backend-runtime-2026-10-02/qa/task03-metadata-native-errors/history/followup-cycle1-final/independent/accepted-copy/tsconfig.esm.json
_goals/convex-backend-runtime-2026-10-02/qa/task03-metadata-native-errors/history/followup-cycle1-final/independent/accepted-copy/tsconfig.json
_goals/convex-backend-runtime-2026-10-02/qa/task03b2a/history/cycle2-final/independent/catalog-from-tests/public-path-inventory.json
_goals/convex-backend-runtime-2026-10-02/qa/task03b2a/history/cycle2-final/independent/catalog-from-tests/public-path-inventory.md
_goals/convex-backend-runtime-2026-10-02/qa/task03-metadata-native-errors/history/followup-cycle1-final/independent/accepted-copy/scripts/post-build-esm.js.text
_goals/convex-backend-runtime-2026-10-02/qa/task03-metadata-native-errors/history/followup-cycle1-final/independent/accepted-copy/scripts/publish-release.mjs.text
_goals/convex-backend-runtime-2026-10-02/qa/task03-metadata-native-errors/history/followup-cycle1-final/independent/accepted-copy/scripts/test-memory-openai-20x.mjs.text
_goals/convex-backend-runtime-2026-10-02/qa/task03-metadata-native-errors/history/followup-cycle1-final/independent/accepted-copy/scripts/dev-runner.mjs.text
_goals/convex-backend-runtime-2026-10-02/qa/task03-metadata-native-errors/history/followup-cycle1-final/independent/accepted-copy/scripts/release.ps1
_goals/convex-backend-runtime-2026-10-02/qa/task03-metadata-native-errors/history/followup-cycle1-final/independent/accepted-copy/scripts/test-runner.mjs.text
_goals/convex-backend-runtime-2026-10-02/qa/task03-metadata-native-errors/history/followup-cycle1-final/independent/accepted-copy/scripts/test-staggered-suite.sh
_goals/convex-backend-runtime-2026-10-02/qa/task03-metadata-native-errors/history/followup-cycle1-final/independent/accepted-copy/scripts/seed-multi-user-data.ts.text
_goals/convex-backend-runtime-2026-10-02/qa/task03-metadata-native-errors/history/followup-cycle1-final/independent/accepted-copy/scripts/verify-public-contracts.mjs.text
_goals/convex-backend-runtime-2026-10-02/qa/task03-metadata-native-errors/history/followup-cycle1-final/independent/accepted-copy/scripts/plan-release.mjs.text
_goals/convex-backend-runtime-2026-10-02/qa/task03-metadata-native-errors/history/followup-cycle1-final/independent/accepted-copy/scripts/verify-test-data.ts.text
_goals/convex-backend-runtime-2026-10-02/qa/task03-metadata-native-errors/history/followup-cycle1-final/independent/accepted-copy/scripts/DUAL_TESTING.md
_goals/convex-backend-runtime-2026-10-02/qa/task03-metadata-native-errors/history/followup-cycle1-final/independent/accepted-copy/scripts/update-deps.mjs.text
_goals/convex-backend-runtime-2026-10-02/qa/task03b2a/history/cycle2-final/independent/extra-probes.initial.mjs.text
_goals/convex-backend-runtime-2026-10-02/qa/task03-metadata-native-errors/history/followup-cycle1-final/independent/accepted-copy/scripts/cleanup-test-data.ts.text
_goals/convex-backend-runtime-2026-10-02/qa/task03-metadata-native-errors/history/followup-cycle1-final/independent/accepted-copy/scripts/verify-multi-user-data.ts.text
_goals/convex-backend-runtime-2026-10-02/qa/task03-metadata-native-errors/history/followup-cycle1-final/independent/accepted-copy/package.json
_goals/convex-backend-runtime-2026-10-02/qa/task03b2a/history/cycle2-final/preservation.json
_goals/convex-backend-runtime-2026-10-02/qa/task03-metadata-native-errors/history/followup-cycle1-final/independent/accepted-copy/tsconfig.build.json
_goals/convex-backend-runtime-2026-10-02/qa/task03-metadata-native-errors/history/followup-cycle1-final/independent/accepted-copy/tsconfig.lint.json
_goals/convex-backend-runtime-2026-10-02/qa/task03b2a/history/cycle2-final/source/convex-dev/sessions.ts.text
_goals/convex-backend-runtime-2026-10-02/qa/task03b2a/history/cycle2-final/source/convex-dev/runtimeMetadataAuth.ts.text
_goals/convex-backend-runtime-2026-10-02/qa/task03b2a/history/cycle2-final/source/convex-dev/immutable.ts.text
_goals/convex-backend-runtime-2026-10-02/qa/task03b2a/history/cycle2-final/source/convex-dev/mutable.ts.text
_goals/convex-backend-runtime-2026-10-02/qa/task03b2a/history/cycle2-final/source/convex-dev/users.ts.text
_goals/convex-backend-runtime-2026-10-02/qa/task03b2a/history/cycle2-final/source/convex-dev/schema.ts.text
_goals/convex-backend-runtime-2026-10-02/qa/task03b1-mf/history/cycle2-open-final-read/qa/checks/commands.json
_goals/convex-backend-runtime-2026-10-02/qa/task03b1-mf/history/cycle2-open-final-read/qa/checks/cycle1-preservation-check.json
_goals/convex-backend-runtime-2026-10-02/qa/task03b2a/history/cycle2-final/source/tests/unit/runtimeMetadataAuth/handlers.test.ts.text
_goals/convex-backend-runtime-2026-10-02/qa/task03b2a/history/cycle2-final/source/tests/unit/runtimeMetadataAuth/registrations.test.ts.text
_goals/convex-backend-runtime-2026-10-02/qa/task03b2a/history/cycle2-final/source/tests/unit/runtimeMetadataAuth/fixture.ts.text
_goals/convex-backend-runtime-2026-10-02/qa/task03b1-mf/history/cycle2-open-final-read/independent/final-read-probes.mts.text
_goals/convex-backend-runtime-2026-10-02/qa/task03b1-mf/history/cycle2-open-final-read/independent/final-read-probes.stdout.json
_goals/convex-backend-runtime-2026-10-02/qa/task03b1-mf/history/cycle2-open-final-read/independent/probes.stdout.json
_goals/convex-backend-runtime-2026-10-02/qa/task03b1-mf/history/cycle2-open-final-read/independent/probes.mts.text
_goals/convex-backend-runtime-2026-10-02/qa/task03b1-mf/history/cycle2-open-final-read/preservation.json
_goals/convex-backend-runtime-2026-10-02/qa/task03-metadata-native-errors/history/followup-cycle1-final/independent/accepted-copy/src/mutable/index.ts.text
_goals/convex-backend-runtime-2026-10-02/qa/task03-metadata-native-errors/history/followup-cycle1-final/independent/accepted-copy/src/mutable/validators.ts.text
_goals/convex-backend-runtime-2026-10-02/qa/task03b2a/history/cycle1-final/qa/baseline-unchanged.json
_goals/convex-backend-runtime-2026-10-02/qa/task03b2a/history/cycle1-final/qa/contracts.md
_goals/convex-backend-runtime-2026-10-02/qa/task03-metadata-native-errors/history/followup-cycle1-final/independent/accepted-copy/src/conversations/index.ts.text
_goals/convex-backend-runtime-2026-10-02/qa/task03-metadata-native-errors/history/followup-cycle1-final/independent/accepted-copy/src/conversations/validators.ts.text
_goals/convex-backend-runtime-2026-10-02/qa/task03b1-mf/history/cycle2-open-final-read/source/convex-dev/facts.ts.text
_goals/convex-backend-runtime-2026-10-02/qa/task03b1-mf/history/cycle2-open-final-read/source/convex-dev/runtimeDataAuth.ts.text
_goals/convex-backend-runtime-2026-10-02/qa/task03b1-mf/history/cycle2-open-final-read/source/convex-dev/runtimeAuth.ts.text
_goals/convex-backend-runtime-2026-10-02/qa/task03b1-mf/history/cycle2-open-final-read/source/convex-dev/memories.ts.text
_goals/convex-backend-runtime-2026-10-02/qa/task03b1-mf/history/cycle2-open-final-read/source/convex-dev/schema.ts.text
_goals/convex-backend-runtime-2026-10-02/qa/task03b2a/history/cycle1-final/qa/catalog/public-path-inventory.json
_goals/convex-backend-runtime-2026-10-02/qa/task03b2a/history/cycle1-final/qa/catalog/public-path-inventory.md
_goals/convex-backend-runtime-2026-10-02/qa/task03b2a/history/cycle1-final/qa/run-checks.py
_goals/convex-backend-runtime-2026-10-02/qa/task03b2a/history/cycle1-final/qa/report.md
_goals/convex-backend-runtime-2026-10-02/qa/task03b2a/history/cycle1-final/qa/freeze.json
_goals/convex-backend-runtime-2026-10-02/qa/task03b2a/history/cycle1-final/qa/jest-results.json
_goals/convex-backend-runtime-2026-10-02/qa/task03b2a/history/cycle1-final/qa/baseline-diagnostics.json
_goals/convex-backend-runtime-2026-10-02/qa/task03b2a/history/cycle1-final/qa/registration-probe.mjs
_goals/convex-backend-runtime-2026-10-02/qa/task03b2a/history/cycle1-final/qa/source-hashes.json
_goals/convex-backend-runtime-2026-10-02/qa/task03b2a/history/cycle1-final/qa/inventory.mjs
_goals/convex-backend-runtime-2026-10-02/qa/task03b2a/history/cycle1-final/qa/baseline-root-types.mjs
_goals/convex-backend-runtime-2026-10-02/qa/task03b2a/history/cycle1-final/qa/unsupported-downstream-boundaries.json
_goals/convex-backend-runtime-2026-10-02/qa/task03-metadata-native-errors/history/followup-cycle1-final/independent/accepted-copy/src/users/index.ts.text
_goals/convex-backend-runtime-2026-10-02/qa/task03-metadata-native-errors/history/followup-cycle1-final/independent/accepted-copy/src/users/validators.ts.text
_goals/convex-backend-runtime-2026-10-02/qa/task03-metadata-native-errors/history/followup-cycle1-final/independent/accepted-copy/src/users/schemas.ts.text
_goals/convex-backend-runtime-2026-10-02/qa/task03b2a/history/cycle1-final/qa/history/pre-final/jest-results.json
_goals/convex-backend-runtime-2026-10-02/qa/task03b2a/history/cycle1-final/qa/history/pre-final/source-hashes.json
_goals/convex-backend-runtime-2026-10-02/qa/task03b2a/history/cycle1-final/qa/history/pre-final/check-receipts.json
_goals/convex-backend-runtime-2026-10-02/qa/task03-metadata-native-errors/history/followup-cycle1-final/independent/accepted-copy/src/contexts/index.ts.text
_goals/convex-backend-runtime-2026-10-02/qa/task03-metadata-native-errors/history/followup-cycle1-final/independent/accepted-copy/src/contexts/validators.ts.text
_goals/convex-backend-runtime-2026-10-02/qa/task03-metadata-native-errors/history/followup-cycle1-final/independent/accepted-copy/src/index.ts.text
_goals/convex-backend-runtime-2026-10-02/qa/task03b1-mf/history/cycle2-open-final-read/source/tests/unit/runtimeEndpointAuth/facts.test.ts.text
_goals/convex-backend-runtime-2026-10-02/qa/task03b1-mf/history/cycle2-open-final-read/source/tests/unit/runtimeEndpointAuth/memory.test.ts.text
_goals/convex-backend-runtime-2026-10-02/qa/task03b1-mf/history/cycle2-open-final-read/source/tests/unit/runtimeEndpointAuth/sharedfixtures.ts.text
_goals/convex-backend-runtime-2026-10-02/qa/task03b2a/history/cycle1-final/qa/tsconfig.backend.json
_goals/convex-backend-runtime-2026-10-02/qa/task03b2a/history/cycle1-final/qa/framework-registration.json
_goals/convex-backend-runtime-2026-10-02/qa/task03b2a/history/cycle1-final/qa/tsconfig.tests.json
_goals/convex-backend-runtime-2026-10-02/qa/task03b2a/history/cycle1-final/qa/check-receipts.json
_goals/convex-backend-runtime-2026-10-02/qa/task03b1-mf/history/cycle2-open-final-read/source/src/auth/verified.ts.text
_goals/convex-backend-runtime-2026-10-02/qa/task03-metadata-native-errors/history/followup-cycle1-final/independent/accepted-copy/src/domain/contracts.ts.text
_goals/convex-backend-runtime-2026-10-02/qa/task03-metadata-native-errors/history/followup-cycle1-final/independent/accepted-copy/src/domain/profile.ts.text
_goals/convex-backend-runtime-2026-10-02/qa/task03-metadata-native-errors/history/followup-cycle1-final/independent/accepted-copy/src/domain/index.ts.text
_goals/convex-backend-runtime-2026-10-02/qa/task03-metadata-native-errors/history/followup-cycle1-final/independent/accepted-copy/src/domain/recall.ts.text
_goals/convex-backend-runtime-2026-10-02/qa/task03-metadata-native-errors/history/followup-cycle1-final/independent/accepted-copy/src/domain/slots.ts.text
_goals/convex-backend-runtime-2026-10-02/qa/task03-metadata-native-errors/history/followup-cycle1-final/independent/accepted-copy/src/domain/extraction.ts.text
_goals/convex-backend-runtime-2026-10-02/qa/task03-metadata-native-errors/history/followup-cycle1-final/independent/accepted-copy/src/domain/deduplication.ts.text
_goals/convex-backend-runtime-2026-10-02/qa/task03-metadata-native-errors/history/followup-cycle1-final/independent/accepted-copy/src/domain/conflicts.ts.text
_goals/convex-backend-runtime-2026-10-02/qa/task03-metadata-native-errors/history/followup-cycle1-final/independent/accepted-copy/src/domain/clock.ts.text
_goals/convex-backend-runtime-2026-10-02/qa/task03-metadata-native-errors/history/followup-cycle1-final/independent/accepted-copy/src/domain/sources.ts.text
_goals/convex-backend-runtime-2026-10-02/qa/task03-metadata-native-errors/history/followup-cycle1-final/independent/accepted-copy/src/resilience/index.ts.text
_goals/convex-backend-runtime-2026-10-02/qa/task03-metadata-native-errors/history/followup-cycle1-final/independent/accepted-copy/src/resilience/Semaphore.ts.text
_goals/convex-backend-runtime-2026-10-02/qa/task03-metadata-native-errors/history/followup-cycle1-final/independent/accepted-copy/src/resilience/PriorityQueue.ts.text
_goals/convex-backend-runtime-2026-10-02/qa/task03-metadata-native-errors/history/followup-cycle1-final/independent/accepted-copy/src/resilience/types.ts.text
_goals/convex-backend-runtime-2026-10-02/qa/task03-metadata-native-errors/history/followup-cycle1-final/independent/accepted-copy/src/resilience/priorities.ts.text
_goals/convex-backend-runtime-2026-10-02/qa/task03-metadata-native-errors/history/followup-cycle1-final/independent/accepted-copy/src/resilience/TokenBucket.ts.text
_goals/convex-backend-runtime-2026-10-02/qa/task03-metadata-native-errors/history/followup-cycle1-final/independent/accepted-copy/src/resilience/CircuitBreaker.ts.text
_goals/convex-backend-runtime-2026-10-02/qa/task03-metadata-native-errors/history/followup-cycle1-final/independent/accepted-copy/src/sharing/index.ts.text
_goals/convex-backend-runtime-2026-10-02/qa/task03b1-mf/history/cycle3-final/qa/closure-inventory.md
_goals/convex-backend-runtime-2026-10-02/qa/task03b1-mf/history/cycle3-final/qa/contracts.md
_goals/convex-backend-runtime-2026-10-02/qa/task03b1-mf/history/cycle3-final/qa/report.md
_goals/convex-backend-runtime-2026-10-02/qa/task03b1-mf/history/cycle3-final/qa/freeze.json
_goals/convex-backend-runtime-2026-10-02/qa/task03b1-mf/history/cycle3-final/qa/tsconfig.root.json
_goals/convex-backend-runtime-2026-10-02/qa/task03b1-mf/history/cycle3-final/qa/closure-inventory.json
_goals/convex-backend-runtime-2026-10-02/qa/task03b1-mf/history/cycle3-final/qa/closure.mjs.text
_goals/convex-backend-runtime-2026-10-02/qa/task03b1-mf/history/cycle3-final/qa/tsconfig.backend.json
_goals/convex-backend-runtime-2026-10-02/qa/task03b1-mf/history/cycle3-final/qa/checks.mjs.text
_goals/convex-backend-runtime-2026-10-02/qa/task03b1-mf/history/cycle3-final/qa/repair-evidence.md
_goals/convex-backend-runtime-2026-10-02/qa/task03b1-mf/history/cycle3-final/qa/archive-integrity.mjs.text
_goals/convex-backend-runtime-2026-10-02/qa/task03-metadata-native-errors/history/followup-cycle1-final/independent/accepted-copy/src/sessions/index.ts.text
_goals/convex-backend-runtime-2026-10-02/qa/task03-metadata-native-errors/history/followup-cycle1-final/independent/accepted-copy/src/sessions/validators.ts.text
_goals/convex-backend-runtime-2026-10-02/qa/task03-metadata-native-errors/history/followup-cycle1-final/independent/accepted-copy/src/sessions/types.ts.text
_goals/convex-backend-runtime-2026-10-02/qa/task03-metadata-native-errors/history/followup-cycle1-final/independent/accepted-copy/src/facts/history.ts.text
_goals/convex-backend-runtime-2026-10-02/qa/task03-metadata-native-errors/history/followup-cycle1-final/independent/accepted-copy/src/facts/conflict-prompts.ts.text
_goals/convex-backend-runtime-2026-10-02/qa/task03-metadata-native-errors/history/followup-cycle1-final/independent/accepted-copy/src/facts/index.ts.text
_goals/convex-backend-runtime-2026-10-02/qa/task03-metadata-native-errors/history/followup-cycle1-final/independent/accepted-copy/src/facts/slot-matching.ts.text
_goals/convex-backend-runtime-2026-10-02/qa/task03-metadata-native-errors/history/followup-cycle1-final/independent/accepted-copy/src/facts/validators.ts.text
_goals/convex-backend-runtime-2026-10-02/qa/task03-metadata-native-errors/history/followup-cycle1-final/independent/accepted-copy/src/facts/belief-revision.ts.text
_goals/convex-backend-runtime-2026-10-02/qa/task03-metadata-native-errors/history/followup-cycle1-final/independent/accepted-copy/src/facts/deduplication.ts.text
_goals/convex-backend-runtime-2026-10-02/qa/task03b2a/history/cycle1-final/independent/probes.mjs.text
_goals/convex-backend-runtime-2026-10-02/qa/task03b2a/history/cycle1-final/independent/numeric-probe.json
_goals/convex-backend-runtime-2026-10-02/qa/task03b2a/history/cycle1-final/independent/registration-probe.mjs.text
_goals/convex-backend-runtime-2026-10-02/qa/task03b2a/history/cycle1-final/independent/probes.json
_goals/convex-backend-runtime-2026-10-02/qa/task03-metadata-native-errors/history/followup-cycle1-final/independent/accepted-copy/src/governance/index.ts.text
_goals/convex-backend-runtime-2026-10-02/qa/task03-metadata-native-errors/history/followup-cycle1-final/independent/accepted-copy/src/governance/validators.ts.text
_goals/convex-backend-runtime-2026-10-02/qa/task03b2a/history/cycle1-final/independent/tests/handlers.test.ts.text
_goals/convex-backend-runtime-2026-10-02/qa/task03b2a/history/cycle1-final/independent/tests/registrations.test.ts.text
_goals/convex-backend-runtime-2026-10-02/qa/task03b2a/history/cycle1-final/independent/tests/fixture.ts.text
_goals/convex-backend-runtime-2026-10-02/qa/task03b2a/history/cycle1-final/independent/catalog/public-path-inventory.json
_goals/convex-backend-runtime-2026-10-02/qa/task03b2a/history/cycle1-final/independent/catalog/public-path-inventory.md
_goals/convex-backend-runtime-2026-10-02/qa/task03b2a/history/cycle1-final/independent/baseline-root-types.mjs.text
_goals/convex-backend-runtime-2026-10-02/qa/task03b2a/history/cycle1-final/independent/hashchecks.json
_goals/convex-backend-runtime-2026-10-02/qa/task03b2a/history/cycle1-final/independent/numeric-probe.mjs.text
_goals/convex-backend-runtime-2026-10-02/qa/task03b2a/history/cycle1-final/independent/initial-snapshot.json
_goals/convex-backend-runtime-2026-10-02/qa/task03b2a/history/cycle1-final/independent/retained-jest-results.json
_goals/convex-backend-runtime-2026-10-02/qa/task03b2a/history/cycle1-final/independent/baseline-diagnostics.json
_goals/convex-backend-runtime-2026-10-02/qa/task03b2a/history/cycle1-final/independent/additional-probes.json
_goals/convex-backend-runtime-2026-10-02/qa/task03b2a/history/cycle1-final/independent/inventory.mjs.text
_goals/convex-backend-runtime-2026-10-02/qa/task03b2a/history/cycle1-final/independent/jest.config.mjs.text
_goals/convex-backend-runtime-2026-10-02/qa/task03b2a/history/cycle1-final/independent/framework-registration.json
_goals/convex-backend-runtime-2026-10-02/qa/task03b2a/history/cycle1-final/independent/additional-probes.mjs.text
_goals/convex-backend-runtime-2026-10-02/qa/task03b2a/history/cycle1-final/preservation.json
_goals/convex-backend-runtime-2026-10-02/qa/task03-metadata-native-errors/history/followup-cycle1-final/independent/accepted-copy/src/a2a/index.ts.text
_goals/convex-backend-runtime-2026-10-02/qa/task03-metadata-native-errors/history/followup-cycle1-final/independent/accepted-copy/src/a2a/validators.ts.text
_goals/convex-backend-runtime-2026-10-02/qa/task03b1-mf/history/cycle3-final/qa/checks/cycle2-open-preservation-check.json
_goals/convex-backend-runtime-2026-10-02/qa/task03b1-mf/history/cycle3-final/qa/checks/third-repair-archive-integrity.json
_goals/convex-backend-runtime-2026-10-02/qa/task03b1-mf/history/cycle3-final/qa/checks/final-read-probes.mts.text
_goals/convex-backend-runtime-2026-10-02/qa/task03b1-mf/history/cycle3-final/qa/checks/commands.json
_goals/convex-backend-runtime-2026-10-02/qa/task03b1-mf/history/cycle3-final/qa/checks/local-history-return-regression.json
_goals/convex-backend-runtime-2026-10-02/qa/task03b1-mf/history/cycle3-final/qa/checks/open-final-read-probe.stdout.json
_goals/convex-backend-runtime-2026-10-02/qa/task03b1-mf/history/cycle3-final/qa/checks/open-final-read-probe.command.json
_goals/convex-backend-runtime-2026-10-02/qa/task03b1-mf/history/cycle3-final/qa/checks/local-history-return-regression.commands.json
_goals/convex-backend-runtime-2026-10-02/qa/task03b1-mf/history/cycle3-final/qa/checks/cycle1-preservation-check.json
_goals/convex-backend-runtime-2026-10-02/qa/task03b1-mf/history/cycle3-final/qa/checks/historical-source-probes.mts.text
_goals/convex-backend-runtime-2026-10-02/qa/task03b1-mf/history/cycle3-final/qa/checks/source-fence-probes.mts.text
_goals/convex-backend-runtime-2026-10-02/qa/qualification-target-retirement.json
_goals/convex-backend-runtime-2026-10-02/qa/task03c2-live-preparation.md
_goals/convex-backend-runtime-2026-10-02/qa/task03-metadata-native-errors/history/followup-cycle1-final/independent/accepted-copy/src/artifacts/index.ts.text
_goals/convex-backend-runtime-2026-10-02/qa/task03-metadata-native-errors/history/followup-cycle1-final/independent/accepted-copy/src/artifacts/validators.ts.text
_goals/convex-backend-runtime-2026-10-02/qa/task03b2a/history/cycle1-final/source/convex-dev/sessions.ts.text
_goals/convex-backend-runtime-2026-10-02/qa/task03-metadata-native-errors/history/followup-cycle1-final/independent/accepted-copy/src/types/index.ts.text
_goals/convex-backend-runtime-2026-10-02/qa/task03b2a/history/cycle1-final/source/convex-dev/runtimeMetadataAuth.ts.text
_goals/convex-backend-runtime-2026-10-02/qa/task03-metadata-native-errors/history/followup-cycle1-final/independent/accepted-copy/src/types/streaming.ts.text
_goals/convex-backend-runtime-2026-10-02/qa/task03b2a/history/cycle1-final/source/convex-dev/immutable.ts.text
_goals/convex-backend-runtime-2026-10-02/qa/task03b2a/history/cycle1-final/source/convex-dev/mutable.ts.text
_goals/convex-backend-runtime-2026-10-02/qa/task03b2a/history/cycle1-final/source/convex-dev/users.ts.text
_goals/convex-backend-runtime-2026-10-02/qa/task03b2a/history/cycle1-final/source/convex-dev/schema.ts.text
_goals/convex-backend-runtime-2026-10-02/qa/task03-metadata-native-errors/history/followup-cycle1-final/independent/accepted-copy/src/config.ts.text
_goals/convex-backend-runtime-2026-10-02/qa/task03b2a/history/cycle1-final/source/tests/unit/runtimeMetadataAuth/handlers.test.ts.text
_goals/convex-backend-runtime-2026-10-02/qa/task03b2a/history/cycle1-final/source/tests/unit/runtimeMetadataAuth/registrations.test.ts.text
_goals/convex-backend-runtime-2026-10-02/qa/task03b2a/history/cycle1-final/source/tests/unit/runtimeMetadataAuth/fixture.ts.text
_goals/convex-backend-runtime-2026-10-02/qa/task03b2a/history/pre-final/jest-results.json
_goals/convex-backend-runtime-2026-10-02/qa/task03b2a/history/pre-final/source-hashes.json
_goals/convex-backend-runtime-2026-10-02/qa/task03b2a/history/pre-final/check-receipts.json
_goals/convex-backend-runtime-2026-10-02/qa/task03b2a/tsconfig.backend.json
_goals/convex-backend-runtime-2026-10-02/qa/task03b2a/framework-registration.json
_goals/convex-backend-runtime-2026-10-02/qa/task03b2a/tsconfig.tests.json
_goals/convex-backend-runtime-2026-10-02/qa/task03b2a/check-receipts.json
_goals/convex-backend-runtime-2026-10-02/qa/task03-metadata-native-errors/history/followup-cycle1-final/independent/accepted-copy/src/graph/adapters/CypherGraphAdapter.ts.text
_goals/convex-backend-runtime-2026-10-02/qa/task03-metadata-native-errors/history/followup-cycle1-final/independent/accepted-copy/src/graph/index.ts.text
_goals/convex-backend-runtime-2026-10-02/qa/task03-metadata-native-errors/history/followup-cycle1-final/independent/accepted-copy/src/graph/types.ts.text
_goals/convex-backend-runtime-2026-10-02/qa/task03-metadata-native-errors/history/followup-cycle1-final/independent/accepted-copy/src/graph/schema/initSchema.ts.text
_goals/convex-backend-runtime-2026-10-02/qa/task03b1-mf-review-1.md
_goals/convex-backend-runtime-2026-10-02/qa/task03b1-mf-additional-cycle-proposal.md
_goals/convex-backend-runtime-2026-10-02/qa/task03b2a-review-3.md
_goals/convex-backend-runtime-2026-10-02/qa/task03-metadata-native-errors/history/followup-cycle1-final/independent/accepted-copy/src/graph/worker/GraphSyncWorker.ts.text
_goals/convex-backend-runtime-2026-10-02/qa/task02b/tsconfig.scoped.json
_goals/convex-backend-runtime-2026-10-02/qa/task02b/contracts.md
_goals/convex-backend-runtime-2026-10-02/qa/task02b/report.md
_goals/convex-backend-runtime-2026-10-02/qa/task02b/schema-staging.json
_goals/convex-backend-runtime-2026-10-02/qa/task02b/source-inventory.json
_goals/convex-backend-runtime-2026-10-02/qa/task02b/checks/commands.json
_goals/convex-backend-runtime-2026-10-02/qa/task03-metadata-native-errors/history/followup-cycle1-final/independent/accepted-copy/src/graph/sync/index.ts.text
_goals/convex-backend-runtime-2026-10-02/qa/task02b/checks/commands-types-tests.json
_goals/convex-backend-runtime-2026-10-02/qa/task03-metadata-native-errors/history/followup-cycle1-final/independent/accepted-copy/src/graph/sync/batchSync.ts.text
_goals/convex-backend-runtime-2026-10-02/qa/task03-metadata-native-errors/history/followup-cycle1-final/independent/accepted-copy/src/graph/sync/syncDeletes.ts.text
_goals/convex-backend-runtime-2026-10-02/qa/task03c2-live-harness-readiness-notes.md
_goals/convex-backend-runtime-2026-10-02/qa/task03-metadata-native-errors/history/followup-cycle1-final/independent/accepted-copy/src/graph/sync/syncRelationships.ts.text
_goals/convex-backend-runtime-2026-10-02/qa/task03a-review-3.md
_goals/convex-backend-runtime-2026-10-02/qa/task03-metadata-native-errors/history/followup-cycle1-final/independent/accepted-copy/src/graph/sync/syncUtils.ts.text
_goals/convex-backend-runtime-2026-10-02/qa/task03b2c1-review-2.md
_goals/convex-backend-runtime-2026-10-02/qa/task03c2-live-harness-review-3.md
_goals/convex-backend-runtime-2026-10-02/qa/task03-metadata-native-errors/history/followup-cycle1-final/independent/accepted-copy/src/graph/sync/orphanDetection.ts.text
_goals/convex-backend-runtime-2026-10-02/qa/task03-metadata-native-errors/history/followup-cycle1-final/independent/accepted-copy/src/graph/README.md
_goals/convex-backend-runtime-2026-10-02/qa/task03-metadata-native-errors/history/followup-cycle1-final/independent/accepted-copy/src/immutable/index.ts.text
_goals/convex-backend-runtime-2026-10-02/qa/task03-metadata-native-errors/history/followup-cycle1-final/independent/accepted-copy/src/immutable/validators.ts.text
_goals/convex-backend-runtime-2026-10-02/qa/task03-metadata-native-errors/history/followup-cycle1-final/independent/accepted-copy/src/llm/index.ts.text
_goals/convex-backend-runtime-2026-10-02/qa/task03-metadata-native-errors/history/followup-cycle1-final/independent/accepted-copy/src/attachments/index.ts.text
_goals/convex-backend-runtime-2026-10-02/qa/task03-metadata-native-errors/history/followup-cycle1-final/independent/accepted-copy/src/attachments/validators.ts.text
_goals/convex-backend-runtime-2026-10-02/qa/task03c2-live-service/initial-direct-provisioning-observation.json
_goals/convex-backend-runtime-2026-10-02/qa/task03c2-live-service/report.md
_goals/convex-backend-runtime-2026-10-02/qa/task03c2-live-service/preservation-manifest.json
_goals/convex-backend-runtime-2026-10-02/qa/task03c2-d/tsconfig.scoped.json
_goals/convex-backend-runtime-2026-10-02/qa/task03c2-d/run-build.py
_goals/convex-backend-runtime-2026-10-02/qa/task03c2-live-service/service/codegen-aca83d11-336f-491a-8566-6420547666c9.json
_goals/convex-backend-runtime-2026-10-02/qa/task03c2-live-service/service/codegen-3a856ab1-77ba-43e3-bf97-6f2d3c14594d.json
_goals/convex-backend-runtime-2026-10-02/qa/task03c2-live-service/service/cleanup-35428fff-e2ae-4812-b730-ded81204b2ea.json
_goals/convex-backend-runtime-2026-10-02/qa/task03c2-live-service/service/qualify-b72a6d27-50fb-43bb-8442-81ec494125fa.json
_goals/convex-backend-runtime-2026-10-02/qa/task03c2-live-service/service/target-retirement.json
_goals/convex-backend-runtime-2026-10-02/qa/task03-metadata-native-errors/history/followup-cycle1-final/independent/accepted-copy/src/memory/recall/index.ts.text
_goals/convex-backend-runtime-2026-10-02/qa/task03-metadata-native-errors/history/followup-cycle1-final/independent/accepted-copy/src/memory/recall/resultProcessor.ts.text
_goals/convex-backend-runtime-2026-10-02/qa/task03-metadata-native-errors/history/followup-cycle1-final/independent/accepted-copy/src/memory/recall/graphEnhancement.ts.text
_goals/convex-backend-runtime-2026-10-02/qa/task03-metadata-native-errors/history/followup-cycle1-final/independent/accepted-copy/src/memory/index.ts.text
_goals/convex-backend-runtime-2026-10-02/qa/task03-metadata-native-errors/history/followup-cycle1-final/independent/accepted-copy/src/memory/validators.ts.text
_goals/convex-backend-runtime-2026-10-02/qa/task03-metadata-native-errors/history/followup-cycle1-final/independent/accepted-copy/src/memory/streamUtils.ts.text
_goals/convex-backend-runtime-2026-10-02/qa/task03c2-live-service/target/created-project.json
_goals/convex-backend-runtime-2026-10-02/qa/task03c2-live-service/target/target.json
_goals/convex-backend-runtime-2026-10-02/qa/task03c2-live-service/source-bindings.json
_goals/convex-backend-runtime-2026-10-02/qa/task03-metadata-native-errors/history/followup-cycle1-final/independent/accepted-copy/src/memory/streaming/ErrorRecovery.ts.text
_goals/convex-backend-runtime-2026-10-02/qa/task03-metadata-native-errors/history/followup-cycle1-final/independent/accepted-copy/src/memory/streaming/StreamProcessor.ts.text
_goals/convex-backend-runtime-2026-10-02/qa/task03-metadata-native-errors/history/followup-cycle1-final/independent/accepted-copy/src/memory/streaming/ProgressiveStorageHandler.ts.text
_goals/convex-backend-runtime-2026-10-02/qa/task03-metadata-native-errors/history/followup-cycle1-final/independent/accepted-copy/src/memory/streaming/FactExtractor.ts.text
_goals/convex-backend-runtime-2026-10-02/qa/task03-metadata-native-errors/history/followup-cycle1-final/independent/accepted-copy/src/memory/streaming/ChunkingStrategies.ts.text
_goals/convex-backend-runtime-2026-10-02/qa/task03-metadata-native-errors/history/followup-cycle1-final/independent/accepted-copy/src/memory/streaming/StreamMetrics.ts.text
_goals/convex-backend-runtime-2026-10-02/qa/task03-metadata-native-errors/history/followup-cycle1-final/independent/accepted-copy/src/memory/streaming/ProgressiveGraphSync.ts.text
_goals/convex-backend-runtime-2026-10-02/qa/task03-metadata-native-errors/history/followup-cycle1-final/independent/accepted-copy/src/memory/streaming/AdaptiveProcessor.ts.text
_goals/convex-backend-runtime-2026-10-02/qa/task03c2-live-service/parent-scripts/run-auth-operation.py.text
_goals/convex-backend-runtime-2026-10-02/qa/task03-metadata-native-errors/history/followup-cycle1-final/independent/accepted-copy/src/vector/index.ts.text
_goals/convex-backend-runtime-2026-10-02/qa/task03c2-live-service/parent-scripts/diagnose-auth-codegen.mjs.text
_goals/convex-backend-runtime-2026-10-02/qa/task03-metadata-native-errors/history/followup-cycle1-final/independent/accepted-copy/src/vector/validators.ts.text
_goals/convex-backend-runtime-2026-10-02/qa/task03c2-live-service/parent-scripts/retire-qualification-auth.mjs.text
_goals/convex-backend-runtime-2026-10-02/qa/task03c2-live-service/parent-scripts/provision-qualification-auth.mjs.text
_goals/convex-backend-runtime-2026-10-02/qa/task03c2-live-service/official-generated/api.js.text
_goals/convex-backend-runtime-2026-10-02/qa/task03c2-live-service/official-generated/server.d.ts.text
_goals/convex-backend-runtime-2026-10-02/qa/task03c2-live-service/official-generated/dataModel.d.ts.text
_goals/convex-backend-runtime-2026-10-02/qa/task03c2-live-service/official-generated/api.d.ts.text
_goals/convex-backend-runtime-2026-10-02/qa/task03c2-live-service/official-generated/server.js.text
_goals/convex-backend-runtime-2026-10-02/qa/task03-metadata-native-errors/history/followup-cycle1-final/independent/accepted-copy/src/memorySpaces/index.ts.text
_goals/convex-backend-runtime-2026-10-02/qa/task03-metadata-native-errors/history/followup-cycle1-final/independent/accepted-copy/src/memorySpaces/validators.ts.text
_goals/convex-backend-runtime-2026-10-02/qa/task03-metadata-native-errors/history/followup-cycle1-final/independent/accepted-copy/src/auth/credentials.ts.text
_goals/convex-backend-runtime-2026-10-02/qa/task03-metadata-native-errors/history/followup-cycle1-final/independent/accepted-copy/src/auth/context.ts.text
_goals/convex-backend-runtime-2026-10-02/qa/task03-metadata-native-errors/history/followup-cycle1-final/independent/accepted-copy/src/auth/index.ts.text
_goals/convex-backend-runtime-2026-10-02/qa/task03-metadata-native-errors/history/followup-cycle1-final/independent/accepted-copy/src/auth/validators.ts.text
_goals/convex-backend-runtime-2026-10-02/qa/task03-metadata-native-errors/history/followup-cycle1-final/independent/accepted-copy/src/auth/types.ts.text
_goals/convex-backend-runtime-2026-10-02/qa/task03-metadata-native-errors/history/followup-cycle1-final/independent/accepted-copy/src/auth/tenant.ts.text
_goals/convex-backend-runtime-2026-10-02/qa/task03-metadata-native-errors/history/followup-cycle1-final/independent/accepted-copy/src/auth/verified.ts.text
_goals/convex-backend-runtime-2026-10-02/qa/task03c2-live-service/execution/retirement.command.json
_goals/convex-backend-runtime-2026-10-02/qa/task03c2-d/independent/task03c2-d-review-1.md
_goals/convex-backend-runtime-2026-10-02/qa/task03-metadata-native-errors/history/followup-cycle1-final/independent/accepted-copy/src/agents/index.ts.text
_goals/convex-backend-runtime-2026-10-02/qa/task03-metadata-native-errors/history/followup-cycle1-final/independent/accepted-copy/src/agents/validators.ts.text
_goals/convex-backend-runtime-2026-10-02/qa/task03-metadata-native-errors/history/followup-cycle1-final/independent/accepted-copy/src/runtime.ts.text
_goals/convex-backend-runtime-2026-10-02/qa/task03-metadata-native-errors/history/followup-cycle1-final/independent/accepted-copy/README.md
_goals/convex-backend-runtime-2026-10-02/qa/task03-metadata-native-errors/history/followup-cycle1-final/independent/accepted-copy/package-lock.json
_goals/convex-backend-runtime-2026-10-02/qa/task03-metadata-native-errors/history/followup-cycle1-final/independent/main-concurrent-observation.json
_goals/convex-backend-runtime-2026-10-02/qa/task03-metadata-native-errors/history/followup-cycle1-final/independent/user.npmrc
_goals/convex-backend-runtime-2026-10-02/qa/task03-metadata-native-errors/history/followup-cycle1-final/independent/after-snapshot.json
_goals/convex-backend-runtime-2026-10-02/qa/task03-metadata-native-errors/history/followup-cycle1-final/independent/run.py.text
_goals/convex-backend-runtime-2026-10-02/qa/task03-metadata-native-errors/history/followup-cycle1-final/independent/regression-required-denial.mjs.text
_goals/convex-backend-runtime-2026-10-02/qa/task03-metadata-native-errors/history/followup-cycle1-final/independent/preservation-final.json
_goals/convex-backend-runtime-2026-10-02/qa/task03c2-live-service/execution/provision.stdout
_goals/convex-backend-runtime-2026-10-02/qa/task03c2-live-service/execution/qualification-41.command.json
_goals/convex-backend-runtime-2026-10-02/qa/task03c2-live-service/execution/cleanup-owned.command.json
_goals/convex-backend-runtime-2026-10-02/qa/task03c2-live-service/execution/cleanup-owned.stdout
_goals/convex-backend-runtime-2026-10-02/qa/task03c2-live-service/execution/official-codegen.stdout
_goals/convex-backend-runtime-2026-10-02/qa/task03c2-live-service/execution/qualification-41.stdout
_goals/convex-backend-runtime-2026-10-02/qa/task03c2-live-service/execution/retirement.stdout
_goals/convex-backend-runtime-2026-10-02/qa/task03c2-live-service/execution/codegen-diagnostic-result.json
_goals/convex-backend-runtime-2026-10-02/qa/task03c2-live-service/execution/codegen-diagnostic.command.json
_goals/convex-backend-runtime-2026-10-02/qa/task03c2-live-service/execution/official-codegen.command.json
_goals/convex-backend-runtime-2026-10-02/qa/task03c2-live-service/execution/fixture-compiler-preparation.json
_goals/convex-backend-runtime-2026-10-02/qa/task03c2-live-service/execution/codegen-diagnostic.stderr
_goals/convex-backend-runtime-2026-10-02/qa/task03c2-live-service/execution/official-codegen-with-local-compiler.stderr
_goals/convex-backend-runtime-2026-10-02/qa/task03c2-live-service/execution/official-codegen-with-local-compiler.command.json
_goals/convex-backend-runtime-2026-10-02/qa/task03c2-live-service/execution/provision.stderr
_goals/convex-backend-runtime-2026-10-02/qa/task03c2-live-service/execution/official-codegen-with-local-compiler.stdout
_goals/convex-backend-runtime-2026-10-02/qa/task03c2-live-service/execution/retirement.stderr
_goals/convex-backend-runtime-2026-10-02/qa/task03c2-live-service/execution/provision-proxy-retry.json
_goals/convex-backend-runtime-2026-10-02/qa/task03c2-live-service/execution/auth-provision-reconciliation.json
_goals/convex-backend-runtime-2026-10-02/qa/task03c2-live-service/execution/codegen-diagnostic.stdout
_goals/convex-backend-runtime-2026-10-02/qa/task03c2-live-service/execution/official-codegen.stderr
_goals/convex-backend-runtime-2026-10-02/qa/task03c2-live-service/execution/cleanup-owned.stderr
_goals/convex-backend-runtime-2026-10-02/qa/task03c2-live-service/execution/qualification-41.stderr
_goals/convex-backend-runtime-2026-10-02/qa/task03c2-live-service/provenance/sdk-provenance.json
_goals/convex-backend-runtime-2026-10-02/qa/task03c2-live-service/provenance/source-freeze.json
_goals/convex-backend-runtime-2026-10-02/qa/task03c2-live-service/provenance/project-request.json
_goals/convex-backend-runtime-2026-10-02/qa/task03c2-live-service/provenance/source-provenance.json
_goals/convex-backend-runtime-2026-10-02/qa/task03b2d-review-1.md
_goals/convex-backend-runtime-2026-10-02/qa/task03c2-d-review-1.md
_goals/convex-backend-runtime-2026-10-02/qa/task03b2a-review-1.md
_goals/convex-backend-runtime-2026-10-02/qa/task03b2b1-review-3.md
_goals/convex-backend-runtime-2026-10-02/qa/task03b2b1-review-2.md
_goals/convex-backend-runtime-2026-10-02/qa/task01-security-review-1.md
_goals/convex-backend-runtime-2026-10-02/qa/task03-metadata-native-errors/history/followup-cycle1-final/independent/receipts/npm-version.json
_goals/convex-backend-runtime-2026-10-02/qa/task03-metadata-native-errors/history/followup-cycle1-final/independent/receipts/before-candidate-status.json
_goals/convex-backend-runtime-2026-10-02/qa/task03-metadata-native-errors/history/followup-cycle1-final/independent/receipts/ambiguity-pruning.json
_goals/convex-backend-runtime-2026-10-02/qa/task03-metadata-native-errors/history/followup-cycle1-final/independent/receipts/historical-additional.json
_goals/convex-backend-runtime-2026-10-02/qa/task03-metadata-native-errors/history/followup-cycle1-final/independent/receipts/ast-inventory.json
_goals/convex-backend-runtime-2026-10-02/qa/task03-metadata-native-errors/history/followup-cycle1-final/independent/receipts/discovery.json
_goals/convex-backend-runtime-2026-10-02/qa/task03-metadata-native-errors/history/followup-cycle1-final/independent/receipts/diff-check.json
_goals/convex-backend-runtime-2026-10-02/qa/task03-metadata-native-errors/history/followup-cycle1-final/independent/receipts/historical-numeric.json
_goals/convex-backend-runtime-2026-10-02/qa/task03-metadata-native-errors/history/followup-cycle1-final/independent/receipts/independent-verification-corrected.json
_goals/convex-backend-runtime-2026-10-02/qa/task03-metadata-native-errors/history/followup-cycle1-final/independent/receipts/extra-probes.json
_goals/convex-backend-runtime-2026-10-02/qa/task03-metadata-native-errors/history/followup-cycle1-final/independent/receipts/independent-verification-final.json
_goals/convex-backend-runtime-2026-10-02/qa/task03-metadata-native-errors/history/followup-cycle1-final/independent/receipts/independent-verification.json
_goals/convex-backend-runtime-2026-10-02/qa/task03-metadata-native-errors/history/followup-cycle1-final/independent/receipts/regression-required-denial.json
_goals/convex-backend-runtime-2026-10-02/qa/task03-metadata-native-errors/history/followup-cycle1-final/independent/receipts/after-candidate-status.json
_goals/convex-backend-runtime-2026-10-02/qa/task03-metadata-native-errors/history/followup-cycle1-final/independent/receipts/closure-controls.json
_goals/convex-backend-runtime-2026-10-02/qa/task03-metadata-native-errors/history/followup-cycle1-final/independent/receipts/final-candidate-status.json
_goals/convex-backend-runtime-2026-10-02/qa/task03-metadata-native-errors/history/followup-cycle1-final/independent/receipts/ambiguity-pruning-with-baseline-handlers.json
_goals/convex-backend-runtime-2026-10-02/qa/task03-metadata-native-errors/history/followup-cycle1-final/independent/receipts/root-build-private.json
_goals/convex-backend-runtime-2026-10-02/qa/task03-metadata-native-errors/history/followup-cycle1-final/independent/receipts/registration.json
_goals/convex-backend-runtime-2026-10-02/qa/task03-metadata-native-errors/history/followup-cycle1-final/independent/receipts/historical19-check.json
_goals/convex-backend-runtime-2026-10-02/qa/task03-metadata-native-errors/history/followup-cycle1-final/independent/receipts/scoped-types.json
_goals/convex-backend-runtime-2026-10-02/qa/task03-metadata-native-errors/history/followup-cycle1-final/independent/receipts/auth.json
_goals/convex-backend-runtime-2026-10-02/qa/task03-metadata-native-errors/history/followup-cycle1-final/independent/receipts/historical-ordinary.json
_goals/convex-backend-runtime-2026-10-02/qa/task03-metadata-native-errors/history/followup-cycle1-final/independent/receipts/root-types.json
_goals/convex-backend-runtime-2026-10-02/qa/task03-metadata-native-errors/history/followup-cycle1-final/independent/receipts/boundary-probes.json
_goals/convex-backend-runtime-2026-10-02/qa/task03-metadata-native-errors/history/followup-cycle1-final/independent/receipts/independent-verification-second.json
_goals/convex-backend-runtime-2026-10-02/qa/task03-metadata-native-errors/history/followup-cycle1-final/independent/receipts/packed-browser-contracts-private.json
_goals/convex-backend-runtime-2026-10-02/qa/task03-metadata-native-errors/history/followup-cycle1-final/independent/receipts/scoped-lint.json
_goals/convex-backend-runtime-2026-10-02/qa/task03-metadata-native-errors/history/followup-cycle1-final/independent/receipts/before-main-status.json
_goals/convex-backend-runtime-2026-10-02/qa/task03-metadata-native-errors/history/followup-cycle1-final/independent/receipts/root-lint.json
_goals/convex-backend-runtime-2026-10-02/qa/task03-metadata-native-errors/history/followup-cycle1-final/independent/receipts/selected.json
_goals/convex-backend-runtime-2026-10-02/qa/task03-metadata-native-errors/history/followup-cycle1-final/independent/receipts/backend-types.json
_goals/convex-backend-runtime-2026-10-02/qa/task03-metadata-native-errors/history/followup-cycle1-final/independent/receipts/final-main-status.json
_goals/convex-backend-runtime-2026-10-02/qa/task03-metadata-native-errors/history/followup-cycle1-final/independent/receipts/after-main-status.json
_goals/convex-backend-runtime-2026-10-02/qa/task03-metadata-native-errors/history/followup-cycle1-final/independent/ambiguity-pruning-probe.initial.mjs.text
_goals/convex-backend-runtime-2026-10-02/qa/task03b1-mf/history/cycle3-final/independent/root-types.stdout
_goals/convex-backend-runtime-2026-10-02/qa/task03b1-mf/history/cycle3-final/independent/final-source-verification.json
_goals/convex-backend-runtime-2026-10-02/qa/task03b2b1/history/cycle3-final/independent/jest.registry.json
_goals/convex-backend-runtime-2026-10-02/qa/task03b1-mf/history/cycle3-final/independent/repair-controls.mts.text
_goals/convex-backend-runtime-2026-10-02/qa/task03b1-mf/history/cycle3-final/independent/discovery.stdout
_goals/convex-backend-runtime-2026-10-02/qa/task03b1-mf/history/cycle3-final/independent/whitespace.stderr
_goals/convex-backend-runtime-2026-10-02/qa/task03b1-mf/history/cycle3-final/independent/historical-source-probes.stdout.json
_goals/convex-backend-runtime-2026-10-02/qa/task03b1-mf/history/cycle3-final/independent/source-fence-probes.stdout.json
_goals/convex-backend-runtime-2026-10-02/qa/task03b1-mf/history/cycle3-final/independent/lint.stderr
_goals/convex-backend-runtime-2026-10-02/qa/task03b1-mf/history/cycle3-final/independent/unit.stdout
_goals/convex-backend-runtime-2026-10-02/qa/task03b1-mf/history/cycle3-final/independent/repair-controls.stderr
_goals/convex-backend-runtime-2026-10-02/qa/task03b1-mf/history/cycle3-final/independent/tests.json
_goals/convex-backend-runtime-2026-10-02/qa/task03b1-mf/history/cycle3-final/independent/final-read-probes.mts.text
_goals/convex-backend-runtime-2026-10-02/qa/task03b1-mf/history/cycle3-final/independent/final-read-probes.stderr
_goals/convex-backend-runtime-2026-10-02/qa/task03b1-mf/history/cycle3-final/independent/commands.json
_goals/convex-backend-runtime-2026-10-02/qa/task03b1-mf/history/cycle3-final/independent/root-types.stderr
_goals/convex-backend-runtime-2026-10-02/qa/task03b1-mf/history/cycle3-final/independent/archives-verification.json
_goals/convex-backend-runtime-2026-10-02/qa/task03b1-mf/history/cycle3-final/independent/scoped-types.stdout
_goals/convex-backend-runtime-2026-10-02/qa/task03b1-mf/history/cycle3-final/independent/scoped-types.stderr
_goals/convex-backend-runtime-2026-10-02/qa/task03b1-mf/history/cycle3-final/independent/discovery.stderr
_goals/convex-backend-runtime-2026-10-02/qa/task03b1-mf/history/cycle3-final/independent/source-fence-probes.stderr
_goals/convex-backend-runtime-2026-10-02/qa/task03b1-mf/history/cycle3-final/independent/final-read-probes.stdout.json
_goals/convex-backend-runtime-2026-10-02/qa/task03b1-mf/history/cycle3-final/independent/judgment.md
_goals/convex-backend-runtime-2026-10-02/qa/task03b1-mf/history/cycle3-final/independent/original-probe-commands.json
_goals/convex-backend-runtime-2026-10-02/qa/task03b1-mf/history/cycle3-final/independent/backend-types.stdout
_goals/convex-backend-runtime-2026-10-02/qa/task03b1-mf/history/cycle3-final/independent/tests-summary.json
_goals/convex-backend-runtime-2026-10-02/qa/task03b1-mf/history/cycle3-final/independent/closure/closure-inventory.md
_goals/convex-backend-runtime-2026-10-02/qa/task03c2-d/independent/raw/build.command.json
_goals/convex-backend-runtime-2026-10-02/qa/task03b1-mf/history/cycle3-final/independent/closure/closure-inventory.json
_goals/convex-backend-runtime-2026-10-02/qa/task03-metadata-native-errors/history/followup-cycle1-final/independent/source-context/tests--unit--runtimeAuth--authority.test.ts.text
_goals/convex-backend-runtime-2026-10-02/qa/task03b1-mf/history/cycle3-final/independent/new-boundaries.stdout.json
_goals/convex-backend-runtime-2026-10-02/qa/task03b1-mf/history/cycle3-final/independent/historical-source-probes.stderr
_goals/convex-backend-runtime-2026-10-02/qa/task03b1-mf/history/cycle3-final/independent/closure.stderr
_goals/convex-backend-runtime-2026-10-02/qa/task03b1-mf/history/cycle3-final/independent/confirmations.stderr
_goals/convex-backend-runtime-2026-10-02/qa/task03b1-mf/history/cycle3-final/independent/new-boundaries.stderr
_goals/convex-backend-runtime-2026-10-02/qa/task03b1-mf/history/cycle3-final/independent/repair-controls.stdout.json
_goals/convex-backend-runtime-2026-10-02/qa/task03b1-mf/history/cycle3-final/independent/freeze-verification.json
_goals/convex-backend-runtime-2026-10-02/qa/task03b1-mf/history/cycle3-final/independent/new-boundaries.mts.text
_goals/convex-backend-runtime-2026-10-02/qa/task03b1-mf/history/cycle3-final/independent/lint.stdout
_goals/convex-backend-runtime-2026-10-02/qa/task03b1-mf/history/cycle3-final/independent/unit.stderr
_goals/convex-backend-runtime-2026-10-02/qa/task03b1-mf/history/cycle3-final/independent/closure.stdout
_goals/convex-backend-runtime-2026-10-02/qa/task03b1-mf/history/cycle3-final/independent/historical-source-probes.mts.text
_goals/convex-backend-runtime-2026-10-02/qa/task03b1-mf/history/cycle3-final/independent/backend-types.stderr
_goals/convex-backend-runtime-2026-10-02/qa/task03b1-mf/history/cycle3-final/independent/source-fence-probes.mts.text
_goals/convex-backend-runtime-2026-10-02/qa/task03b1-mf/history/cycle3-final/independent/whitespace.stdout
_goals/convex-backend-runtime-2026-10-02/qa/task03b1-mf/history/cycle3-final/independent/confirmations.stdout.json
_goals/convex-backend-runtime-2026-10-02/qa/task03b1-mf/history/cycle3-final/independent/independent-probe-commands.json
_goals/convex-backend-runtime-2026-10-02/qa/task03b1-mf/history/cycle3-final/independent/confirmations.mts.text
_goals/convex-backend-runtime-2026-10-02/qa/task03b1-mf/history/cycle3-final/preservation.json
_goals/convex-backend-runtime-2026-10-02/qa/task03b1-mf/history/cycle3-final/source/convex-dev/facts.ts.text
_goals/convex-backend-runtime-2026-10-02/qa/task03b1-mf/history/cycle3-final/source/convex-dev/runtimeDataAuth.ts.text
_goals/convex-backend-runtime-2026-10-02/qa/task03b1-mf/history/cycle3-final/source/convex-dev/runtimeAuth.ts.text
_goals/convex-backend-runtime-2026-10-02/qa/task03b1-mf/history/cycle3-final/source/convex-dev/memories.ts.text
_goals/convex-backend-runtime-2026-10-02/qa/task03b1-mf/history/cycle3-final/source/convex-dev/schema.ts.text
_goals/convex-backend-runtime-2026-10-02/qa/task03b1-mf/history/cycle3-final/source/tests/unit/runtimeEndpointAuth/facts.test.ts.text
_goals/convex-backend-runtime-2026-10-02/qa/task03b1-mf/history/cycle3-final/source/tests/unit/runtimeEndpointAuth/memory.test.ts.text
_goals/convex-backend-runtime-2026-10-02/qa/task03b1-mf/history/cycle3-final/source/tests/unit/runtimeEndpointAuth/sharedfixtures.ts.text
_goals/convex-backend-runtime-2026-10-02/qa/task03b1-mf/history/cycle3-final/source/src/auth/verified.ts.text
_goals/convex-backend-runtime-2026-10-02/qa/task03b1-mf/history/cycle2-final/qa/closure-inventory.md
_goals/convex-backend-runtime-2026-10-02/qa/task03b1-mf/history/cycle2-final/qa/contracts.md
_goals/convex-backend-runtime-2026-10-02/qa/task03b1-mf/history/cycle2-final/qa/report.md
_goals/convex-backend-runtime-2026-10-02/qa/task03b1-mf/history/cycle2-final/qa/freeze.json
_goals/convex-backend-runtime-2026-10-02/qa/task03b1-mf/history/cycle2-final/qa/tsconfig.root.json
_goals/convex-backend-runtime-2026-10-02/qa/task03b1-mf/history/cycle2-final/qa/checks.mjs
_goals/convex-backend-runtime-2026-10-02/qa/task03b1-mf/history/cycle2-final/qa/closure-inventory.json
_goals/convex-backend-runtime-2026-10-02/qa/task03b1-mf/history/cycle2-final/qa/tsconfig.backend.json
_goals/convex-backend-runtime-2026-10-02/qa/task03b1-mf/history/cycle2-final/qa/closure.mjs
_goals/convex-backend-runtime-2026-10-02/qa/task03b1-mf/history/cycle2-final/qa/repair-evidence.md
_goals/convex-backend-runtime-2026-10-02/qa/task03b2b1/history/cycle3-final/independent/raw/terminal-candidate-head.command.json
_goals/convex-backend-runtime-2026-10-02/qa/task03b2b1/history/cycle3-final/independent/raw/root-types.stdout
_goals/convex-backend-runtime-2026-10-02/qa/task03b2b1/history/cycle3-final/independent/raw/identity-required-outcomes.stdout
_goals/convex-backend-runtime-2026-10-02/qa/task03b2b1/history/cycle3-final/independent/raw/preservation-corrected.stderr
_goals/convex-backend-runtime-2026-10-02/qa/task03b2b1/history/cycle3-final/independent/raw/before-main-status.command.json
_goals/convex-backend-runtime-2026-10-02/qa/task03b2b1/history/cycle3-final/independent/raw/discovery.stdout
_goals/convex-backend-runtime-2026-10-02/qa/task03b2b1/history/cycle3-final/independent/raw/independent-read-matrix.stderr
_goals/convex-backend-runtime-2026-10-02/qa/task03b2b1/history/cycle3-final/independent/raw/original-native.stderr
_goals/convex-backend-runtime-2026-10-02/qa/task03b2b1/history/cycle3-final/independent/raw/core-types.stdout
_goals/convex-backend-runtime-2026-10-02/qa/task03b2b1/history/cycle3-final/independent/raw/original-accessor.stderr
_goals/convex-backend-runtime-2026-10-02/qa/task03b2b1/history/cycle3-final/independent/raw/after-freeze.json
_goals/convex-backend-runtime-2026-10-02/qa/task03b2b1/history/cycle3-final/independent/raw/preservation-initial-failure.stdout
_goals/convex-backend-runtime-2026-10-02/qa/task03b2b1/history/cycle3-final/independent/raw/identity-required-outcomes.command.json
_goals/convex-backend-runtime-2026-10-02/qa/task03b2b1/history/cycle3-final/independent/raw/core-types.command.json
_goals/convex-backend-runtime-2026-10-02/qa/task03b2b1/history/cycle3-final/independent/raw/terminal-candidate-head.stderr
_goals/convex-backend-runtime-2026-10-02/qa/task03b2b1/history/cycle3-final/independent/raw/cycle1-original-independent.json
_goals/convex-backend-runtime-2026-10-02/qa/task03b2b1/history/cycle3-final/independent/raw/before-qa.json
_goals/convex-backend-runtime-2026-10-02/qa/task03b2b1/history/cycle3-final/independent/raw/terminal-main-head.stderr
_goals/convex-backend-runtime-2026-10-02/qa/task03b2b1/history/cycle3-final/independent/raw/diff-check.stderr
_goals/convex-backend-runtime-2026-10-02/qa/task03b2b1/history/cycle3-final/independent/raw/before-candidate-status.stdout
_goals/convex-backend-runtime-2026-10-02/qa/task03b2b1/history/cycle3-final/independent/raw/identity-read-probe.command.json
_goals/convex-backend-runtime-2026-10-02/qa/task03b2b1/history/cycle3-final/independent/raw/before-candidate-status.stderr
_goals/convex-backend-runtime-2026-10-02/qa/task03b2b1/history/cycle3-final/independent/raw/READY1110-sourceRecords.json
_goals/convex-backend-runtime-2026-10-02/qa/task03b2b1/history/cycle3-final/independent/raw/after-candidate-status.command.json
_goals/convex-backend-runtime-2026-10-02/qa/task03b2b1/history/cycle3-final/independent/raw/required-stateful.command.json
_goals/convex-backend-runtime-2026-10-02/qa/task03b2b1/history/cycle3-final/independent/raw/final-state.json
_goals/convex-backend-runtime-2026-10-02/qa/task03b2b1/history/cycle3-final/independent/raw/npm-version.stdout
_goals/convex-backend-runtime-2026-10-02/qa/task03b2b1/history/cycle3-final/independent/raw/independent-read-matrix.command.json
_goals/convex-backend-runtime-2026-10-02/qa/task03b2b1/history/cycle3-final/independent/raw/required-stateful.stdout
_goals/convex-backend-runtime-2026-10-02/qa/task03b2b1/history/cycle3-final/independent/raw/terminal-state.command.json
_goals/convex-backend-runtime-2026-10-02/qa/task03b2b1/history/cycle3-final/independent/raw/preservation-final.stdout
_goals/convex-backend-runtime-2026-10-02/qa/task03b2b1/history/cycle3-final/independent/raw/terminal-main-head.stdout
_goals/convex-backend-runtime-2026-10-02/qa/task03b2b1/history/cycle3-final/independent/raw/after-candidate-head.stdout
_goals/convex-backend-runtime-2026-10-02/qa/task03b2b1/history/cycle3-final/independent/raw/original-graph.stdout
_goals/convex-backend-runtime-2026-10-02/qa/task03b2b1/history/cycle3-final/independent/raw/preservation-corrected.stdout
_goals/convex-backend-runtime-2026-10-02/qa/task03b2b1/history/cycle3-final/independent/raw/node-version.command.json
_goals/convex-backend-runtime-2026-10-02/qa/task03b2b1/history/cycle3-final/independent/raw/diff-check.command.json
_goals/convex-backend-runtime-2026-10-02/qa/task03b2b1/history/cycle3-final/independent/raw/diff-check.stdout
_goals/convex-backend-runtime-2026-10-02/qa/task03b2b1/history/cycle3-final/independent/raw/accepted-runtimeAuth.ts.stdout
_goals/convex-backend-runtime-2026-10-02/qa/task03b2b1/history/cycle3-final/independent/raw/accepted-provisioning.test.ts.command.json
_goals/convex-backend-runtime-2026-10-02/qa/task03b2b1/history/cycle3-final/independent/raw/original-authority.command.json
_goals/convex-backend-runtime-2026-10-02/qa/task03b2b1/history/cycle3-final/independent/raw/scoped-lint.stdout
_goals/convex-backend-runtime-2026-10-02/qa/task03b2b1/history/cycle3-final/independent/raw/terminal-main-status.stderr
_goals/convex-backend-runtime-2026-10-02/qa/task03b2b1/history/cycle3-final/independent/raw/original-authority.stderr
_goals/convex-backend-runtime-2026-10-02/qa/task03b2b1/history/cycle3-final/independent/raw/required-admission.stdout
_goals/convex-backend-runtime-2026-10-02/qa/task03b2b1/history/cycle3-final/independent/raw/additional-verification.command.json
_goals/convex-backend-runtime-2026-10-02/qa/task03b2b1/history/cycle3-final/independent/raw/required-stateful.stderr
_goals/convex-backend-runtime-2026-10-02/qa/task03b2b1/history/cycle3-final/independent/raw/independent-read-matrix.stdout
_goals/convex-backend-runtime-2026-10-02/qa/task03b2b1/history/cycle3-final/independent/raw/before-candidate-head.stderr
_goals/convex-backend-runtime-2026-10-02/qa/task03b2b1/history/cycle3-final/independent/raw/terminal-candidate-head.stdout
_goals/convex-backend-runtime-2026-10-02/qa/task03b2b1/history/cycle3-final/independent/raw/before-candidate-head.stdout
_goals/convex-backend-runtime-2026-10-02/qa/task03b2b1/history/cycle3-final/independent/raw/root-types.stderr
_goals/convex-backend-runtime-2026-10-02/qa/task03b2b1/history/cycle3-final/independent/raw/required-graph.stderr
_goals/convex-backend-runtime-2026-10-02/qa/task03b2b1/history/cycle3-final/independent/raw/original-graph.command.json
_goals/convex-backend-runtime-2026-10-02/qa/task03b2b1/history/cycle3-final/independent/raw/original-authority.stdout
_goals/convex-backend-runtime-2026-10-02/qa/task03b2b1/history/cycle3-final/independent/raw/scoped-lint.command.json
_goals/convex-backend-runtime-2026-10-02/qa/task03b2b1/history/cycle3-final/independent/raw/original-native.command.json
_goals/convex-backend-runtime-2026-10-02/qa/task03b2b1/history/cycle3-final/independent/raw/terminal-freeze.json
_goals/convex-backend-runtime-2026-10-02/qa/task03b2b1/history/cycle3-final/independent/raw/preservation-final.command.json
_goals/convex-backend-runtime-2026-10-02/qa/task03b2b1/history/cycle3-final/independent/raw/required-accessor.stdout
_goals/convex-backend-runtime-2026-10-02/qa/task03b2b1/history/cycle3-final/independent/raw/original-stateful.stdout
_goals/convex-backend-runtime-2026-10-02/qa/task03b2b1/history/cycle3-final/independent/raw/terminal-qa.json
_goals/convex-backend-runtime-2026-10-02/qa/task03b2b1/history/cycle3-final/independent/raw/terminal-state.stderr
_goals/convex-backend-runtime-2026-10-02/qa/task03b2b1/history/cycle3-final/independent/raw/preservation-initial-failure.stderr
_goals/convex-backend-runtime-2026-10-02/qa/task03b2b1/history/cycle3-final/independent/raw/original-stateful.stderr
_goals/convex-backend-runtime-2026-10-02/qa/task03b2b1/history/cycle3-final/independent/raw/core-lint.stderr
_goals/convex-backend-runtime-2026-10-02/qa/task03b2b1/history/cycle3-final/independent/raw/terminal-candidate-status.command.json
_goals/convex-backend-runtime-2026-10-02/qa/task03b2b1/history/cycle3-final/independent/raw/scoped-types.stdout
_goals/convex-backend-runtime-2026-10-02/qa/task03b2b1/history/cycle3-final/independent/raw/after-main-status.stdout
_goals/convex-backend-runtime-2026-10-02/qa/task03b2b1/history/cycle3-final/independent/raw/preservation-initial-failure.command.json
_goals/convex-backend-runtime-2026-10-02/qa/task03b2b1/history/cycle3-final/independent/raw/identity-read-probe.stderr
_goals/convex-backend-runtime-2026-10-02/qa/task03b2b1/history/cycle3-final/independent/raw/terminal-state.stdout
_goals/convex-backend-runtime-2026-10-02/qa/task03b2b1/history/cycle3-final/independent/raw/original-accessor.stdout
_goals/convex-backend-runtime-2026-10-02/qa/task03b2b1/history/cycle3-final/independent/raw/before-main-status.stdout
_goals/convex-backend-runtime-2026-10-02/qa/task03b2b1/history/cycle3-final/independent/raw/final-state.stdout
_goals/convex-backend-runtime-2026-10-02/qa/task03b2b1/history/cycle3-final/independent/raw/scoped-types.stderr
_goals/convex-backend-runtime-2026-10-02/qa/task03b2b1/history/cycle3-final/independent/raw/backend-types.command.json
_goals/convex-backend-runtime-2026-10-02/qa/task03b2b1/history/cycle3-final/independent/raw/registry-tests.stdout
_goals/convex-backend-runtime-2026-10-02/qa/task03b2b1/history/cycle3-final/independent/raw/discovery.stderr
_goals/convex-backend-runtime-2026-10-02/qa/task03b2b1/history/cycle3-final/independent/raw/original-native.stdout
_goals/convex-backend-runtime-2026-10-02/qa/task03b2b1/history/cycle3-final/independent/raw/node-version.stdout
_goals/convex-backend-runtime-2026-10-02/qa/task03b2b1/history/cycle3-final/independent/raw/original-stateful.command.json
_goals/convex-backend-runtime-2026-10-02/qa/task03b2b1/history/cycle3-final/independent/raw/after-candidate-head.command.json
_goals/convex-backend-runtime-2026-10-02/qa/task03b2b1/history/cycle3-final/independent/raw/typescript-version.command.json
_goals/convex-backend-runtime-2026-10-02/qa/task03b2b1/history/cycle3-final/independent/raw/backend-types.stdout
_goals/convex-backend-runtime-2026-10-02/qa/task03b2b1/history/cycle3-final/independent/raw/accepted-provisioning.test.ts.stderr
_goals/convex-backend-runtime-2026-10-02/qa/task03b2b1/history/cycle3-final/independent/raw/after-main-head.stdout
_goals/convex-backend-runtime-2026-10-02/qa/task03b2b1/history/cycle3-final/independent/raw/terminal-all-qa.json
_goals/convex-backend-runtime-2026-10-02/qa/task03b2b1/history/cycle3-final/independent/raw/accepted-provisioning.diff
_goals/convex-backend-runtime-2026-10-02/qa/task03b2b1/history/cycle3-final/independent/raw/additional-verification.stderr
_goals/convex-backend-runtime-2026-10-02/qa/task03b2b1/history/cycle3-final/independent/raw/scoped-lint.stderr
_goals/convex-backend-runtime-2026-10-02/qa/task03b2b1/history/cycle3-final/independent/raw/after-candidate-status.stdout
_goals/convex-backend-runtime-2026-10-02/qa/task03b2b1/history/cycle3-final/independent/raw/typescript-version.stdout
_goals/convex-backend-runtime-2026-10-02/qa/task03b2b1/history/cycle3-final/independent/raw/schema-diff.command.json
_goals/convex-backend-runtime-2026-10-02/qa/task03b2b1/history/cycle3-final/independent/raw/before-main-head.stdout
_goals/convex-backend-runtime-2026-10-02/qa/task03b2b1/history/cycle3-final/independent/raw/before-all-qa.json
_goals/convex-backend-runtime-2026-10-02/qa/task03b2b1/history/cycle3-final/independent/raw/after-main-status.command.json
_goals/convex-backend-runtime-2026-10-02/qa/task03b2b1/history/cycle3-final/independent/raw/schema-diff.stderr
_goals/convex-backend-runtime-2026-10-02/qa/task03b2b1/history/cycle3-final/independent/raw/preservation-checks.json
_goals/convex-backend-runtime-2026-10-02/qa/task03b2b1/history/cycle3-final/independent/raw/root-lint-types.command.json
_goals/convex-backend-runtime-2026-10-02/qa/task03b2b1/history/cycle3-final/independent/raw/core-lint.command.json
_goals/convex-backend-runtime-2026-10-02/qa/task03b2b1/history/cycle3-final/independent/raw/terminal-main-head.command.json
_goals/convex-backend-runtime-2026-10-02/qa/task03b2b1/history/cycle3-final/independent/raw/scoped-types.command.json
_goals/convex-backend-runtime-2026-10-02/qa/task03b2b1/history/cycle3-final/independent/raw/root-lint-types.stderr
_goals/convex-backend-runtime-2026-10-02/qa/task03b2b1/history/cycle3-final/independent/raw/node-version.stderr
_goals/convex-backend-runtime-2026-10-02/qa/task03b2b1/history/cycle3-final/independent/raw/core-tests.stderr
_goals/convex-backend-runtime-2026-10-02/qa/task03b2b1/history/cycle3-final/independent/raw/cycle1-archive.json
_goals/convex-backend-runtime-2026-10-02/qa/task03b2b1/history/cycle3-final/independent/raw/discovery.command.json
_goals/convex-backend-runtime-2026-10-02/qa/task03b2b1/history/cycle3-final/independent/raw/accepted-provisioning.test.ts.stdout
_goals/convex-backend-runtime-2026-10-02/qa/task03b2b1/history/cycle3-final/independent/raw/required-graph.command.json
_goals/convex-backend-runtime-2026-10-02/qa/task03b2b1/history/cycle3-final/independent/raw/registry-tests.command.json
_goals/convex-backend-runtime-2026-10-02/qa/task03b2b1/history/cycle3-final/independent/raw/cycle2-final-original-independent.json
_goals/convex-backend-runtime-2026-10-02/qa/task03b2b1/history/cycle3-final/independent/raw/before-candidate-status.command.json
_goals/convex-backend-runtime-2026-10-02/qa/task03b2b1/history/cycle3-final/independent/raw/catalog.stderr
_goals/convex-backend-runtime-2026-10-02/qa/task03b2b1/history/cycle3-final/independent/raw/core-tests.stdout
_goals/convex-backend-runtime-2026-10-02/qa/task03b2b1/history/cycle3-final/independent/raw/required-accessor.command.json
_goals/convex-backend-runtime-2026-10-02/qa/task03b2b1/history/cycle3-final/independent/raw/after-qa.json
_goals/convex-backend-runtime-2026-10-02/qa/task03b2b1/history/cycle3-final/independent/raw/core-types.stderr
_goals/convex-backend-runtime-2026-10-02/qa/task03b2b1/history/cycle3-final/independent/raw/original46-native-map.json
_goals/convex-backend-runtime-2026-10-02/qa/task03b2b1/history/cycle3-final/independent/raw/original-graph.stderr
_goals/convex-backend-runtime-2026-10-02/qa/task03b2b1/history/cycle3-final/independent/raw/before-main-head.command.json
_goals/convex-backend-runtime-2026-10-02/qa/task03b2b1/history/cycle3-final/independent/raw/after-candidate-head.stderr
_goals/convex-backend-runtime-2026-10-02/qa/task03b2b1/history/cycle3-final/independent/raw/preservation-final.stderr
_goals/convex-backend-runtime-2026-10-02/qa/task03b2b1/history/cycle3-final/independent/raw/npm-version.stderr
_goals/convex-backend-runtime-2026-10-02/qa/task03b2b1/history/cycle3-final/independent/raw/accepted-runtimeAuth.ts.command.json
_goals/convex-backend-runtime-2026-10-02/qa/task03b2b1/history/cycle3-final/independent/raw/after-main-head.command.json
_goals/convex-backend-runtime-2026-10-02/qa/task03b2b1/history/cycle3-final/independent/raw/identity-required-outcomes.stderr
_goals/convex-backend-runtime-2026-10-02/qa/task03b2b1/history/cycle3-final/independent/raw/accepted-core.diff
_goals/convex-backend-runtime-2026-10-02/qa/task03b2b1/history/cycle3-final/independent/raw/root-types.command.json
_goals/convex-backend-runtime-2026-10-02/qa/task03b2b1/history/cycle3-final/independent/raw/preservation-corrected.command.json
_goals/convex-backend-runtime-2026-10-02/qa/task03b2b1/history/cycle3-final/independent/raw/core-tests.command.json
_goals/convex-backend-runtime-2026-10-02/qa/task03b2b1/history/cycle3-final/independent/raw/catalog.command.json
_goals/convex-backend-runtime-2026-10-02/qa/task03b2b1/history/cycle3-final/independent/raw/schema-diff.stdout
_goals/convex-backend-runtime-2026-10-02/qa/task03b2b1/history/cycle3-final/independent/raw/typescript-version.stderr
_goals/convex-backend-runtime-2026-10-02/qa/task03b2b1/history/cycle3-final/independent/raw/cycle2-final-archive.json
_goals/convex-backend-runtime-2026-10-02/qa/task03b2b1/history/cycle3-final/independent/raw/additional-verification.stdout
_goals/convex-backend-runtime-2026-10-02/qa/task03b2b1/history/cycle3-final/independent/raw/root-lint-types.stdout
_goals/convex-backend-runtime-2026-10-02/qa/task03b2b1/history/cycle3-final/independent/raw/after-all-qa.json
_goals/convex-backend-runtime-2026-10-02/qa/task03b2b1/history/cycle3-final/independent/raw/after-main-status.stderr
_goals/convex-backend-runtime-2026-10-02/qa/task03b2b1/history/cycle3-final/independent/raw/required-admission.command.json
_goals/convex-backend-runtime-2026-10-02/qa/task03b2b1/history/cycle3-final/independent/raw/before-main-status.stderr
_goals/convex-backend-runtime-2026-10-02/qa/task03b2b1/history/cycle3-final/independent/raw/terminal-candidate-status.stderr
_goals/convex-backend-runtime-2026-10-02/qa/task03b2b1/history/cycle3-final/independent/raw/final-state.stderr
_goals/convex-backend-runtime-2026-10-02/qa/task03b2b1/history/cycle3-final/independent/raw/required-graph.stdout
_goals/convex-backend-runtime-2026-10-02/qa/task03b2b1/history/cycle3-final/independent/raw/old35-identical.json
_goals/convex-backend-runtime-2026-10-02/qa/task03b2b1/history/cycle3-final/independent/raw/core-lint.stdout
_goals/convex-backend-runtime-2026-10-02/qa/task03b2b1/history/cycle3-final/independent/raw/backend-types.stderr
_goals/convex-backend-runtime-2026-10-02/qa/task03b2b1/history/cycle3-final/independent/raw/final-state.command.json
_goals/convex-backend-runtime-2026-10-02/qa/task03b2b1/history/cycle3-final/independent/raw/registry-tests.stderr
_goals/convex-backend-runtime-2026-10-02/qa/task03b2b1/history/cycle3-final/independent/raw/after-main-head.stderr
_goals/convex-backend-runtime-2026-10-02/qa/task03b2b1/history/cycle3-final/independent/raw/terminal-main-status.command.json
_goals/convex-backend-runtime-2026-10-02/qa/task03b2b1/history/cycle3-final/independent/raw/terminal-candidate-status.stdout
_goals/convex-backend-runtime-2026-10-02/qa/task03b2b1/history/cycle3-final/independent/raw/before-main-head.stderr
_goals/convex-backend-runtime-2026-10-02/qa/task03b2b1/history/cycle3-final/independent/raw/catalog.stdout
_goals/convex-backend-runtime-2026-10-02/qa/task03b2b1/history/cycle3-final/independent/raw/original-accessor.command.json
_goals/convex-backend-runtime-2026-10-02/qa/task03b2b1/history/cycle3-final/independent/raw/READY1110-readyRawRecords.json
_goals/convex-backend-runtime-2026-10-02/qa/task03b2b1/history/cycle3-final/independent/raw/accepted-runtimeAuth.ts.stderr
_goals/convex-backend-runtime-2026-10-02/qa/task03b2b1/history/cycle3-final/independent/raw/terminal-main-status.stdout
_goals/convex-backend-runtime-2026-10-02/qa/task03b2b1/history/cycle3-final/independent/raw/after-candidate-status.stderr
_goals/convex-backend-runtime-2026-10-02/qa/task03b2b1/history/cycle3-final/independent/raw/before-freeze.json
_goals/convex-backend-runtime-2026-10-02/qa/task03b2b1/history/cycle3-final/independent/raw/before-candidate-head.command.json
_goals/convex-backend-runtime-2026-10-02/qa/task03b2b1/history/cycle3-final/independent/raw/required-admission.stderr
_goals/convex-backend-runtime-2026-10-02/qa/task03b2b1/history/cycle3-final/independent/raw/required-accessor.stderr
_goals/convex-backend-runtime-2026-10-02/qa/task03b2b1/history/cycle3-final/independent/raw/npm-version.command.json
_goals/convex-backend-runtime-2026-10-02/qa/task03b2b1/history/cycle3-final/independent/raw/identity-read-probe.stdout
_goals/convex-backend-runtime-2026-10-02/qa/task03b2b1/history/cycle3-final/independent/identity-read-probe.mts.text
_goals/convex-backend-runtime-2026-10-02/qa/task03b2b1/history/cycle3-final/independent/catalog/selected-path-inventory.json
_goals/convex-backend-runtime-2026-10-02/qa/task03b2b1/history/cycle3-final/independent/catalog/selected-path-inventory.md
_goals/convex-backend-runtime-2026-10-02/qa/task03b2b1/history/cycle3-final/independent/scripts/checks.py.text
_goals/convex-backend-runtime-2026-10-02/qa/task03b2b1/history/cycle3-final/independent/scripts/probes.py.text
_goals/convex-backend-runtime-2026-10-02/qa/task03b2b1/history/cycle3-final/independent/scripts/finalize.py.text
_goals/convex-backend-runtime-2026-10-02/qa/task03b2b1/history/cycle3-final/independent/scripts/preservation.v2.py.text
_goals/convex-backend-runtime-2026-10-02/qa/task03b2b1/history/cycle3-final/independent/scripts/preservation.initial.py.text
_goals/convex-backend-runtime-2026-10-02/qa/task03b2b1/history/cycle3-final/independent/scripts/judge.py.text
_goals/convex-backend-runtime-2026-10-02/qa/task03b2b1/history/cycle3-final/independent/scripts/additional-verification.py.text
_goals/convex-backend-runtime-2026-10-02/qa/task03b2b1/history/cycle3-final/independent/scripts/preservation.py.text
_goals/convex-backend-runtime-2026-10-02/qa/task03b2b1/history/cycle3-final/independent/scripts/write-report.py.text
_goals/convex-backend-runtime-2026-10-02/qa/task03b2b1/history/cycle3-final/independent/scripts/final-state.py.text
_goals/convex-backend-runtime-2026-10-02/qa/task03b2b1/history/cycle3-final/independent/manifest.original.json
_goals/convex-backend-runtime-2026-10-02/qa/task03b2b1/history/cycle3-final/independent/report.md
_goals/convex-backend-runtime-2026-10-02/qa/task03b2b1/history/cycle3-final/independent/jest.core.json
_goals/convex-backend-runtime-2026-10-02/qa/task03b2b1/history/cycle3-final/independent/registry-tests.json
_goals/convex-backend-runtime-2026-10-02/qa/task03b2b1/history/cycle3-final/independent/tsconfig.registry.json
_goals/convex-backend-runtime-2026-10-02/qa/task03b1-mf/history/cycle2-final/qa/checks/cycle2-open-preservation-check.json
_goals/convex-backend-runtime-2026-10-02/qa/task03b1-mf/history/cycle2-final/qa/checks/commands.json
_goals/convex-backend-runtime-2026-10-02/qa/task03b1-mf/history/cycle2-final/qa/checks/open-final-read-probe.stdout.json
_goals/convex-backend-runtime-2026-10-02/qa/task03b1-mf/history/cycle2-final/qa/checks/open-final-read-probe.command.json
_goals/convex-backend-runtime-2026-10-02/qa/task03b1-mf/history/cycle2-final/qa/checks/cycle1-preservation-check.json
_goals/convex-backend-runtime-2026-10-02/qa/task03b1-mf/history/cycle2-final/independent/historical-source-probes.stdout.json
_goals/convex-backend-runtime-2026-10-02/qa/task03b1-mf/history/cycle2-final/independent/source-fence-probes.stdout.json
_goals/convex-backend-runtime-2026-10-02/qa/task03b1-mf/history/cycle2-final/independent/pre-final-read-repair/corrected-bulk-before.mts.text
_goals/convex-backend-runtime-2026-10-02/qa/task03b1-mf/history/cycle2-final/independent/historical-source-probes.mts.text
_goals/convex-backend-runtime-2026-10-02/qa/task03b1-mf/history/cycle2-final/independent/source-fence-probes.mts.text
_goals/convex-backend-runtime-2026-10-02/qa/task03b1-mf/history/cycle2-final/preservation.json
_goals/convex-backend-runtime-2026-10-02/qa/task03b1-mf/history/cycle2-final/source/convex-dev/facts.ts.text
_goals/convex-backend-runtime-2026-10-02/qa/task03b1-mf/history/cycle2-final/source/convex-dev/runtimeDataAuth.ts.text
_goals/convex-backend-runtime-2026-10-02/qa/task03b1-mf/history/cycle2-final/source/convex-dev/runtimeAuth.ts.text
_goals/convex-backend-runtime-2026-10-02/qa/task03b1-mf/history/cycle2-final/source/convex-dev/memories.ts.text
_goals/convex-backend-runtime-2026-10-02/qa/task03b1-mf/history/cycle2-final/source/convex-dev/schema.ts.text
_goals/convex-backend-runtime-2026-10-02/qa/task03b1-mf/history/cycle2-final/source/tests/unit/runtimeEndpointAuth/facts.test.ts.text
_goals/convex-backend-runtime-2026-10-02/qa/task03b1-mf/history/cycle2-final/source/tests/unit/runtimeEndpointAuth/memory.test.ts.text
_goals/convex-backend-runtime-2026-10-02/qa/task03b1-mf/history/cycle2-final/source/tests/unit/runtimeEndpointAuth/sharedfixtures.ts.text
_goals/convex-backend-runtime-2026-10-02/qa/task03b1-mf/history/cycle2-final/source/src/auth/verified.ts.text
_goals/convex-backend-runtime-2026-10-02/qa/task03b1-mf/history/cycle1/qa/closure-inventory.md
_goals/convex-backend-runtime-2026-10-02/qa/task03b1-mf/history/cycle1/qa/contracts.md
_goals/convex-backend-runtime-2026-10-02/qa/task03b1-mf/history/cycle1/qa/report.md
_goals/convex-backend-runtime-2026-10-02/qa/task03b1-mf/history/cycle1/qa/tsconfig.root.json
_goals/convex-backend-runtime-2026-10-02/qa/task03b1-mf/history/cycle1/qa/checks.mjs
_goals/convex-backend-runtime-2026-10-02/qa/task03b1-mf/history/cycle1/qa/closure-inventory.json
_goals/convex-backend-runtime-2026-10-02/qa/task03b1-mf/history/cycle1/qa/tsconfig.backend.json
_goals/convex-backend-runtime-2026-10-02/qa/task03b1-mf/history/cycle1/qa/closure.mjs
_goals/convex-backend-runtime-2026-10-02/qa/task03b2b1/history/cycle3-final/independent/context/required-task--02-domain-services.md
_goals/convex-backend-runtime-2026-10-02/qa/task03b2b1/history/cycle3-final/independent/context/required-task--08-memory-pipeline.md
_goals/convex-backend-runtime-2026-10-02/qa/task03b2b1/history/cycle3-final/independent/context/source--tests--unit--runtimeRegistryAuth--controlAmbiguity.test.ts.text
_goals/convex-backend-runtime-2026-10-02/qa/task03b2b1/history/cycle3-final/independent/context/required-task--15-product-integration.md
_goals/convex-backend-runtime-2026-10-02/qa/task03b2b1/history/cycle3-final/independent/context/source--convex-dev--_generated--server.js.text
_goals/convex-backend-runtime-2026-10-02/qa/task03b2b1/history/cycle3-final/independent/context/required-task--17-docs-audit.md
_goals/convex-backend-runtime-2026-10-02/qa/task03b2b1/history/cycle3-final/independent/context/source--tests--unit--runtimeAuth--authority.test.ts.text
_goals/convex-backend-runtime-2026-10-02/qa/task03b2b1/history/cycle3-final/independent/context/required--_goals--convex-backend-runtime-2026-10-02--tasks--03-authorization.md
_goals/convex-backend-runtime-2026-10-02/qa/task03b2b1/history/cycle3-final/independent/context/required--.agents--skills--judge-task--SKILL.md
_goals/convex-backend-runtime-2026-10-02/qa/task03b2b1/history/cycle3-final/independent/context/source--convex-dev--_generated--dataModel.d.ts.text
_goals/convex-backend-runtime-2026-10-02/qa/task03b2b1/history/cycle3-final/independent/context/source--node_modules--convex--src--server--impl--query_impl.ts.text
_goals/convex-backend-runtime-2026-10-02/qa/task03b2b1/history/cycle3-final/independent/context/source--convex-dev--runtimeAuthSchema.ts.text
_goals/convex-backend-runtime-2026-10-02/qa/task03b2b1/history/cycle3-final/independent/context/source--convex-dev--runtimeAuth.ts.text
_goals/convex-backend-runtime-2026-10-02/qa/task03b2b1/history/cycle3-final/independent/context/candidate--history--cycle2-final--independent--judgment.md
_goals/convex-backend-runtime-2026-10-02/qa/task03b2b1/history/cycle3-final/independent/context/source--convex-dev--contexts.ts.text
_goals/convex-backend-runtime-2026-10-02/qa/task03b2b1/history/cycle3-final/independent/context/source--_goals--convex-backend-runtime-2026-10-02--qa--task03b2b1--jest.scoped.cjs.text
_goals/convex-backend-runtime-2026-10-02/qa/task03b2b1/history/cycle3-final/independent/context/source--convex-dev--tsconfig.json
_goals/convex-backend-runtime-2026-10-02/qa/task03b2b1/history/cycle3-final/independent/context/required-task--05-transcripts-runs.md
_goals/convex-backend-runtime-2026-10-02/qa/task03b2b1/history/cycle3-final/independent/context/source--tests--unit--runtimeRegistryAuth--admissionFixture.ts.text
_goals/convex-backend-runtime-2026-10-02/qa/task03b2b1/history/cycle3-final/independent/context/candidate--history--cycle1--independent--judgment.md
_goals/convex-backend-runtime-2026-10-02/qa/task03b2b1/history/cycle3-final/independent/context/source--node_modules--convex--dist--esm--values--value.js.text
_goals/convex-backend-runtime-2026-10-02/qa/task03b2b1/history/cycle3-final/independent/context/source--tsconfig.lint.json
_goals/convex-backend-runtime-2026-10-02/qa/task03b2b1/history/cycle3-final/independent/context/source--tests--unit--runtimeAuth--provisioning.test.ts.text
_goals/convex-backend-runtime-2026-10-02/qa/task03b2b1/history/cycle3-final/independent/context/source--eslint.config.js.text
_goals/convex-backend-runtime-2026-10-02/qa/task03b2b1/history/cycle3-final/independent/context/required-task--09-text-client-slice.md
_goals/convex-backend-runtime-2026-10-02/qa/task03b2b1/history/cycle3-final/independent/context/source--_goals--convex-backend-runtime-2026-10-02--qa--task03b2b1--tsconfig.scoped.json
_goals/convex-backend-runtime-2026-10-02/qa/task03b2b1/history/cycle3-final/independent/context/required--_research--convex-ai-gateway-2026-10-02--decision-gates.md
_goals/convex-backend-runtime-2026-10-02/qa/task03b2b1/history/cycle3-final/independent/context/source--node_modules--convex--src--values--value.ts.text
_goals/convex-backend-runtime-2026-10-02/qa/task03b2b1/history/cycle3-final/independent/context/source--node_modules--convex--dist--esm--server--impl--query_impl.js.text
_goals/convex-backend-runtime-2026-10-02/qa/task03b2b1/history/cycle3-final/independent/context/required--.agents--skills--feature-orchestrator--SKILL.md
_goals/convex-backend-runtime-2026-10-02/qa/task03b2b1/history/cycle3-final/independent/context/history--cycle1--preservation-manifest.json
_goals/convex-backend-runtime-2026-10-02/qa/task03b2b1/history/cycle3-final/independent/context/history--cycle2-final--independent--manifest.original.json
_goals/convex-backend-runtime-2026-10-02/qa/task03b2b1/history/cycle3-final/independent/context/source--node_modules--convex--src--common--index.ts.text
_goals/convex-backend-runtime-2026-10-02/qa/task03b2b1/history/cycle3-final/independent/context/source--tests--unit--runtimeRegistryAuth--catalog.test.ts.text
_goals/convex-backend-runtime-2026-10-02/qa/task03b2b1/history/cycle3-final/independent/context/required--.agents--CODEX-RUNTIME.md
_goals/convex-backend-runtime-2026-10-02/qa/task03b2b1/history/cycle3-final/independent/context/source--convex-dev--runtimeRegistryAuth.ts.text
_goals/convex-backend-runtime-2026-10-02/qa/task03b2b1/history/cycle3-final/independent/context/source--package.json
_goals/convex-backend-runtime-2026-10-02/qa/task03b2b1/history/cycle3-final/independent/context/candidate--report.md
_goals/convex-backend-runtime-2026-10-02/qa/task03b2b1/history/cycle3-final/independent/context/original-authority.mts.text
_goals/convex-backend-runtime-2026-10-02/qa/task03b2b1/history/cycle3-final/independent/context/required-task--03-authorization.md
_goals/convex-backend-runtime-2026-10-02/qa/task03b2b1/history/cycle3-final/independent/context/source--tests--unit--runtimeRegistryAuth--registered.test.ts.text
_goals/convex-backend-runtime-2026-10-02/qa/task03b2b1/history/cycle3-final/independent/context/candidate--requirements-mapping.md
_goals/convex-backend-runtime-2026-10-02/qa/task03b2b1/history/cycle3-final/independent/context/required-task--14-client-extensions.md
_goals/convex-backend-runtime-2026-10-02/qa/task03b2b1/history/cycle3-final/independent/context/required--AGENTS.md
_goals/convex-backend-runtime-2026-10-02/qa/task03b2b1/history/cycle3-final/independent/context/source--tests--unit--runtimeRegistryAuth--adversarial.test.ts.text
_goals/convex-backend-runtime-2026-10-02/qa/task03b2b1/history/cycle3-final/independent/context/required-task--11-graph-outbox.md
_goals/convex-backend-runtime-2026-10-02/qa/task03b2b1/history/cycle3-final/independent/context/review3-bounded-prompt.md
_goals/convex-backend-runtime-2026-10-02/qa/task03b2b1/history/cycle3-final/independent/context/source--tests--unit--runtimeAuth--inventory.test.ts.text
_goals/convex-backend-runtime-2026-10-02/qa/task03b2b1/history/cycle3-final/independent/context/source--tests--unit--runtimeRegistryAuth--closureRepair.test.ts.text
_goals/convex-backend-runtime-2026-10-02/qa/task03b2b1/history/cycle3-final/independent/context/source--convex.json
_goals/convex-backend-runtime-2026-10-02/qa/task03b2b1/history/cycle3-final/independent/context/source--convex-dev--agents.ts.text
_goals/convex-backend-runtime-2026-10-02/qa/task03b2b1/history/cycle3-final/independent/context/source--tests--unit--runtimeRegistryAuth--admissionFailure.test.ts.text
_goals/convex-backend-runtime-2026-10-02/qa/task03b2b1/history/cycle3-final/independent/context/native-authentication_impl.ts.text
_goals/convex-backend-runtime-2026-10-02/qa/task03b2b1/history/cycle3-final/independent/context/source--tests--unit--runtimeRegistryAuth--controlReadBoundary.test.ts.text
_goals/convex-backend-runtime-2026-10-02/qa/task03b2b1/history/cycle3-final/independent/context/source--convex-dev--runtimeMemorySchema.ts.text
_goals/convex-backend-runtime-2026-10-02/qa/task03b2b1/history/cycle3-final/independent/context/source--src--agents--index.ts.text
_goals/convex-backend-runtime-2026-10-02/qa/task03b2b1/history/cycle3-final/independent/context/original-graph.mts.text
_goals/convex-backend-runtime-2026-10-02/qa/task03b2b1/history/cycle3-final/independent/context/source--src--governance--index.ts.text
_goals/convex-backend-runtime-2026-10-02/qa/task03b2b1/history/cycle3-final/independent/context/source--convex-dev--_generated--api.d.ts.text
_goals/convex-backend-runtime-2026-10-02/qa/task03b2b1/history/cycle3-final/independent/context/source--node_modules--convex--package.json
_goals/convex-backend-runtime-2026-10-02/qa/task03b2b1/history/cycle3-final/independent/context/source--_goals--convex-backend-runtime-2026-10-02--qa--task03b2b1--inventory.mjs.text
_goals/convex-backend-runtime-2026-10-02/qa/task03b2b1/history/cycle3-final/independent/context/source--convex-dev--a2a.ts.text
_goals/convex-backend-runtime-2026-10-02/qa/task03b2b1/history/cycle3-final/independent/context/original-stateful.mts.text
_goals/convex-backend-runtime-2026-10-02/qa/task03b2b1/history/cycle3-final/independent/context/source--package-lock.json
_goals/convex-backend-runtime-2026-10-02/qa/task03b2b1/history/cycle3-final/independent/context/required--_goals--convex-backend-runtime-2026-10-02--goal.md
_goals/convex-backend-runtime-2026-10-02/qa/task03b2b1/history/cycle3-final/independent/context/source--_goals--convex-backend-runtime-2026-10-02--qa--task03b2b1--checks--run-checks.py.text
_goals/convex-backend-runtime-2026-10-02/qa/task03b2b1/history/cycle3-final/independent/context/source--convex-dev--memorySpaces.ts.text
_goals/convex-backend-runtime-2026-10-02/qa/task03b2b1/history/cycle3-final/independent/context/source--tsconfig.json
_goals/convex-backend-runtime-2026-10-02/qa/task03b2b1/history/cycle3-final/independent/context/source--convex-dev--_generated--server.d.ts.text
_goals/convex-backend-runtime-2026-10-02/qa/task03b2b1/history/cycle3-final/independent/context/required-task--07-agent-streams.md
_goals/convex-backend-runtime-2026-10-02/qa/task03b2b1/history/cycle3-final/independent/context/required--_research--convex-ai-gateway-2026-10-02--architecture.md
_goals/convex-backend-runtime-2026-10-02/qa/task03b2b1/history/cycle3-final/independent/context/source--tests--unit--runtimeRegistryAuth--failureBoundary.test.ts.text
_goals/convex-backend-runtime-2026-10-02/qa/task03b2b1/history/cycle3-final/independent/context/candidate--codec-dependency.json
_goals/convex-backend-runtime-2026-10-02/qa/task03b2b1/history/cycle3-final/independent/context/required--_goals--convex-backend-runtime-2026-10-02--implementation-prompt.md
_goals/convex-backend-runtime-2026-10-02/qa/task03b2b1/history/cycle3-final/independent/context/required-stateful.mts.text
_goals/convex-backend-runtime-2026-10-02/qa/task03b2b1/history/cycle3-final/independent/context/source--convex-dev--schema.ts.text
_goals/convex-backend-runtime-2026-10-02/qa/task03b2b1/history/cycle3-final/independent/context/required-task--16-outcome-validation.md
_goals/convex-backend-runtime-2026-10-02/qa/task03b2b1/history/cycle3-final/independent/context/required-task--13-media-jobs.md
_goals/convex-backend-runtime-2026-10-02/qa/task03b2b1/history/cycle3-final/independent/context/required-task--01-qualification.md
_goals/convex-backend-runtime-2026-10-02/qa/task03b2b1/history/cycle3-final/independent/context/required-admission.mts.text
_goals/convex-backend-runtime-2026-10-02/qa/task03b2b1/history/cycle3-final/independent/context/original-accessor.mts.text
_goals/convex-backend-runtime-2026-10-02/qa/task03b2b1/history/cycle3-final/independent/context/candidate--contracts.md
_goals/convex-backend-runtime-2026-10-02/qa/task03b2b1/history/cycle3-final/independent/context/required-task--04-model-policy.md
_goals/convex-backend-runtime-2026-10-02/qa/task03b2b1/history/cycle3-final/independent/context/history--cycle1--independent--manifest.original.json
_goals/convex-backend-runtime-2026-10-02/qa/task03b2b1/history/cycle3-final/independent/context/source--node_modules--convex--dist--esm--common--index.js.text
_goals/convex-backend-runtime-2026-10-02/qa/task03b2b1/history/cycle3-final/independent/context/history--cycle2-final--preservation-manifest.json
_goals/convex-backend-runtime-2026-10-02/qa/task03b2b1/history/cycle3-final/independent/context/source--tests--helpers--cleanup.ts.text
_goals/convex-backend-runtime-2026-10-02/qa/task03b2b1/history/cycle3-final/independent/context/required-task--10-embedding-profiles.md
_goals/convex-backend-runtime-2026-10-02/qa/task03b2b1/history/cycle3-final/independent/context/required-accessor.mts.text
_goals/convex-backend-runtime-2026-10-02/qa/task03b2b1/history/cycle3-final/independent/context/source--src--auth--verified.ts.text
_goals/convex-backend-runtime-2026-10-02/qa/task03b1-mf/history/cycle1/qa/checks/commands.json
_goals/convex-backend-runtime-2026-10-02/qa/task03b2b1/history/cycle3-final/independent/context/required-graph.mts.text
_goals/convex-backend-runtime-2026-10-02/qa/task03b2b1/history/cycle3-final/independent/context/source--tests--unit--runtimeRegistryAuth--fixture.ts.text
_goals/convex-backend-runtime-2026-10-02/qa/task03b2b1/history/cycle3-final/independent/context/required--_goals--convex-backend-runtime-2026-10-02--qa--task03a--contracts.md
_goals/convex-backend-runtime-2026-10-02/qa/task03b2b1/history/cycle3-final/independent/context/required-task--12-asset-lifecycle.md
_goals/convex-backend-runtime-2026-10-02/qa/task03b2b1/history/cycle3-final/independent/context/required--.agents--roles--pessimistic-judge.md
_goals/convex-backend-runtime-2026-10-02/qa/task03b2b1/history/cycle3-final/independent/context/source--_goals--convex-backend-runtime-2026-10-02--qa--task03b2b1--checks--baseline-diagnostic.py.text
_goals/convex-backend-runtime-2026-10-02/qa/task03b2b1/history/cycle3-final/independent/context/required--.agents--PROJECT-PROFILE.md
_goals/convex-backend-runtime-2026-10-02/qa/task03b2b1/history/cycle3-final/independent/context/original-native.mts.text
_goals/convex-backend-runtime-2026-10-02/qa/task03b2b1/history/cycle3-final/independent/context/source--tests--unit--runtimeRegistryAuth--admissionBoundary.test.ts.text
_goals/convex-backend-runtime-2026-10-02/qa/task03b2b1/history/cycle3-final/independent/context/required-task--06-additive-installation.md
_goals/convex-backend-runtime-2026-10-02/qa/task03b1-mf/history/cycle1/independent/cortex-mf-judge-probes.mts.text
_goals/convex-backend-runtime-2026-10-02/qa/task03b1-mf/history/cycle1/preservation.json
_goals/convex-backend-runtime-2026-10-02/qa/task03b2b1/history/cycle3-final/independent/core-cache/haste-map-111991a7f2874bb409a36b9a8f55c84c-652ef1741a5fb977b1e0819ce67e8035-758d8c59706db7bbcaf169ca9fa5e54d
_goals/convex-backend-runtime-2026-10-02/qa/task03b2b1/history/cycle3-final/independent/core-cache/perf-cache-111991a7f2874bb409a36b9a8f55c84c-da39a3ee5e6b4b0d3255bfef95601890
_goals/convex-backend-runtime-2026-10-02/qa/task03b1-mf/history/cycle1/source/convex-dev/facts.ts.text
_goals/convex-backend-runtime-2026-10-02/qa/task03b1-mf/history/cycle1/source/convex-dev/runtimeDataAuth.ts.text
_goals/convex-backend-runtime-2026-10-02/qa/task03b1-mf/history/cycle1/source/convex-dev/runtimeAuth.ts.text
_goals/convex-backend-runtime-2026-10-02/qa/task03b1-mf/history/cycle1/source/convex-dev/memories.ts.text
_goals/convex-backend-runtime-2026-10-02/qa/task03b1-mf/history/cycle1/source/convex-dev/schema.ts.text
_goals/convex-backend-runtime-2026-10-02/qa/task03b1-mf/history/cycle1/source/tests/unit/runtimeEndpointAuth/facts.test.ts.text
_goals/convex-backend-runtime-2026-10-02/qa/task03b1-mf/history/cycle1/source/tests/unit/runtimeEndpointAuth/memory.test.ts.text
_goals/convex-backend-runtime-2026-10-02/qa/task03b1-mf/history/cycle1/source/tests/unit/runtimeEndpointAuth/sharedfixtures.ts.text
_goals/convex-backend-runtime-2026-10-02/qa/task03b1-mf/history/cycle1/source/src/auth/verified.ts.text
_goals/convex-backend-runtime-2026-10-02/qa/task03b1-mf/tsconfig.backend.json
_goals/convex-backend-runtime-2026-10-02/qa/task03b1-mf/closure.mjs
_goals/convex-backend-runtime-2026-10-02/qa/task03b1-mf/repair-evidence.md
_goals/convex-backend-runtime-2026-10-02/qa/task03b1-mf/checks/cycle2-open-preservation-check.json
_goals/convex-backend-runtime-2026-10-02/qa/task03b1-mf/checks/third-repair-archive-integrity.json
_goals/convex-backend-runtime-2026-10-02/qa/task03b1-mf/checks/final-read-probes.mts
_goals/convex-backend-runtime-2026-10-02/qa/task03b1-mf/checks/commands.json
_goals/convex-backend-runtime-2026-10-02/qa/task03b1-mf/checks/local-history-return-regression.json
_goals/convex-backend-runtime-2026-10-02/qa/task03b1-mf/checks/source-fence-probes.mts
_goals/convex-backend-runtime-2026-10-02/qa/task03b1-mf/checks/open-final-read-probe.stdout.json
_goals/convex-backend-runtime-2026-10-02/qa/task03b1-mf/checks/historical-source-probes.mts
_goals/convex-backend-runtime-2026-10-02/qa/task03b1-mf/checks/open-final-read-probe.command.json
_goals/convex-backend-runtime-2026-10-02/qa/task03b1-mf/checks/local-history-return-regression.commands.json
_goals/convex-backend-runtime-2026-10-02/qa/task03b1-mf/checks/cycle1-preservation-check.json
_goals/convex-backend-runtime-2026-10-02/qa/task03c2-live-harness-review-1.md
_goals/convex-backend-runtime-2026-10-02/qa/execution-goal-review-2.md
_goals/convex-backend-runtime-2026-10-02/qa/task01-security/checks.md
_goals/convex-backend-runtime-2026-10-02/qa/task01-security/target.json
_goals/convex-backend-runtime-2026-10-02/qa/task01-security/contracts.md
_goals/convex-backend-runtime-2026-10-02/qa/task01-security/report.md
_goals/convex-backend-runtime-2026-10-02/qa/task01-security/evidence/live-receipts.json
_goals/convex-backend-runtime-2026-10-02/qa/task01-security/evidence/hygiene.json
_goals/convex-backend-runtime-2026-10-02/qa/task01-security/evidence/pin-comparison.json
_goals/convex-backend-runtime-2026-10-02/qa/task01-security/evidence/target-safety.json
_goals/convex-backend-runtime-2026-10-02/qa/task01-security/evidence/archive-preservation.json
_goals/convex-backend-runtime-2026-10-02/qa/task01-security/evidence/GHSA-58qx-3vcg-4xpx.json
_goals/convex-backend-runtime-2026-10-02/qa/task01-security/evidence/audit-after.json
_goals/convex-backend-runtime-2026-10-02/qa/task01-security/evidence/final-check-summary.json
_goals/convex-backend-runtime-2026-10-02/qa/task01-security/evidence/GHSA-96hv-2xvq-fx4p.json
_goals/convex-backend-runtime-2026-10-02/qa/task01-security/evidence/deploy.txt
_goals/convex-backend-runtime-2026-10-02/qa/task01-security/evidence/fixture-lint.json
_goals/convex-backend-runtime-2026-10-02/qa/task01-security/evidence/key-generator.json
_goals/convex-backend-runtime-2026-10-02/qa/task01-security/evidence/install-receipt.json
_goals/convex-backend-runtime-2026-10-02/qa/task01-security/evidence/check-commands.json
_goals/convex-backend-runtime-2026-10-02/qa/task01-security/evidence/type-only-transpile.json
_goals/convex-backend-runtime-2026-10-02/qa/task01-security/evidence/live-stdout.txt
_goals/convex-backend-runtime-2026-10-02/qa/task01-security/evidence/archive-preservation-final.json
_goals/convex-backend-runtime-2026-10-02/qa/task01-security/evidence/transport.json
_goals/convex-backend-runtime-2026-10-02/qa/task01-security/evidence/source-history/inference-before.text
_goals/convex-backend-runtime-2026-10-02/qa/task01-security/evidence/source-history/guard-before/checks.md
_goals/convex-backend-runtime-2026-10-02/qa/task01-security/evidence/source-history/guard-before/effect-secret.mjs.text
_goals/convex-backend-runtime-2026-10-02/qa/task01-security/evidence/source-history/guard-before/deploy.mjs.text
_goals/convex-backend-runtime-2026-10-02/qa/task01-security/evidence/source-history/guard-before/contracts.md
_goals/convex-backend-runtime-2026-10-02/qa/task01-security/evidence/source-history/guard-before/verify.mjs.text
_goals/convex-backend-runtime-2026-10-02/qa/task01-security/evidence/source-history/guard-before/report.md
_goals/convex-backend-runtime-2026-10-02/qa/task01-security/evidence/source-history/guard-before/gateway-check.mjs.text
_goals/convex-backend-runtime-2026-10-02/qa/task01-security/evidence/source-history/guard-before/evidence/hygiene.json
_goals/convex-backend-runtime-2026-10-02/qa/task01-security/evidence/source-history/guard-before/evidence/final-check-summary.json
_goals/convex-backend-runtime-2026-10-02/qa/task01-security/evidence/source-history/guard-before/evidence/fixture-lint.json
_goals/convex-backend-runtime-2026-10-02/qa/task01-security/evidence/source-history/guard-before/evidence/check-commands.json
_goals/convex-backend-runtime-2026-10-02/qa/task01-security/evidence/source-history/guard-before/evidence/archive-preservation-final.json
_goals/convex-backend-runtime-2026-10-02/qa/task01-security/evidence/source-history/guard-before/source-inventory.json
_goals/convex-backend-runtime-2026-10-02/qa/task01-security/evidence/source-history/guard-before/paths.mjs.text
_goals/convex-backend-runtime-2026-10-02/qa/task01-security/evidence/source-history/keys-before.mjs.text
_goals/convex-backend-runtime-2026-10-02/qa/task01-security/evidence/guard-fix/hygiene.json
_goals/convex-backend-runtime-2026-10-02/qa/task01-security/evidence/guard-fix/target-safety.json
_goals/convex-backend-runtime-2026-10-02/qa/task01-security/evidence/guard-fix/final-check-summary.json
_goals/convex-backend-runtime-2026-10-02/qa/task01-security/evidence/guard-fix/fixture-lint.json
_goals/convex-backend-runtime-2026-10-02/qa/task01-security/evidence/guard-fix/key-generator.json
_goals/convex-backend-runtime-2026-10-02/qa/task01-security/evidence/guard-fix/check-commands.json
_goals/convex-backend-runtime-2026-10-02/qa/task01-security/evidence/guard-fix/type-only-transpile.json
_goals/convex-backend-runtime-2026-10-02/qa/task01-security/evidence/guard-fix/source-preservation.json
_goals/convex-backend-runtime-2026-10-02/qa/task01-security/evidence/guard-fix/source-check-commands.json
_goals/convex-backend-runtime-2026-10-02/qa/task01-security/evidence/guard-fix/transport.json
_goals/convex-backend-runtime-2026-10-02/qa/task01-security/evidence/guard-fix/effect-ordering.json
_goals/convex-backend-runtime-2026-10-02/qa/task01-security/evidence/audit-before.json
_goals/convex-backend-runtime-2026-10-02/qa/task01-security/source-inventory.json
_goals/convex-backend-runtime-2026-10-02/qa/task01-security/target-retirement.json
_goals/convex-backend-runtime-2026-10-02/qa/task02a/contracts.md
_goals/convex-backend-runtime-2026-10-02/qa/task02a/report.md
_goals/convex-backend-runtime-2026-10-02/qa/task03b2b1/history/cycle3-final/independent/core-cache/jest-transform-cache-111991a7f2874bb409a36b9a8f55c84c-33e9a252a52783adb262261baf4dff05/17/runtimeAuth_1796cb09a1f11fe930457ddcf5ce6eea
_goals/convex-backend-runtime-2026-10-02/qa/task03b2b1/history/cycle3-final/independent/core-cache/jest-transform-cache-111991a7f2874bb409a36b9a8f55c84c-33e9a252a52783adb262261baf4dff05/17/runtimeAuth_1796cb09a1f11fe930457ddcf5ce6eea.map
_goals/convex-backend-runtime-2026-10-02/qa/task02a/evidence/type-import-graph.json
_goals/convex-backend-runtime-2026-10-02/qa/task02a/evidence/changed-source-paths.json
_goals/convex-backend-runtime-2026-10-02/qa/task02a/evidence/import-graph.json
_goals/convex-backend-runtime-2026-10-02/qa/task02a/evidence/check-commands.json
_goals/convex-backend-runtime-2026-10-02/qa/task02a/evidence/commit-formatting.json
_goals/convex-backend-runtime-2026-10-02/qa/task03c2-d/independent/raw/source-boundary.initial.cjs.text
_goals/convex-backend-runtime-2026-10-02/qa/task03c2-d/independent/raw/node-version.command.json
_goals/convex-backend-runtime-2026-10-02/qa/task03c2-d/independent/raw/commands.json
_goals/convex-backend-runtime-2026-10-02/qa/task03c2-d/independent/raw/source-boundary.command.json
_goals/convex-backend-runtime-2026-10-02/qa/task03c2-d/independent/raw/frozen-artifact-integrity.json
_goals/convex-backend-runtime-2026-10-02/qa/task03c2-d/independent/raw/outcomes.json
_goals/convex-backend-runtime-2026-10-02/qa/task03c2-d/independent/raw/outcomes.command.json
_goals/convex-backend-runtime-2026-10-02/qa/task03c2-d/independent/raw/source-boundary.json
_goals/convex-backend-runtime-2026-10-02/qa/task03c2-d/independent/raw/browser-metafile.json
_goals/convex-backend-runtime-2026-10-02/qa/task03c2-d/independent/raw/packed-contract.command.json
_goals/convex-backend-runtime-2026-10-02/qa/task03c2-d/independent/raw/discovery.command.json
_goals/convex-backend-runtime-2026-10-02/qa/task03c2-d/independent/raw/types.command.json
_goals/convex-backend-runtime-2026-10-02/qa/task03c2-d/independent/raw/lint.command.json
_goals/convex-backend-runtime-2026-10-02/qa/task03c2-d/independent/raw/executor-archive-integrity.json
_goals/convex-backend-runtime-2026-10-02/qa/task03c2-d/independent/raw/test-summary.json
_goals/convex-backend-runtime-2026-10-02/qa/task03c2-d/independent/raw/source-boundary.initial.command.json
_goals/convex-backend-runtime-2026-10-02/qa/task03c2-d/independent/raw/npm-version.command.json
_goals/convex-backend-runtime-2026-10-02/qa/task03c2-d/independent/provenance.json
_goals/convex-backend-runtime-2026-10-02/qa/task03c2-d/independent/after.json
_goals/convex-backend-runtime-2026-10-02/qa/task03c2-d/independent/copy-provenance.json
_goals/convex-backend-runtime-2026-10-02/qa/task03c2-d/independent/source-boundary.cjs.text
_goals/convex-backend-runtime-2026-10-02/qa/task03c2-d/independent/before.json
_goals/convex-backend-runtime-2026-10-02/qa/task03c2-d/independent/check.py
_goals/convex-backend-runtime-2026-10-02/qa/task03c2-d/tests.json
_goals/convex-backend-runtime-2026-10-02/qa/task03c2-d/source-freeze.json
_goals/convex-backend-runtime-2026-10-02/qa/task03c2-d/commands.json
_goals/convex-backend-runtime-2026-10-02/qa/task03c2-d/contracts.md
_goals/convex-backend-runtime-2026-10-02/qa/task03c2-d/run-checks.py
_goals/convex-backend-runtime-2026-10-02/qa/task03c2-d/report.md
_goals/convex-backend-runtime-2026-10-02/qa/task03c2-d/packed-browser-contract.mjs
_goals/convex-backend-runtime-2026-10-02/qa/task03c2-d/before.json
_goals/convex-backend-runtime-2026-10-02/qa/task03c2-d/browser-metafile.json
_goals/convex-backend-runtime-2026-10-02/qa/task03c2-d/jest.scoped.cjs
_goals/convex-backend-runtime-2026-10-02/qa/task03c2-d/snapshot-provenance.json
_goals/convex-backend-runtime-2026-10-02/qa/task03-metadata-native-errors/history/followup-cycle1-final/independent/source-context/required-context--_goals--convex-backend-runtime-2026-10-02--qa--task03a-review-3.md
_goals/convex-backend-runtime-2026-10-02/qa/task03-metadata-native-errors/history/followup-cycle1-final/independent/source-context/required-context--_goals--convex-backend-runtime-2026-10-02--qa--task03a--contracts.md
_goals/convex-backend-runtime-2026-10-02/qa/task03-metadata-native-errors/history/followup-cycle1-final/independent/source-context/required-context--_goals--convex-backend-runtime-2026-10-02--implementation-prompt.md
_goals/convex-backend-runtime-2026-10-02/qa/task03-metadata-native-errors/history/followup-cycle1-final/independent/source-context/required-context--_research--convex-ai-gateway-2026-10-02--architecture.md
_goals/convex-backend-runtime-2026-10-02/qa/task03-metadata-native-errors/history/followup-cycle1-final/independent/source-context/required-context--.agents--CODEX-RUNTIME.md
_goals/convex-backend-runtime-2026-10-02/qa/task03-metadata-native-errors/history/followup-cycle1-final/independent/source-context/convex-dev--runtimeAuthSchema.ts.text
_goals/convex-backend-runtime-2026-10-02/qa/task03-metadata-native-errors/history/followup-cycle1-final/independent/source-context/executor-changed-paths.patch
_goals/convex-backend-runtime-2026-10-02/qa/task03-metadata-native-errors/history/followup-cycle1-final/independent/source-context/required-context--.agents--skills--judge-task--SKILL.md
_goals/convex-backend-runtime-2026-10-02/qa/task03-metadata-native-errors/history/followup-cycle1-final/independent/source-context/cycle2-final-manifest-schema.json
_goals/convex-backend-runtime-2026-10-02/qa/task03-metadata-native-errors/history/followup-cycle1-final/independent/source-context/required-context--_goals--convex-backend-runtime-2026-10-02--goal.md
_goals/convex-backend-runtime-2026-10-02/qa/task03-metadata-native-errors/history/followup-cycle1-final/independent/source-context/historical-main--source-context.json
_goals/convex-backend-runtime-2026-10-02/qa/task03-metadata-native-errors/history/followup-cycle1-final/independent/source-context/executor-replay-provenance.json
_goals/convex-backend-runtime-2026-10-02/qa/task03-metadata-native-errors/history/followup-cycle1-final/independent/source-context/convex-dev--immutable.ts.text
_goals/convex-backend-runtime-2026-10-02/qa/task03-metadata-native-errors/history/followup-cycle1-final/independent/source-context/required-context--.agents--skills--feature-orchestrator--SKILL.md
_goals/convex-backend-runtime-2026-10-02/qa/task03-metadata-native-errors/history/followup-cycle1-final/independent/source-context/executor-report.md
_goals/convex-backend-runtime-2026-10-02/qa/task03-metadata-native-errors/history/followup-cycle1-final/independent/source-context/convex-dev--runtimeAuth.ts.text
_goals/convex-backend-runtime-2026-10-02/qa/task03-metadata-native-errors/history/followup-cycle1-final/independent/source-context/tests--unit--runtimeMetadataAuth--native-errors.test.ts.text
_goals/convex-backend-runtime-2026-10-02/qa/task03-metadata-native-errors/history/followup-cycle1-final/independent/source-context/required-context--.agents--roles--pessimistic-judge.md
_goals/convex-backend-runtime-2026-10-02/qa/task03-metadata-native-errors/history/followup-cycle1-final/independent/source-context/required-context--_goals--convex-backend-runtime-2026-10-02--qa--task03b2a--contracts.md
_goals/convex-backend-runtime-2026-10-02/qa/task03-metadata-native-errors/history/followup-cycle1-final/independent/source-context/required-context--_goals--convex-backend-runtime-2026-10-02--qa--task03b2a-review-1.md
_goals/convex-backend-runtime-2026-10-02/qa/task03-metadata-native-errors/history/followup-cycle1-final/independent/source-context/convex-dev--mutable.ts.text
_goals/convex-backend-runtime-2026-10-02/qa/task03-metadata-native-errors/history/followup-cycle1-final/independent/source-context/retained-failure-literal-original-metadata.receipt.json
_goals/convex-backend-runtime-2026-10-02/qa/task03-metadata-native-errors/history/followup-cycle1-final/independent/source-context/required-context--AGENTS.md
_goals/convex-backend-runtime-2026-10-02/qa/task03-metadata-native-errors/history/followup-cycle1-final/independent/source-context/executor-scope-extension.md
_goals/convex-backend-runtime-2026-10-02/qa/task03-metadata-native-errors/history/followup-cycle1-final/independent/source-context/executor-commands.json
_goals/convex-backend-runtime-2026-10-02/qa/task03-metadata-native-errors/history/followup-cycle1-final/independent/source-context/required-context--_research--convex-ai-gateway-2026-10-02--decision-gates.md
_goals/convex-backend-runtime-2026-10-02/qa/task03-metadata-native-errors/history/followup-cycle1-final/independent/source-context/tests--unit--runtimeMetadataAuth--fixture.ts.text
_goals/convex-backend-runtime-2026-10-02/qa/task03-metadata-native-errors/history/followup-cycle1-final/independent/source-context/retained-failure-root-lint.receipt.json
_goals/convex-backend-runtime-2026-10-02/qa/task03-metadata-native-errors/history/followup-cycle1-final/independent/source-context/retained-failure-native-errors-initial.receipt.json
_goals/convex-backend-runtime-2026-10-02/qa/task03-metadata-native-errors/history/followup-cycle1-final/independent/source-context/convex-dev--schema.ts.text
_goals/convex-backend-runtime-2026-10-02/qa/task03-metadata-native-errors/history/followup-cycle1-final/independent/source-context/retained-failure-npm-version.receipt.json
_goals/convex-backend-runtime-2026-10-02/qa/task03-metadata-native-errors/history/followup-cycle1-final/independent/source-context/cycle1-final-manifest-schema.json
_goals/convex-backend-runtime-2026-10-02/qa/task03-metadata-native-errors/history/followup-cycle1-final/independent/source-context/executor-historical19-provenance.json
_goals/convex-backend-runtime-2026-10-02/qa/task03-metadata-native-errors/history/followup-cycle1-final/independent/source-context/bounded-review-prompt.md
_goals/convex-backend-runtime-2026-10-02/qa/task03-metadata-native-errors/history/followup-cycle1-final/independent/source-context/tests--unit--runtimeMetadataAuth--registrations.test.ts.text
_goals/convex-backend-runtime-2026-10-02/qa/task03-metadata-native-errors/history/followup-cycle1-final/independent/source-context/executor-final-source.json
_goals/convex-backend-runtime-2026-10-02/qa/task03-metadata-native-errors/history/followup-cycle1-final/independent/source-context/required-context--_goals--convex-backend-runtime-2026-10-02--qa--task03-metadata-native-errors--report.md
_goals/convex-backend-runtime-2026-10-02/qa/task03-metadata-native-errors/history/followup-cycle1-final/independent/source-context/convex-dev--users.ts.text
_goals/convex-backend-runtime-2026-10-02/qa/task03-metadata-native-errors/history/followup-cycle1-final/independent/source-context/required-context--_goals--convex-backend-runtime-2026-10-02--qa--task03b2a-review-3.md
_goals/convex-backend-runtime-2026-10-02/qa/task03-metadata-native-errors/history/followup-cycle1-final/independent/source-context/required-context--.agents--PROJECT-PROFILE.md
_goals/convex-backend-runtime-2026-10-02/qa/task03-metadata-native-errors/history/followup-cycle1-final/independent/source-context/retained-failure-literal-original-auth.receipt.json
_goals/convex-backend-runtime-2026-10-02/qa/task03-metadata-native-errors/history/followup-cycle1-final/independent/source-context/required-context--_goals--convex-backend-runtime-2026-10-02--qa--task03b2a-review-2.md
_goals/convex-backend-runtime-2026-10-02/qa/task03-metadata-native-errors/history/followup-cycle1-final/independent/source-context/retained-failure-test-types-initial.receipt.json
_goals/convex-backend-runtime-2026-10-02/qa/task03-metadata-native-errors/history/followup-cycle1-final/independent/source-context/tests--unit--runtimeAuth--provisioning.test.ts.text
_goals/convex-backend-runtime-2026-10-02/qa/task03-metadata-native-errors/history/followup-cycle1-final/independent/source-context/convex-dev--sessions.ts.text
_goals/convex-backend-runtime-2026-10-02/qa/task03-metadata-native-errors/history/followup-cycle1-final/independent/source-context/convex-dev--tsconfig.json.text
_goals/convex-backend-runtime-2026-10-02/qa/task03-metadata-native-errors/history/followup-cycle1-final/independent/source-context/historical-main--commands.json
_goals/convex-backend-runtime-2026-10-02/qa/task03-metadata-native-errors/history/followup-cycle1-final/independent/source-context/tests--unit--runtimeMetadataAuth--handlers.test.ts.text
_goals/convex-backend-runtime-2026-10-02/qa/task03-metadata-native-errors/history/followup-cycle1-final/independent/source-context/convex-dev--runtimeMetadataAuth.ts.text
_goals/convex-backend-runtime-2026-10-02/qa/task03-metadata-native-errors/history/followup-cycle1-final/independent/source-context/retained-failure-root-build.receipt.json
_goals/convex-backend-runtime-2026-10-02/qa/task03-metadata-native-errors/history/followup-cycle1-final/independent/source-context/retained-failure-test-types-second.receipt.json
_goals/convex-backend-runtime-2026-10-02/qa/task03-metadata-native-errors/history/followup-cycle1-final/independent/source-context/required-context--_goals--convex-backend-runtime-2026-10-02--tasks--03-authorization.md
_goals/convex-backend-runtime-2026-10-02/qa/task03-metadata-native-errors/history/followup-cycle1-final/independent/baseline-runtimeAuth.raw.ts.text
_goals/convex-backend-runtime-2026-10-02/qa/task03-metadata-native-errors/history/followup-cycle1-final/independent/verify-review.py.text
_goals/convex-backend-runtime-2026-10-02/qa/task03-metadata-native-errors/history/followup-cycle1-final/independent/auth.json
_goals/convex-backend-runtime-2026-10-02/qa/task03-metadata-native-errors/history/followup-cycle1-final/independent/manifest.sha256
_goals/convex-backend-runtime-2026-10-02/qa/task03-metadata-native-errors/history/followup-cycle1-final/independent/accepted-copy-source-manifest.json
_goals/convex-backend-runtime-2026-10-02/qa/task03-metadata-native-errors/history/followup-cycle1-final/independent/framework-registration.json
_goals/convex-backend-runtime-2026-10-02/qa/task03-metadata-native-errors/history/followup-cycle1-final/independent/test-summary.json
_goals/convex-backend-runtime-2026-10-02/qa/task03-metadata-native-errors/history/followup-cycle1-final/independent/baseline-runtimeMetadataAuth.ts.text
_goals/convex-backend-runtime-2026-10-02/qa/task03-metadata-native-errors/history/followup-cycle1-final/independent/baseline-mutable.ts.text
_goals/convex-backend-runtime-2026-10-02/qa/task03-metadata-native-errors/history/followup-cycle1-final/independent/ambiguity-pruning-outcomes.json
_goals/convex-backend-runtime-2026-10-02/qa/task03-metadata-native-errors/history/followup-cycle1-final/independent/affected03A-independent-requirement-mapping.json
_goals/convex-backend-runtime-2026-10-02/qa/task03-metadata-native-errors/history/followup-cycle1-final/independent/selected.json
_goals/convex-backend-runtime-2026-10-02/qa/task03b2b1/history/cycle3-final/independent/core-cache/jest-transform-cache-111991a7f2874bb409a36b9a8f55c84c-33e9a252a52783adb262261baf4dff05/34/runtimeAuthSchema_346777acfc6badb2a3c26f5e31c939a7
_goals/convex-backend-runtime-2026-10-02/qa/task03b2b1/history/cycle3-final/independent/core-cache/jest-transform-cache-111991a7f2874bb409a36b9a8f55c84c-33e9a252a52783adb262261baf4dff05/34/runtimeAuthSchema_346777acfc6badb2a3c26f5e31c939a7.map
_goals/convex-backend-runtime-2026-10-02/qa/task03b2b1/history/cycle3-final/independent/core-cache/jest-transform-cache-111991a7f2874bb409a36b9a8f55c84c-33e9a252a52783adb262261baf4dff05/0c/log_0c33f71d9d6f2a6e49ebbb9aa3221746.map
_goals/convex-backend-runtime-2026-10-02/qa/task03b2b1/history/cycle3-final/independent/core-cache/jest-transform-cache-111991a7f2874bb409a36b9a8f55c84c-33e9a252a52783adb262261baf4dff05/0c/log_0c33f71d9d6f2a6e49ebbb9aa3221746
_goals/convex-backend-runtime-2026-10-02/qa/task03b2b1/history/cycle3-final/independent/core-cache/jest-transform-cache-111991a7f2874bb409a36b9a8f55c84c-33e9a252a52783adb262261baf4dff05/d5/index_range_builder_impl_d54c7d61ee1b3122dc260b50245db9d1
_goals/convex-backend-runtime-2026-10-02/qa/task03b2b1/history/cycle3-final/independent/core-cache/jest-transform-cache-111991a7f2874bb409a36b9a8f55c84c-33e9a252a52783adb262261baf4dff05/d5/index_range_builder_impl_d54c7d61ee1b3122dc260b50245db9d1.map
_goals/convex-backend-runtime-2026-10-02/qa/task03b2b1/history/cycle3-final/independent/core-cache/jest-transform-cache-111991a7f2874bb409a36b9a8f55c84c-33e9a252a52783adb262261baf4dff05/4d/index_4d201869e2928dd251b2cc3bd3a1502c
_goals/convex-backend-runtime-2026-10-02/qa/task03b2b1/history/cycle3-final/independent/core-cache/jest-transform-cache-111991a7f2874bb409a36b9a8f55c84c-33e9a252a52783adb262261baf4dff05/4d/index_4d201869e2928dd251b2cc3bd3a1502c.map
_goals/convex-backend-runtime-2026-10-02/qa/task03b2b1/history/cycle3-final/independent/core-cache/jest-transform-cache-111991a7f2874bb409a36b9a8f55c84c-33e9a252a52783adb262261baf4dff05/3e/compare_utf8_3e0d1c72b319431cedaa6278552feff6
_goals/convex-backend-runtime-2026-10-02/qa/task03b2b1/history/cycle3-final/independent/core-cache/jest-transform-cache-111991a7f2874bb409a36b9a8f55c84c-33e9a252a52783adb262261baf4dff05/3e/compare_utf8_3e0d1c72b319431cedaa6278552feff6.map
_goals/convex-backend-runtime-2026-10-02/qa/task03b2b1/history/cycle3-final/independent/core-cache/jest-transform-cache-111991a7f2874bb409a36b9a8f55c84c-33e9a252a52783adb262261baf4dff05/2d/inventorytest_2d270bf8110a8ca8e896140f81a428d2.map
_goals/convex-backend-runtime-2026-10-02/qa/task02a/evidence/cycle1/review.md
_goals/convex-backend-runtime-2026-10-02/qa/task03b2b1/history/cycle3-final/independent/core-cache/jest-transform-cache-111991a7f2874bb409a36b9a8f55c84c-33e9a252a52783adb262261baf4dff05/2d/inventorytest_2d270bf8110a8ca8e896140f81a428d2
_goals/convex-backend-runtime-2026-10-02/qa/task02a/evidence/cycle1/type-import-graph.json
_goals/convex-backend-runtime-2026-10-02/qa/task02a/evidence/cycle1/contracts.md
_goals/convex-backend-runtime-2026-10-02/qa/task03b2b1/history/cycle3-final/independent/core-cache/jest-transform-cache-111991a7f2874bb409a36b9a8f55c84c-33e9a252a52783adb262261baf4dff05/f5/index_f58ac7448f1e0b563be431df83963fc5
_goals/convex-backend-runtime-2026-10-02/qa/task03b2b1/history/cycle3-final/independent/core-cache/jest-transform-cache-111991a7f2874bb409a36b9a8f55c84c-33e9a252a52783adb262261baf4dff05/f5/schema_f5b6ebaddd686018c16deb0bf4d77689.map
_goals/convex-backend-runtime-2026-10-02/qa/task03b2b1/history/cycle3-final/independent/core-cache/jest-transform-cache-111991a7f2874bb409a36b9a8f55c84c-33e9a252a52783adb262261baf4dff05/f5/schema_f5b6ebaddd686018c16deb0bf4d77689
_goals/convex-backend-runtime-2026-10-02/qa/task03b2b1/history/cycle3-final/independent/core-cache/jest-transform-cache-111991a7f2874bb409a36b9a8f55c84c-33e9a252a52783adb262261baf4dff05/f5/index_f58ac7448f1e0b563be431df83963fc5.map
_goals/convex-backend-runtime-2026-10-02/qa/task02a/evidence/cycle1/report.md
_goals/convex-backend-runtime-2026-10-02/qa/task02a/evidence/cycle1/changed-source-paths.json
_goals/convex-backend-runtime-2026-10-02/qa/task03b2b1/history/cycle3-final/independent/core-cache/jest-transform-cache-111991a7f2874bb409a36b9a8f55c84c-33e9a252a52783adb262261baf4dff05/8f/meta_impl_8f7c9d06546e127255b311b867b6b95f.map
_goals/convex-backend-runtime-2026-10-02/qa/task02a/evidence/cycle1/import-graph.json
_goals/convex-backend-runtime-2026-10-02/qa/task03b2b1/history/cycle3-final/independent/core-cache/jest-transform-cache-111991a7f2874bb409a36b9a8f55c84c-33e9a252a52783adb262261baf4dff05/8f/meta_impl_8f7c9d06546e127255b311b867b6b95f
_goals/convex-backend-runtime-2026-10-02/qa/task02a/evidence/cycle1/check-commands.json
_goals/convex-backend-runtime-2026-10-02/qa/task02a/evidence/review-fix-source-paths.json
_goals/convex-backend-runtime-2026-10-02/qa/environment-current.json
_goals/convex-backend-runtime-2026-10-02/qa/execution-goal-review-1.md
_goals/convex-backend-runtime-2026-10-02/qa/task02a-review-2.md
_goals/convex-backend-runtime-2026-10-02/qa/task03b2c1-review-1.md
_goals/convex-backend-runtime-2026-10-02/qa/task03b2c1-review-3.md
_goals/convex-backend-runtime-2026-10-02/qa/task03-metadata-native-errors/history/followup-cycle1-final/candidate/qa/native-errors-initial.json
_goals/convex-backend-runtime-2026-10-02/qa/task03-metadata-native-errors/history/followup-cycle1-final/candidate/qa/inventory-callback.ts.text
_goals/convex-backend-runtime-2026-10-02/qa/task03-metadata-native-errors/history/followup-cycle1-final/candidate/qa/cleanup-controls.json
_goals/convex-backend-runtime-2026-10-02/qa/task03-metadata-native-errors/history/followup-cycle1-final/candidate/qa/replay-provenance.json
_goals/convex-backend-runtime-2026-10-02/qa/task03-metadata-native-errors/history/followup-cycle1-final/candidate/qa/boundary-probes.mjs.text
_goals/convex-backend-runtime-2026-10-02/qa/task03-metadata-native-errors/history/followup-cycle1-final/candidate/qa/timestamp-equivalence.json
_goals/convex-backend-runtime-2026-10-02/qa/task03-metadata-native-errors/history/followup-cycle1-final/candidate/qa/historical-additional-probes.mjs.text
_goals/convex-backend-runtime-2026-10-02/qa/task03-metadata-native-errors/history/followup-cycle1-final/candidate/qa/run-check.py.text
_goals/convex-backend-runtime-2026-10-02/qa/task03-metadata-native-errors/history/followup-cycle1-final/candidate/qa/tested-source.json
_goals/convex-backend-runtime-2026-10-02/qa/task03-metadata-native-errors/history/followup-cycle1-final/candidate/qa/historical-probes.mjs.text
_goals/convex-backend-runtime-2026-10-02/qa/task03-metadata-native-errors/history/followup-cycle1-final/candidate/qa/native-errors.test.ts.text
_goals/convex-backend-runtime-2026-10-02/qa/task03-metadata-native-errors/history/followup-cycle1-final/candidate/qa/original41-requirement-mapping.json
_goals/convex-backend-runtime-2026-10-02/qa/task03-metadata-native-errors/history/followup-cycle1-final/candidate/qa/extra-probes.json
_goals/convex-backend-runtime-2026-10-02/qa/task03-metadata-native-errors/history/followup-cycle1-final/candidate/qa/commands.json
_goals/convex-backend-runtime-2026-10-02/qa/task03-metadata-native-errors/history/followup-cycle1-final/candidate/qa/closure-controls.mjs.text
_goals/convex-backend-runtime-2026-10-02/qa/task03b2b1/history/cycle3-final/independent/core-cache/jest-transform-cache-111991a7f2874bb409a36b9a8f55c84c-33e9a252a52783adb262261baf4dff05/d3/filter_builder_impl_d314cf98702c6d5d9895b8d5a87819d3
_goals/convex-backend-runtime-2026-10-02/qa/task03b2b1/history/cycle3-final/independent/core-cache/jest-transform-cache-111991a7f2874bb409a36b9a8f55c84c-33e9a252a52783adb262261baf4dff05/d3/filter_builder_impl_d314cf98702c6d5d9895b8d5a87819d3.map
_goals/convex-backend-runtime-2026-10-02/qa/task03b2b1/history/cycle3-final/independent/core-cache/jest-transform-cache-111991a7f2874bb409a36b9a8f55c84c-33e9a252a52783adb262261baf4dff05/1d/logVars_1dc3dfd83b45dd8042c8d8e8b4062a60.map
_goals/convex-backend-runtime-2026-10-02/qa/task03b2b1/history/cycle3-final/independent/core-cache/jest-transform-cache-111991a7f2874bb409a36b9a8f55c84c-33e9a252a52783adb262261baf4dff05/1d/logVars_1dc3dfd83b45dd8042c8d8e8b4062a60
_goals/convex-backend-runtime-2026-10-02/qa/task03-metadata-native-errors/history/followup-cycle1-final/candidate/qa/catalog/public-path-inventory.json
_goals/convex-backend-runtime-2026-10-02/qa/task03-metadata-native-errors/history/followup-cycle1-final/candidate/qa/catalog/public-path-inventory.md
_goals/convex-backend-runtime-2026-10-02/qa/task03-metadata-native-errors/history/followup-cycle1-final/candidate/qa/literal-original-auth.json
_goals/convex-backend-runtime-2026-10-02/qa/task03-metadata-native-errors/history/followup-cycle1-final/candidate/qa/report.md
_goals/convex-backend-runtime-2026-10-02/qa/task03-metadata-native-errors/history/followup-cycle1-final/candidate/qa/preservation.json
_goals/convex-backend-runtime-2026-10-02/qa/task03-metadata-native-errors/history/followup-cycle1-final/candidate/qa/verify.py.text
_goals/convex-backend-runtime-2026-10-02/qa/task03-metadata-native-errors/history/followup-cycle1-final/candidate/qa/historical-numeric-probe.mjs.text
_goals/convex-backend-runtime-2026-10-02/qa/task03-metadata-native-errors/history/followup-cycle1-final/candidate/qa/scope-extension.md
_goals/convex-backend-runtime-2026-10-02/qa/task03-metadata-native-errors/history/followup-cycle1-final/candidate/qa/literal-original-metadata.json
_goals/convex-backend-runtime-2026-10-02/qa/task03-metadata-native-errors/history/followup-cycle1-final/candidate/qa/freeze.json
_goals/convex-backend-runtime-2026-10-02/qa/task03-metadata-native-errors/history/followup-cycle1-final/candidate/qa/finalize.py.text
_goals/convex-backend-runtime-2026-10-02/qa/task03-metadata-native-errors/history/followup-cycle1-final/candidate/qa/historical19-provenance.json
_goals/convex-backend-runtime-2026-10-02/qa/task03-metadata-native-errors/history/followup-cycle1-final/candidate/qa/historical-probe-check.mjs.text
_goals/convex-backend-runtime-2026-10-02/qa/task03-metadata-native-errors/history/followup-cycle1-final/candidate/qa/native-errors-second.json
_goals/convex-backend-runtime-2026-10-02/qa/task03-metadata-native-errors/history/followup-cycle1-final/candidate/qa/final-source.json
_goals/convex-backend-runtime-2026-10-02/qa/task03-metadata-native-errors/history/followup-cycle1-final/candidate/qa/registration.mjs.text
_goals/convex-backend-runtime-2026-10-02/qa/task03b2b1/history/cycle3-final/independent/core-cache/jest-transform-cache-111991a7f2874bb409a36b9a8f55c84c-33e9a252a52783adb262261baf4dff05/a5/server_a52d7e385417359f9efded8c873acbc4
_goals/convex-backend-runtime-2026-10-02/qa/task03b2b1/history/cycle3-final/independent/core-cache/jest-transform-cache-111991a7f2874bb409a36b9a8f55c84c-33e9a252a52783adb262261baf4dff05/a5/server_a52d7e385417359f9efded8c873acbc4.map
_goals/convex-backend-runtime-2026-10-02/qa/task03b2b1/history/cycle3-final/independent/core-cache/jest-transform-cache-111991a7f2874bb409a36b9a8f55c84c-33e9a252a52783adb262261baf4dff05/96/errors_96677c464edb8eb7efac1316902bf9da.map
_goals/convex-backend-runtime-2026-10-02/qa/task03b2b1/history/cycle3-final/independent/core-cache/jest-transform-cache-111991a7f2874bb409a36b9a8f55c84c-33e9a252a52783adb262261baf4dff05/96/errors_96677c464edb8eb7efac1316902bf9da
_goals/convex-backend-runtime-2026-10-02/qa/task03b2b1/history/cycle3-final/independent/core-cache/jest-transform-cache-111991a7f2874bb409a36b9a8f55c84c-33e9a252a52783adb262261baf4dff05/f7/storage_f7cc14e38286930214c5790f81620831
_goals/convex-backend-runtime-2026-10-02/qa/task03b2b1/history/cycle3-final/independent/core-cache/jest-transform-cache-111991a7f2874bb409a36b9a8f55c84c-33e9a252a52783adb262261baf4dff05/f7/storage_f7cc14e38286930214c5790f81620831.map
_goals/convex-backend-runtime-2026-10-02/qa/task03b2b1/history/cycle3-final/independent/core-cache/jest-transform-cache-111991a7f2874bb409a36b9a8f55c84c-33e9a252a52783adb262261baf4dff05/dc/search_filter_builder_impl_dc4d4bde51e9f16133ebf80f0c8e689b
_goals/convex-backend-runtime-2026-10-02/qa/task03b2b1/history/cycle3-final/independent/core-cache/jest-transform-cache-111991a7f2874bb409a36b9a8f55c84c-33e9a252a52783adb262261baf4dff05/dc/search_filter_builder_impl_dc4d4bde51e9f16133ebf80f0c8e689b.map
_goals/convex-backend-runtime-2026-10-02/qa/task03b2b1/history/cycle3-final/independent/core-cache/jest-transform-cache-111991a7f2874bb409a36b9a8f55c84c-33e9a252a52783adb262261baf4dff05/d4/index_d478f44e546727a5fe8d22fc1b593b78.map
_goals/convex-backend-runtime-2026-10-02/qa/task03-metadata-native-errors/history/followup-cycle1-final/candidate/qa/original-source/tests/unit/runtimeAuth/provisioning.test.ts.text
_goals/convex-backend-runtime-2026-10-02/qa/task03b2b1/history/cycle3-final/independent/core-cache/jest-transform-cache-111991a7f2874bb409a36b9a8f55c84c-33e9a252a52783adb262261baf4dff05/d4/index_d478f44e546727a5fe8d22fc1b593b78
_goals/convex-backend-runtime-2026-10-02/qa/task03b2b1/history/cycle3-final/independent/core-cache/jest-transform-cache-111991a7f2874bb409a36b9a8f55c84c-33e9a252a52783adb262261baf4dff05/1e/base64_1e3af3aff72ae945ff27702ab5fa5c06.map
_goals/convex-backend-runtime-2026-10-02/qa/task03b2b1/history/cycle3-final/independent/core-cache/jest-transform-cache-111991a7f2874bb409a36b9a8f55c84c-33e9a252a52783adb262261baf4dff05/1e/base64_1e3af3aff72ae945ff27702ab5fa5c06
_goals/convex-backend-runtime-2026-10-02/qa/task03-metadata-native-errors/history/followup-cycle1-final/candidate/qa/original-source/tests/unit/runtimeMetadataAuth/handlers.test.ts.text
_goals/convex-backend-runtime-2026-10-02/qa/task03-metadata-native-errors/history/followup-cycle1-final/candidate/qa/boundary-probes.json
_goals/convex-backend-runtime-2026-10-02/qa/task03-metadata-native-errors/history/followup-cycle1-final/candidate/qa/credentials-outcomes.json
_goals/convex-backend-runtime-2026-10-02/qa/task03-metadata-native-errors/history/followup-cycle1-final/candidate/qa/changed-paths.patch
_goals/convex-backend-runtime-2026-10-02/qa/task03-metadata-native-errors/history/followup-cycle1-final/candidate/qa/framework-registration.json
_goals/convex-backend-runtime-2026-10-02/qa/task03-metadata-native-errors/history/followup-cycle1-final/candidate/qa/baseline-hashes.json
_goals/convex-backend-runtime-2026-10-02/qa/task03-metadata-native-errors/history/followup-cycle1-final/candidate/qa/test-summary.json
_goals/convex-backend-runtime-2026-10-02/qa/task03-metadata-native-errors/history/followup-cycle1-final/candidate/qa/extra-probes.mjs.text
_goals/convex-backend-runtime-2026-10-02/qa/task03-metadata-native-errors/history/followup-cycle1-final/candidate/qa/final-selected-outcomes.json
_goals/convex-backend-runtime-2026-10-02/qa/task03-metadata-native-errors/history/followup-cycle1-final/candidate/qa/tsconfig.tests.json
_goals/convex-backend-runtime-2026-10-02/qa/task03-metadata-native-errors/history/followup-cycle1-final/candidate/qa/selected-outcomes.json
_goals/convex-backend-runtime-2026-10-02/qa/task03b2b1/history/cycle3-final/independent/core-cache/jest-transform-cache-111991a7f2874bb409a36b9a8f55c84c-33e9a252a52783adb262261baf4dff05/f9/api_f9bb220a1f854f0b199b188c37d9a995
_goals/convex-backend-runtime-2026-10-02/qa/task03b2b1/history/cycle3-final/independent/core-cache/jest-transform-cache-111991a7f2874bb409a36b9a8f55c84c-33e9a252a52783adb262261baf4dff05/f9/api_f9bb220a1f854f0b199b188c37d9a995.map
_goals/convex-backend-runtime-2026-10-02/qa/task03b2b1/history/cycle3-final/independent/core-cache/jest-transform-cache-111991a7f2874bb409a36b9a8f55c84c-33e9a252a52783adb262261baf4dff05/f2/index_f268ac30f816a8f7f67a3009d0e86983.map
_goals/convex-backend-runtime-2026-10-02/qa/task03b2b1/history/cycle3-final/independent/core-cache/jest-transform-cache-111991a7f2874bb409a36b9a8f55c84c-33e9a252a52783adb262261baf4dff05/f2/index_f268ac30f816a8f7f67a3009d0e86983
_goals/convex-backend-runtime-2026-10-02/qa/task03b2b1/history/cycle3-final/independent/core-cache/jest-transform-cache-111991a7f2874bb409a36b9a8f55c84c-33e9a252a52783adb262261baf4dff05/6b/database_6b904a208fad7e43c01c6be553f949e1
_goals/convex-backend-runtime-2026-10-02/qa/task03b2b1/history/cycle3-final/independent/core-cache/jest-transform-cache-111991a7f2874bb409a36b9a8f55c84c-33e9a252a52783adb262261baf4dff05/6b/database_6b904a208fad7e43c01c6be553f949e1.map
_goals/convex-backend-runtime-2026-10-02/qa/task03b2b1/history/cycle3-final/independent/core-cache/jest-transform-cache-111991a7f2874bb409a36b9a8f55c84c-33e9a252a52783adb262261baf4dff05/6c/scheduler_impl_6cc09eba82519172cf3067fa907a156e
_goals/convex-backend-runtime-2026-10-02/qa/task03b2b1/history/cycle3-final/independent/core-cache/jest-transform-cache-111991a7f2874bb409a36b9a8f55c84c-33e9a252a52783adb262261baf4dff05/6c/scheduler_impl_6cc09eba82519172cf3067fa907a156e.map
_goals/convex-backend-runtime-2026-10-02/qa/task03b2b1/history/cycle3-final/independent/core-cache/jest-transform-cache-111991a7f2874bb409a36b9a8f55c84c-33e9a252a52783adb262261baf4dff05/93/authoritytest_931374fdea9dc7331affed2015313a58
_goals/convex-backend-runtime-2026-10-02/qa/task03b2b1/history/cycle3-final/independent/core-cache/jest-transform-cache-111991a7f2874bb409a36b9a8f55c84c-33e9a252a52783adb262261baf4dff05/93/authoritytest_931374fdea9dc7331affed2015313a58.map
_goals/convex-backend-runtime-2026-10-02/qa/task03b2b1/history/cycle3-final/independent/independent-read-matrix.mts.text
_goals/convex-backend-runtime-2026-10-02/qa/task03b2b1/history/cycle3-final/independent/core-cache/jest-transform-cache-111991a7f2874bb409a36b9a8f55c84c-33e9a252a52783adb262261baf4dff05/82/database_impl_829943622ac146a34154f8531377d5a1
_goals/convex-backend-runtime-2026-10-02/qa/task03b2b1/history/cycle3-final/independent/tsconfig.core.json
_goals/convex-backend-runtime-2026-10-02/qa/task03b2b1/history/cycle3-final/independent/core-cache/jest-transform-cache-111991a7f2874bb409a36b9a8f55c84c-33e9a252a52783adb262261baf4dff05/82/database_impl_829943622ac146a34154f8531377d5a1.map
_goals/convex-backend-runtime-2026-10-02/qa/task03b2b1/history/cycle3-final/independent/identity-required-outcomes.mts.text
_goals/convex-backend-runtime-2026-10-02/qa/task03b2b1/history/cycle3-final/independent/core-cache/jest-transform-cache-111991a7f2874bb409a36b9a8f55c84c-33e9a252a52783adb262261baf4dff05/6f/index_6f89edec91c8a0a92b32c70602433e76
_goals/convex-backend-runtime-2026-10-02/qa/task03b2b1/history/cycle3-final/independent/core-cache/jest-transform-cache-111991a7f2874bb409a36b9a8f55c84c-33e9a252a52783adb262261baf4dff05/6f/index_6f89edec91c8a0a92b32c70602433e76.map
_goals/convex-backend-runtime-2026-10-02/qa/task03b2b1/history/cycle3-final/independent/jest-cache/haste-map-ae93b4afe3d2e076d6af13ddb5d25831-652ef1741a5fb977b1e0819ce67e8035-0e184d394f3aa6f3bfd23bf8dc1efc35
_goals/convex-backend-runtime-2026-10-02/qa/task03b2b1/history/cycle3-final/independent/core-cache/jest-transform-cache-111991a7f2874bb409a36b9a8f55c84c-33e9a252a52783adb262261baf4dff05/15/router_15a65c33924ed9f43ccbbb3b17cae670.map
_goals/convex-backend-runtime-2026-10-02/qa/task03b2b1/history/cycle3-final/independent/core-cache/jest-transform-cache-111991a7f2874bb409a36b9a8f55c84c-33e9a252a52783adb262261baf4dff05/15/router_15a65c33924ed9f43ccbbb3b17cae670
_goals/convex-backend-runtime-2026-10-02/qa/task03b2b1/history/cycle3-final/independent/core-cache/jest-transform-cache-111991a7f2874bb409a36b9a8f55c84c-33e9a252a52783adb262261baf4dff05/55/vector_search_558ffef900a2cd5e57da30fab7381719.map
_goals/convex-backend-runtime-2026-10-02/qa/task03b2b1/history/cycle3-final/independent/core-cache/jest-transform-cache-111991a7f2874bb409a36b9a8f55c84c-33e9a252a52783adb262261baf4dff05/55/vector_search_558ffef900a2cd5e57da30fab7381719
_goals/convex-backend-runtime-2026-10-02/qa/task03b2b1/history/cycle3-final/independent/core-cache/jest-transform-cache-111991a7f2874bb409a36b9a8f55c84c-33e9a252a52783adb262261baf4dff05/77/size_77812cec8aaffd988040239599c94a4c.map
_goals/convex-backend-runtime-2026-10-02/qa/task03b2b1/history/cycle3-final/independent/core-cache/jest-transform-cache-111991a7f2874bb409a36b9a8f55c84c-33e9a252a52783adb262261baf4dff05/77/size_77812cec8aaffd988040239599c94a4c
_goals/convex-backend-runtime-2026-10-02/qa/task03b2b1/history/cycle3-final/independent/core-cache/jest-transform-cache-111991a7f2874bb409a36b9a8f55c84c-33e9a252a52783adb262261baf4dff05/9b/authentication_impl_9b61c797c90ad6604a56038dc94ef63e
_goals/convex-backend-runtime-2026-10-02/qa/task03b2b1/history/cycle3-final/independent/core-cache/jest-transform-cache-111991a7f2874bb409a36b9a8f55c84c-33e9a252a52783adb262261baf4dff05/9b/authentication_impl_9b61c797c90ad6604a56038dc94ef63e.map
_goals/convex-backend-runtime-2026-10-02/qa/task03b2b1/history/cycle3-final/independent/core-cache/jest-transform-cache-111991a7f2874bb409a36b9a8f55c84c-33e9a252a52783adb262261baf4dff05/08/index_range_builder_08256dca65b853914801c06974ac56ce
_goals/convex-backend-runtime-2026-10-02/qa/task03b2b1/history/cycle3-final/independent/core-cache/jest-transform-cache-111991a7f2874bb409a36b9a8f55c84c-33e9a252a52783adb262261baf4dff05/08/index_range_builder_08256dca65b853914801c06974ac56ce.map
_goals/convex-backend-runtime-2026-10-02/qa/task03b2b1/history/cycle3-final/independent/core-cache/jest-transform-cache-111991a7f2874bb409a36b9a8f55c84c-33e9a252a52783adb262261baf4dff05/b4/registration_impl_b4327cd7ca51f4f1552d975c6541bf8f.map
_goals/convex-backend-runtime-2026-10-02/qa/task03b2b1/history/cycle3-final/independent/core-cache/jest-transform-cache-111991a7f2874bb409a36b9a8f55c84c-33e9a252a52783adb262261baf4dff05/b4/registration_impl_b4327cd7ca51f4f1552d975c6541bf8f
_goals/convex-backend-runtime-2026-10-02/qa/task03-metadata-native-errors/history/followup-cycle1-final/candidate/qa/checks/selected-outcomes.receipt.json
_goals/convex-backend-runtime-2026-10-02/qa/task03-metadata-native-errors/history/followup-cycle1-final/candidate/qa/checks/native-registration.receipt.json
_goals/convex-backend-runtime-2026-10-02/qa/task03-metadata-native-errors/history/followup-cycle1-final/candidate/qa/checks/literal-original-metadata.receipt.json
_goals/convex-backend-runtime-2026-10-02/qa/task03-metadata-native-errors/history/followup-cycle1-final/candidate/qa/checks/test-types-second.receipt.json
_goals/convex-backend-runtime-2026-10-02/qa/task03-metadata-native-errors/history/followup-cycle1-final/candidate/qa/checks/closure-replay.receipt.json
_goals/convex-backend-runtime-2026-10-02/qa/task03-metadata-native-errors/history/followup-cycle1-final/candidate/qa/checks/root-build.receipt.json
_goals/convex-backend-runtime-2026-10-02/qa/task03-metadata-native-errors/history/followup-cycle1-final/candidate/qa/checks/actual-backend-types.receipt.json
_goals/convex-backend-runtime-2026-10-02/qa/task03-metadata-native-errors/history/followup-cycle1-final/candidate/qa/checks/full-root-types.receipt.json
_goals/convex-backend-runtime-2026-10-02/qa/task03-metadata-native-errors/history/followup-cycle1-final/candidate/qa/checks/historical-observations-additional.receipt.json
_goals/convex-backend-runtime-2026-10-02/qa/task03-metadata-native-errors/history/followup-cycle1-final/candidate/qa/checks/node-version.receipt.json
_goals/convex-backend-runtime-2026-10-02/qa/task03-metadata-native-errors/history/followup-cycle1-final/candidate/qa/checks/root-lint.receipt.json
_goals/convex-backend-runtime-2026-10-02/qa/task03-metadata-native-errors/history/followup-cycle1-final/candidate/qa/checks/boundary-replay.receipt.json
_goals/convex-backend-runtime-2026-10-02/qa/task03-metadata-native-errors/history/followup-cycle1-final/candidate/qa/checks/root-lint-final.receipt.json
_goals/convex-backend-runtime-2026-10-02/qa/task03-metadata-native-errors/history/followup-cycle1-final/candidate/qa/checks/scoped-types-final.receipt.json
_goals/convex-backend-runtime-2026-10-02/qa/task03-metadata-native-errors/history/followup-cycle1-final/candidate/qa/checks/npm-version-final.receipt.json
_goals/convex-backend-runtime-2026-10-02/qa/task03-metadata-native-errors/history/followup-cycle1-final/candidate/qa/checks/packed-contracts.receipt.json
_goals/convex-backend-runtime-2026-10-02/qa/task03-metadata-native-errors/history/followup-cycle1-final/candidate/qa/checks/credentials-outcomes.receipt.json
_goals/convex-backend-runtime-2026-10-02/qa/task03-metadata-native-errors/history/followup-cycle1-final/candidate/qa/checks/diff-check.receipt.json
_goals/convex-backend-runtime-2026-10-02/qa/task03-metadata-native-errors/history/followup-cycle1-final/candidate/qa/checks/scoped-lint-final.receipt.json
_goals/convex-backend-runtime-2026-10-02/qa/task03-metadata-native-errors/history/followup-cycle1-final/candidate/qa/checks/historical-observations-numeric.receipt.json
_goals/convex-backend-runtime-2026-10-02/qa/task03-metadata-native-errors/history/followup-cycle1-final/candidate/qa/checks/npm-version.receipt.json
_goals/convex-backend-runtime-2026-10-02/qa/task03-metadata-native-errors/history/followup-cycle1-final/candidate/qa/checks/native-errors-second.receipt.json
_goals/convex-backend-runtime-2026-10-02/qa/task03-metadata-native-errors/history/followup-cycle1-final/candidate/qa/checks/scoped-lint.receipt.json
_goals/convex-backend-runtime-2026-10-02/qa/task03-metadata-native-errors/history/followup-cycle1-final/candidate/qa/checks/literal-original-auth.receipt.json
_goals/convex-backend-runtime-2026-10-02/qa/task03-metadata-native-errors/history/followup-cycle1-final/candidate/qa/checks/extra-replay.receipt.json
_goals/convex-backend-runtime-2026-10-02/qa/task03-metadata-native-errors/history/followup-cycle1-final/candidate/qa/checks/historical19-check.receipt.json
_goals/convex-backend-runtime-2026-10-02/qa/task03-metadata-native-errors/history/followup-cycle1-final/candidate/qa/checks/ast-inventory.receipt.json
_goals/convex-backend-runtime-2026-10-02/qa/task03-metadata-native-errors/history/followup-cycle1-final/candidate/qa/checks/final-verification.receipt.json
_goals/convex-backend-runtime-2026-10-02/qa/task03-metadata-native-errors/history/followup-cycle1-final/candidate/qa/checks/native-errors-initial.receipt.json
_goals/convex-backend-runtime-2026-10-02/qa/task03-metadata-native-errors/history/followup-cycle1-final/candidate/qa/checks/final-selected-outcomes.receipt.json
_goals/convex-backend-runtime-2026-10-02/qa/task03-metadata-native-errors/history/followup-cycle1-final/candidate/qa/checks/discovery.receipt.json
_goals/convex-backend-runtime-2026-10-02/qa/task03-metadata-native-errors/history/followup-cycle1-final/candidate/qa/checks/test-types-initial.receipt.json
_goals/convex-backend-runtime-2026-10-02/qa/task03-metadata-native-errors/history/followup-cycle1-final/candidate/qa/checks/historical-observations-ordinary.receipt.json
_goals/convex-backend-runtime-2026-10-02/qa/task03-metadata-native-errors/history/followup-cycle1-final/candidate/qa/checks/full-root-types-final.receipt.json
_goals/convex-backend-runtime-2026-10-02/qa/task03-metadata-native-errors/history/followup-cycle1-final/candidate/qa/checks/scoped-types.receipt.json
_goals/convex-backend-runtime-2026-10-02/qa/task03-metadata-native-errors/history/followup-cycle1-final/candidate/qa/checks/root-build-final.receipt.json
_goals/convex-backend-runtime-2026-10-02/qa/task03b2b1/history/cycle3-final/independent/core-cache/jest-transform-cache-111991a7f2874bb409a36b9a8f55c84c-33e9a252a52783adb262261baf4dff05/9e/search_filter_builder_9e7c4436a313e785cd37bf9ff615c653
_goals/convex-backend-runtime-2026-10-02/qa/task03b2b1/history/cycle3-final/independent/core-cache/jest-transform-cache-111991a7f2874bb409a36b9a8f55c84c-33e9a252a52783adb262261baf4dff05/9e/search_filter_builder_9e7c4436a313e785cd37bf9ff615c653.map
_goals/convex-backend-runtime-2026-10-02/qa/task03b2b1/history/cycle3-final/independent/core-cache/jest-transform-cache-111991a7f2874bb409a36b9a8f55c84c-33e9a252a52783adb262261baf4dff05/9e/pagination_9ef296a286024554953040b626d0afb7
_goals/convex-backend-runtime-2026-10-02/qa/task03b2b1/history/cycle3-final/independent/core-cache/jest-transform-cache-111991a7f2874bb409a36b9a8f55c84c-33e9a252a52783adb262261baf4dff05/9e/pagination_9ef296a286024554953040b626d0afb7.map
_goals/convex-backend-runtime-2026-10-02/qa/task03b2b1/history/cycle3-final/independent/core-cache/jest-transform-cache-111991a7f2874bb409a36b9a8f55c84c-33e9a252a52783adb262261baf4dff05/4a/provisioningtest_4ad7c33cfd75b83140c7810023a0f0e7
_goals/convex-backend-runtime-2026-10-02/qa/task03b2b1/history/cycle3-final/independent/core-cache/jest-transform-cache-111991a7f2874bb409a36b9a8f55c84c-33e9a252a52783adb262261baf4dff05/4a/provisioningtest_4ad7c33cfd75b83140c7810023a0f0e7.map
_goals/convex-backend-runtime-2026-10-02/qa/task03b2b1/history/cycle3-final/independent/core-cache/jest-transform-cache-111991a7f2874bb409a36b9a8f55c84c-33e9a252a52783adb262261baf4dff05/c5/actions_impl_c5117b439a3e713be9214b6e6fa6084e.map
_goals/convex-backend-runtime-2026-10-02/qa/task03b2b1/history/cycle3-final/independent/core-cache/jest-transform-cache-111991a7f2874bb409a36b9a8f55c84c-33e9a252a52783adb262261baf4dff05/c5/actions_impl_c5117b439a3e713be9214b6e6fa6084e
_goals/convex-backend-runtime-2026-10-02/qa/task03-metadata-native-errors/history/followup-cycle1-final/candidate/source/convex-dev/runtimeMetadataAuth.ts.text
_goals/convex-backend-runtime-2026-10-02/qa/task03-metadata-native-errors/history/followup-cycle1-final/candidate/source/convex-dev/runtimeAuth.ts.text
_goals/convex-backend-runtime-2026-10-02/qa/task03b2b1/history/cycle3-final/independent/core-cache/jest-transform-cache-111991a7f2874bb409a36b9a8f55c84c-33e9a252a52783adb262261baf4dff05/c3/filter_builder_c37e66a8e7fd3082035529a55210a3b3.map
_goals/convex-backend-runtime-2026-10-02/qa/task03b2b1/history/cycle3-final/independent/core-cache/jest-transform-cache-111991a7f2874bb409a36b9a8f55c84c-33e9a252a52783adb262261baf4dff05/c3/filter_builder_c37e66a8e7fd3082035529a55210a3b3
_goals/convex-backend-runtime-2026-10-02/qa/task03b2b1/history/cycle3-final/independent/core-cache/jest-transform-cache-111991a7f2874bb409a36b9a8f55c84c-33e9a252a52783adb262261baf4dff05/3f/validators_3f34a1909031b8b9065704f86e227c6b
_goals/convex-backend-runtime-2026-10-02/qa/task03b2b1/history/cycle3-final/independent/core-cache/jest-transform-cache-111991a7f2874bb409a36b9a8f55c84c-33e9a252a52783adb262261baf4dff05/3f/validators_3f34a1909031b8b9065704f86e227c6b.map
_goals/convex-backend-runtime-2026-10-02/qa/task03b2b1/history/cycle3-final/independent/jest-cache/jest-transform-cache-ae93b4afe3d2e076d6af13ddb5d25831-33e9a252a52783adb262261baf4dff05/b0/admissionBoundarytest_b06fd7b18d76ad0453f2f9720ccfb5f1
_goals/convex-backend-runtime-2026-10-02/qa/task03b2b1/history/cycle3-final/independent/jest-cache/jest-transform-cache-ae93b4afe3d2e076d6af13ddb5d25831-33e9a252a52783adb262261baf4dff05/b0/admissionBoundarytest_b06fd7b18d76ad0453f2f9720ccfb5f1.map
_goals/convex-backend-runtime-2026-10-02/qa/task03b2b1/history/cycle3-final/independent/core-cache/jest-transform-cache-111991a7f2874bb409a36b9a8f55c84c-33e9a252a52783adb262261baf4dff05/75/compare_758bec5e3e2f9c4cadf76edd47281b87
_goals/convex-backend-runtime-2026-10-02/qa/task03b2b1/history/cycle3-final/independent/core-cache/jest-transform-cache-111991a7f2874bb409a36b9a8f55c84c-33e9a252a52783adb262261baf4dff05/75/compare_758bec5e3e2f9c4cadf76edd47281b87.map
_goals/convex-backend-runtime-2026-10-02/qa/task03-metadata-native-errors/history/followup-cycle1-final/candidate/source/tests/unit/runtimeAuth/provisioning.test.ts.text
_goals/convex-backend-runtime-2026-10-02/qa/task03b2b1/history/cycle3-final/independent/jest-cache/jest-transform-cache-ae93b4afe3d2e076d6af13ddb5d25831-33e9a252a52783adb262261baf4dff05/e7/log_e71790e7c4485936392545085a3a413c
_goals/convex-backend-runtime-2026-10-02/qa/task03b2b1/history/cycle3-final/independent/jest-cache/jest-transform-cache-ae93b4afe3d2e076d6af13ddb5d25831-33e9a252a52783adb262261baf4dff05/e7/log_e71790e7c4485936392545085a3a413c.map
_goals/convex-backend-runtime-2026-10-02/qa/task03-metadata-native-errors/history/followup-cycle1-final/candidate/source/tests/unit/runtimeMetadataAuth/native-errors.test.ts.text
_goals/convex-backend-runtime-2026-10-02/qa/task03-metadata-native-errors/history/followup-cycle1-final/candidate/source/tests/unit/runtimeMetadataAuth/handlers.test.ts.text
_goals/convex-backend-runtime-2026-10-02/qa/task03-metadata-native-errors/history/followup-cycle1-final/preservation-manifest.json
_goals/convex-backend-runtime-2026-10-02/qa/task03-metadata-native-errors/followup-review-1.md
_goals/convex-backend-runtime-2026-10-02/qa/task03b2b1/history/cycle3-final/independent/core-cache/jest-transform-cache-111991a7f2874bb409a36b9a8f55c84c-33e9a252a52783adb262261baf4dff05/8a/audit_logging_8a08a6cdbd9c7476bb8f3c6f427e83ba
_goals/convex-backend-runtime-2026-10-02/qa/task03b2b1/history/cycle3-final/independent/core-cache/jest-transform-cache-111991a7f2874bb409a36b9a8f55c84c-33e9a252a52783adb262261baf4dff05/8a/audit_logging_8a08a6cdbd9c7476bb8f3c6f427e83ba.map
_goals/convex-backend-runtime-2026-10-02/qa/task03b2b1/history/cycle3-final/independent/jest-cache/jest-transform-cache-ae93b4afe3d2e076d6af13ddb5d25831-33e9a252a52783adb262261baf4dff05/d5/database_d569d17e300ec7b5a98f393198e63236
_goals/convex-backend-runtime-2026-10-02/qa/task03b2b1/history/cycle3-final/independent/jest-cache/jest-transform-cache-ae93b4afe3d2e076d6af13ddb5d25831-33e9a252a52783adb262261baf4dff05/d5/database_d569d17e300ec7b5a98f393198e63236.map
_goals/convex-backend-runtime-2026-10-02/qa/task03b2b1/history/cycle3-final/independent/jest-cache/jest-transform-cache-ae93b4afe3d2e076d6af13ddb5d25831-33e9a252a52783adb262261baf4dff05/53/runtimeMemorySchema_53edba197a1b489492ca89b0da1d56c0.map
_goals/convex-backend-runtime-2026-10-02/qa/task03-metadata-native-errors/main-integration-cycle2/summary.json
_goals/convex-backend-runtime-2026-10-02/qa/task03b2b1/history/cycle3-final/independent/jest-cache/jest-transform-cache-ae93b4afe3d2e076d6af13ddb5d25831-33e9a252a52783adb262261baf4dff05/53/runtimeMemorySchema_53edba197a1b489492ca89b0da1d56c0
_goals/convex-backend-runtime-2026-10-02/qa/task03-metadata-native-errors/main-integration-cycle2/commands.json
_goals/convex-backend-runtime-2026-10-02/qa/task03-metadata-native-errors/main-integration-cycle2/accepted-dependency-refresh.json
_goals/convex-backend-runtime-2026-10-02/qa/task03-metadata-native-errors/main-integration-cycle2/outcomes.json
_goals/convex-backend-runtime-2026-10-02/qa/task03-metadata-native-errors/main-integration-cycle2/source-context.json
_goals/convex-backend-runtime-2026-10-02/qa/task03b2b1/history/cycle3-final/independent/jest-cache/jest-transform-cache-ae93b4afe3d2e076d6af13ddb5d25831-33e9a252a52783adb262261baf4dff05/a1/controlAmbiguitytest_a1016b095b9002a8d4e2a15bb16cd10f.map
_goals/convex-backend-runtime-2026-10-02/qa/task03b2b1/history/cycle3-final/independent/jest-cache/jest-transform-cache-ae93b4afe3d2e076d6af13ddb5d25831-33e9a252a52783adb262261baf4dff05/a1/controlAmbiguitytest_a1016b095b9002a8d4e2a15bb16cd10f
_goals/convex-backend-runtime-2026-10-02/qa/task03b2b1/history/cycle3-final/independent/jest-cache/jest-transform-cache-ae93b4afe3d2e076d6af13ddb5d25831-33e9a252a52783adb262261baf4dff05/de/router_dee09c9bca09366a4f3fad4e98c967c9
_goals/convex-backend-runtime-2026-10-02/qa/task03b2b1/history/cycle3-final/independent/jest-cache/jest-transform-cache-ae93b4afe3d2e076d6af13ddb5d25831-33e9a252a52783adb262261baf4dff05/de/index_range_builder_de3b7964a1ced1af1d353cf71a061a85.map
_goals/convex-backend-runtime-2026-10-02/qa/task03b2b1/history/cycle3-final/independent/jest-cache/jest-transform-cache-ae93b4afe3d2e076d6af13ddb5d25831-33e9a252a52783adb262261baf4dff05/de/router_dee09c9bca09366a4f3fad4e98c967c9.map
_goals/convex-backend-runtime-2026-10-02/qa/task03b2b1/history/cycle3-final/independent/jest-cache/jest-transform-cache-ae93b4afe3d2e076d6af13ddb5d25831-33e9a252a52783adb262261baf4dff05/de/index_range_builder_de3b7964a1ced1af1d353cf71a061a85
_goals/convex-backend-runtime-2026-10-02/qa/task03b2b1/history/cycle3-final/independent/jest-cache/jest-transform-cache-ae93b4afe3d2e076d6af13ddb5d25831-33e9a252a52783adb262261baf4dff05/b7/vector_search_b735e9f63fd0c5cf9893dae432405671.map
_goals/convex-backend-runtime-2026-10-02/qa/task03b2b1/history/cycle3-final/independent/jest-cache/jest-transform-cache-ae93b4afe3d2e076d6af13ddb5d25831-33e9a252a52783adb262261baf4dff05/b7/vector_search_b735e9f63fd0c5cf9893dae432405671
_goals/convex-backend-runtime-2026-10-02/qa/task03b2b1/history/cycle3-final/independent/jest-cache/jest-transform-cache-ae93b4afe3d2e076d6af13ddb5d25831-33e9a252a52783adb262261baf4dff05/4c/index_range_builder_impl_4cb2b8e8b398e64c88f20a9c7ec065c1
_goals/convex-backend-runtime-2026-10-02/qa/task03b2b1/history/cycle3-final/independent/jest-cache/jest-transform-cache-ae93b4afe3d2e076d6af13ddb5d25831-33e9a252a52783adb262261baf4dff05/4c/index_range_builder_impl_4cb2b8e8b398e64c88f20a9c7ec065c1.map
_goals/convex-backend-runtime-2026-10-02/qa/task03b2b1/history/cycle3-final/independent/jest-cache/jest-transform-cache-ae93b4afe3d2e076d6af13ddb5d25831-33e9a252a52783adb262261baf4dff05/f1/catalogtest_f1ef728cb97cea05ed182ba603cc89b7
_goals/convex-backend-runtime-2026-10-02/qa/task03b2b1/history/cycle3-final/independent/jest-cache/jest-transform-cache-ae93b4afe3d2e076d6af13ddb5d25831-33e9a252a52783adb262261baf4dff05/f1/catalogtest_f1ef728cb97cea05ed182ba603cc89b7.map
_goals/convex-backend-runtime-2026-10-02/qa/task03b2b1/history/cycle3-final/independent/jest-cache/jest-transform-cache-ae93b4afe3d2e076d6af13ddb5d25831-33e9a252a52783adb262261baf4dff05/d3/index_d3f6a1f35b085ff2d7615388eb7a0d35.map
_goals/convex-backend-runtime-2026-10-02/qa/task03b2b1/history/cycle3-final/independent/jest-cache/jest-transform-cache-ae93b4afe3d2e076d6af13ddb5d25831-33e9a252a52783adb262261baf4dff05/d3/index_d3f6a1f35b085ff2d7615388eb7a0d35
_goals/convex-backend-runtime-2026-10-02/qa/task03b2b1/history/cycle3-final/independent/jest-cache/jest-transform-cache-ae93b4afe3d2e076d6af13ddb5d25831-33e9a252a52783adb262261baf4dff05/58/scheduler_impl_58abfca6fbc1e81d42b9ada6de800cbd.map
_goals/convex-backend-runtime-2026-10-02/qa/task03b2b1/history/cycle3-final/independent/jest-cache/jest-transform-cache-ae93b4afe3d2e076d6af13ddb5d25831-33e9a252a52783adb262261baf4dff05/58/scheduler_impl_58abfca6fbc1e81d42b9ada6de800cbd
_goals/convex-backend-runtime-2026-10-02/qa/task03b2b1/history/cycle3-final/independent/jest-cache/jest-transform-cache-ae93b4afe3d2e076d6af13ddb5d25831-33e9a252a52783adb262261baf4dff05/4e/pagination_4ee967c28c2f7a6d2814a55352613951
_goals/convex-backend-runtime-2026-10-02/qa/task03b2b1/history/cycle3-final/independent/jest-cache/jest-transform-cache-ae93b4afe3d2e076d6af13ddb5d25831-33e9a252a52783adb262261baf4dff05/4e/pagination_4ee967c28c2f7a6d2814a55352613951.map
_goals/convex-backend-runtime-2026-10-02/qa/task03b2b1/history/cycle3-final/independent/jest-cache/jest-transform-cache-ae93b4afe3d2e076d6af13ddb5d25831-33e9a252a52783adb262261baf4dff05/86/validator_867ffcaf75c146107a515b4b74ea547b
_goals/convex-backend-runtime-2026-10-02/qa/task03b2b1/history/cycle3-final/independent/jest-cache/jest-transform-cache-ae93b4afe3d2e076d6af13ddb5d25831-33e9a252a52783adb262261baf4dff05/86/validator_867ffcaf75c146107a515b4b74ea547b.map
_goals/convex-backend-runtime-2026-10-02/qa/task03b2c1/history/cycle3-final/independent/root-types.stdout
_goals/convex-backend-runtime-2026-10-02/qa/task03b2c1/history/cycle3-final/independent/write-error-output.mts.text
_goals/convex-backend-runtime-2026-10-02/qa/task03b2c1/history/cycle3-final/independent/discovery.stdout
_goals/convex-backend-runtime-2026-10-02/qa/task03b2c1/history/cycle3-final/independent/whitespace.stderr
_goals/convex-backend-runtime-2026-10-02/qa/task03b2c1/history/cycle3-final/independent/review-path.txt
_goals/convex-backend-runtime-2026-10-02/qa/task03b2c1/history/cycle3-final/independent/adversarial.stderr
_goals/convex-backend-runtime-2026-10-02/qa/task03b2c1/history/cycle3-final/independent/write-error-output-results.json
_goals/convex-backend-runtime-2026-10-02/qa/task03b2c1/history/cycle3-final/independent/inventory.stderr
_goals/convex-backend-runtime-2026-10-02/qa/task03b2c1/history/cycle3-final/independent/native-tests.json
_goals/convex-backend-runtime-2026-10-02/qa/task03b2c1/history/cycle3-final/independent/fresh-boundary.stderr
_goals/convex-backend-runtime-2026-10-02/qa/task03b2c1/history/cycle3-final/independent/lint.stderr
_goals/convex-backend-runtime-2026-10-02/qa/task03b2c1/history/cycle3-final/independent/npm-version.stdout
_goals/convex-backend-runtime-2026-10-02/qa/task03b2c1/history/cycle3-final/independent/run-checks.py.text
_goals/convex-backend-runtime-2026-10-02/qa/task03b2c1/history/cycle3-final/independent/unit.stdout
_goals/convex-backend-runtime-2026-10-02/qa/task03b2c1/history/cycle3-final/independent/repeated-source-results.json
_goals/convex-backend-runtime-2026-10-02/qa/task03b2c1/history/cycle3-final/independent/tracked-preservation.json
_goals/convex-backend-runtime-2026-10-02/qa/task03b2c1/history/cycle3-final/independent/probe-results.json
_goals/convex-backend-runtime-2026-10-02/qa/task03b2c1/history/cycle3-final/independent/tools.stdout
_goals/convex-backend-runtime-2026-10-02/qa/task03b2c1/history/cycle3-final/independent/write-error-output.stdout
_goals/convex-backend-runtime-2026-10-02/qa/task03b2c1/history/cycle3-final/independent/adversarial.stdout
_goals/convex-backend-runtime-2026-10-02/qa/task03b2c1/history/cycle3-final/independent/tsconfig.json
_goals/convex-backend-runtime-2026-10-02/qa/task03b2c1/history/cycle3-final/independent/commands.json
_goals/convex-backend-runtime-2026-10-02/qa/task03b2c1/history/cycle3-final/independent/additional.stdout
_goals/convex-backend-runtime-2026-10-02/qa/task03b2b1/history/cycle3-final/independent/jest-cache/jest-transform-cache-ae93b4afe3d2e076d6af13ddb5d25831-33e9a252a52783adb262261baf4dff05/ef/storage_impl_ef59129dd645df6053f6d22a6e93e8b0.map
_goals/convex-backend-runtime-2026-10-02/qa/task03b2b1/history/cycle3-final/independent/jest-cache/jest-transform-cache-ae93b4afe3d2e076d6af13ddb5d25831-33e9a252a52783adb262261baf4dff05/ef/storage_impl_ef59129dd645df6053f6d22a6e93e8b0
_goals/convex-backend-runtime-2026-10-02/qa/task03b2b1/history/cycle3-final/independent/jest-cache/jest-transform-cache-ae93b4afe3d2e076d6af13ddb5d25831-33e9a252a52783adb262261baf4dff05/ef/failureBoundarytest_ef9a111fd396f41b3ef2beb94dfc85a4.map
_goals/convex-backend-runtime-2026-10-02/qa/task03b2b1/history/cycle3-final/independent/jest-cache/jest-transform-cache-ae93b4afe3d2e076d6af13ddb5d25831-33e9a252a52783adb262261baf4dff05/ef/failureBoundarytest_ef9a111fd396f41b3ef2beb94dfc85a4
_goals/convex-backend-runtime-2026-10-02/qa/task03b2c1/history/cycle3-final/independent/catalog/public-path-inventory.json
_goals/convex-backend-runtime-2026-10-02/qa/task03b2c1/history/cycle3-final/independent/fresh-boundary-summary.json
_goals/convex-backend-runtime-2026-10-02/qa/task03b2c1/history/cycle3-final/independent/root-types.stderr
_goals/convex-backend-runtime-2026-10-02/qa/task03b2c1/history/cycle3-final/independent/manifest.original.json
_goals/convex-backend-runtime-2026-10-02/qa/task03b2c1/history/cycle3-final/independent/repeated-source.mts.text
_goals/convex-backend-runtime-2026-10-02/qa/task03b2c1/history/cycle3-final/independent/additional.mts.text
_goals/convex-backend-runtime-2026-10-02/qa/task03b2c1/history/cycle3-final/independent/freeze-verification-before.json
_goals/convex-backend-runtime-2026-10-02/qa/task03-metadata-native-errors/review2-evidence/archive-manifest.json
_goals/convex-backend-runtime-2026-10-02/qa/task03-metadata-native-errors/review2-evidence/cycle1-runtimeAuth.ts.text
_goals/convex-backend-runtime-2026-10-02/qa/task03-metadata-native-errors/review2-evidence/original-manifest.sha256
_goals/convex-backend-runtime-2026-10-02/qa/task03-metadata-native-errors/review2-evidence/reviewer-harness-notes.txt
_goals/convex-backend-runtime-2026-10-02/qa/task03-metadata-native-errors/review2-evidence/cycle1-mutable.raw.ts.text
_goals/convex-backend-runtime-2026-10-02/qa/task03-metadata-native-errors/review2-evidence/final-snapshot.json
_goals/convex-backend-runtime-2026-10-02/qa/task03-metadata-native-errors/review2-evidence/baseline-mutable.raw.ts.text
_goals/convex-backend-runtime-2026-10-02/qa/task03-metadata-native-errors/review2-evidence/cycle1-mutable.ts.text
_goals/convex-backend-runtime-2026-10-02/qa/task03-metadata-native-errors/review2-evidence/verification.json
_goals/convex-backend-runtime-2026-10-02/qa/task03-metadata-native-errors/review2-evidence/baseline-runtimeMetadataAuth.raw.ts.text
_goals/convex-backend-runtime-2026-10-02/qa/task03-metadata-native-errors/review2-evidence/current-required18-probe.mjs.text
_goals/convex-backend-runtime-2026-10-02/qa/task03-metadata-native-errors/review2-evidence/original41-independent-requirement-mapping.json
_goals/convex-backend-runtime-2026-10-02/qa/task03-metadata-native-errors/review2-evidence/commands.json
_goals/convex-backend-runtime-2026-10-02/qa/task03b2c1/history/cycle3-final/independent/report.md
_goals/convex-backend-runtime-2026-10-02/qa/task03b2c1/history/cycle3-final/independent/probes.stdout
_goals/convex-backend-runtime-2026-10-02/qa/task03b2c1/history/cycle3-final/independent/npm-version-command.json
_goals/convex-backend-runtime-2026-10-02/qa/task03b2c1/history/cycle3-final/independent/scoped-types.stdout
_goals/convex-backend-runtime-2026-10-02/qa/task03b2c1/history/cycle3-final/independent/private-error-admission-results.json
_goals/convex-backend-runtime-2026-10-02/qa/task03b2c1/history/cycle3-final/independent/additional.stderr
_goals/convex-backend-runtime-2026-10-02/qa/task03b2c1/history/cycle3-final/independent/repeated-source.stdout
_goals/convex-backend-runtime-2026-10-02/qa/task03b2c1/history/cycle3-final/independent/after.json
_goals/convex-backend-runtime-2026-10-02/qa/task03b2c1/history/cycle3-final/independent/baseline-root-types.stderr
_goals/convex-backend-runtime-2026-10-02/qa/task03b2c1/history/cycle3-final/independent/scoped-types.stderr
_goals/convex-backend-runtime-2026-10-02/qa/task03b2c1/history/cycle3-final/independent/tools.stderr
_goals/convex-backend-runtime-2026-10-02/qa/task03b2c1/history/cycle3-final/independent/private-error-admission.stdout
_goals/convex-backend-runtime-2026-10-02/qa/task03b2c1/history/cycle3-final/independent/adversarial-summary.json
_goals/convex-backend-runtime-2026-10-02/qa/task03b2c1/history/cycle3-final/independent/discovery.stderr
_goals/convex-backend-runtime-2026-10-02/qa/task03b2c1/history/cycle3-final/independent/fresh-boundary.mts.text
_goals/convex-backend-runtime-2026-10-02/qa/task03b2c1/history/cycle3-final/independent/private-error-admission.stderr
_goals/convex-backend-runtime-2026-10-02/qa/task03b2c1/history/cycle3-final/independent/write-error-output-controls.stderr
_goals/convex-backend-runtime-2026-10-02/qa/task03b2c1/history/cycle3-final/independent/adversarial-results.json
_goals/convex-backend-runtime-2026-10-02/qa/task03b2c1/history/cycle3-final/independent/fresh-boundary-results.json
_goals/convex-backend-runtime-2026-10-02/qa/task03b2c1/history/cycle3-final/independent/backend-types.stdout
_goals/convex-backend-runtime-2026-10-02/qa/task03b2c1/history/cycle3-final/independent/private-error-admission-command.json
_goals/convex-backend-runtime-2026-10-02/qa/task03b2c1/history/cycle3-final/independent/native-summary.json
_goals/convex-backend-runtime-2026-10-02/qa/task03b2c1/history/cycle3-final/independent/probe-commands.json
_goals/convex-backend-runtime-2026-10-02/qa/task03b2c1/history/cycle3-final/independent/fresh-boundary-command.json
_goals/convex-backend-runtime-2026-10-02/qa/task03b2c1/history/cycle3-final/independent/before.json
_goals/convex-backend-runtime-2026-10-02/qa/task03b2c1/history/cycle3-final/independent/probe-provenance.json
_goals/convex-backend-runtime-2026-10-02/qa/task03b2c1/history/cycle3-final/independent/write-error-output-controls.stdout
_goals/convex-backend-runtime-2026-10-02/qa/task03b2c1/history/cycle3-final/independent/baseline-root-types.stdout
_goals/convex-backend-runtime-2026-10-02/qa/task03b2c1/history/cycle3-final/independent/inventory.stdout
_goals/convex-backend-runtime-2026-10-02/qa/task03b2c1/history/cycle3-final/independent/run-original-probes.py.text
_goals/convex-backend-runtime-2026-10-02/qa/task03b2c1/history/cycle3-final/independent/original-test-prefix.json
_goals/convex-backend-runtime-2026-10-02/qa/task03b2c1/history/cycle3-final/independent/repeated-source.stderr
_goals/convex-backend-runtime-2026-10-02/qa/task03b2c1/history/cycle3-final/independent/fresh-boundary.stdout
_goals/convex-backend-runtime-2026-10-02/qa/task03b2c1/history/cycle3-final/independent/preservation-after.json
_goals/convex-backend-runtime-2026-10-02/qa/task03b2c1/history/cycle3-final/independent/adversarial.mts.text
_goals/convex-backend-runtime-2026-10-02/qa/task03b2c1/history/cycle3-final/independent/npm-version.stderr
_goals/convex-backend-runtime-2026-10-02/qa/task03b2c1/history/cycle3-final/independent/additional-results.json
_goals/convex-backend-runtime-2026-10-02/qa/task03b2c1/history/cycle3-final/independent/probes.mts.text
_goals/convex-backend-runtime-2026-10-02/qa/task03b2c1/history/cycle3-final/independent/probes.stderr
_goals/convex-backend-runtime-2026-10-02/qa/task03b2c1/history/cycle3-final/independent/freeze-verification-after.json
_goals/convex-backend-runtime-2026-10-02/qa/task03b2c1/history/cycle3-final/independent/lint.stdout
_goals/convex-backend-runtime-2026-10-02/qa/task03b2c1/history/cycle3-final/independent/history-verification.json
_goals/convex-backend-runtime-2026-10-02/qa/task03b2c1/history/cycle3-final/independent/unit.stderr
_goals/convex-backend-runtime-2026-10-02/qa/task03b2c1/history/cycle3-final/independent/write-error-output-controls.mts.text
_goals/convex-backend-runtime-2026-10-02/qa/task03b2c1/history/cycle3-final/independent/backend-types.stderr
_goals/convex-backend-runtime-2026-10-02/qa/task03b2c1/history/cycle3-final/independent/private-error-admission.mts.text
_goals/convex-backend-runtime-2026-10-02/qa/task03b2c1/history/cycle3-final/independent/whitespace.stdout
_goals/convex-backend-runtime-2026-10-02/qa/task03b2c1/history/cycle3-final/independent/jest.cjs.text
_goals/convex-backend-runtime-2026-10-02/qa/task03b2c1/history/cycle3-final/independent/write-error-output.stderr
_goals/convex-backend-runtime-2026-10-02/qa/task03b2c1/history/cycle3-final/independent/final-preservation.json
_goals/convex-backend-runtime-2026-10-02/qa/task03-metadata-native-errors/review2-evidence/catalog/public-path-inventory.json
_goals/convex-backend-runtime-2026-10-02/qa/task03-metadata-native-errors/review2-evidence/catalog/public-path-inventory.md
_goals/convex-backend-runtime-2026-10-02/qa/task03-metadata-native-errors/review2-evidence/current-required-denial.json
_goals/convex-backend-runtime-2026-10-02/qa/task03-metadata-native-errors/review2-evidence/original-manifest.json
_goals/convex-backend-runtime-2026-10-02/qa/task03-metadata-native-errors/review2-evidence/cycle1-runtimeMetadataAuth.ts.text
_goals/convex-backend-runtime-2026-10-02/qa/task03b2b1/history/cycle3-final/independent/jest-cache/jest-transform-cache-ae93b4afe3d2e076d6af13ddb5d25831-33e9a252a52783adb262261baf4dff05/cf/value_cfd018ead663586e1caea0d9204d1769.map
_goals/convex-backend-runtime-2026-10-02/qa/task03-metadata-native-errors/review2-evidence/report.md
_goals/convex-backend-runtime-2026-10-02/qa/task03-metadata-native-errors/review2-evidence/baseline-sessions.ts.text
_goals/convex-backend-runtime-2026-10-02/qa/task03-metadata-native-errors/review2-evidence/before-snapshot.json
_goals/convex-backend-runtime-2026-10-02/qa/task03b2b1/history/cycle3-final/independent/jest-cache/jest-transform-cache-ae93b4afe3d2e076d6af13ddb5d25831-33e9a252a52783adb262261baf4dff05/cf/value_cfd018ead663586e1caea0d9204d1769
_goals/convex-backend-runtime-2026-10-02/qa/task03-metadata-native-errors/review2-evidence/baseline-immutable.raw.ts.text
_goals/convex-backend-runtime-2026-10-02/qa/task03-metadata-native-errors/review2-evidence/baseline-runtimeAuth.ts.text
_goals/convex-backend-runtime-2026-10-02/qa/task03-metadata-native-errors/review2-evidence/metadata-native-error-confirmation-independent-baseline.json
_goals/convex-backend-runtime-2026-10-02/qa/task03b2b1/history/cycle3-final/independent/jest-cache/jest-transform-cache-ae93b4afe3d2e076d6af13ddb5d25831-33e9a252a52783adb262261baf4dff05/25/adversarialtest_25bbdf489c80a0c3e8b664508d645a7f
_goals/convex-backend-runtime-2026-10-02/qa/task03b2b1/history/cycle3-final/independent/jest-cache/jest-transform-cache-ae93b4afe3d2e076d6af13ddb5d25831-33e9a252a52783adb262261baf4dff05/25/adversarialtest_25bbdf489c80a0c3e8b664508d645a7f.map
_goals/convex-backend-runtime-2026-10-02/qa/task03b2c1/history/cycle3-final/candidate/convex-dev/artifacts.ts.text
_goals/convex-backend-runtime-2026-10-02/qa/task03b2c1/history/cycle3-final/candidate/convex-dev/runtimeArtifactAuth.ts.text
_goals/convex-backend-runtime-2026-10-02/qa/task03b2c1/history/cycle3-final/candidate/convex-dev/schema.ts.text
_goals/convex-backend-runtime-2026-10-02/qa/task03b2b1/history/cycle3-final/independent/jest-cache/jest-transform-cache-ae93b4afe3d2e076d6af13ddb5d25831-33e9a252a52783adb262261baf4dff05/d7/memorySpaces_d70829d01fa9754c438a0844b27e4ba6.map
_goals/convex-backend-runtime-2026-10-02/qa/task03b2b1/history/cycle3-final/independent/jest-cache/jest-transform-cache-ae93b4afe3d2e076d6af13ddb5d25831-33e9a252a52783adb262261baf4dff05/d7/memorySpaces_d70829d01fa9754c438a0844b27e4ba6
_goals/convex-backend-runtime-2026-10-02/qa/task03-metadata-native-errors/review2-evidence/replays/inventory-callback.ts.text
_goals/convex-backend-runtime-2026-10-02/qa/task03-metadata-native-errors/review2-evidence/replays/cleanup-controls.json
_goals/convex-backend-runtime-2026-10-02/qa/task03-metadata-native-errors/review2-evidence/replays/boundary-probes.mjs.text
_goals/convex-backend-runtime-2026-10-02/qa/task03-metadata-native-errors/review2-evidence/replays/timestamp-equivalence.json
_goals/convex-backend-runtime-2026-10-02/qa/task03-metadata-native-errors/review2-evidence/replays/historical-additional-probes.mjs.text
_goals/convex-backend-runtime-2026-10-02/qa/task03-metadata-native-errors/review2-evidence/replays/historical-probes.mjs.text
_goals/convex-backend-runtime-2026-10-02/qa/task03-metadata-native-errors/review2-evidence/replays/extra-probes.json
_goals/convex-backend-runtime-2026-10-02/qa/task03-metadata-native-errors/review2-evidence/replays/closure-controls.mjs.text
_goals/convex-backend-runtime-2026-10-02/qa/task03-metadata-native-errors/review2-evidence/replays/historical-numeric-probe.mjs.text
_goals/convex-backend-runtime-2026-10-02/qa/task03-metadata-native-errors/review2-evidence/replays/historical-probe-check.mjs.text
_goals/convex-backend-runtime-2026-10-02/qa/task03-metadata-native-errors/review2-evidence/replays/registration.mjs.text
_goals/convex-backend-runtime-2026-10-02/qa/task03-metadata-native-errors/review2-evidence/replays/boundary-probes.json
_goals/convex-backend-runtime-2026-10-02/qa/task03-metadata-native-errors/review2-evidence/replays/extra-probes.mjs.text
_goals/convex-backend-runtime-2026-10-02/qa/task03-metadata-native-errors/review2-evidence/replays/cycle2-immutable.ts.text
_goals/convex-backend-runtime-2026-10-02/qa/task03-metadata-native-errors/review2-evidence/replays/historical-probe-check.initial.mjs.text
_goals/convex-backend-runtime-2026-10-02/qa/task03-metadata-native-errors/review2-evidence/replays/cycle2-users.ts.text
_goals/convex-backend-runtime-2026-10-02/qa/task03-metadata-native-errors/review2-evidence/cycle1-runtimeAuth.raw.ts.text
_goals/convex-backend-runtime-2026-10-02/qa/task03-metadata-native-errors/review2-evidence/cycle1-exact18.mjs.text
_goals/convex-backend-runtime-2026-10-02/qa/task03b2c1/history/cycle3-final/candidate/tests/unit/runtimeArtifactAuth/handlers.test.ts.text
_goals/convex-backend-runtime-2026-10-02/qa/task03b2c1/history/cycle3-final/candidate/tests/unit/runtimeArtifactAuth/fixture.ts.text
_goals/convex-backend-runtime-2026-10-02/qa/task03b2c1/history/cycle3-final/candidate/tests/unit/runtimeArtifactAuth/inventory.test.ts.text
_goals/convex-backend-runtime-2026-10-02/qa/task03b2c1/history/cycle3-final/preservation-manifest.json
_goals/convex-backend-runtime-2026-10-02/qa/task03b2b1/history/cycle3-final/independent/jest-cache/jest-transform-cache-ae93b4afe3d2e076d6af13ddb5d25831-33e9a252a52783adb262261baf4dff05/9c/admissionFixture_9c6ef95062955a568609f58ef2a38548.map
_goals/convex-backend-runtime-2026-10-02/qa/task03-metadata-native-errors/review2-evidence/cycle1-results/ambiguity-pruning-outcomes.json
_goals/convex-backend-runtime-2026-10-02/qa/task03-metadata-native-errors/review2-evidence/finalize.py.text
_goals/convex-backend-runtime-2026-10-02/qa/task03-metadata-native-errors/review2-evidence/metadata-control-native-error-confirmation-independent-baseline.json
_goals/convex-backend-runtime-2026-10-02/qa/task03-metadata-native-errors/review2-evidence/ambiguity-pruning-probe.mjs.text
_goals/convex-backend-runtime-2026-10-02/qa/task03-metadata-native-errors/review2-evidence/metadata-control-native-error-confirmation.mts.text
_goals/convex-backend-runtime-2026-10-02/qa/task03-metadata-native-errors/review2-evidence/current-required18-outcomes.json
_goals/convex-backend-runtime-2026-10-02/qa/task03b2b1/history/cycle3-final/independent/jest-cache/jest-transform-cache-ae93b4afe3d2e076d6af13ddb5d25831-33e9a252a52783adb262261baf4dff05/9c/admissionFixture_9c6ef95062955a568609f58ef2a38548
_goals/convex-backend-runtime-2026-10-02/qa/task03b2b1/history/cycle3-final/independent/jest-cache/jest-transform-cache-ae93b4afe3d2e076d6af13ddb5d25831-33e9a252a52783adb262261baf4dff05/27/actions_impl_2736d48da5fe5b8efb381971ae212a88
_goals/convex-backend-runtime-2026-10-02/qa/task03b2b1/history/cycle3-final/independent/jest-cache/jest-transform-cache-ae93b4afe3d2e076d6af13ddb5d25831-33e9a252a52783adb262261baf4dff05/27/actions_impl_2736d48da5fe5b8efb381971ae212a88.map
_goals/convex-backend-runtime-2026-10-02/qa/task03b2b1/history/cycle3-final/independent/core-cache/jest-transform-cache-111991a7f2874bb409a36b9a8f55c84c-33e9a252a52783adb262261baf4dff05/32/validator_323a4ef213d057c231fd8f50db9ba230
_goals/convex-backend-runtime-2026-10-02/qa/task03-metadata-native-errors/review2-evidence/accepted-copy/LICENSE.md
_goals/convex-backend-runtime-2026-10-02/qa/task03b2b1/history/cycle3-final/independent/core-cache/jest-transform-cache-111991a7f2874bb409a36b9a8f55c84c-33e9a252a52783adb262261baf4dff05/32/validator_323a4ef213d057c231fd8f50db9ba230.map
_goals/convex-backend-runtime-2026-10-02/qa/task03-metadata-native-errors/review2-evidence/accepted-copy/eslint.config.js.text
_goals/convex-backend-runtime-2026-10-02/qa/task03b2b1/history/cycle3-final/independent/core-cache/jest-transform-cache-111991a7f2874bb409a36b9a8f55c84c-33e9a252a52783adb262261baf4dff05/65/functionName_6516a5b21905f7f24b2ee31b76074bf3.map
_goals/convex-backend-runtime-2026-10-02/qa/task03b2b1/history/cycle3-final/independent/core-cache/jest-transform-cache-111991a7f2874bb409a36b9a8f55c84c-33e9a252a52783adb262261baf4dff05/65/functionName_6516a5b21905f7f24b2ee31b76074bf3
_goals/convex-backend-runtime-2026-10-02/qa/task03b2b1/history/cycle3-final/independent/jest-cache/jest-transform-cache-ae93b4afe3d2e076d6af13ddb5d25831-33e9a252a52783adb262261baf4dff05/22/paths_22b981ca6fb3611a3165186de2d3e75f.map
_goals/convex-backend-runtime-2026-10-02/qa/task03b2b1/history/cycle3-final/independent/core-cache/jest-transform-cache-111991a7f2874bb409a36b9a8f55c84c-33e9a252a52783adb262261baf4dff05/12/validate_125f3be3a2f11d537392967be7a27a14.map
_goals/convex-backend-runtime-2026-10-02/qa/task03b2b1/history/cycle3-final/independent/jest-cache/jest-transform-cache-ae93b4afe3d2e076d6af13ddb5d25831-33e9a252a52783adb262261baf4dff05/22/paths_22b981ca6fb3611a3165186de2d3e75f
_goals/convex-backend-runtime-2026-10-02/qa/task03b2b1/history/cycle3-final/independent/core-cache/jest-transform-cache-111991a7f2874bb409a36b9a8f55c84c-33e9a252a52783adb262261baf4dff05/12/validate_125f3be3a2f11d537392967be7a27a14
_goals/convex-backend-runtime-2026-10-02/qa/task03b2b1/history/cycle3-final/independent/jest-cache/jest-transform-cache-ae93b4afe3d2e076d6af13ddb5d25831-33e9a252a52783adb262261baf4dff05/ec/errors_ec68d48cb6ff6c53ef6d989d3a46134c.map
_goals/convex-backend-runtime-2026-10-02/qa/task03b2b1/history/cycle3-final/independent/jest-cache/jest-transform-cache-ae93b4afe3d2e076d6af13ddb5d25831-33e9a252a52783adb262261baf4dff05/ec/errors_ec68d48cb6ff6c53ef6d989d3a46134c
_goals/convex-backend-runtime-2026-10-02/qa/task03b2b1/history/cycle3-final/independent/core-cache/jest-transform-cache-111991a7f2874bb409a36b9a8f55c84c-33e9a252a52783adb262261baf4dff05/ff/vector_search_impl_ffffa7609380e7f09fbdf358cd8d169b.map
_goals/convex-backend-runtime-2026-10-02/qa/task03-metadata-native-errors/review2-evidence/accepted-copy/convex-dev/artifacts.ts.text
_goals/convex-backend-runtime-2026-10-02/qa/task03-metadata-native-errors/review2-evidence/accepted-copy/convex-dev/runtimeMemoryRepository.ts.text
_goals/convex-backend-runtime-2026-10-02/qa/task03-metadata-native-errors/review2-evidence/accepted-copy/convex-dev/runtimeAuthSchema.ts.text
_goals/convex-backend-runtime-2026-10-02/qa/task03-metadata-native-errors/review2-evidence/accepted-copy/convex-dev/graphSync.ts.text
_goals/convex-backend-runtime-2026-10-02/qa/task03-metadata-native-errors/review2-evidence/accepted-copy/convex-dev/tsconfig.json
_goals/convex-backend-runtime-2026-10-02/qa/task03-metadata-native-errors/review2-evidence/accepted-copy/convex-dev/runtimeMemory.ts.text
_goals/convex-backend-runtime-2026-10-02/qa/task03-metadata-native-errors/review2-evidence/accepted-copy/convex-dev/runtimeWorkerAuth.ts.text
_goals/convex-backend-runtime-2026-10-02/qa/task03-metadata-native-errors/review2-evidence/accepted-copy/convex-dev/facts.ts.text
_goals/convex-backend-runtime-2026-10-02/qa/task03-metadata-native-errors/review2-evidence/accepted-copy/convex-dev/conversationSnapshots.ts.text
_goals/convex-backend-runtime-2026-10-02/qa/task03-metadata-native-errors/review2-evidence/accepted-copy/convex-dev/runtimeMemorySchema.ts.text
_goals/convex-backend-runtime-2026-10-02/qa/task03-metadata-native-errors/review2-evidence/accepted-copy/convex-dev/governance.ts.text
_goals/convex-backend-runtime-2026-10-02/qa/task03-metadata-native-errors/review2-evidence/accepted-copy/convex-dev/sessions.ts.text
_goals/convex-backend-runtime-2026-10-02/qa/task03-metadata-native-errors/review2-evidence/accepted-copy/convex-dev/conversationShares.ts.text
_goals/convex-backend-runtime-2026-10-02/qa/task03-metadata-native-errors/review2-evidence/accepted-copy/convex-dev/factHistory.ts.text
_goals/convex-backend-runtime-2026-10-02/qa/task03-metadata-native-errors/review2-evidence/accepted-copy/convex-dev/admin.ts.text
_goals/convex-backend-runtime-2026-10-02/qa/task03-metadata-native-errors/review2-evidence/accepted-copy/convex-dev/attachments.ts.text
_goals/convex-backend-runtime-2026-10-02/qa/task03-metadata-native-errors/review2-evidence/accepted-copy/convex-dev/runtimeMetadataAuth.ts.text
_goals/convex-backend-runtime-2026-10-02/qa/task03-metadata-native-errors/review2-evidence/accepted-copy/convex-dev/runtimeAuth.ts.text
_goals/convex-backend-runtime-2026-10-02/qa/task03-metadata-native-errors/review2-evidence/accepted-copy/convex-dev/memories.ts.text
_goals/convex-backend-runtime-2026-10-02/qa/task03-metadata-native-errors/review2-evidence/accepted-copy/convex-dev/runtimeMemoryServices.ts.text
_goals/convex-backend-runtime-2026-10-02/qa/task03-metadata-native-errors/review2-evidence/accepted-copy/convex-dev/_generated/api.js.text
_goals/convex-backend-runtime-2026-10-02/qa/task03-metadata-native-errors/review2-evidence/accepted-copy/convex-dev/_generated/server.d.ts.text
_goals/convex-backend-runtime-2026-10-02/qa/task03-metadata-native-errors/review2-evidence/accepted-copy/convex-dev/_generated/dataModel.d.ts.text
_goals/convex-backend-runtime-2026-10-02/qa/task03-metadata-native-errors/review2-evidence/accepted-copy/convex-dev/_generated/api.d.ts.text
_goals/convex-backend-runtime-2026-10-02/qa/task03-metadata-native-errors/review2-evidence/accepted-copy/convex-dev/_generated/server.js.text
_goals/convex-backend-runtime-2026-10-02/qa/task03-metadata-native-errors/review2-evidence/accepted-copy/convex-dev/immutable.ts.text
_goals/convex-backend-runtime-2026-10-02/qa/task03-metadata-native-errors/review2-evidence/accepted-copy/convex-dev/README.md
_goals/convex-backend-runtime-2026-10-02/qa/task03-metadata-native-errors/review2-evidence/accepted-copy/convex-dev/a2a.ts.text
_goals/convex-backend-runtime-2026-10-02/qa/task03-metadata-native-errors/review2-evidence/accepted-copy/convex-dev/mutable.ts.text
_goals/convex-backend-runtime-2026-10-02/qa/task03-metadata-native-errors/review2-evidence/accepted-copy/convex-dev/contexts.ts.text
_goals/convex-backend-runtime-2026-10-02/qa/task03-metadata-native-errors/review2-evidence/accepted-copy/convex-dev/users.ts.text
_goals/convex-backend-runtime-2026-10-02/qa/task03-metadata-native-errors/review2-evidence/accepted-copy/convex-dev/schema.ts.text
_goals/convex-backend-runtime-2026-10-02/qa/task03-metadata-native-errors/review2-evidence/accepted-copy/convex-dev/agents.ts.text
_goals/convex-backend-runtime-2026-10-02/qa/task03-metadata-native-errors/review2-evidence/accepted-copy/convex-dev/conversations.ts.text
_goals/convex-backend-runtime-2026-10-02/qa/task03-metadata-native-errors/review2-evidence/accepted-copy/convex-dev/memorySpaces.ts.text
_goals/convex-backend-runtime-2026-10-02/qa/task03-metadata-native-errors/review2-evidence/accepted-copy/tsconfig.esm.json
_goals/convex-backend-runtime-2026-10-02/qa/task03-metadata-native-errors/review2-evidence/accepted-copy/tsconfig.json
_goals/convex-backend-runtime-2026-10-02/qa/task03b2c1/history/cycle2/independent/root-types.stdout
_goals/convex-backend-runtime-2026-10-02/qa/task03b2c1/history/cycle2/independent/write-error-output.mts.text
_goals/convex-backend-runtime-2026-10-02/qa/task03b2c1/history/cycle2/independent/discovery.stdout
_goals/convex-backend-runtime-2026-10-02/qa/task03b2c1/history/cycle2/independent/whitespace.stderr
_goals/convex-backend-runtime-2026-10-02/qa/task03b2c1/history/cycle2/independent/baseline-types.stderr
_goals/convex-backend-runtime-2026-10-02/qa/task03b2c1/history/cycle2/independent/adversarial.stderr
_goals/convex-backend-runtime-2026-10-02/qa/task03b2c1/history/cycle2/independent/write-error-output-results.json
_goals/convex-backend-runtime-2026-10-02/qa/task03b2c1/history/cycle2/independent/scratch.txt
_goals/convex-backend-runtime-2026-10-02/qa/task03b2c1/history/cycle2/independent/inventory.stderr
_goals/convex-backend-runtime-2026-10-02/qa/task03b2c1/history/cycle2/independent/native-tests.json
_goals/convex-backend-runtime-2026-10-02/qa/task03b2c1/history/cycle2/independent/lint.stderr
_goals/convex-backend-runtime-2026-10-02/qa/task03b2c1/history/cycle2/independent/write-error-output-controls-results.json
_goals/convex-backend-runtime-2026-10-02/qa/task03b2c1/history/cycle2/independent/run-checks.py.text
_goals/convex-backend-runtime-2026-10-02/qa/task03b2c1/history/cycle2/independent/repeated-source-results.json
_goals/convex-backend-runtime-2026-10-02/qa/task03b2c1/history/cycle2/independent/tracked-preservation.json
_goals/convex-backend-runtime-2026-10-02/qa/task03b2c1/history/cycle2/independent/probe-results.json
_goals/convex-backend-runtime-2026-10-02/qa/task03b2c1/history/cycle2/independent/write-error-output.stdout
_goals/convex-backend-runtime-2026-10-02/qa/task03b2c1/history/cycle2/independent/write-error-output-controls-command.json
_goals/convex-backend-runtime-2026-10-02/qa/task03b2c1/history/cycle2/independent/adversarial.stdout
_goals/convex-backend-runtime-2026-10-02/qa/task03b2c1/history/cycle2/independent/write-error-output-controls.stdout.initial
_goals/convex-backend-runtime-2026-10-02/qa/task03b2c1/history/cycle2/independent/commands.json
_goals/convex-backend-runtime-2026-10-02/qa/task03-metadata-native-errors/review2-evidence/accepted-copy/scripts/post-build-esm.js.text
_goals/convex-backend-runtime-2026-10-02/qa/task03-metadata-native-errors/review2-evidence/accepted-copy/scripts/publish-release.mjs.text
_goals/convex-backend-runtime-2026-10-02/qa/task03-metadata-native-errors/review2-evidence/accepted-copy/scripts/test-memory-openai-20x.mjs.text
_goals/convex-backend-runtime-2026-10-02/qa/task03-metadata-native-errors/review2-evidence/accepted-copy/scripts/dev-runner.mjs.text
_goals/convex-backend-runtime-2026-10-02/qa/task03-metadata-native-errors/review2-evidence/accepted-copy/scripts/test-runner.mjs.text
_goals/convex-backend-runtime-2026-10-02/qa/task03-metadata-native-errors/review2-evidence/accepted-copy/scripts/seed-multi-user-data.ts.text
_goals/convex-backend-runtime-2026-10-02/qa/task03-metadata-native-errors/review2-evidence/accepted-copy/scripts/verify-public-contracts.mjs.text
_goals/convex-backend-runtime-2026-10-02/qa/task03-metadata-native-errors/review2-evidence/accepted-copy/scripts/plan-release.mjs.text
_goals/convex-backend-runtime-2026-10-02/qa/task03-metadata-native-errors/review2-evidence/accepted-copy/scripts/verify-test-data.ts.text
_goals/convex-backend-runtime-2026-10-02/qa/task03b2c1/history/cycle2/independent/additional.stdout
_goals/convex-backend-runtime-2026-10-02/qa/task03-metadata-native-errors/review2-evidence/accepted-copy/scripts/DUAL_TESTING.md
_goals/convex-backend-runtime-2026-10-02/qa/task03-metadata-native-errors/review2-evidence/accepted-copy/scripts/update-deps.mjs.text
_goals/convex-backend-runtime-2026-10-02/qa/task03-metadata-native-errors/review2-evidence/accepted-copy/scripts/cleanup-test-data.ts.text
_goals/convex-backend-runtime-2026-10-02/qa/task03-metadata-native-errors/review2-evidence/accepted-copy/scripts/release.ps1.text
_goals/convex-backend-runtime-2026-10-02/qa/task03-metadata-native-errors/review2-evidence/accepted-copy/scripts/verify-multi-user-data.ts.text
_goals/convex-backend-runtime-2026-10-02/qa/task03-metadata-native-errors/review2-evidence/accepted-copy/scripts/test-staggered-suite.sh.text
_goals/convex-backend-runtime-2026-10-02/qa/task03-metadata-native-errors/review2-evidence/accepted-copy/package.json
_goals/convex-backend-runtime-2026-10-02/qa/task03-metadata-native-errors/review2-evidence/accepted-copy/tsconfig.build.json
_goals/convex-backend-runtime-2026-10-02/qa/task03-metadata-native-errors/review2-evidence/accepted-copy/tsconfig.lint.json
_goals/convex-backend-runtime-2026-10-02/qa/task03b2c1/history/cycle2/independent/catalog/public-path-inventory.json
_goals/convex-backend-runtime-2026-10-02/qa/task03b2c1/history/cycle2/independent/root-types.stderr
_goals/convex-backend-runtime-2026-10-02/qa/task03b2c1/history/cycle2/independent/manifest.original.json
_goals/convex-backend-runtime-2026-10-02/qa/task03b2c1/history/cycle2/independent/repeated-source.mts.text
_goals/convex-backend-runtime-2026-10-02/qa/task03b2c1/history/cycle2/independent/additional.mts.text
_goals/convex-backend-runtime-2026-10-02/qa/task03b2c1/history/cycle2/independent/report.md
_goals/convex-backend-runtime-2026-10-02/qa/task03b2c1/history/cycle2/independent/source-verification-after.json
_goals/convex-backend-runtime-2026-10-02/qa/task03b2c1/history/cycle2/independent/probes.stdout
_goals/convex-backend-runtime-2026-10-02/qa/task03b2c1/history/cycle2/independent/write-error-output-controls.stderr.initial
_goals/convex-backend-runtime-2026-10-02/qa/task03b2c1/history/cycle2/independent/scoped-types.stdout
_goals/convex-backend-runtime-2026-10-02/qa/task03b2c1/history/cycle2/independent/additional.stderr
_goals/convex-backend-runtime-2026-10-02/qa/task03b2c1/history/cycle2/independent/repeated-source.stdout
_goals/convex-backend-runtime-2026-10-02/qa/task03b2c1/history/cycle2/independent/scoped-types.stderr
_goals/convex-backend-runtime-2026-10-02/qa/task03b2c1/history/cycle2/independent/adversarial-summary.json
_goals/convex-backend-runtime-2026-10-02/qa/task03b2c1/history/cycle2/independent/discovery.stderr
_goals/convex-backend-runtime-2026-10-02/qa/task03b2c1/history/cycle2/independent/write-error-output-controls.stderr
_goals/convex-backend-runtime-2026-10-02/qa/task03b2c1/history/cycle2/independent/adversarial-results.json
_goals/convex-backend-runtime-2026-10-02/qa/task03b2c1/history/cycle2/independent/backend-types.stdout
_goals/convex-backend-runtime-2026-10-02/qa/task03b2c1/history/cycle2/independent/additional-command.json
_goals/convex-backend-runtime-2026-10-02/qa/task03b2c1/history/cycle2/independent/native-summary.json
_goals/convex-backend-runtime-2026-10-02/qa/task03b2c1/history/cycle2/independent/probe-commands.json
_goals/convex-backend-runtime-2026-10-02/qa/task03b2c1/history/cycle2/independent/baseline-types.stdout
_goals/convex-backend-runtime-2026-10-02/qa/task03b2c1/history/cycle2/independent/probe-provenance.json
_goals/convex-backend-runtime-2026-10-02/qa/task03b2c1/history/cycle2/independent/write-error-output-controls.stdout
_goals/convex-backend-runtime-2026-10-02/qa/task03b2c1/history/cycle2/independent/native-tests.stdout
_goals/convex-backend-runtime-2026-10-02/qa/task03b2c1/history/cycle2/independent/tool-versions.json
_goals/convex-backend-runtime-2026-10-02/qa/task03b2c1/history/cycle2/independent/inventory.stdout
_goals/convex-backend-runtime-2026-10-02/qa/task03b2c1/history/cycle2/independent/original-test-prefix.json
_goals/convex-backend-runtime-2026-10-02/qa/task03b2c1/history/cycle2/independent/repeated-source.stderr
_goals/convex-backend-runtime-2026-10-02/qa/task03b2c1/history/cycle2/independent/source-verification-before.json
_goals/convex-backend-runtime-2026-10-02/qa/task03b2c1/history/cycle2/independent/adversarial.mts.text
_goals/convex-backend-runtime-2026-10-02/qa/task03b2c1/history/cycle2/independent/additional-results.json
_goals/convex-backend-runtime-2026-10-02/qa/task03b2c1/history/cycle2/independent/probes.mts.text
_goals/convex-backend-runtime-2026-10-02/qa/task03b2c1/history/cycle2/independent/probes.stderr
_goals/convex-backend-runtime-2026-10-02/qa/task03b2c1/history/cycle2/independent/write-error-output-controls.mts.initial
_goals/convex-backend-runtime-2026-10-02/qa/task03b2c1/history/cycle2/independent/lint.stdout
_goals/convex-backend-runtime-2026-10-02/qa/task03b2c1/history/cycle2/independent/history-verification.json
_goals/convex-backend-runtime-2026-10-02/qa/task03b2c1/history/cycle2/independent/write-error-output-controls.mts.text
_goals/convex-backend-runtime-2026-10-02/qa/task03b2c1/history/cycle2/independent/backend-types.stderr
_goals/convex-backend-runtime-2026-10-02/qa/task03b2c1/history/cycle2/independent/write-error-output-command.json
_goals/convex-backend-runtime-2026-10-02/qa/task03b2c1/history/cycle2/independent/whitespace.stdout
_goals/convex-backend-runtime-2026-10-02/qa/task03b2c1/history/cycle2/independent/native-tests.stderr
_goals/convex-backend-runtime-2026-10-02/qa/task03b2c1/history/cycle2/independent/write-error-output.stderr
_goals/convex-backend-runtime-2026-10-02/qa/task03b2c1/history/cycle2/independent/write-error-output-controls-command.json.initial
_goals/convex-backend-runtime-2026-10-02/qa/task03b2c1/history/cycle2/candidate/convex-dev/artifacts.ts.text
_goals/convex-backend-runtime-2026-10-02/qa/task03b2c1/history/cycle2/candidate/convex-dev/runtimeArtifactAuth.ts.text
_goals/convex-backend-runtime-2026-10-02/qa/task03b2c1/history/cycle2/candidate/convex-dev/schema.ts.text
_goals/convex-backend-runtime-2026-10-02/qa/task03b2c1/history/cycle2/candidate/tests/unit/runtimeArtifactAuth/handlers.test.ts.text
_goals/convex-backend-runtime-2026-10-02/qa/task03b2c1/history/cycle2/candidate/tests/unit/runtimeArtifactAuth/fixture.ts.text
_goals/convex-backend-runtime-2026-10-02/qa/task03b2c1/history/cycle2/candidate/tests/unit/runtimeArtifactAuth/inventory.test.ts.text
_goals/convex-backend-runtime-2026-10-02/qa/task03b2c1/history/cycle2/preservation-manifest.json
_goals/convex-backend-runtime-2026-10-02/qa/task03-metadata-native-errors/review2-evidence/accepted-copy/src/mutable/index.ts.text
_goals/convex-backend-runtime-2026-10-02/qa/task03-metadata-native-errors/review2-evidence/accepted-copy/src/mutable/validators.ts.text
_goals/convex-backend-runtime-2026-10-02/qa/task03-metadata-native-errors/review2-evidence/accepted-copy/src/conversations/index.ts.text
_goals/convex-backend-runtime-2026-10-02/qa/task03-metadata-native-errors/review2-evidence/accepted-copy/src/conversations/validators.ts.text
_goals/convex-backend-runtime-2026-10-02/qa/task03-metadata-native-errors/review2-evidence/accepted-copy/src/users/index.ts.text
_goals/convex-backend-runtime-2026-10-02/qa/task03-metadata-native-errors/review2-evidence/accepted-copy/src/users/validators.ts.text
_goals/convex-backend-runtime-2026-10-02/qa/task03-metadata-native-errors/review2-evidence/accepted-copy/src/users/schemas.ts.text
_goals/convex-backend-runtime-2026-10-02/qa/task03-metadata-native-errors/review2-evidence/accepted-copy/src/contexts/index.ts.text
_goals/convex-backend-runtime-2026-10-02/qa/task03-metadata-native-errors/review2-evidence/accepted-copy/src/contexts/validators.ts.text
_goals/convex-backend-runtime-2026-10-02/qa/task03-metadata-native-errors/review2-evidence/accepted-copy/src/index.ts.text
_goals/convex-backend-runtime-2026-10-02/qa/task03-metadata-native-errors/review2-evidence/accepted-copy/src/domain/contracts.ts.text
_goals/convex-backend-runtime-2026-10-02/qa/task03-metadata-native-errors/review2-evidence/accepted-copy/src/domain/profile.ts.text
_goals/convex-backend-runtime-2026-10-02/qa/task03-metadata-native-errors/review2-evidence/accepted-copy/src/domain/index.ts.text
_goals/convex-backend-runtime-2026-10-02/qa/task03-metadata-native-errors/review2-evidence/accepted-copy/src/domain/recall.ts.text
_goals/convex-backend-runtime-2026-10-02/qa/task03-metadata-native-errors/review2-evidence/accepted-copy/src/domain/slots.ts.text
_goals/convex-backend-runtime-2026-10-02/qa/task03-metadata-native-errors/review2-evidence/accepted-copy/src/domain/extraction.ts.text
_goals/convex-backend-runtime-2026-10-02/qa/task03-metadata-native-errors/review2-evidence/accepted-copy/src/domain/deduplication.ts.text
_goals/convex-backend-runtime-2026-10-02/qa/task03-metadata-native-errors/review2-evidence/accepted-copy/src/domain/conflicts.ts.text
_goals/convex-backend-runtime-2026-10-02/qa/task03-metadata-native-errors/review2-evidence/accepted-copy/src/domain/clock.ts.text
_goals/convex-backend-runtime-2026-10-02/qa/task03-metadata-native-errors/review2-evidence/accepted-copy/src/domain/sources.ts.text
_goals/convex-backend-runtime-2026-10-02/qa/task03-metadata-native-errors/review2-evidence/accepted-copy/src/resilience/index.ts.text
_goals/convex-backend-runtime-2026-10-02/qa/task03-metadata-native-errors/review2-evidence/accepted-copy/src/resilience/Semaphore.ts.text
_goals/convex-backend-runtime-2026-10-02/qa/task03-metadata-native-errors/review2-evidence/accepted-copy/src/resilience/PriorityQueue.ts.text
_goals/convex-backend-runtime-2026-10-02/qa/task03-metadata-native-errors/review2-evidence/accepted-copy/src/resilience/types.ts.text
_goals/convex-backend-runtime-2026-10-02/qa/task03-metadata-native-errors/review2-evidence/accepted-copy/src/resilience/priorities.ts.text
_goals/convex-backend-runtime-2026-10-02/qa/task03-metadata-native-errors/review2-evidence/accepted-copy/src/resilience/TokenBucket.ts.text
_goals/convex-backend-runtime-2026-10-02/qa/task03-metadata-native-errors/review2-evidence/accepted-copy/src/resilience/CircuitBreaker.ts.text
_goals/convex-backend-runtime-2026-10-02/qa/task03-metadata-native-errors/review2-evidence/accepted-copy/src/sharing/index.ts.text
_goals/convex-backend-runtime-2026-10-02/qa/task03b2c1/history/cycle1/independent/root-types.stdout
_goals/convex-backend-runtime-2026-10-02/qa/task03b2c1/history/cycle1/independent/discovery.stdout
_goals/convex-backend-runtime-2026-10-02/qa/task03b2c1/history/cycle1/independent/whitespace.stderr
_goals/convex-backend-runtime-2026-10-02/qa/task03b2c1/history/cycle1/independent/baseline-types.stderr
_goals/convex-backend-runtime-2026-10-02/qa/task03b2c1/history/cycle1/independent/adversarial.stderr
_goals/convex-backend-runtime-2026-10-02/qa/task03b2c1/history/cycle1/independent/scratch.txt
_goals/convex-backend-runtime-2026-10-02/qa/task03b2c1/history/cycle1/independent/inventory.stderr
_goals/convex-backend-runtime-2026-10-02/qa/task03b2c1/history/cycle1/independent/native-tests.json
_goals/convex-backend-runtime-2026-10-02/qa/task03b2c1/history/cycle1/independent/lint.stderr
_goals/convex-backend-runtime-2026-10-02/qa/task03b2c1/history/cycle1/independent/run-checks.py.text
_goals/convex-backend-runtime-2026-10-02/qa/task03b2c1/history/cycle1/independent/repeated-source-results.json
_goals/convex-backend-runtime-2026-10-02/qa/task03b2c1/history/cycle1/independent/tracked-preservation.json
_goals/convex-backend-runtime-2026-10-02/qa/task03b2c1/history/cycle1/independent/probe-results.json
_goals/convex-backend-runtime-2026-10-02/qa/task03b2c1/history/cycle1/independent/adversarial.stdout
_goals/convex-backend-runtime-2026-10-02/qa/task03b2c1/history/cycle1/independent/commands.json
_goals/convex-backend-runtime-2026-10-02/qa/task03-metadata-native-errors/review2-evidence/accepted-copy/src/sessions/index.ts.text
_goals/convex-backend-runtime-2026-10-02/qa/task03-metadata-native-errors/review2-evidence/accepted-copy/src/sessions/validators.ts.text
_goals/convex-backend-runtime-2026-10-02/qa/task03-metadata-native-errors/review2-evidence/accepted-copy/src/sessions/types.ts.text
_goals/convex-backend-runtime-2026-10-02/qa/task03b2c1/history/cycle1/independent/catalog/public-path-inventory.json
_goals/convex-backend-runtime-2026-10-02/qa/task03b2c1/history/cycle1/independent/root-types.stderr
_goals/convex-backend-runtime-2026-10-02/qa/task03b2c1/history/cycle1/independent/manifest.original.json
_goals/convex-backend-runtime-2026-10-02/qa/task03b2c1/history/cycle1/independent/repeated-source.mts.text
_goals/convex-backend-runtime-2026-10-02/qa/task03b2c1/history/cycle1/independent/report.md
_goals/convex-backend-runtime-2026-10-02/qa/task03b2c1/history/cycle1/independent/source-verification-after.json
_goals/convex-backend-runtime-2026-10-02/qa/task03b2c1/history/cycle1/independent/probes.stdout
_goals/convex-backend-runtime-2026-10-02/qa/task03b2c1/history/cycle1/independent/scoped-types.stdout
_goals/convex-backend-runtime-2026-10-02/qa/task03b2c1/history/cycle1/independent/repeated-source.stdout
_goals/convex-backend-runtime-2026-10-02/qa/task03b2c1/history/cycle1/independent/scoped-types.stderr
_goals/convex-backend-runtime-2026-10-02/qa/task03b2c1/history/cycle1/independent/adversarial-summary.json
_goals/convex-backend-runtime-2026-10-02/qa/task03b2c1/history/cycle1/independent/discovery.stderr
_goals/convex-backend-runtime-2026-10-02/qa/task03b2c1/history/cycle1/independent/adversarial-results.json
_goals/convex-backend-runtime-2026-10-02/qa/task03b2c1/history/cycle1/independent/backend-types.stdout
_goals/convex-backend-runtime-2026-10-02/qa/task03b2c1/history/cycle1/independent/baseline-types.stdout
_goals/convex-backend-runtime-2026-10-02/qa/task03b2c1/history/cycle1/independent/native-tests.stdout
_goals/convex-backend-runtime-2026-10-02/qa/task03b2c1/history/cycle1/independent/tool-versions.json
_goals/convex-backend-runtime-2026-10-02/qa/task03b2c1/history/cycle1/independent/inventory.stdout
_goals/convex-backend-runtime-2026-10-02/qa/task03b2c1/history/cycle1/independent/repeated-source.stderr
_goals/convex-backend-runtime-2026-10-02/qa/task03b2c1/history/cycle1/independent/source-verification-before.json
_goals/convex-backend-runtime-2026-10-02/qa/task03b2c1/history/cycle1/independent/adversarial.mts.text
_goals/convex-backend-runtime-2026-10-02/qa/task03b2c1/history/cycle1/independent/probes.mts.text
_goals/convex-backend-runtime-2026-10-02/qa/task03b2c1/history/cycle1/independent/probes.stderr
_goals/convex-backend-runtime-2026-10-02/qa/task03b2c1/history/cycle1/independent/lint.stdout
_goals/convex-backend-runtime-2026-10-02/qa/task03b2c1/history/cycle1/independent/backend-types.stderr
_goals/convex-backend-runtime-2026-10-02/qa/task03b2c1/history/cycle1/independent/whitespace.stdout
_goals/convex-backend-runtime-2026-10-02/qa/task03b2c1/history/cycle1/independent/native-tests.stderr
_goals/convex-backend-runtime-2026-10-02/qa/task03-metadata-native-errors/review2-evidence/accepted-copy/src/facts/history.ts.text
_goals/convex-backend-runtime-2026-10-02/qa/task03-metadata-native-errors/review2-evidence/accepted-copy/src/facts/conflict-prompts.ts.text
_goals/convex-backend-runtime-2026-10-02/qa/task03-metadata-native-errors/review2-evidence/accepted-copy/src/facts/index.ts.text
_goals/convex-backend-runtime-2026-10-02/qa/task03-metadata-native-errors/review2-evidence/accepted-copy/src/facts/slot-matching.ts.text
_goals/convex-backend-runtime-2026-10-02/qa/task03-metadata-native-errors/review2-evidence/accepted-copy/src/facts/validators.ts.text
_goals/convex-backend-runtime-2026-10-02/qa/task03-metadata-native-errors/review2-evidence/accepted-copy/src/facts/belief-revision.ts.text
_goals/convex-backend-runtime-2026-10-02/qa/task03-metadata-native-errors/review2-evidence/accepted-copy/src/facts/deduplication.ts.text
_goals/convex-backend-runtime-2026-10-02/qa/task03-metadata-native-errors/review2-evidence/accepted-copy/src/governance/index.ts.text
_goals/convex-backend-runtime-2026-10-02/qa/task03-metadata-native-errors/review2-evidence/accepted-copy/src/governance/validators.ts.text
_goals/convex-backend-runtime-2026-10-02/qa/task03-metadata-native-errors/review2-evidence/accepted-copy/src/a2a/index.ts.text
_goals/convex-backend-runtime-2026-10-02/qa/task03-metadata-native-errors/review2-evidence/accepted-copy/src/a2a/validators.ts.text
_goals/convex-backend-runtime-2026-10-02/qa/task03b2c1/history/cycle1/candidate/convex-dev/artifacts.ts.text
_goals/convex-backend-runtime-2026-10-02/qa/task03b2c1/history/cycle1/candidate/convex-dev/runtimeArtifactAuth.ts.text
_goals/convex-backend-runtime-2026-10-02/qa/task03b2c1/history/cycle1/candidate/convex-dev/schema.ts.text
_goals/convex-backend-runtime-2026-10-02/qa/task03-metadata-native-errors/review2-evidence/accepted-copy/src/artifacts/index.ts.text
_goals/convex-backend-runtime-2026-10-02/qa/task03-metadata-native-errors/review2-evidence/accepted-copy/src/artifacts/validators.ts.text
_goals/convex-backend-runtime-2026-10-02/qa/task03-metadata-native-errors/review2-evidence/accepted-copy/src/types/index.ts.text
_goals/convex-backend-runtime-2026-10-02/qa/task03-metadata-native-errors/review2-evidence/accepted-copy/src/types/streaming.ts.text
_goals/convex-backend-runtime-2026-10-02/qa/task03-metadata-native-errors/review2-evidence/accepted-copy/src/config.ts.text
_goals/convex-backend-runtime-2026-10-02/qa/task03b2c1/history/cycle1/candidate/tests/unit/runtimeArtifactAuth/handlers.test.ts.text
_goals/convex-backend-runtime-2026-10-02/qa/task03b2c1/history/cycle1/candidate/tests/unit/runtimeArtifactAuth/fixture.ts.text
_goals/convex-backend-runtime-2026-10-02/qa/task03b2c1/history/cycle1/candidate/tests/unit/runtimeArtifactAuth/inventory.test.ts.text
_goals/convex-backend-runtime-2026-10-02/qa/task03b2c1/history/cycle1/preservation-manifest.json
_goals/convex-backend-runtime-2026-10-02/qa/task03-metadata-native-errors/review2-evidence/accepted-copy/src/graph/adapters/CypherGraphAdapter.ts.text
_goals/convex-backend-runtime-2026-10-02/qa/task03c2-live-harness-review3-evidence/setup.json
_goals/convex-backend-runtime-2026-10-02/qa/task03-metadata-native-errors/review2-evidence/accepted-copy/src/graph/index.ts.text
_goals/convex-backend-runtime-2026-10-02/qa/task03-metadata-native-errors/review2-evidence/accepted-copy/src/graph/types.ts.text
_goals/convex-backend-runtime-2026-10-02/qa/task03b2b1/history/cycle3-final/independent/jest-cache/jest-transform-cache-ae93b4afe3d2e076d6af13ddb5d25831-33e9a252a52783adb262261baf4dff05/7a/index_7a615cb8cedaee417f289d536dfd3bad.map
_goals/convex-backend-runtime-2026-10-02/qa/task03b2b1/history/cycle3-final/independent/jest-cache/jest-transform-cache-ae93b4afe3d2e076d6af13ddb5d25831-33e9a252a52783adb262261baf4dff05/7a/index_7a615cb8cedaee417f289d536dfd3bad
_goals/convex-backend-runtime-2026-10-02/qa/task03b2b1/history/cycle3-final/independent/jest-cache/jest-transform-cache-ae93b4afe3d2e076d6af13ddb5d25831-33e9a252a52783adb262261baf4dff05/7a/validators_7a960d6c86ad2213893755f9d5c1728f.map
_goals/convex-backend-runtime-2026-10-02/qa/task03b2b1/history/cycle3-final/independent/jest-cache/jest-transform-cache-ae93b4afe3d2e076d6af13ddb5d25831-33e9a252a52783adb262261baf4dff05/7a/validators_7a960d6c86ad2213893755f9d5c1728f
_goals/convex-backend-runtime-2026-10-02/qa/task03-metadata-native-errors/review2-evidence/accepted-copy/src/graph/schema/initSchema.ts.text
_goals/convex-backend-runtime-2026-10-02/qa/task03-metadata-native-errors/review2-evidence/accepted-copy/src/graph/worker/GraphSyncWorker.ts.text
_goals/convex-backend-runtime-2026-10-02/qa/task03b2b1/history/cycle3-final/independent/jest-cache/jest-transform-cache-ae93b4afe3d2e076d6af13ddb5d25831-33e9a252a52783adb262261baf4dff05/38/audit_logging_38c67d098cb0c98a540c17b21a6887da
_goals/convex-backend-runtime-2026-10-02/qa/task03b2b1/history/cycle3-final/independent/jest-cache/jest-transform-cache-ae93b4afe3d2e076d6af13ddb5d25831-33e9a252a52783adb262261baf4dff05/38/audit_logging_38c67d098cb0c98a540c17b21a6887da.map
_goals/convex-backend-runtime-2026-10-02/qa/task03b2b1/history/cycle3-final/independent/jest-cache/jest-transform-cache-ae93b4afe3d2e076d6af13ddb5d25831-33e9a252a52783adb262261baf4dff05/97/compare_97ccc55ffe813c59a5a7260717faac01.map
_goals/convex-backend-runtime-2026-10-02/qa/task03b2b1/history/cycle3-final/independent/jest-cache/jest-transform-cache-ae93b4afe3d2e076d6af13ddb5d25831-33e9a252a52783adb262261baf4dff05/97/compare_97ccc55ffe813c59a5a7260717faac01
_goals/convex-backend-runtime-2026-10-02/qa/task03-metadata-native-errors/review2-evidence/accepted-copy/src/graph/sync/index.ts.text
_goals/convex-backend-runtime-2026-10-02/qa/task03-metadata-native-errors/review2-evidence/accepted-copy/src/graph/sync/batchSync.ts.text
_goals/convex-backend-runtime-2026-10-02/qa/task03-metadata-native-errors/review2-evidence/accepted-copy/src/graph/sync/syncDeletes.ts.text
_goals/convex-backend-runtime-2026-10-02/qa/task03-metadata-native-errors/review2-evidence/accepted-copy/src/graph/sync/syncRelationships.ts.text
_goals/convex-backend-runtime-2026-10-02/qa/task03-metadata-native-errors/review2-evidence/accepted-copy/src/graph/sync/syncUtils.ts.text
_goals/convex-backend-runtime-2026-10-02/qa/task03-metadata-native-errors/review2-evidence/accepted-copy/src/graph/sync/orphanDetection.ts.text
_goals/convex-backend-runtime-2026-10-02/qa/task03-metadata-native-errors/review2-evidence/accepted-copy/src/graph/README.md
_goals/convex-backend-runtime-2026-10-02/qa/task03b2b1/history/cycle3-final/independent/jest-cache/jest-transform-cache-ae93b4afe3d2e076d6af13ddb5d25831-33e9a252a52783adb262261baf4dff05/0d/registration_impl_0d1d08a361e0b528f4e4903861f42ff5
_goals/convex-backend-runtime-2026-10-02/qa/task03b2b1/history/cycle3-final/independent/jest-cache/jest-transform-cache-ae93b4afe3d2e076d6af13ddb5d25831-33e9a252a52783adb262261baf4dff05/0d/registration_impl_0d1d08a361e0b528f4e4903861f42ff5.map
_goals/convex-backend-runtime-2026-10-02/qa/task03c2-live-harness-review3-evidence/results/receipt-inventory.json
_goals/convex-backend-runtime-2026-10-02/qa/task03c2-live-harness-review3-evidence/results/initial-hygiene-failure.json
_goals/convex-backend-runtime-2026-10-02/qa/task03c2-live-harness-review3-evidence/results/three-original-counterexamples.json
_goals/convex-backend-runtime-2026-10-02/qa/task03c2-live-harness-review3-evidence/results/operator-integration.json
_goals/convex-backend-runtime-2026-10-02/qa/task03c2-live-harness-review3-evidence/results/initial-setup-failure.txt
_goals/convex-backend-runtime-2026-10-02/qa/task03c2-live-harness-review3-evidence/results/provenance.json
_goals/convex-backend-runtime-2026-10-02/qa/task03c2-live-harness-review3-evidence/results/preservation.json
_goals/convex-backend-runtime-2026-10-02/qa/task03c2-live-harness-review3-evidence/results/history-integrity.json
_goals/convex-backend-runtime-2026-10-02/qa/task03c2-live-harness-review3-evidence/results/report-completeness.json
_goals/convex-backend-runtime-2026-10-02/qa/task03c2-live-harness-review3-evidence/results/key-comparison.json
_goals/convex-backend-runtime-2026-10-02/qa/task03c2-live-harness-review3-evidence/results/initial-setup.json.text
_goals/convex-backend-runtime-2026-10-02/qa/task03c2-live-harness-review3-evidence/results/quality.json
_goals/convex-backend-runtime-2026-10-02/qa/task03c2-live-harness-review3-evidence/results/initial-provenance-failure.json
_goals/convex-backend-runtime-2026-10-02/qa/task03c2-live-harness-review3-evidence/results/privacy.json
_goals/convex-backend-runtime-2026-10-02/qa/task03c2-live-harness-review3-evidence/results/environment.json
_goals/convex-backend-runtime-2026-10-02/qa/task03c2-live-harness-review3-evidence/results/protected-byte-comparison.json
_goals/convex-backend-runtime-2026-10-02/qa/task03c2-live-harness-review3-evidence/results/reviewer-hygiene-timeout.txt
_goals/convex-backend-runtime-2026-10-02/qa/task03c2-live-harness-review3-evidence/results/initial-commands-literal-newline.json.text
_goals/convex-backend-runtime-2026-10-02/qa/task03c2-live-harness-review3-evidence/results/replays.json
_goals/convex-backend-runtime-2026-10-02/qa/task03c2-live-harness-review3-evidence/results/private-output.json
_goals/convex-backend-runtime-2026-10-02/qa/task03c2-live-harness-review3-evidence/results/initial-before.json.text
_goals/convex-backend-runtime-2026-10-02/qa/task03c2-live-harness-review3-evidence/commands.json
_goals/convex-backend-runtime-2026-10-02/qa/task03c2-live-harness-review3-evidence/original-manifest.json
_goals/convex-backend-runtime-2026-10-02/qa/task03b2b1/history/cycle3-final/independent/jest-cache/jest-transform-cache-ae93b4afe3d2e076d6af13ddb5d25831-33e9a252a52783adb262261baf4dff05/99/authentication_impl_999680cc463d4ebd908617ec594204a8.map
_goals/convex-backend-runtime-2026-10-02/qa/task03b2b1/history/cycle3-final/independent/jest-cache/jest-transform-cache-ae93b4afe3d2e076d6af13ddb5d25831-33e9a252a52783adb262261baf4dff05/99/authentication_impl_999680cc463d4ebd908617ec594204a8
_goals/convex-backend-runtime-2026-10-02/qa/task03b2b1/history/cycle3-final/independent/jest-cache/jest-transform-cache-ae93b4afe3d2e076d6af13ddb5d25831-33e9a252a52783adb262261baf4dff05/9e/search_filter_builder_9e4a3b8b75c7a052faecd21efb12cdc2
_goals/convex-backend-runtime-2026-10-02/qa/task03b2b1/history/cycle3-final/independent/jest-cache/jest-transform-cache-ae93b4afe3d2e076d6af13ddb5d25831-33e9a252a52783adb262261baf4dff05/9e/search_filter_builder_9e4a3b8b75c7a052faecd21efb12cdc2.map
_goals/convex-backend-runtime-2026-10-02/qa/task03-metadata-native-errors/review2-evidence/accepted-copy/src/immutable/index.ts.text
_goals/convex-backend-runtime-2026-10-02/qa/task03-metadata-native-errors/review2-evidence/accepted-copy/src/immutable/validators.ts.text
_goals/convex-backend-runtime-2026-10-02/qa/task03-metadata-native-errors/review2-evidence/accepted-copy/src/llm/index.ts.text
_goals/convex-backend-runtime-2026-10-02/qa/task03c2-live-harness-review3-evidence/scripts/privacy-initial-escaping-failed.py.text
_goals/convex-backend-runtime-2026-10-02/qa/task03c2-live-harness-review3-evidence/scripts/quality.py.text
_goals/convex-backend-runtime-2026-10-02/qa/task03c2-live-harness-review3-evidence/scripts/operator-loader.mjs.text
_goals/convex-backend-runtime-2026-10-02/qa/task03c2-live-harness-review3-evidence/scripts/reviewlib.py.text
_goals/convex-backend-runtime-2026-10-02/qa/task03c2-live-harness-review3-evidence/scripts/report-completeness.py.text
_goals/convex-backend-runtime-2026-10-02/qa/task03c2-live-harness-review3-evidence/scripts/privacy.py.text
_goals/convex-backend-runtime-2026-10-02/qa/task03c2-live-harness-review3-evidence/scripts/three-original-counterexamples.mjs.text
_goals/convex-backend-runtime-2026-10-02/qa/task03c2-live-harness-review3-evidence/scripts/history.py.text
_goals/convex-backend-runtime-2026-10-02/qa/task03c2-live-harness-review3-evidence/scripts/key-comparison.mjs.text
_goals/convex-backend-runtime-2026-10-02/qa/task03c2-live-harness-review3-evidence/scripts/history-final.py.text
_goals/convex-backend-runtime-2026-10-02/qa/task03c2-live-harness-review3-evidence/scripts/finalize.py.text
_goals/convex-backend-runtime-2026-10-02/qa/task03c2-live-harness-review3-evidence/scripts/provenance.py.text
_goals/convex-backend-runtime-2026-10-02/qa/task03c2-live-harness-review3-evidence/scripts/final-preservation.py.text
_goals/convex-backend-runtime-2026-10-02/qa/task03c2-live-harness-review3-evidence/scripts/replays.py.text
_goals/convex-backend-runtime-2026-10-02/qa/task03c2-live-harness-review3-evidence/scripts/operator-guard-standin.mjs.text
_goals/convex-backend-runtime-2026-10-02/qa/task03c2-live-harness-review3-evidence/scripts/environment.py.text
_goals/convex-backend-runtime-2026-10-02/qa/task03c2-live-harness-review3-evidence/scripts/operator-register.mjs.text
_goals/convex-backend-runtime-2026-10-02/qa/task03c2-live-harness-review3-evidence/scripts/operator-integration.mjs.text
_goals/convex-backend-runtime-2026-10-02/qa/task03c2-live-harness-review3-evidence/scripts/protected.py.text
_goals/convex-backend-runtime-2026-10-02/qa/task03c2-live-harness-review3-evidence/report.md
_goals/convex-backend-runtime-2026-10-02/qa/task03c2-live-harness-review3-evidence/after.json
_goals/convex-backend-runtime-2026-10-02/qa/task03c2-live-harness-review3-evidence/before.json
_goals/convex-backend-runtime-2026-10-02/qa/task03c2-live-harness-review3-evidence/user.npmrc.text
_goals/convex-backend-runtime-2026-10-02/qa/task03c2-live-harness-review3-evidence/preservation-manifest.json
_goals/convex-backend-runtime-2026-10-02/qa/task03c2-live-harness-review3-evidence/global.npmrc.text
_goals/convex-backend-runtime-2026-10-02/qa/task03-metadata-native-errors/review2-evidence/accepted-copy/src/attachments/index.ts.text
_goals/convex-backend-runtime-2026-10-02/qa/task03-metadata-native-errors/review2-evidence/accepted-copy/src/attachments/validators.ts.text
_goals/convex-backend-runtime-2026-10-02/qa/task03b2b1/history/cycle3-final/independent/jest-cache/jest-transform-cache-ae93b4afe3d2e076d6af13ddb5d25831-33e9a252a52783adb262261baf4dff05/4a/cron_4a8696ecc7852f09299ca0e6c4fe28f1.map
_goals/convex-backend-runtime-2026-10-02/qa/task03b2b1/history/cycle3-final/independent/jest-cache/jest-transform-cache-ae93b4afe3d2e076d6af13ddb5d25831-33e9a252a52783adb262261baf4dff05/4a/storage_4ab1774f65b64e1faad728689be1b656
_goals/convex-backend-runtime-2026-10-02/qa/task03b2b1/history/cycle3-final/independent/jest-cache/jest-transform-cache-ae93b4afe3d2e076d6af13ddb5d25831-33e9a252a52783adb262261baf4dff05/4a/storage_4ab1774f65b64e1faad728689be1b656.map
_goals/convex-backend-runtime-2026-10-02/qa/task03b2b1/history/cycle3-final/independent/jest-cache/jest-transform-cache-ae93b4afe3d2e076d6af13ddb5d25831-33e9a252a52783adb262261baf4dff05/4a/cron_4a8696ecc7852f09299ca0e6c4fe28f1
_goals/convex-backend-runtime-2026-10-02/qa/task03b2b1/history/cycle3-final/independent/jest-cache/jest-transform-cache-ae93b4afe3d2e076d6af13ddb5d25831-33e9a252a52783adb262261baf4dff05/af/size_af4e19b4992d800def044c6a3eca52a3
_goals/convex-backend-runtime-2026-10-02/qa/task03b2b1/history/cycle3-final/independent/jest-cache/jest-transform-cache-ae93b4afe3d2e076d6af13ddb5d25831-33e9a252a52783adb262261baf4dff05/af/size_af4e19b4992d800def044c6a3eca52a3.map
_goals/convex-backend-runtime-2026-10-02/qa/task03-metadata-native-errors/review2-evidence/accepted-copy/src/memory/recall/index.ts.text
_goals/convex-backend-runtime-2026-10-02/qa/task03-metadata-native-errors/review2-evidence/accepted-copy/src/memory/recall/resultProcessor.ts.text
_goals/convex-backend-runtime-2026-10-02/qa/task03-metadata-native-errors/review2-evidence/accepted-copy/src/memory/recall/graphEnhancement.ts.text
_goals/convex-backend-runtime-2026-10-02/qa/task03-metadata-native-errors/review2-evidence/accepted-copy/src/memory/index.ts.text
_goals/convex-backend-runtime-2026-10-02/qa/task03-metadata-native-errors/review2-evidence/accepted-copy/src/memory/validators.ts.text
_goals/convex-backend-runtime-2026-10-02/qa/task03-metadata-native-errors/review2-evidence/accepted-copy/src/memory/streamUtils.ts.text
_goals/convex-backend-runtime-2026-10-02/qa/task03b2b1/history/cycle3-final/independent/jest-cache/jest-transform-cache-ae93b4afe3d2e076d6af13ddb5d25831-33e9a252a52783adb262261baf4dff05/75/api_757d0c2ae8f1073db267d1f70cf5ffde.map
_goals/convex-backend-runtime-2026-10-02/qa/task03b2b1/history/cycle3-final/independent/jest-cache/jest-transform-cache-ae93b4afe3d2e076d6af13ddb5d25831-33e9a252a52783adb262261baf4dff05/75/api_757d0c2ae8f1073db267d1f70cf5ffde
_goals/convex-backend-runtime-2026-10-02/qa/task03b2b1/history/cycle3-final/independent/jest-cache/jest-transform-cache-ae93b4afe3d2e076d6af13ddb5d25831-33e9a252a52783adb262261baf4dff05/b6/search_filter_builder_impl_b618e3628c6eb984578f5316cf3a135c.map
_goals/convex-backend-runtime-2026-10-02/qa/task03b2b1/history/cycle3-final/independent/jest-cache/jest-transform-cache-ae93b4afe3d2e076d6af13ddb5d25831-33e9a252a52783adb262261baf4dff05/b6/search_filter_builder_impl_b618e3628c6eb984578f5316cf3a135c
_goals/convex-backend-runtime-2026-10-02/qa/task03-metadata-native-errors/review2-evidence/accepted-copy/src/memory/streaming/ErrorRecovery.ts.text
_goals/convex-backend-runtime-2026-10-02/qa/task03-metadata-native-errors/review2-evidence/accepted-copy/src/memory/streaming/StreamProcessor.ts.text
_goals/convex-backend-runtime-2026-10-02/qa/task03-metadata-native-errors/review2-evidence/accepted-copy/src/memory/streaming/ProgressiveStorageHandler.ts.text
_goals/convex-backend-runtime-2026-10-02/qa/task03-metadata-native-errors/review2-evidence/accepted-copy/src/memory/streaming/FactExtractor.ts.text
_goals/convex-backend-runtime-2026-10-02/qa/task03-metadata-native-errors/review2-evidence/accepted-copy/src/memory/streaming/ChunkingStrategies.ts.text
_goals/convex-backend-runtime-2026-10-02/qa/task03-metadata-native-errors/review2-evidence/accepted-copy/src/memory/streaming/StreamMetrics.ts.text
_goals/convex-backend-runtime-2026-10-02/qa/task03-metadata-native-errors/review2-evidence/accepted-copy/src/memory/streaming/ProgressiveGraphSync.ts.text
_goals/convex-backend-runtime-2026-10-02/qa/task03-metadata-native-errors/review2-evidence/accepted-copy/src/memory/streaming/AdaptiveProcessor.ts.text
_goals/convex-backend-runtime-2026-10-02/qa/task03-metadata-native-errors/review2-evidence/accepted-copy/src/vector/index.ts.text
_goals/convex-backend-runtime-2026-10-02/qa/task03-metadata-native-errors/review2-evidence/accepted-copy/src/vector/validators.ts.text
_goals/convex-backend-runtime-2026-10-02/qa/task03b2b1/history/cycle3-final/independent/jest-cache/jest-transform-cache-ae93b4afe3d2e076d6af13ddb5d25831-33e9a252a52783adb262261baf4dff05/49/closureRepairtest_4985fa74160188ae149a21d6d53186a5
_goals/convex-backend-runtime-2026-10-02/qa/task03b2b1/history/cycle3-final/independent/jest-cache/jest-transform-cache-ae93b4afe3d2e076d6af13ddb5d25831-33e9a252a52783adb262261baf4dff05/49/closureRepairtest_4985fa74160188ae149a21d6d53186a5.map
_goals/convex-backend-runtime-2026-10-02/qa/task03c2-live-harness-review3-evidence/source-context/_goals--convex-backend-runtime-2026-10-02--qa--task03c2-live-harness-review-1.md
_goals/convex-backend-runtime-2026-10-02/qa/task03c2-live-harness-review3-evidence/source-context/_goals--convex-backend-runtime-2026-10-02--implementation-prompt.md
_goals/convex-backend-runtime-2026-10-02/qa/task03c2-live-harness-review3-evidence/source-context/eslint.config.js.text
_goals/convex-backend-runtime-2026-10-02/qa/task03c2-live-harness-review3-evidence/source-context/_goals--convex-backend-runtime-2026-10-02--qa--task03c2-live-harness-review-2.md
_goals/convex-backend-runtime-2026-10-02/qa/task03c2-live-harness-review3-evidence/source-context/work--backend-runtime--task03c2-live-fixture--eslint.config.mjs.text
_goals/convex-backend-runtime-2026-10-02/qa/task03c2-live-harness-review3-evidence/source-context/work--backend-runtime--task03c2-harness-review3-prompt.md
_goals/convex-backend-runtime-2026-10-02/qa/task03c2-live-harness-review3-evidence/source-context/node_modules--convex--src--cli--run.ts.text
_goals/convex-backend-runtime-2026-10-02/qa/task03c2-live-harness-review3-evidence/source-context/node_modules--convex--src--values--value.ts.text
_goals/convex-backend-runtime-2026-10-02/qa/task03c2-live-harness-review3-evidence/source-context/_goals--convex-backend-runtime-2026-10-02--qa--task03-metadata-native-errors--followup-review-2.md
_goals/convex-backend-runtime-2026-10-02/qa/task03c2-live-harness-review3-evidence/source-context/node_modules--convex--src--browser--logging.ts.text
_goals/convex-backend-runtime-2026-10-02/qa/task03b2b1/history/cycle3-final/independent/core-cache/jest-transform-cache-111991a7f2874bb409a36b9a8f55c84c-33e9a252a52783adb262261baf4dff05/ff/value_ff1687748aeec088d6f748b078272582
_goals/convex-backend-runtime-2026-10-02/qa/task03b2b1/history/cycle3-final/independent/core-cache/jest-transform-cache-111991a7f2874bb409a36b9a8f55c84c-33e9a252a52783adb262261baf4dff05/ff/vector_search_impl_ffffa7609380e7f09fbdf358cd8d169b
_goals/convex-backend-runtime-2026-10-02/qa/task03b2b1/history/cycle3-final/independent/core-cache/jest-transform-cache-111991a7f2874bb409a36b9a8f55c84c-33e9a252a52783adb262261baf4dff05/ff/value_ff1687748aeec088d6f748b078272582.map
_goals/convex-backend-runtime-2026-10-02/qa/task03-metadata-native-errors/review2-evidence/accepted-copy/src/memorySpaces/index.ts.text
_goals/convex-backend-runtime-2026-10-02/qa/task03-metadata-native-errors/review2-evidence/accepted-copy/src/memorySpaces/validators.ts.text
_goals/convex-backend-runtime-2026-10-02/qa/task03b2b1/history/cycle3-final/independent/jest-cache/jest-transform-cache-ae93b4afe3d2e076d6af13ddb5d25831-33e9a252a52783adb262261baf4dff05/7c/index_7cf42ccee871a9dfee2fb50849d04495.map
_goals/convex-backend-runtime-2026-10-02/qa/task03b2b1/history/cycle3-final/independent/jest-cache/jest-transform-cache-ae93b4afe3d2e076d6af13ddb5d25831-33e9a252a52783adb262261baf4dff05/7c/index_7cf42ccee871a9dfee2fb50849d04495
_goals/convex-backend-runtime-2026-10-02/qa/task03b2b1/history/cycle3-final/independent/core-cache/jest-transform-cache-111991a7f2874bb409a36b9a8f55c84c-33e9a252a52783adb262261baf4dff05/8c/paths_8c7557418aed2bcdfe81b087dd11d325
_goals/convex-backend-runtime-2026-10-02/qa/task03-metadata-native-errors/review2-evidence/accepted-copy/src/auth/credentials.ts.text
_goals/convex-backend-runtime-2026-10-02/qa/task03b2b1/history/cycle3-final/independent/core-cache/jest-transform-cache-111991a7f2874bb409a36b9a8f55c84c-33e9a252a52783adb262261baf4dff05/8c/paths_8c7557418aed2bcdfe81b087dd11d325.map
_goals/convex-backend-runtime-2026-10-02/qa/task03-metadata-native-errors/review2-evidence/accepted-copy/src/auth/context.ts.text
_goals/convex-backend-runtime-2026-10-02/qa/task03-metadata-native-errors/review2-evidence/accepted-copy/src/auth/index.ts.text
_goals/convex-backend-runtime-2026-10-02/qa/task03-metadata-native-errors/review2-evidence/accepted-copy/src/auth/validators.ts.text
_goals/convex-backend-runtime-2026-10-02/qa/task03-metadata-native-errors/review2-evidence/accepted-copy/src/auth/types.ts.text
_goals/convex-backend-runtime-2026-10-02/qa/task03-metadata-native-errors/review2-evidence/accepted-copy/src/auth/tenant.ts.text
_goals/convex-backend-runtime-2026-10-02/qa/task03-metadata-native-errors/review2-evidence/accepted-copy/src/auth/verified.ts.text
_goals/convex-backend-runtime-2026-10-02/qa/task03b2b1/history/cycle3-final/independent/core-cache/jest-transform-cache-111991a7f2874bb409a36b9a8f55c84c-33e9a252a52783adb262261baf4dff05/2f/cron_2f574ab2b8831a418703b02e0f1ed875.map
_goals/convex-backend-runtime-2026-10-02/qa/task03b2b1/history/cycle3-final/independent/jest-cache/jest-transform-cache-ae93b4afe3d2e076d6af13ddb5d25831-33e9a252a52783adb262261baf4dff05/02/filter_builder_impl_02a9357eab93ffa9c3d00d5c23c4c797.map
_goals/convex-backend-runtime-2026-10-02/qa/task03b2b1/history/cycle3-final/independent/core-cache/jest-transform-cache-111991a7f2874bb409a36b9a8f55c84c-33e9a252a52783adb262261baf4dff05/2f/cron_2f574ab2b8831a418703b02e0f1ed875
_goals/convex-backend-runtime-2026-10-02/qa/task03-metadata-native-errors/review2-evidence/accepted-copy/src/agents/index.ts.text
_goals/convex-backend-runtime-2026-10-02/qa/task03-metadata-native-errors/review2-evidence/accepted-copy/src/agents/validators.ts.text
_goals/convex-backend-runtime-2026-10-02/qa/task03-metadata-native-errors/review2-evidence/accepted-copy/src/runtime.ts.text
_goals/convex-backend-runtime-2026-10-02/qa/task03-metadata-native-errors/review2-evidence/accepted-copy/README.md
_goals/convex-backend-runtime-2026-10-02/qa/task03b2b1/history/cycle3-final/independent/core-cache/jest-transform-cache-111991a7f2874bb409a36b9a8f55c84c-33e9a252a52783adb262261baf4dff05/05/storage_impl_0503927fb1b10b887d37b876b7cdc80c
_goals/convex-backend-runtime-2026-10-02/qa/task03-metadata-native-errors/review2-evidence/accepted-copy/bin/npm
_goals/convex-backend-runtime-2026-10-02/qa/task03-metadata-native-errors/review2-evidence/accepted-copy/package-lock.json
_goals/convex-backend-runtime-2026-10-02/qa/task03-metadata-native-errors/review2-evidence/metadata-native-error-confirmation.mts.text
_goals/convex-backend-runtime-2026-10-02/qa/task03b2b1/history/cycle3-final/independent/jest-cache/jest-transform-cache-ae93b4afe3d2e076d6af13ddb5d25831-33e9a252a52783adb262261baf4dff05/02/filter_builder_impl_02a9357eab93ffa9c3d00d5c23c4c797
_goals/convex-backend-runtime-2026-10-02/qa/task03-metadata-native-errors/review2-evidence/after-snapshot.json
_goals/convex-backend-runtime-2026-10-02/qa/task03-metadata-native-errors/review2-evidence/run.py.text
_goals/convex-backend-runtime-2026-10-02/qa/task03-metadata-native-errors/review2-evidence/user.npmrc.text
_goals/convex-backend-runtime-2026-10-02/qa/task03-metadata-native-errors/review2-evidence/regression-required-denial.mjs.text
_goals/convex-backend-runtime-2026-10-02/qa/task03-metadata-native-errors/review2-evidence/preservation-final.json
_goals/convex-backend-runtime-2026-10-02/qa/task03b2b1/history/cycle3-final/independent/core-cache/jest-transform-cache-111991a7f2874bb409a36b9a8f55c84c-33e9a252a52783adb262261baf4dff05/05/storage_impl_0503927fb1b10b887d37b876b7cdc80c.map
_goals/convex-backend-runtime-2026-10-02/qa/task03b2b1/history/cycle3-final/independent/jest-cache/jest-transform-cache-ae93b4afe3d2e076d6af13ddb5d25831-33e9a252a52783adb262261baf4dff05/83/contexts_83159b37c68111be4e79c7ba2dd41488.map
_goals/convex-backend-runtime-2026-10-02/qa/task03b2b1/history/cycle3-final/independent/jest-cache/jest-transform-cache-ae93b4afe3d2e076d6af13ddb5d25831-33e9a252a52783adb262261baf4dff05/83/logVars_837af569f221707117fbad0f64d17302
_goals/convex-backend-runtime-2026-10-02/qa/task03b2b1/history/cycle3-final/independent/jest-cache/jest-transform-cache-ae93b4afe3d2e076d6af13ddb5d25831-33e9a252a52783adb262261baf4dff05/83/logVars_837af569f221707117fbad0f64d17302.map
_goals/convex-backend-runtime-2026-10-02/qa/task03b2b1/history/cycle3-final/independent/jest-cache/jest-transform-cache-ae93b4afe3d2e076d6af13ddb5d25831-33e9a252a52783adb262261baf4dff05/83/contexts_83159b37c68111be4e79c7ba2dd41488
_goals/convex-backend-runtime-2026-10-02/qa/task03b2b1/history/cycle3-final/independent/core-cache/jest-transform-cache-111991a7f2874bb409a36b9a8f55c84c-33e9a252a52783adb262261baf4dff05/da/syscall_daea7b38d0230d1ff4f3eefc7d698698.map
_goals/convex-backend-runtime-2026-10-02/qa/task03b2b1/history/cycle3-final/independent/core-cache/jest-transform-cache-111991a7f2874bb409a36b9a8f55c84c-33e9a252a52783adb262261baf4dff05/da/syscall_daea7b38d0230d1ff4f3eefc7d698698
_goals/convex-backend-runtime-2026-10-02/qa/task03b2b1/history/cycle3-final/independent/jest-cache/jest-transform-cache-ae93b4afe3d2e076d6af13ddb5d25831-33e9a252a52783adb262261baf4dff05/f4/fixture_f42a84127c3b979e0609dc4c7028fa21
_goals/convex-backend-runtime-2026-10-02/qa/task03b2b1/history/cycle3-final/independent/jest-cache/jest-transform-cache-ae93b4afe3d2e076d6af13ddb5d25831-33e9a252a52783adb262261baf4dff05/f4/fixture_f42a84127c3b979e0609dc4c7028fa21.map
_goals/convex-backend-runtime-2026-10-02/qa/task03b2b1/history/cycle3-final/independent/core-cache/jest-transform-cache-111991a7f2874bb409a36b9a8f55c84c-33e9a252a52783adb262261baf4dff05/ee/query_impl_ee43075f3e2820f0d3974a6afddc6989.map
_goals/convex-backend-runtime-2026-10-02/qa/task03b2b1/history/cycle3-final/independent/core-cache/jest-transform-cache-111991a7f2874bb409a36b9a8f55c84c-33e9a252a52783adb262261baf4dff05/ee/query_impl_ee43075f3e2820f0d3974a6afddc6989
_goals/convex-backend-runtime-2026-10-02/qa/task03-metadata-native-errors/review2-evidence/baseline-runtimeAuth.raw.ts.text
_goals/convex-backend-runtime-2026-10-02/qa/task03-metadata-native-errors/review2-evidence/verify-review.py.text
_goals/convex-backend-runtime-2026-10-02/qa/task03-metadata-native-errors/review2-evidence/auth.json
_goals/convex-backend-runtime-2026-10-02/qa/task03-metadata-native-errors/review2-evidence/batch.py.text
_goals/convex-backend-runtime-2026-10-02/qa/task03-metadata-native-errors/review2-evidence/current-required-denial.mjs.text
_goals/convex-backend-runtime-2026-10-02/qa/task03-metadata-native-errors/review2-evidence/baseline-immutable.ts.text
_goals/convex-backend-runtime-2026-10-02/qa/task03-metadata-native-errors/review2-evidence/accepted-copy-source-manifest.json
_goals/convex-backend-runtime-2026-10-02/qa/task03-metadata-native-errors/review2-evidence/baseline-sessions.raw.ts.text
_goals/convex-backend-runtime-2026-10-02/qa/task03-metadata-native-errors/review2-evidence/replay-batch.py.text
_goals/convex-backend-runtime-2026-10-02/qa/task03-metadata-native-errors/review2-evidence/framework-registration.json
_goals/convex-backend-runtime-2026-10-02/qa/task03-metadata-native-errors/review2-evidence/test-summary.json
_goals/convex-backend-runtime-2026-10-02/qa/task03-metadata-native-errors/review2-evidence/baseline-runtimeMetadataAuth.ts.text
_goals/convex-backend-runtime-2026-10-02/qa/task03-metadata-native-errors/review2-evidence/baseline-mutable.ts.text
_goals/convex-backend-runtime-2026-10-02/qa/task03-metadata-native-errors/review2-evidence/cycle1-runtimeMetadataAuth.raw.ts.text
_goals/convex-backend-runtime-2026-10-02/qa/task03-metadata-native-errors/review2-evidence/affected03A-independent-requirement-mapping.json
_goals/convex-backend-runtime-2026-10-02/qa/task03-metadata-native-errors/review2-evidence/selected.json
_goals/convex-backend-runtime-2026-10-02/qa/task03-metadata-native-errors/review2-evidence/receipts/root-lint.json
_goals/convex-backend-runtime-2026-10-02/qa/task03-metadata-native-errors/review2-evidence/receipts/selected.json
_goals/convex-backend-runtime-2026-10-02/qa/task03-metadata-native-errors/review2-evidence/receipts/backend-types.json
_goals/convex-backend-runtime-2026-10-02/qa/task03-metadata-native-errors/review2-evidence/receipts/final-main-status.json
_goals/convex-backend-runtime-2026-10-02/qa/task03-metadata-native-errors/review2-evidence/receipts/old-exact-finding-collector.json
_goals/convex-backend-runtime-2026-10-02/qa/task03-metadata-native-errors/review2-evidence/receipts/after-main-status.json
_goals/convex-backend-runtime-2026-10-02/qa/task03-metadata-native-errors/review2-evidence/receipts/current-required18.json
_goals/convex-backend-runtime-2026-10-02/qa/task03-metadata-native-errors/review2-evidence/global.npmrc.text
_goals/convex-backend-runtime-2026-10-02/qa/task03b2b1/history/cycle3-final/independent/jest-cache/jest-transform-cache-ae93b4afe3d2e076d6af13ddb5d25831-33e9a252a52783adb262261baf4dff05/3c/validate_3c5997e67b0620065ea16002f98d69bc
_goals/convex-backend-runtime-2026-10-02/qa/task03b2b1/history/cycle3-final/independent/jest-cache/jest-transform-cache-ae93b4afe3d2e076d6af13ddb5d25831-33e9a252a52783adb262261baf4dff05/3c/syscall_3c5d168f507af9f6bffe4a994553ffe7
_goals/convex-backend-runtime-2026-10-02/qa/task03b2b1/history/cycle3-final/independent/jest-cache/jest-transform-cache-ae93b4afe3d2e076d6af13ddb5d25831-33e9a252a52783adb262261baf4dff05/3c/validate_3c5997e67b0620065ea16002f98d69bc.map
_goals/convex-backend-runtime-2026-10-02/qa/task03b2b1/history/cycle3-final/independent/jest-cache/jest-transform-cache-ae93b4afe3d2e076d6af13ddb5d25831-33e9a252a52783adb262261baf4dff05/3c/syscall_3c5d168f507af9f6bffe4a994553ffe7.map
_goals/convex-backend-runtime-2026-10-02/qa/task03b2b1/history/cycle3-final/independent/jest-cache/jest-transform-cache-ae93b4afe3d2e076d6af13ddb5d25831-33e9a252a52783adb262261baf4dff05/5f/compare_utf8_5fd0cfb9ea9124384b457038cb1c5fa0
_goals/convex-backend-runtime-2026-10-02/qa/task03b2b1/history/cycle3-final/independent/jest-cache/jest-transform-cache-ae93b4afe3d2e076d6af13ddb5d25831-33e9a252a52783adb262261baf4dff05/5f/compare_utf8_5fd0cfb9ea9124384b457038cb1c5fa0.map
_goals/convex-backend-runtime-2026-10-02/qa/task03b2b1/history/cycle3-final/independent/jest-cache/jest-transform-cache-ae93b4afe3d2e076d6af13ddb5d25831-33e9a252a52783adb262261baf4dff05/87/functionName_87610b8498d3fc434f7c3f748a9fe1f7.map
_goals/convex-backend-runtime-2026-10-02/qa/task03b2b1/history/cycle3-final/independent/jest-cache/jest-transform-cache-ae93b4afe3d2e076d6af13ddb5d25831-33e9a252a52783adb262261baf4dff05/87/functionName_87610b8498d3fc434f7c3f748a9fe1f7
_goals/convex-backend-runtime-2026-10-02/qa/task03b2b1/history/cycle3-final/independent/jest-cache/jest-transform-cache-ae93b4afe3d2e076d6af13ddb5d25831-33e9a252a52783adb262261baf4dff05/c2/controlReadBoundarytest_c294451227fbec9c4dd7f34ecb6e510d
_goals/convex-backend-runtime-2026-10-02/qa/task03b2b1/history/cycle3-final/independent/jest-cache/jest-transform-cache-ae93b4afe3d2e076d6af13ddb5d25831-33e9a252a52783adb262261baf4dff05/c2/controlReadBoundarytest_c294451227fbec9c4dd7f34ecb6e510d.map
_goals/convex-backend-runtime-2026-10-02/qa/task03-metadata-native-errors/review2-evidence/receipts/independent-evidence-verification-final.json
_goals/convex-backend-runtime-2026-10-02/qa/task03-metadata-native-errors/review2-evidence/receipts/cycle1-original-finding-reproduction-final.json
_goals/convex-backend-runtime-2026-10-02/qa/task03-metadata-native-errors/review2-evidence/receipts/npm-version.json
_goals/convex-backend-runtime-2026-10-02/qa/task03-metadata-native-errors/review2-evidence/receipts/before-candidate-status.json
_goals/convex-backend-runtime-2026-10-02/qa/task03-metadata-native-errors/review2-evidence/receipts/historical-additional-probes.json
_goals/convex-backend-runtime-2026-10-02/qa/task03-metadata-native-errors/review2-evidence/receipts/ast-inventory.json
_goals/convex-backend-runtime-2026-10-02/qa/task03-metadata-native-errors/review2-evidence/receipts/discovery.json
_goals/convex-backend-runtime-2026-10-02/qa/task03-metadata-native-errors/review2-evidence/receipts/node-version.json
_goals/convex-backend-runtime-2026-10-02/qa/task03-metadata-native-errors/review2-evidence/receipts/diff-check.json
_goals/convex-backend-runtime-2026-10-02/qa/task03-metadata-native-errors/review2-evidence/receipts/extra-probes.json
_goals/convex-backend-runtime-2026-10-02/qa/task03-metadata-native-errors/review2-evidence/receipts/root-build.json
_goals/convex-backend-runtime-2026-10-02/qa/task03-metadata-native-errors/review2-evidence/receipts/cycle1-original-finding-reproduction.json
_goals/convex-backend-runtime-2026-10-02/qa/task03-metadata-native-errors/review2-evidence/receipts/current-required-denial.json
_goals/convex-backend-runtime-2026-10-02/qa/task03-metadata-native-errors/review2-evidence/receipts/native-registration.json
_goals/convex-backend-runtime-2026-10-02/qa/task03-metadata-native-errors/review2-evidence/receipts/native-baseline-canonical6.json
_goals/convex-backend-runtime-2026-10-02/qa/task03-metadata-native-errors/review2-evidence/receipts/after-candidate-status.json
_goals/convex-backend-runtime-2026-10-02/qa/task03-metadata-native-errors/review2-evidence/receipts/historical19-check-final.json
_goals/convex-backend-runtime-2026-10-02/qa/task03-metadata-native-errors/review2-evidence/receipts/closure-controls.json
_goals/convex-backend-runtime-2026-10-02/qa/task03-metadata-native-errors/review2-evidence/receipts/final-candidate-status.json
_goals/convex-backend-runtime-2026-10-02/qa/task03-metadata-native-errors/review2-evidence/receipts/independent-evidence-verification.json
_goals/convex-backend-runtime-2026-10-02/qa/task03-metadata-native-errors/review2-evidence/receipts/native-baseline-control6.json
_goals/convex-backend-runtime-2026-10-02/qa/task03-metadata-native-errors/review2-evidence/receipts/packed-contracts.json
_goals/convex-backend-runtime-2026-10-02/qa/task03-metadata-native-errors/review2-evidence/receipts/historical19-check.json
_goals/convex-backend-runtime-2026-10-02/qa/task03-metadata-native-errors/review2-evidence/receipts/scoped-types.json
_goals/convex-backend-runtime-2026-10-02/qa/task03-metadata-native-errors/review2-evidence/receipts/auth.json
_goals/convex-backend-runtime-2026-10-02/qa/task03-metadata-native-errors/review2-evidence/receipts/root-types.json
_goals/convex-backend-runtime-2026-10-02/qa/task03-metadata-native-errors/review2-evidence/receipts/boundary-probes.json
_goals/convex-backend-runtime-2026-10-02/qa/task03-metadata-native-errors/review2-evidence/receipts/scoped-lint.json
_goals/convex-backend-runtime-2026-10-02/qa/task03-metadata-native-errors/review2-evidence/receipts/historical-numeric-probe.json
_goals/convex-backend-runtime-2026-10-02/qa/task03-metadata-native-errors/review2-evidence/receipts/historical-probes.json
_goals/convex-backend-runtime-2026-10-02/qa/task03-metadata-native-errors/review2-evidence/receipts/before-main-status.json
_goals/convex-backend-runtime-2026-10-02/qa/task03c2-live-harness-review3-evidence/source-context/node_modules--convex--src--browser--http_client.ts.text
_goals/convex-backend-runtime-2026-10-02/qa/task03c2-live-harness-review3-evidence/source-context/_goals--convex-backend-runtime-2026-10-02--tasks--03-authorization.md
_goals/convex-backend-runtime-2026-10-02/qa/task03c2-live-harness-review3-evidence/source-context/_goals--convex-backend-runtime-2026-10-02--qa--task03c2-live-preparation.md
_goals/convex-backend-runtime-2026-10-02/qa/task03c2-live-harness-review3-evidence/source-context/node_modules--convex--src--values--errors.ts.text
_goals/convex-backend-runtime-2026-10-02/qa/task03c2-live-harness-review3-evidence/source-context/affected03A-independent-requirement-mapping.json
_goals/convex-backend-runtime-2026-10-02/qa/task03c2-live-harness-review3-evidence/source-context/_goals--convex-backend-runtime-2026-10-02--tasks--09-text-client-slice.md
_goals/convex-backend-runtime-2026-10-02/qa/task03b2b1/history/cycle3-final/independent/jest-cache/jest-transform-cache-ae93b4afe3d2e076d6af13ddb5d25831-33e9a252a52783adb262261baf4dff05/59/index_5946b9fc8e719642bef997e7629f873c
_goals/convex-backend-runtime-2026-10-02/qa/task03b2b1/history/cycle3-final/independent/jest-cache/jest-transform-cache-ae93b4afe3d2e076d6af13ddb5d25831-33e9a252a52783adb262261baf4dff05/59/index_5946b9fc8e719642bef997e7629f873c.map
_goals/convex-backend-runtime-2026-10-02/qa/task03c2-live-harness-review3-evidence/replay-repo/package.json
_goals/convex-backend-runtime-2026-10-02/qa/task03b2b1/history/cycle3-final/independent/jest-cache/jest-transform-cache-ae93b4afe3d2e076d6af13ddb5d25831-33e9a252a52783adb262261baf4dff05/2f/runtimeAuthSchema_2f54841cfb6850cdb8b4d6144003a5e2.map
_goals/convex-backend-runtime-2026-10-02/qa/task03b2b1/history/cycle3-final/independent/jest-cache/jest-transform-cache-ae93b4afe3d2e076d6af13ddb5d25831-33e9a252a52783adb262261baf4dff05/2f/runtimeAuthSchema_2f54841cfb6850cdb8b4d6144003a5e2
_goals/convex-backend-runtime-2026-10-02/qa/task03b2b1/history/cycle3-final/independent/jest-cache/jest-transform-cache-ae93b4afe3d2e076d6af13ddb5d25831-33e9a252a52783adb262261baf4dff05/e5/registeredtest_e58a1bba95a758c72a8868e241b7f9c2
_goals/convex-backend-runtime-2026-10-02/qa/task03b2b1/history/cycle3-final/independent/jest-cache/jest-transform-cache-ae93b4afe3d2e076d6af13ddb5d25831-33e9a252a52783adb262261baf4dff05/e5/registeredtest_e58a1bba95a758c72a8868e241b7f9c2.map
_goals/convex-backend-runtime-2026-10-02/qa/task03b2b1/history/cycle3-final/independent/jest-cache/jest-transform-cache-ae93b4afe3d2e076d6af13ddb5d25831-33e9a252a52783adb262261baf4dff05/9a/schema_9a3b963186cdc1815e36daf967182e5e.map
_goals/convex-backend-runtime-2026-10-02/qa/task03b2b1/history/cycle3-final/independent/jest-cache/jest-transform-cache-ae93b4afe3d2e076d6af13ddb5d25831-33e9a252a52783adb262261baf4dff05/9a/server_9a616ef48c973871e6003ce5805e98d4
_goals/convex-backend-runtime-2026-10-02/qa/task03b2b1/history/cycle3-final/independent/jest-cache/jest-transform-cache-ae93b4afe3d2e076d6af13ddb5d25831-33e9a252a52783adb262261baf4dff05/9a/schema_9a3b963186cdc1815e36daf967182e5e
_goals/convex-backend-runtime-2026-10-02/qa/task03b2b1/history/cycle3-final/independent/jest-cache/jest-transform-cache-ae93b4afe3d2e076d6af13ddb5d25831-33e9a252a52783adb262261baf4dff05/9a/server_9a616ef48c973871e6003ce5805e98d4.map
_goals/convex-backend-runtime-2026-10-02/qa/task03b2b1/history/cycle3-final/independent/jest-cache/jest-transform-cache-ae93b4afe3d2e076d6af13ddb5d25831-33e9a252a52783adb262261baf4dff05/a2/index_a2db13af89cae6ed3d4c9ae8e6db16d2.map
_goals/convex-backend-runtime-2026-10-02/qa/task03b2b1/history/cycle3-final/independent/jest-cache/jest-transform-cache-ae93b4afe3d2e076d6af13ddb5d25831-33e9a252a52783adb262261baf4dff05/a2/index_a2db13af89cae6ed3d4c9ae8e6db16d2
_goals/convex-backend-runtime-2026-10-02/qa/task03b2b1/history/cycle3-final/independent/jest-cache/jest-transform-cache-ae93b4afe3d2e076d6af13ddb5d25831-33e9a252a52783adb262261baf4dff05/cd/runtimeAuth_cd16364cba4644437eecabe1940a652b.map
_goals/convex-backend-runtime-2026-10-02/qa/task03b2b1/history/cycle3-final/independent/jest-cache/jest-transform-cache-ae93b4afe3d2e076d6af13ddb5d25831-33e9a252a52783adb262261baf4dff05/cd/runtimeAuth_cd16364cba4644437eecabe1940a652b
_goals/convex-backend-runtime-2026-10-02/qa/task03b2b1/history/cycle3-final/independent/jest-cache/jest-transform-cache-ae93b4afe3d2e076d6af13ddb5d25831-33e9a252a52783adb262261baf4dff05/51/base64_51405e7d191d9c4dbd2928b61ee974b8.map
_goals/convex-backend-runtime-2026-10-02/qa/task03b2b1/history/cycle3-final/independent/jest-cache/jest-transform-cache-ae93b4afe3d2e076d6af13ddb5d25831-33e9a252a52783adb262261baf4dff05/51/base64_51405e7d191d9c4dbd2928b61ee974b8
_goals/convex-backend-runtime-2026-10-02/qa/task03b2b1/history/cycle3-final/independent/jest-cache/jest-transform-cache-ae93b4afe3d2e076d6af13ddb5d25831-33e9a252a52783adb262261baf4dff05/fd/meta_impl_fdff1f2184de4e040bc1e1aff26b700f
_goals/convex-backend-runtime-2026-10-02/qa/task03b2b1/history/cycle3-final/independent/jest-cache/jest-transform-cache-ae93b4afe3d2e076d6af13ddb5d25831-33e9a252a52783adb262261baf4dff05/fd/meta_impl_fdff1f2184de4e040bc1e1aff26b700f.map
_goals/convex-backend-runtime-2026-10-02/qa/task03b2b1/history/cycle3-final/independent/jest-cache/jest-transform-cache-ae93b4afe3d2e076d6af13ddb5d25831-33e9a252a52783adb262261baf4dff05/c4/schema_c43b9a14f3c3c5aac762e68d95cb3c54
_goals/convex-backend-runtime-2026-10-02/qa/task03b2b1/history/cycle3-final/independent/jest-cache/jest-transform-cache-ae93b4afe3d2e076d6af13ddb5d25831-33e9a252a52783adb262261baf4dff05/c4/schema_c43b9a14f3c3c5aac762e68d95cb3c54.map
_goals/convex-backend-runtime-2026-10-02/qa/task03b2b1/history/cycle3-final/independent/jest-cache/jest-transform-cache-ae93b4afe3d2e076d6af13ddb5d25831-33e9a252a52783adb262261baf4dff05/5c/database_impl_5c7143f71454ba1d73b8dd438caf45c8.map
_goals/convex-backend-runtime-2026-10-02/qa/task03b2b1/history/cycle3-final/independent/jest-cache/jest-transform-cache-ae93b4afe3d2e076d6af13ddb5d25831-33e9a252a52783adb262261baf4dff05/5c/database_impl_5c7143f71454ba1d73b8dd438caf45c8
_goals/convex-backend-runtime-2026-10-02/qa/task03c2-live-harness-review3-evidence/replay-repo/work/backend-runtime/task03c2-live-fixture/offline-cycle3/e5406fa2-11cd-4000-8c7d-c4d7920ea2b6/owned-e5406fa2-11cd-4000-8c7d-c4d7920ea2b6.json
_goals/convex-backend-runtime-2026-10-02/qa/task03c2-live-harness-review3-evidence/replay-repo/work/backend-runtime/task03c2-live-fixture/offline-cycle3/e5406fa2-11cd-4000-8c7d-c4d7920ea2b6/audit.json
_goals/convex-backend-runtime-2026-10-02/qa/task03b2b1/history/cycle3-final/independent/jest-cache/jest-transform-cache-ae93b4afe3d2e076d6af13ddb5d25831-33e9a252a52783adb262261baf4dff05/e9/agents_e9fe22dac7fcc6334830b76b0949f664.map
_goals/convex-backend-runtime-2026-10-02/qa/task03b2b1/history/cycle3-final/independent/jest-cache/jest-transform-cache-ae93b4afe3d2e076d6af13ddb5d25831-33e9a252a52783adb262261baf4dff05/e9/agents_e9fe22dac7fcc6334830b76b0949f664
_goals/convex-backend-runtime-2026-10-02/qa/task03b2b1/history/cycle3-final/independent/jest-cache/jest-transform-cache-ae93b4afe3d2e076d6af13ddb5d25831-33e9a252a52783adb262261baf4dff05/f9/filter_builder_f9fc33f7a1d27f0bcd5547f961efa02e.map
_goals/convex-backend-runtime-2026-10-02/qa/task03b2b1/history/cycle3-final/independent/jest-cache/jest-transform-cache-ae93b4afe3d2e076d6af13ddb5d25831-33e9a252a52783adb262261baf4dff05/f9/query_impl_f9fe7c80b600e05d6d641ffc18cd5a18
_goals/convex-backend-runtime-2026-10-02/qa/task03b2b1/history/cycle3-final/independent/jest-cache/jest-transform-cache-ae93b4afe3d2e076d6af13ddb5d25831-33e9a252a52783adb262261baf4dff05/f9/query_impl_f9fe7c80b600e05d6d641ffc18cd5a18.map
_goals/convex-backend-runtime-2026-10-02/qa/task03b2b1/history/cycle3-final/independent/jest-cache/jest-transform-cache-ae93b4afe3d2e076d6af13ddb5d25831-33e9a252a52783adb262261baf4dff05/f9/filter_builder_f9fc33f7a1d27f0bcd5547f961efa02e
_goals/convex-backend-runtime-2026-10-02/qa/task03c2-live-harness-review3-evidence/replay-repo/work/backend-runtime/task03c2-live-fixture/offline-cycle3/6794e4f0-508a-427b-b4cb-dba343b3e07d/audit.json
_goals/convex-backend-runtime-2026-10-02/qa/task03c2-live-harness-review3-evidence/replay-repo/work/backend-runtime/task03c2-live-fixture/offline-cycle3/6794e4f0-508a-427b-b4cb-dba343b3e07d/owned-6794e4f0-508a-427b-b4cb-dba343b3e07d.json
_goals/convex-backend-runtime-2026-10-02/qa/task03c2-live-harness-review3-evidence/replay-repo/work/backend-runtime/task03c2-live-fixture/offline-cycle3/cd927afc-6b07-4700-9902-fc788d20d7d5/audit.json
_goals/convex-backend-runtime-2026-10-02/qa/task03c2-live-harness-review3-evidence/replay-repo/work/backend-runtime/task03c2-live-fixture/offline-cycle3/cd927afc-6b07-4700-9902-fc788d20d7d5/owned-cd927afc-6b07-4700-9902-fc788d20d7d5.json
_goals/convex-backend-runtime-2026-10-02/qa/task03b2b1/history/cycle3-final/independent/jest-cache/jest-transform-cache-ae93b4afe3d2e076d6af13ddb5d25831-33e9a252a52783adb262261baf4dff05/18/runtimeRegistryAuth_18b5322b9f74240413b670fd98b71700
_goals/convex-backend-runtime-2026-10-02/qa/task03b2b1/history/cycle3-final/independent/jest-cache/jest-transform-cache-ae93b4afe3d2e076d6af13ddb5d25831-33e9a252a52783adb262261baf4dff05/18/runtimeRegistryAuth_18b5322b9f74240413b670fd98b71700.map
_goals/convex-backend-runtime-2026-10-02/qa/task03c2-live-harness-review3-evidence/replay-repo/work/backend-runtime/task03c2-live-fixture/offline-cycle3/grandchild-a0f62a84-3947-4881-87c8-c04376c06fbf.pid
_goals/convex-backend-runtime-2026-10-02/qa/task03b2b1/history/cycle3-final/independent/jest-cache/jest-transform-cache-ae93b4afe3d2e076d6af13ddb5d25831-33e9a252a52783adb262261baf4dff05/ed/vector_search_impl_edc732cfe73a289c099a72c6d49aba94
_goals/convex-backend-runtime-2026-10-02/qa/task03b2b1/history/cycle3-final/independent/jest-cache/jest-transform-cache-ae93b4afe3d2e076d6af13ddb5d25831-33e9a252a52783adb262261baf4dff05/ed/vector_search_impl_edc732cfe73a289c099a72c6d49aba94.map
_goals/convex-backend-runtime-2026-10-02/qa/task03c2-live-harness-review3-evidence/replay-repo/work/backend-runtime/task03c2-live-fixture/offline-cycle3/5f67ccd8-b5a6-4d2b-8c1c-3ccd4a5183a7/audit.json
_goals/convex-backend-runtime-2026-10-02/qa/task03c2-live-harness-review3-evidence/replay-repo/work/backend-runtime/task03c2-live-fixture/offline-cycle3/5f67ccd8-b5a6-4d2b-8c1c-3ccd4a5183a7/owned-5f67ccd8-b5a6-4d2b-8c1c-3ccd4a5183a7.json
_goals/convex-backend-runtime-2026-10-02/qa/task03c2-live-harness-review3-evidence/replay-repo/work/backend-runtime/task03c2-live-fixture/offline-cycle3/grandchild-2f6e9f3f-3037-4b51-8c12-3d07d9f6cd3f.pid
_goals/convex-backend-runtime-2026-10-02/qa/task03b2b1/history/cycle3-final/independent/jest-cache/jest-transform-cache-ae93b4afe3d2e076d6af13ddb5d25831-33e9a252a52783adb262261baf4dff05/93/admissionFailuretest_937cd3ce963f0022ee1ceb0f65fd9892.map
_goals/convex-backend-runtime-2026-10-02/qa/task03b2b1/history/cycle3-final/independent/jest-cache/jest-transform-cache-ae93b4afe3d2e076d6af13ddb5d25831-33e9a252a52783adb262261baf4dff05/93/admissionFailuretest_937cd3ce963f0022ee1ceb0f65fd9892
_goals/convex-backend-runtime-2026-10-02/qa/task03b2b1/history/cycle3-final/independent/jest-cache/perf-cache-ae93b4afe3d2e076d6af13ddb5d25831-da39a3ee5e6b4b0d3255bfef95601890
_goals/convex-backend-runtime-2026-10-02/qa/task03b2b1/history/cycle3-final/independent/core-tests.json
_goals/convex-backend-runtime-2026-10-02/qa/task03c2-live-harness-review3-evidence/replay-repo/work/backend-runtime/task03c2-live-fixture/offline-cycle3/8010222f-6ed6-4b5a-b38f-f62287633d41/owned-8010222f-6ed6-4b5a-b38f-f62287633d41.json
_goals/convex-backend-runtime-2026-10-02/qa/task03c2-live-harness-review3-evidence/replay-repo/work/backend-runtime/task03c2-live-fixture/offline-cycle3/8010222f-6ed6-4b5a-b38f-f62287633d41/audit.json
_goals/convex-backend-runtime-2026-10-02/qa/task03c2-live-harness-review3-evidence/replay-repo/work/backend-runtime/task03c2-live-fixture/offline-cycle3/grandchild-ad55798f-3701-40d9-9875-b367fc9d7f2f.pid
_goals/convex-backend-runtime-2026-10-02/qa/task03c2-live-harness-review3-evidence/replay-repo/work/backend-runtime/task03c2-live-fixture/offline-cycle3/receipt-loader.mjs.text
_goals/convex-backend-runtime-2026-10-02/qa/task03c2-live-harness-review3-evidence/replay-repo/work/backend-runtime/task03c2-live-fixture/offline-cycle3/receipt-owner.mjs.text
_goals/convex-backend-runtime-2026-10-02/qa/task03c2-live-harness-review3-evidence/replay-repo/work/backend-runtime/task03c2-live-fixture/offline-cycle3/bc66e79f-b1ca-4a34-a1ce-05d680b768a8/audit.json
_goals/convex-backend-runtime-2026-10-02/qa/task03c2-live-harness-review3-evidence/replay-repo/work/backend-runtime/task03c2-live-fixture/offline-cycle3/bc66e79f-b1ca-4a34-a1ce-05d680b768a8/owned-bc66e79f-b1ca-4a34-a1ce-05d680b768a8.json
_goals/convex-backend-runtime-2026-10-02/qa/task03c2-live-harness-review3-evidence/replay-repo/work/backend-runtime/task03c2-live-fixture/offline-cycle3/b5b95389-c17c-4c48-9e72-682a40164537/audit.json
_goals/convex-backend-runtime-2026-10-02/qa/task03c2-live-harness-review3-evidence/replay-repo/work/backend-runtime/task03c2-live-fixture/offline-cycle3/b5b95389-c17c-4c48-9e72-682a40164537/owned-b5b95389-c17c-4c48-9e72-682a40164537.json
_goals/convex-backend-runtime-2026-10-02/qa/task03c2-live-harness-review3-evidence/replay-repo/work/backend-runtime/task03c2-live-fixture/offline-cycle3/grandchild-5134a587-0c6f-4e9c-9356-4f39ef83574f.pid
_goals/convex-backend-runtime-2026-10-02/qa/task03c2-live-harness-review3-evidence/replay-repo/work/backend-runtime/task03c2-live-fixture/offline-cycle3/receipt-operator.mjs.text
_goals/convex-backend-runtime-2026-10-02/qa/task03c2-live-harness-review3-evidence/replay-repo/work/backend-runtime/task03c2-live-fixture/offline-cycle3/grandchild-12d036be-bae2-406f-b140-eb851d6e8692.pid
_goals/convex-backend-runtime-2026-10-02/qa/task03c2-live-harness-review3-evidence/replay-repo/work/backend-runtime/task03c2-live-fixture/offline-cycle3/receipt-register.mjs.text
_goals/convex-backend-runtime-2026-10-02/qa/task03c2-live-harness-review3-evidence/replay-repo/work/backend-runtime/task03c2-live-fixture/offline-cycle3/grandchild-c25b1de3-6067-48f9-b4f0-4eb6eb9463a3.pid
_goals/convex-backend-runtime-2026-10-02/qa/task03c2-live-harness-review3-evidence/replay-repo/work/backend-runtime/task03c2-live-fixture/offline-cycle3/grandchild-661dd5fe-3a9f-4ced-8c28-ed810f94cdad.pid
_goals/convex-backend-runtime-2026-10-02/qa/task03c2-live-harness-review3-evidence/replay-repo/work/backend-runtime/task03c2-live-fixture/offline-cycle3/grandchild-15411df4-86b4-4631-b706-d64b6f6adb9f.pid
_goals/convex-backend-runtime-2026-10-02/qa/task03c2-live-harness-review3-evidence/replay-repo/work/backend-runtime/task03c2-live-fixture/offline-cycle3/grandchild-b09f8cbf-2e64-4e1f-b338-3f7d1ed4e1d6.pid
_goals/convex-backend-runtime-2026-10-02/qa/task03c2-live-harness-review3-evidence/replay-repo/work/backend-runtime/task03c2-live-fixture/offline-cycle3/1fb815fb-608e-42c7-83ae-fd49a11d093d/owned-1fb815fb-608e-42c7-83ae-fd49a11d093d.json
_goals/convex-backend-runtime-2026-10-02/qa/task03c2-live-harness-review3-evidence/replay-repo/work/backend-runtime/task03c2-live-fixture/offline-cycle3/1fb815fb-608e-42c7-83ae-fd49a11d093d/audit.json
_goals/convex-backend-runtime-2026-10-02/qa/task03c2-live-harness-review3-evidence/replay-repo/work/backend-runtime/task03c2-live-fixture/offline-cycle3/receipt-state.mjs.text
_goals/convex-backend-runtime-2026-10-02/qa/task03c2-live-harness-review3-evidence/replay-repo/work/backend-runtime/task03c2-live-fixture/offline-cycle3/304ac159-747c-47d6-9e78-4d5370af73ac/audit.json
_goals/convex-backend-runtime-2026-10-02/qa/task03c2-live-harness-review3-evidence/replay-repo/work/backend-runtime/task03c2-live-fixture/offline-cycle3/304ac159-747c-47d6-9e78-4d5370af73ac/owned-304ac159-747c-47d6-9e78-4d5370af73ac.json
_goals/convex-backend-runtime-2026-10-02/qa/task03c2-live-harness-review3-evidence/replay-repo/work/backend-runtime/task03c2-live-fixture/offline-cycle3/sdk-environment-check.mjs.text
_goals/convex-backend-runtime-2026-10-02/qa/task03c2-live-harness-review3-evidence/replay-repo/work/backend-runtime/task03c2-live-fixture/offline-cycle3/grandchild-756ac405-dddc-453d-b937-abf94b156eee.pid
_goals/convex-backend-runtime-2026-10-02/qa/task03c2-live-harness-review3-evidence/replay-repo/work/backend-runtime/task03c2-live-fixture/offline-cycle3/key-output-register.mjs.text
_goals/convex-backend-runtime-2026-10-02/qa/task03c2-live-harness-review3-evidence/replay-repo/work/backend-runtime/task03c2-live-fixture/offline-cycle3/grandchild-e34b1c3b-a6f5-403d-ad5f-c01e9f1817c7.pid
_goals/convex-backend-runtime-2026-10-02/qa/task03c2-live-harness-review3-evidence/replay-repo/work/backend-runtime/task03c2-live-fixture/offline-cycle3/grandchild-5bf02102-5880-4c93-979b-8b47f25d9407.pid
_goals/convex-backend-runtime-2026-10-02/qa/task03c2-live-harness-review3-evidence/replay-repo/work/backend-runtime/task03c2-live-fixture/offline-cycle3/receipt-guard.mjs.text
_goals/convex-backend-runtime-2026-10-02/qa/task03c2-live-harness-review3-evidence/replay-repo/work/backend-runtime/task03c2-live-fixture/offline-cycle2/process-child.mjs.text
_goals/convex-backend-runtime-2026-10-02/qa/task03c2-live-harness-review3-evidence/replay-repo/work/backend-runtime/task03c2-live-fixture/offline-cycle2/descendant-883ae011-0267-4b57-b3ee-a83bab45ae43.pid
_goals/convex-backend-runtime-2026-10-02/qa/task03c2-live-harness-review3-evidence/replay-repo/work/backend-runtime/task03c2-live-fixture/offline-cycle2/descendant-ab073bc8-8f3f-4c5a-8e42-9f4d9a420a7f.pid
_goals/convex-backend-runtime-2026-10-02/qa/task03c2-live-harness-review3-evidence/replay-repo/work/backend-runtime/task03c2-live-fixture/offline-cycle2/intercept-child.mjs.text
_goals/convex-backend-runtime-2026-10-02/qa/task03c2-live-harness-review3-evidence/replay-repo/work/backend-runtime/task03c2-live-fixture/offline-cycle2/descendant-cd6e7d2e-81ed-4732-bb03-51ee10e952e0.pid
_goals/convex-backend-runtime-2026-10-02/qa/task03b2b1/history/cycle3-final/candidate/qa/original-graph-boundary.stderr.txt
_goals/convex-backend-runtime-2026-10-02/qa/task03b2b1/history/cycle3-final/candidate/qa/repaired-admission-outcomes.stdout.json
_goals/convex-backend-runtime-2026-10-02/qa/task03b2b1/history/cycle3-final/candidate/qa/original-accessor-finding.stderr.txt
_goals/convex-backend-runtime-2026-10-02/qa/task03c2-live-fixture/client-tsconfig.json
_goals/convex-backend-runtime-2026-10-02/qa/task03c2-live-fixture/fixture/package.json
_goals/convex-backend-runtime-2026-10-02/qa/task03c2-live-fixture/fixture/convex.json
_goals/convex-backend-runtime-2026-10-02/qa/task03c2-live-fixture/fixture/convex/runtimeMemorySchema.ts
_goals/convex-backend-runtime-2026-10-02/qa/task03c2-live-fixture/fixture/convex/schema.ts
_goals/convex-backend-runtime-2026-10-02/qa/task03c2-live-fixture/fixture/convex/tsconfig.json
_goals/convex-backend-runtime-2026-10-02/qa/task03c2-live-fixture/fixture/convex/runtimeMetadataAuth.ts
_goals/convex-backend-runtime-2026-10-02/qa/task03c2-live-fixture/fixture/convex/immutable.ts
_goals/convex-backend-runtime-2026-10-02/qa/task03c2-live-fixture/fixture/convex/mutable.ts
_goals/convex-backend-runtime-2026-10-02/qa/task03c2-live-fixture/fixture/convex/auth.config.ts
_goals/convex-backend-runtime-2026-10-02/qa/task03b2b1/history/cycle3-final/candidate/qa/continuation/call-context-rerun/probes/original-graph-boundary.stderr.txt
_goals/convex-backend-runtime-2026-10-02/qa/task03b2b1/history/cycle3-final/candidate/qa/continuation/call-context-rerun/probes/repaired-admission-outcomes.stdout.json
_goals/convex-backend-runtime-2026-10-02/qa/task03b2b1/history/cycle3-final/candidate/qa/continuation/call-context-rerun/probes/original-accessor-finding.stderr.txt
_goals/convex-backend-runtime-2026-10-02/qa/task03b2b1/history/cycle3-final/candidate/qa/continuation/call-context-rerun/probes/repaired-accessor-outcomes.stdout.json
_goals/convex-backend-runtime-2026-10-02/qa/task03b2b1/history/cycle3-final/candidate/qa/continuation/call-context-rerun/probes/repaired-admission-outcomes.stderr.txt
_goals/convex-backend-runtime-2026-10-02/qa/task03b2b1/history/cycle3-final/candidate/qa/continuation/call-context-rerun/probes/original-graph-boundary.stdout.json
_goals/convex-backend-runtime-2026-10-02/qa/task03b2b1/history/cycle3-final/candidate/qa/continuation/call-context-rerun/probes/original-stateful-finding.stdout.json
_goals/convex-backend-runtime-2026-10-02/qa/task03b2b1/history/cycle3-final/candidate/qa/continuation/call-context-rerun/probes/original-native-probes.stdout.json
_goals/convex-backend-runtime-2026-10-02/qa/task03b2b1/history/cycle3-final/candidate/qa/continuation/call-context-rerun/probes/commands.json
_goals/convex-backend-runtime-2026-10-02/qa/task03b2b1/history/cycle3-final/candidate/qa/continuation/call-context-rerun/probes/original-accessor-finding.stdout.json
_goals/convex-backend-runtime-2026-10-02/qa/task03b2b1/history/cycle3-final/candidate/qa/continuation/call-context-rerun/probes/original-authority-probes.stdout.json
_goals/convex-backend-runtime-2026-10-02/qa/task03b2b1/history/cycle3-final/candidate/qa/continuation/call-context-rerun/probes/original-authority-probes.stderr.txt
_goals/convex-backend-runtime-2026-10-02/qa/task03b2b1/history/cycle3-final/candidate/qa/continuation/call-context-rerun/probes/repaired-stateful-outcomes.stderr.txt
_goals/convex-backend-runtime-2026-10-02/qa/task03b2b1/history/cycle3-final/candidate/qa/continuation/call-context-rerun/probes/repaired-graph-boundary.stderr.txt
_goals/convex-backend-runtime-2026-10-02/qa/task03b2b1/history/cycle3-final/candidate/qa/continuation/call-context-rerun/probes/original-stateful-finding.stderr.txt
_goals/convex-backend-runtime-2026-10-02/qa/task03b2b1/history/cycle3-final/candidate/qa/continuation/call-context-rerun/probes/repaired-accessor-outcomes.stderr.txt
_goals/convex-backend-runtime-2026-10-02/qa/task03b2b1/history/cycle3-final/candidate/qa/continuation/call-context-rerun/probes/repaired-graph-boundary.stdout.json
_goals/convex-backend-runtime-2026-10-02/qa/task03b2b1/history/cycle3-final/candidate/qa/continuation/call-context-rerun/probes/repaired-stateful-outcomes.stdout.json
_goals/convex-backend-runtime-2026-10-02/qa/task03b2b1/history/cycle3-final/candidate/qa/continuation/call-context-rerun/probes/original-native-probes.stderr.txt
_goals/convex-backend-runtime-2026-10-02/qa/task03b2b1/history/cycle3-final/candidate/qa/continuation/call-context-rerun/ready-checkpoint.json
_goals/convex-backend-runtime-2026-10-02/qa/task03c2-live-fixture/fixture/convex/_generated/api.d.ts
_goals/convex-backend-runtime-2026-10-02/qa/task03c2-live-fixture/fixture/convex/_generated/dataModel.d.ts
_goals/convex-backend-runtime-2026-10-02/qa/task03c2-live-fixture/fixture/convex/_generated/server.js
_goals/convex-backend-runtime-2026-10-02/qa/task03c2-live-fixture/fixture/convex/_generated/api.js
_goals/convex-backend-runtime-2026-10-02/qa/task03c2-live-fixture/fixture/convex/_generated/server.d.ts
_goals/convex-backend-runtime-2026-10-02/qa/task03c2-live-fixture/fixture/convex/sessions.ts
_goals/convex-backend-runtime-2026-10-02/qa/task03c2-live-fixture/fixture/convex/runtimeAuthSchema.ts
_goals/convex-backend-runtime-2026-10-02/qa/task03c2-live-fixture/fixture/convex/runtimeAuth.ts
_goals/convex-backend-runtime-2026-10-02/qa/task03c2-live-fixture/fixture/convex/users.ts
_goals/convex-backend-runtime-2026-10-02/qa/task03-metadata-native-errors/review2-evidence/source-context/tests--unit--runtimeAuth--authority.test.ts.text
_goals/convex-backend-runtime-2026-10-02/qa/task03-metadata-native-errors/review2-evidence/source-context/required-context--_goals--convex-backend-runtime-2026-10-02--qa--task03a--contracts.md
_goals/convex-backend-runtime-2026-10-02/qa/task03-metadata-native-errors/review2-evidence/source-context/required-context--_goals--convex-backend-runtime-2026-10-02--implementation-prompt.md
_goals/convex-backend-runtime-2026-10-02/qa/task03-metadata-native-errors/review2-evidence/source-context/required-context--_research--convex-ai-gateway-2026-10-02--architecture.md
_goals/convex-backend-runtime-2026-10-02/qa/task03-metadata-native-errors/review2-evidence/source-context/baseline-runtimeMetadataAuth-imports-only.diff
_goals/convex-backend-runtime-2026-10-02/qa/task03-metadata-native-errors/review2-evidence/source-context/executor-mutable.accepted-baseline.ts.text
_goals/convex-backend-runtime-2026-10-02/qa/task03-metadata-native-errors/review2-evidence/source-context/executor-baseline-runtimeMetadataAuth.ts.text
_goals/convex-backend-runtime-2026-10-02/qa/task03-metadata-native-errors/review2-evidence/source-context/second-native-tests-contract.txt
_goals/convex-backend-runtime-2026-10-02/qa/task03-metadata-native-errors/review2-evidence/source-context/executor-historical-numeric-probe.mjs.text
_goals/convex-backend-runtime-2026-10-02/qa/task03-metadata-native-errors/review2-evidence/source-context/executor-check-cycle1-exact18-before-repair.receipt.json
_goals/convex-backend-runtime-2026-10-02/qa/task03-metadata-native-errors/review2-evidence/source-context/executor-registration.mjs.text
_goals/convex-backend-runtime-2026-10-02/qa/task03-metadata-native-errors/review2-evidence/source-context/cycle1-scope-extension.md
_goals/convex-backend-runtime-2026-10-02/qa/task03-metadata-native-errors/review2-evidence/source-context/candidate-package.json
_goals/convex-backend-runtime-2026-10-02/qa/task03-metadata-native-errors/review2-evidence/source-context/required-context--.agents--CODEX-RUNTIME.md
_goals/convex-backend-runtime-2026-10-02/qa/task03-metadata-native-errors/review2-evidence/source-context/executor-verify.py.text
_goals/convex-backend-runtime-2026-10-02/qa/task03-metadata-native-errors/review2-evidence/source-context/cycle1-failed-literal-original-metadata.receipt.json
_goals/convex-backend-runtime-2026-10-02/qa/task03-metadata-native-errors/review2-evidence/source-context/executor-run-check.py.text
_goals/convex-backend-runtime-2026-10-02/qa/task03-metadata-native-errors/review2-evidence/source-context/convex-dev--runtimeAuthSchema.ts.text
_goals/convex-backend-runtime-2026-10-02/qa/task03-metadata-native-errors/review2-evidence/source-context/executor-check-cycle1-required-denial-pre-repair-final.receipt.json
_goals/convex-backend-runtime-2026-10-02/qa/task03-metadata-native-errors/review2-evidence/source-context/executor-check-diff-check.receipt.json
_goals/convex-backend-runtime-2026-10-02/qa/task03-metadata-native-errors/review2-evidence/source-context/executor-metadata-native-error-confirmation.mts.text
_goals/convex-backend-runtime-2026-10-02/qa/task03-metadata-native-errors/review2-evidence/source-context/executor-check-final-preservation-and-multiplicity.receipt.json
_goals/convex-backend-runtime-2026-10-02/qa/task03-metadata-native-errors/review2-evidence/source-context/executor-check-parent-native-canonical-six.receipt.json
_goals/convex-backend-runtime-2026-10-02/qa/task03-metadata-native-errors/review2-evidence/source-context/candidate-convex-dev--schema.ts.text
_goals/convex-backend-runtime-2026-10-02/qa/task03-metadata-native-errors/review2-evidence/source-context/executor-changed-paths.patch
_goals/convex-backend-runtime-2026-10-02/qa/task03-metadata-native-errors/review2-evidence/source-context/required-context--.agents--skills--judge-task--SKILL.md
_goals/convex-backend-runtime-2026-10-02/qa/task03-metadata-native-errors/review2-evidence/source-context/executor-current-required18-provenance.json
_goals/convex-backend-runtime-2026-10-02/qa/task03-metadata-native-errors/review2-evidence/source-context/executor-sessions.accepted-baseline.raw.ts.text
_goals/convex-backend-runtime-2026-10-02/qa/task03-metadata-native-errors/review2-evidence/source-context/executor-judge-replay-provenance.json
_goals/convex-backend-runtime-2026-10-02/qa/task03-metadata-native-errors/review2-evidence/source-context/required-context--_goals--convex-backend-runtime-2026-10-02--goal.md
_goals/convex-backend-runtime-2026-10-02/qa/task03-metadata-native-errors/review2-evidence/source-context/historical-main--source-context.json
_goals/convex-backend-runtime-2026-10-02/qa/task03-metadata-native-errors/review2-evidence/source-context/executor-check-parent-native-control-six.receipt.json
_goals/convex-backend-runtime-2026-10-02/qa/task03-metadata-native-errors/review2-evidence/source-context/executor-baseline-mutable.ts.text
_goals/convex-backend-runtime-2026-10-02/qa/task03-metadata-native-errors/review2-evidence/source-context/executor-replay-provenance.json
_goals/convex-backend-runtime-2026-10-02/qa/task03-metadata-native-errors/review2-evidence/source-context/executor-historical-probe-check.mjs.text
_goals/convex-backend-runtime-2026-10-02/qa/task03-metadata-native-errors/review2-evidence/source-context/convex-dev--immutable.ts.text
_goals/convex-backend-runtime-2026-10-02/qa/task03-metadata-native-errors/review2-evidence/source-context/baseline-runtimeAuth-imports-only.diff
_goals/convex-backend-runtime-2026-10-02/qa/task03b2b1/history/cycle3-final/candidate/qa/continuation/call-context-rerun/catalog/selected-path-inventory.json
_goals/convex-backend-runtime-2026-10-02/qa/task03b2b1/history/cycle3-final/candidate/qa/continuation/call-context-rerun/catalog/selected-path-inventory.md
_goals/convex-backend-runtime-2026-10-02/qa/task03b2b1/history/cycle3-final/candidate/qa/continuation/call-context-rerun/current-base-verification.json
_goals/convex-backend-runtime-2026-10-02/qa/task03b2b1/history/cycle3-final/candidate/qa/continuation/call-context-rerun/before-preservation.json
_goals/convex-backend-runtime-2026-10-02/qa/task03b2b1/history/cycle3-final/candidate/qa/continuation/call-context-rerun/read-context-inspection.json
_goals/convex-backend-runtime-2026-10-02/qa/task03-metadata-native-errors/review2-evidence/source-context/executor-baseline-runtimeAuth.raw.ts.text
_goals/convex-backend-runtime-2026-10-02/qa/task03-metadata-native-errors/review2-evidence/source-context/required-context--work--backend-runtime--metadata-native-errors-review1-prompt.md
_goals/convex-backend-runtime-2026-10-02/qa/task03-metadata-native-errors/review2-evidence/source-context/executor-freeze.py.text
_goals/convex-backend-runtime-2026-10-02/qa/task03-metadata-native-errors/review2-evidence/source-context/executor-check-credentials-outcomes.receipt.json
_goals/convex-backend-runtime-2026-10-02/qa/task03-metadata-native-errors/review2-evidence/source-context/executor-runtimeAuth.accepted-baseline.ts.text
_goals/convex-backend-runtime-2026-10-02/qa/task03-metadata-native-errors/review2-evidence/source-context/executor-check-final-selected-outcomes.receipt.json
_goals/convex-backend-runtime-2026-10-02/qa/task03-metadata-native-errors/review2-evidence/source-context/executor-immutable.accepted-baseline.ts.text
_goals/convex-backend-runtime-2026-10-02/qa/task03-metadata-native-errors/review2-evidence/source-context/required-context--.agents--skills--feature-orchestrator--SKILL.md
_goals/convex-backend-runtime-2026-10-02/qa/task03-metadata-native-errors/review2-evidence/source-context/executor-immutable.accepted-baseline.raw.ts.text
_goals/convex-backend-runtime-2026-10-02/qa/task03-metadata-native-errors/review2-evidence/source-context/executor-check-cycle1-exact18-pre-repair-final.receipt.json
_goals/convex-backend-runtime-2026-10-02/qa/task03-metadata-native-errors/review2-evidence/source-context/executor-report.md
_goals/convex-backend-runtime-2026-10-02/qa/task03-metadata-native-errors/review2-evidence/source-context/cycle1-failed-root-build.receipt.json
_goals/convex-backend-runtime-2026-10-02/qa/task03-metadata-native-errors/review2-evidence/source-context/executor-check-boundary-replay.receipt.json
_goals/convex-backend-runtime-2026-10-02/qa/task03-metadata-native-errors/review2-evidence/source-context/executor-preservation.json
_goals/convex-backend-runtime-2026-10-02/qa/task03-metadata-native-errors/review2-evidence/source-context/executor-runtimeMetadataAuth.accepted-baseline.raw.ts.text
_goals/convex-backend-runtime-2026-10-02/qa/task03-metadata-native-errors/review2-evidence/source-context/convex-dev--runtimeAuth.ts.text
_goals/convex-backend-runtime-2026-10-02/qa/task03-metadata-native-errors/review2-evidence/source-context/executor-sessions.accepted-baseline.ts.text
_goals/convex-backend-runtime-2026-10-02/qa/task03-metadata-native-errors/review2-evidence/source-context/tests--unit--runtimeMetadataAuth--native-errors.test.ts.text
_goals/convex-backend-runtime-2026-10-02/qa/task03-metadata-native-errors/review2-evidence/source-context/executor-check-current-required18.receipt.json
_goals/convex-backend-runtime-2026-10-02/qa/task03-metadata-native-errors/review2-evidence/source-context/executor-check-scoped-lint.receipt.json
_goals/convex-backend-runtime-2026-10-02/qa/task03-metadata-native-errors/review2-evidence/source-context/first-FINALREJECT-report.md
_goals/convex-backend-runtime-2026-10-02/qa/task03-metadata-native-errors/review2-evidence/source-context/cycle1-mutable-imports-only.diff
_goals/convex-backend-runtime-2026-10-02/qa/task03-metadata-native-errors/review2-evidence/source-context/executor-check-packed-contracts.receipt.json
_goals/convex-backend-runtime-2026-10-02/qa/task03-metadata-native-errors/review2-evidence/source-context/executor-cycle1-pre-repair-regression-required-denial.json
_goals/convex-backend-runtime-2026-10-02/qa/task03-metadata-native-errors/review2-evidence/source-context/required-context--.agents--roles--pessimistic-judge.md
_goals/convex-backend-runtime-2026-10-02/qa/task03-metadata-native-errors/review2-evidence/source-context/executor-check-npm-version.receipt.json
_goals/convex-backend-runtime-2026-10-02/qa/task03-metadata-native-errors/review2-evidence/source-context/executor-boundary-probes.mjs.text
_goals/convex-backend-runtime-2026-10-02/qa/task03-metadata-native-errors/review2-evidence/source-context/convex-dev--mutable.ts.text
_goals/convex-backend-runtime-2026-10-02/qa/task03-metadata-native-errors/review2-evidence/source-context/candidate-jest.config.mjs.text
_goals/convex-backend-runtime-2026-10-02/qa/task03-metadata-native-errors/review2-evidence/source-context/executor-check-cycle1-required-denial-before-repair.receipt.json
_goals/convex-backend-runtime-2026-10-02/qa/task03-metadata-native-errors/review2-evidence/source-context/required-context--AGENTS.md
_goals/convex-backend-runtime-2026-10-02/qa/task03-metadata-native-errors/review2-evidence/source-context/executor-commands.json
_goals/convex-backend-runtime-2026-10-02/qa/task03-metadata-native-errors/review2-evidence/source-context/executor-check-full-root-types.receipt.json
_goals/convex-backend-runtime-2026-10-02/qa/task03-metadata-native-errors/review2-evidence/source-context/executor-check-actual-backend-types.receipt.json
_goals/convex-backend-runtime-2026-10-02/qa/task03-metadata-native-errors/review2-evidence/source-context/executor-check-closure-replay.receipt.json
_goals/convex-backend-runtime-2026-10-02/qa/task03-metadata-native-errors/review2-evidence/source-context/executor-closure-controls.mjs.text
_goals/convex-backend-runtime-2026-10-02/qa/task03-metadata-native-errors/review2-evidence/source-context/executor-cycle2-only.patch
_goals/convex-backend-runtime-2026-10-02/qa/task03-metadata-native-errors/review2-evidence/source-context/executor-historical-additional-probes.mjs.text
_goals/convex-backend-runtime-2026-10-02/qa/task03-metadata-native-errors/review2-evidence/source-context/executor-ambiguity-pruning-probe.mjs.text
_goals/convex-backend-runtime-2026-10-02/qa/task03-metadata-native-errors/review2-evidence/source-context/executor-freeze.json
_goals/convex-backend-runtime-2026-10-02/qa/task03-metadata-native-errors/review2-evidence/source-context/required-context--_research--convex-ai-gateway-2026-10-02--decision-gates.md
_goals/convex-backend-runtime-2026-10-02/qa/task03-metadata-native-errors/review2-evidence/source-context/executor-check-node-version.receipt.json
_goals/convex-backend-runtime-2026-10-02/qa/task03-metadata-native-errors/review2-evidence/source-context/executor-check-preservation-and-multiplicity.receipt.json
_goals/convex-backend-runtime-2026-10-02/qa/task03-metadata-native-errors/review2-evidence/source-context/tests--unit--runtimeMetadataAuth--fixture.ts.text
_goals/convex-backend-runtime-2026-10-02/qa/task03-metadata-native-errors/review2-evidence/source-context/executor-check-old-exact-finding-collector-after-repair.receipt.json
_goals/convex-backend-runtime-2026-10-02/qa/task03-metadata-native-errors/review2-evidence/source-context/executor-original41-requirement-mapping.json
_goals/convex-backend-runtime-2026-10-02/qa/task03-metadata-native-errors/review2-evidence/source-context/executor-check-discovery.receipt.json
_goals/convex-backend-runtime-2026-10-02/qa/task03-metadata-native-errors/review2-evidence/source-context/executor-current-required-denial.json
_goals/convex-backend-runtime-2026-10-02/qa/task03-metadata-native-errors/review2-evidence/source-context/candidate-tsconfig.lint.json
_goals/convex-backend-runtime-2026-10-02/qa/task03-metadata-native-errors/review2-evidence/source-context/executor-extra-probes.json
_goals/convex-backend-runtime-2026-10-02/qa/task03-metadata-native-errors/review2-evidence/source-context/executor-current-required-denial.mjs.text
_goals/convex-backend-runtime-2026-10-02/qa/task03-metadata-native-errors/review2-evidence/source-context/executor-check-ast-inventory.receipt.json
_goals/convex-backend-runtime-2026-10-02/qa/task03-metadata-native-errors/review2-evidence/source-context/cycle1-failed-native-errors-initial.receipt.json
_goals/convex-backend-runtime-2026-10-02/qa/task03-metadata-native-errors/review2-evidence/source-context/executor-test-summary.json
_goals/convex-backend-runtime-2026-10-02/qa/task03-metadata-native-errors/review2-evidence/source-context/current18-expectation-only.diff
_goals/convex-backend-runtime-2026-10-02/qa/task03-metadata-native-errors/review2-evidence/source-context/cycle1-failed-root-lint.receipt.json
_goals/convex-backend-runtime-2026-10-02/qa/task03-metadata-native-errors/review2-evidence/source-context/executor-baseline-mutable.raw.ts.text
_goals/convex-backend-runtime-2026-10-02/qa/task03-metadata-native-errors/review2-evidence/source-context/cycle1-commands.json
_goals/convex-backend-runtime-2026-10-02/qa/task03-metadata-native-errors/review2-evidence/source-context/executor-check-historical-observations-additional.receipt.json
_goals/convex-backend-runtime-2026-10-02/qa/task03-metadata-native-errors/review2-evidence/source-context/first-FINALREJECT-regression-required-denial.json
_goals/convex-backend-runtime-2026-10-02/qa/task03-metadata-native-errors/review2-evidence/source-context/executor-cycle2-authorization-and-scope.md
_goals/convex-backend-runtime-2026-10-02/qa/task03-metadata-native-errors/review2-evidence/source-context/tests--unit--runtimeMetadataAuth--scope-ambiguity.test.ts.text
_goals/convex-backend-runtime-2026-10-02/qa/task03-metadata-native-errors/review2-evidence/source-context/executor-check-root-build.receipt.json
_goals/convex-backend-runtime-2026-10-02/qa/task03-metadata-native-errors/review2-evidence/source-context/executor-cycle1-pre-repair-ambiguity-pruning-outcomes.json
_goals/convex-backend-runtime-2026-10-02/qa/task03-metadata-native-errors/review2-evidence/source-context/required-context--work--backend-runtime--metadata-native-errors-review2-prompt.md
_goals/convex-backend-runtime-2026-10-02/qa/task03-metadata-native-errors/review2-evidence/source-context/tests--unit--runtimeMetadataAuth--registrations.test.ts.text
_goals/convex-backend-runtime-2026-10-02/qa/task03-metadata-native-errors/review2-evidence/source-context/executor-final-source.json
_goals/convex-backend-runtime-2026-10-02/qa/task03-metadata-native-errors/review2-evidence/source-context/cycle1-runtimeMetadataAuth-imports-only.diff
_goals/convex-backend-runtime-2026-10-02/qa/task03-metadata-native-errors/review2-evidence/source-context/candidate-.github--workflows--pr-checks.yml.text
_goals/convex-backend-runtime-2026-10-02/qa/task03-metadata-native-errors/review2-evidence/source-context/convex-dev--users.ts.text
_goals/convex-backend-runtime-2026-10-02/qa/task03-metadata-native-errors/review2-evidence/source-context/executor-check-scoped-types-initial.receipt.json
_goals/convex-backend-runtime-2026-10-02/qa/task03-metadata-native-errors/review2-evidence/source-context/cycle1-preservation.json
_goals/convex-backend-runtime-2026-10-02/qa/task03-metadata-native-errors/review2-evidence/source-context/executor-metadata-control-native-error-confirmation.mts.text
_goals/convex-backend-runtime-2026-10-02/qa/task03-metadata-native-errors/review2-evidence/source-context/executor-native-parent-proof-provenance.json
_goals/convex-backend-runtime-2026-10-02/qa/task03-metadata-native-errors/review2-evidence/source-context/cycle1-failed-npm-version.receipt.json
_goals/convex-backend-runtime-2026-10-02/qa/task03-metadata-native-errors/review2-evidence/source-context/required-context--.agents--PROJECT-PROFILE.md
_goals/convex-backend-runtime-2026-10-02/qa/task03-metadata-native-errors/review2-evidence/source-context/executor-baseline-runtimeMetadataAuth.raw.ts.text
_goals/convex-backend-runtime-2026-10-02/qa/task03-metadata-native-errors/review2-evidence/source-context/cycle1-historical19-provenance.json
_goals/convex-backend-runtime-2026-10-02/qa/task03-metadata-native-errors/review2-evidence/source-context/cycle1-runtimeAuth-imports-only.diff
_goals/convex-backend-runtime-2026-10-02/qa/task03-metadata-native-errors/review2-evidence/source-context/executor-metadata-control-native-error-confirmation-current-baseline.json
_goals/convex-backend-runtime-2026-10-02/qa/task03-metadata-native-errors/review2-evidence/source-context/required-context--_goals--convex-backend-runtime-2026-10-02--qa--task03b2a--report.md
_goals/convex-backend-runtime-2026-10-02/qa/task03-metadata-native-errors/review2-evidence/source-context/executor-regression-required-denial.mjs.text
_goals/convex-backend-runtime-2026-10-02/qa/task03-metadata-native-errors/review2-evidence/source-context/executor-check-historical-observations-numeric.receipt.json
_goals/convex-backend-runtime-2026-10-02/qa/task03-metadata-native-errors/review2-evidence/source-context/executor-historical-probes.mjs.text
_goals/convex-backend-runtime-2026-10-02/qa/task03-metadata-native-errors/review2-evidence/source-context/first-FINALREJECT-commands.json
_goals/convex-backend-runtime-2026-10-02/qa/task03-metadata-native-errors/review2-evidence/source-context/executor-check-extra-replay.receipt.json
_goals/convex-backend-runtime-2026-10-02/qa/task03-metadata-native-errors/review2-evidence/source-context/executor-check-historical-observations-ordinary.receipt.json
_goals/convex-backend-runtime-2026-10-02/qa/task03-metadata-native-errors/review2-evidence/source-context/executor-cleanup-controls.json
_goals/convex-backend-runtime-2026-10-02/qa/task03-metadata-native-errors/review2-evidence/source-context/executor-check-new-scope-tests-initial.receipt.json
_goals/convex-backend-runtime-2026-10-02/qa/task03-metadata-native-errors/review2-evidence/source-context/first-FINALREJECT-ambiguity-pruning-outcomes.json
_goals/convex-backend-runtime-2026-10-02/qa/task03-metadata-native-errors/review2-evidence/source-context/tests--unit--runtimeAuth--provisioning.test.ts.text
_goals/convex-backend-runtime-2026-10-02/qa/task03-metadata-native-errors/review2-evidence/source-context/convex-dev--sessions.ts.text
_goals/convex-backend-runtime-2026-10-02/qa/task03-metadata-native-errors/review2-evidence/source-context/convex-dev--tsconfig.json.text
_goals/convex-backend-runtime-2026-10-02/qa/task03-metadata-native-errors/review2-evidence/source-context/executor-extra-probes.mjs.text
_goals/convex-backend-runtime-2026-10-02/qa/task03-metadata-native-errors/review2-evidence/source-context/executor-check-historical19-check.receipt.json
_goals/convex-backend-runtime-2026-10-02/qa/task03-metadata-native-errors/review2-evidence/source-context/executor-affected03A-requirement-mapping.json
_goals/convex-backend-runtime-2026-10-02/qa/task03-metadata-native-errors/review2-evidence/source-context/executor-check-current-required-denial.receipt.json
_goals/convex-backend-runtime-2026-10-02/qa/task03-metadata-native-errors/review2-evidence/source-context/executor-runtimeMetadataAuth.accepted-baseline.ts.text
_goals/convex-backend-runtime-2026-10-02/qa/task03-metadata-native-errors/review2-evidence/source-context/historical-main--commands.json
_goals/convex-backend-runtime-2026-10-02/qa/task03-metadata-native-errors/review2-evidence/source-context/cycle1-failed-test-types-second.receipt.json
_goals/convex-backend-runtime-2026-10-02/qa/task03-metadata-native-errors/review2-evidence/source-context/cycle1-replay-provenance.json
_goals/convex-backend-runtime-2026-10-02/qa/task03-metadata-native-errors/review2-evidence/source-context/executor-runtimeAuth.accepted-baseline.raw.ts.text
_goals/convex-backend-runtime-2026-10-02/qa/task03-metadata-native-errors/review2-evidence/source-context/first-FINALREJECT-manifest.json
_goals/convex-backend-runtime-2026-10-02/qa/task03-metadata-native-errors/review2-evidence/source-context/executor-boundary-probes.json
_goals/convex-backend-runtime-2026-10-02/qa/task03-metadata-native-errors/review2-evidence/source-context/cycle1-literal-original-metadata.json
_goals/convex-backend-runtime-2026-10-02/qa/task03-metadata-native-errors/review2-evidence/source-context/tests--unit--runtimeMetadataAuth--handlers.test.ts.text
_goals/convex-backend-runtime-2026-10-02/qa/task03-metadata-native-errors/review2-evidence/source-context/executor-timestamp-equivalence.json
_goals/convex-backend-runtime-2026-10-02/qa/task03-metadata-native-errors/review2-evidence/source-context/executor-mutable.accepted-baseline.raw.ts.text
_goals/convex-backend-runtime-2026-10-02/qa/task03-metadata-native-errors/review2-evidence/source-context/executor-baseline-runtimeAuth.ts.text
_goals/convex-backend-runtime-2026-10-02/qa/task03-metadata-native-errors/review2-evidence/source-context/executor-inventory-callback.ts.text
_goals/convex-backend-runtime-2026-10-02/qa/task03-metadata-native-errors/review2-evidence/source-context/cycle1-failed-literal-original-auth.receipt.json
_goals/convex-backend-runtime-2026-10-02/qa/task03-metadata-native-errors/review2-evidence/source-context/candidate-tsconfig.json
_goals/convex-backend-runtime-2026-10-02/qa/task03-metadata-native-errors/review2-evidence/source-context/baseline-mutable-imports-only.diff
_goals/convex-backend-runtime-2026-10-02/qa/task03-metadata-native-errors/review2-evidence/source-context/convex-dev--runtimeMetadataAuth.ts.text
_goals/convex-backend-runtime-2026-10-02/qa/task03-metadata-native-errors/review2-evidence/source-context/executor-check-native-registration.receipt.json
_goals/convex-backend-runtime-2026-10-02/qa/task03-metadata-native-errors/review2-evidence/source-context/cycle1-failed-test-types-initial.receipt.json
_goals/convex-backend-runtime-2026-10-02/qa/task03-metadata-native-errors/review2-evidence/source-context/cycle1-literal-original-auth.json
_goals/convex-backend-runtime-2026-10-02/qa/task03-metadata-native-errors/review2-evidence/source-context/executor-metadata-native-error-confirmation-current-baseline.json
_goals/convex-backend-runtime-2026-10-02/qa/task03-metadata-native-errors/review2-evidence/source-context/required-context--_goals--convex-backend-runtime-2026-10-02--tasks--03-authorization.md
_goals/convex-backend-runtime-2026-10-02/qa/task03-metadata-native-errors/review2-evidence/source-context/executor-current-required18-probe.mjs.text
_goals/convex-backend-runtime-2026-10-02/qa/task03-metadata-native-errors/review2-evidence/source-context/executor-check-root-lint.receipt.json
_goals/convex-backend-runtime-2026-10-02/qa/task03c2-live-fixture/fixture/src/auth/verified.ts
_goals/convex-backend-runtime-2026-10-02/qa/task03c2-live-fixture/archive-preservation.json
_goals/convex-backend-runtime-2026-10-02/qa/task03c2-live-fixture/sdk-provenance.json
_goals/convex-backend-runtime-2026-10-02/qa/task03c2-live-fixture/source-freeze.json
_goals/convex-backend-runtime-2026-10-02/qa/task03b2b1/history/cycle3-final/candidate/qa/continuation/call-context-rerun/checks/node-version.stderr.txt
_goals/convex-backend-runtime-2026-10-02/qa/task03b2b1/history/cycle3-final/candidate/qa/continuation/call-context-rerun/checks/discovery.stderr.txt
_goals/convex-backend-runtime-2026-10-02/qa/task03b2b1/history/cycle3-final/candidate/qa/continuation/call-context-rerun/checks/npm-version.stderr.txt
_goals/convex-backend-runtime-2026-10-02/qa/task03b2b1/history/cycle3-final/candidate/qa/continuation/call-context-rerun/checks/diff-check.stdout.txt
_goals/convex-backend-runtime-2026-10-02/qa/task03b2b1/history/cycle3-final/candidate/qa/continuation/call-context-rerun/checks/tests.stdout.txt
_goals/convex-backend-runtime-2026-10-02/qa/task03b2b1/history/cycle3-final/candidate/qa/continuation/call-context-rerun/checks/tests.json
_goals/convex-backend-runtime-2026-10-02/qa/task03b2b1/history/cycle3-final/candidate/qa/continuation/call-context-rerun/checks/root-types-diagnostic.stdout.txt
_goals/convex-backend-runtime-2026-10-02/qa/task03b2b1/history/cycle3-final/candidate/qa/continuation/call-context-rerun/checks/commands.json
_goals/convex-backend-runtime-2026-10-02/qa/task03c2-live-fixture/scripts/qualify.mjs
_goals/convex-backend-runtime-2026-10-02/qa/task03b2b1/history/cycle3-final/candidate/qa/continuation/call-context-rerun/checks/catalog.stdout.txt
_goals/convex-backend-runtime-2026-10-02/qa/task03b2b1/history/cycle3-final/candidate/qa/continuation/call-context-rerun/checks/backend-types.stdout.txt
_goals/convex-backend-runtime-2026-10-02/qa/task03b2b1/history/cycle3-final/candidate/qa/continuation/call-context-rerun/checks/diff-check.stderr.txt
_goals/convex-backend-runtime-2026-10-02/qa/task03b2b1/history/cycle3-final/candidate/qa/continuation/call-context-rerun/checks/catalog.stderr.txt
_goals/convex-backend-runtime-2026-10-02/qa/task03b2b1/history/cycle3-final/candidate/qa/continuation/call-context-rerun/checks/tests.stderr.txt
_goals/convex-backend-runtime-2026-10-02/qa/task03c2-live-fixture/scripts/cases.d.mts
_goals/convex-backend-runtime-2026-10-02/qa/task03b2b1/history/cycle3-final/candidate/qa/continuation/call-context-rerun/checks/scoped-types.stderr.txt
_goals/convex-backend-runtime-2026-10-02/qa/task03c2-live-fixture/scripts/driver-check.mjs
_goals/convex-backend-runtime-2026-10-02/qa/task03c2-live-fixture/scripts/cleanup.mjs
_goals/convex-backend-runtime-2026-10-02/qa/task03c2-live-fixture/scripts/deploy.mjs
_goals/convex-backend-runtime-2026-10-02/qa/task03c2-live-fixture/scripts/key-check.mjs
_goals/convex-backend-runtime-2026-10-02/qa/task03c2-live-fixture/scripts/operator.d.mts
_goals/convex-backend-runtime-2026-10-02/qa/task03c2-live-fixture/scripts/reactive-transport.mjs
_goals/convex-backend-runtime-2026-10-02/qa/task03c2-live-fixture/scripts/client.ts
_goals/convex-backend-runtime-2026-10-02/qa/task03c2-live-fixture/scripts/classifier-check.mjs
_goals/convex-backend-runtime-2026-10-02/qa/task03c2-live-fixture/scripts/protocol.mjs
_goals/convex-backend-runtime-2026-10-02/qa/task03c2-live-fixture/scripts/parent-channel.ts
_goals/convex-backend-runtime-2026-10-02/qa/task03c2-live-fixture/scripts/receipt-check-cycle3.mjs
_goals/convex-backend-runtime-2026-10-02/qa/task03c2-live-fixture/scripts/classifier-adversarial.mjs
_goals/convex-backend-runtime-2026-10-02/qa/task03c2-live-fixture/scripts/bounds-check.mjs
_goals/convex-backend-runtime-2026-10-02/qa/task03c2-live-fixture/scripts/reactive-transport.d.mts
_goals/convex-backend-runtime-2026-10-02/qa/task03c2-live-fixture/scripts/process-owner.mjs
_goals/convex-backend-runtime-2026-10-02/qa/task03c2-live-fixture/scripts/create.mjs
_goals/convex-backend-runtime-2026-10-02/qa/task03c2-live-fixture/scripts/packed-prep.mjs
_goals/convex-backend-runtime-2026-10-02/qa/task03c2-live-fixture/scripts/cases.mjs
_goals/convex-backend-runtime-2026-10-02/qa/task03c2-live-fixture/scripts/guard-check.mjs
_goals/convex-backend-runtime-2026-10-02/qa/task03c2-live-fixture/scripts/operator.mjs
_goals/convex-backend-runtime-2026-10-02/qa/task03c2-live-fixture/scripts/entrypoint-check.mjs
_goals/convex-backend-runtime-2026-10-02/qa/task03c2-live-fixture/scripts/process-check-cycle3.mjs
_goals/convex-backend-runtime-2026-10-02/qa/task03c2-live-fixture/scripts/driver-engine.mjs
_goals/convex-backend-runtime-2026-10-02/qa/task03c2-live-fixture/scripts/operator-classifier.mjs
_goals/convex-backend-runtime-2026-10-02/qa/task03c2-live-fixture/scripts/case-ledger.mjs
_goals/convex-backend-runtime-2026-10-02/qa/task03c2-live-fixture/scripts/driver.mjs
_goals/convex-backend-runtime-2026-10-02/qa/task03c2-live-fixture/scripts/guard.mjs
_goals/convex-backend-runtime-2026-10-02/qa/task03c2-live-fixture/scripts/guard.d.mts
_goals/convex-backend-runtime-2026-10-02/qa/task03c2-live-fixture/scripts/client-prep.ts
_goals/convex-backend-runtime-2026-10-02/qa/task03c2-live-fixture/scripts/process-terminal.mjs
_goals/convex-backend-runtime-2026-10-02/qa/task03c2-live-fixture/report.md
_goals/convex-backend-runtime-2026-10-02/qa/task03c2-live-fixture/history/cycle2-final/independent/process-race.json
_goals/convex-backend-runtime-2026-10-02/qa/task03c2-live-fixture/history/cycle2-final/independent/initial-failures.json
_goals/convex-backend-runtime-2026-10-02/qa/task03c2-live-fixture/history/cycle2-final/independent/race-grandchild-15edfe22-6088-4056-80f1-6372db203243.pid
_goals/convex-backend-runtime-2026-10-02/qa/task03c2-live-fixture/history/cycle2-final/independent/process-race-recorded.json
_goals/convex-backend-runtime-2026-10-02/qa/task03c2-live-fixture/history/cycle2-final/independent/race-grandchild-f85cc4f5-e4f5-44cf-a701-f78cc2846b60.pid
_goals/convex-backend-runtime-2026-10-02/qa/task03c2-live-fixture/history/cycle2-final/independent/race-grandchild-ba1c0160-50db-4f1c-a21c-cd8bbbb1ece6.pid
_goals/convex-backend-runtime-2026-10-02/qa/task03c2-live-fixture/history/cycle2-final/independent/race-grandchild-f4327b67-2443-4f87-a2e7-9c5eff7b57d1.pid
_goals/convex-backend-runtime-2026-10-02/qa/task03c2-live-fixture/history/cycle2-final/independent/race-grandchild-348afc2e-0b20-4a31-9a4f-954d470c5ee6.pid
_goals/convex-backend-runtime-2026-10-02/qa/task03c2-live-fixture/history/cycle2-final/independent/key-and-operator-controls.mjs.text
_goals/convex-backend-runtime-2026-10-02/qa/task03c2-live-fixture/history/cycle2-final/independent/race-receipt-c6a3f7a4-4c05-419d-bd84-97c9f26c35f9.json
_goals/convex-backend-runtime-2026-10-02/qa/task03c2-live-fixture/history/cycle2-final/independent/race-receipt-7aadd32a-fa57-4856-98b2-07a8e376d37b.json
_goals/convex-backend-runtime-2026-10-02/qa/task03c2-live-fixture/history/cycle2-final/independent/replay-discovery.json
_goals/convex-backend-runtime-2026-10-02/qa/task03c2-live-fixture/history/cycle2-final/independent/race-receipt-348afc2e-0b20-4a31-9a4f-954d470c5ee6.json
_goals/convex-backend-runtime-2026-10-02/qa/task03c2-live-fixture/history/cycle2-final/independent/race-grandchild-52138cf8-42e8-43a7-bb72-9a7110cff8b7.pid
_goals/convex-backend-runtime-2026-10-02/qa/task03c2-live-fixture/history/cycle2-final/independent/race-grandchild-b5efae91-be2c-4c14-89c6-813286068655.pid
_goals/convex-backend-runtime-2026-10-02/qa/task03c2-live-fixture/history/cycle2-final/independent/commands.json
_goals/convex-backend-runtime-2026-10-02/qa/task03c2-live-fixture/history/cycle2-final/independent/race-grandchild-b12345a0-6833-4670-be0c-8225c96b3e79.pid
_goals/convex-backend-runtime-2026-10-02/qa/task03c2-live-fixture/history/cycle2-final/independent/race-grandchild-515734ce-139b-4964-bcc7-4498b6a09b68.pid
_goals/convex-backend-runtime-2026-10-02/qa/task03c2-live-fixture/history/cycle2-final/independent/race-receipt-01c16488-7108-4fdb-81b0-12da800ef2c5.json
_goals/convex-backend-runtime-2026-10-02/qa/task03c2-live-fixture/history/cycle2-final/independent/manifest.original.json
_goals/convex-backend-runtime-2026-10-02/qa/task03c2-live-fixture/history/cycle2-final/independent/preservation.json
_goals/convex-backend-runtime-2026-10-02/qa/task03c2-live-fixture/history/cycle2-final/independent/key-and-operator-controls-recorded.json
_goals/convex-backend-runtime-2026-10-02/qa/task03c2-live-fixture/history/cycle2-final/independent/race-grandchild-6c840423-d607-4bd6-831f-82abb2b6d5bb.pid
_goals/convex-backend-runtime-2026-10-02/qa/task03c2-live-fixture/history/cycle2-final/independent/race-receipt-6c840423-d607-4bd6-831f-82abb2b6d5bb.json
_goals/convex-backend-runtime-2026-10-02/qa/task03c2-live-fixture/history/cycle2-final/independent/race-receipt-753adaf0-747b-4bfb-91b2-87cdc43557fe.json
_goals/convex-backend-runtime-2026-10-02/qa/task03c2-live-fixture/history/cycle2-final/independent/race-receipt-90d7baf1-93f5-4118-843b-1d1d40081ddf.json
_goals/convex-backend-runtime-2026-10-02/qa/task03c2-live-fixture/history/cycle2-final/independent/process-race-child.mjs.text
_goals/convex-backend-runtime-2026-10-02/qa/task03c2-live-fixture/history/cycle2-final/independent/process-race-recorded.mjs.text
_goals/convex-backend-runtime-2026-10-02/qa/task03c2-live-fixture/history/cycle2-final/independent/race-grandchild-f9b00049-48ea-4c25-82e7-a9d221dcc334.pid
_goals/convex-backend-runtime-2026-10-02/qa/task03c2-live-fixture/history/cycle2-final/independent/key-and-operator-controls.json
_goals/convex-backend-runtime-2026-10-02/qa/task03c2-live-fixture/history/cycle2-final/independent/process-race.mjs.text
_goals/convex-backend-runtime-2026-10-02/qa/task03c2-live-fixture/history/cycle2-final/independent/race-receipt-f85cc4f5-e4f5-44cf-a701-f78cc2846b60.json
_goals/convex-backend-runtime-2026-10-02/qa/task03c2-live-fixture/history/cycle2-final/independent/race-receipt-52138cf8-42e8-43a7-bb72-9a7110cff8b7.json
_goals/convex-backend-runtime-2026-10-02/qa/task03c2-live-fixture/history/cycle2-final/independent/finalize.py.text
_goals/convex-backend-runtime-2026-10-02/qa/task03c2-live-fixture/history/cycle2-final/independent/judgment.md
_goals/convex-backend-runtime-2026-10-02/qa/task03c2-live-fixture/history/cycle2-final/independent/race-receipt-b5efae91-be2c-4c14-89c6-813286068655.json
_goals/convex-backend-runtime-2026-10-02/qa/task03c2-live-fixture/history/cycle2-final/independent/race-grandchild-b5640370-3a75-45e4-abfb-65a8efabcb6d.pid
_goals/convex-backend-runtime-2026-10-02/qa/task03c2-live-fixture/history/cycle2-final/independent/race-grandchild-7aadd32a-fa57-4856-98b2-07a8e376d37b.pid
_goals/convex-backend-runtime-2026-10-02/qa/task03c2-live-fixture/history/cycle2-final/independent/race-grandchild-b86d548f-6165-4874-b4ea-9c99220735ac.pid
_goals/convex-backend-runtime-2026-10-02/qa/task03c2-live-fixture/history/cycle2-final/independent/operator-lookalike-assertions.mjs.text
_goals/convex-backend-runtime-2026-10-02/qa/task03c2-live-fixture/history/cycle2-final/independent/race-grandchild-753adaf0-747b-4bfb-91b2-87cdc43557fe.pid
_goals/convex-backend-runtime-2026-10-02/qa/task03c2-live-fixture/history/cycle2-final/independent/race-grandchild-caf3392c-d48c-4c6f-9c00-ac4e76f226de.pid
_goals/convex-backend-runtime-2026-10-02/qa/task03c2-live-fixture/history/cycle2-final/independent/race-receipt-515734ce-139b-4964-bcc7-4498b6a09b68.json
_goals/convex-backend-runtime-2026-10-02/qa/task03c2-live-fixture/history/cycle2-final/independent/race-receipt-b5640370-3a75-45e4-abfb-65a8efabcb6d.json
_goals/convex-backend-runtime-2026-10-02/qa/task03c2-live-fixture/history/cycle2-final/independent/race-receipt-15edfe22-6088-4056-80f1-6372db203243.json
_goals/convex-backend-runtime-2026-10-02/qa/task03c2-live-fixture/history/cycle2-final/independent/race-receipt-caf3392c-d48c-4c6f-9c00-ac4e76f226de.json
_goals/convex-backend-runtime-2026-10-02/qa/task03c2-live-fixture/history/cycle2-final/independent/race-receipt-f9b00049-48ea-4c25-82e7-a9d221dcc334.json
_goals/convex-backend-runtime-2026-10-02/qa/task03c2-live-fixture/history/cycle2-final/independent/race-grandchild-01c16488-7108-4fdb-81b0-12da800ef2c5.pid
_goals/convex-backend-runtime-2026-10-02/qa/task03c2-live-fixture/history/cycle2-final/independent/before.json
_goals/convex-backend-runtime-2026-10-02/qa/task03c2-live-fixture/history/cycle2-final/independent/run.py.text
_goals/convex-backend-runtime-2026-10-02/qa/task03c2-live-fixture/history/cycle2-final/independent/race-receipt-b86d548f-6165-4874-b4ea-9c99220735ac.json
_goals/convex-backend-runtime-2026-10-02/qa/task03c2-live-fixture/history/cycle2-final/independent/operator-lookalike-assertions.json
_goals/convex-backend-runtime-2026-10-02/qa/task03c2-live-fixture/history/cycle2-final/independent/integrity.py.text
_goals/convex-backend-runtime-2026-10-02/qa/task03b2b1/history/cycle3-final/candidate/qa/continuation/call-context-rerun/checks/root-types-diagnostic.stderr.txt
_goals/convex-backend-runtime-2026-10-02/qa/task03b2b1/history/cycle3-final/candidate/qa/continuation/call-context-rerun/checks/node-version.stdout.txt
_goals/convex-backend-runtime-2026-10-02/qa/task03b2b1/history/cycle3-final/candidate/qa/continuation/call-context-rerun/checks/root-lint-types-diagnostic.stderr.txt
_goals/convex-backend-runtime-2026-10-02/qa/task03b2b1/history/cycle3-final/candidate/qa/continuation/call-context-rerun/checks/root-lint-types-diagnostic.stdout.txt
_goals/convex-backend-runtime-2026-10-02/qa/task03b2b1/history/cycle3-final/candidate/qa/continuation/call-context-rerun/checks/discovery.stdout.txt
_goals/convex-backend-runtime-2026-10-02/qa/task03b2b1/history/cycle3-final/candidate/qa/continuation/call-context-rerun/checks/scoped-lint.stderr.txt
_goals/convex-backend-runtime-2026-10-02/qa/task03b2b1/history/cycle3-final/candidate/qa/continuation/call-context-rerun/checks/npm-version.stdout.txt
_goals/convex-backend-runtime-2026-10-02/qa/task03b2b1/history/cycle3-final/candidate/qa/continuation/call-context-rerun/checks/scoped-lint.stdout.txt
_goals/convex-backend-runtime-2026-10-02/qa/task03b2b1/history/cycle3-final/candidate/qa/continuation/call-context-rerun/checks/scoped-types.stdout.txt
_goals/convex-backend-runtime-2026-10-02/qa/task03b2b1/history/cycle3-final/candidate/qa/continuation/call-context-rerun/checks/backend-types.stderr.txt
_goals/convex-backend-runtime-2026-10-02/qa/task03c2-live-harness-review3-evidence/source-context/private/offline-cycle3/receipt-loader.mjs.text
_goals/convex-backend-runtime-2026-10-02/qa/task03c2-live-harness-review3-evidence/source-context/private/offline-cycle3/receipt-owner.mjs.text
_goals/convex-backend-runtime-2026-10-02/qa/task03c2-live-harness-review3-evidence/source-context/private/offline-cycle3/receipt-operator.mjs.text
_goals/convex-backend-runtime-2026-10-02/qa/task03c2-live-harness-review3-evidence/source-context/private/offline-cycle3/receipt-register.mjs.text
_goals/convex-backend-runtime-2026-10-02/qa/task03c2-live-harness-review3-evidence/source-context/private/offline-cycle3/receipt-state.mjs.text
_goals/convex-backend-runtime-2026-10-02/qa/task03c2-live-harness-review3-evidence/source-context/private/offline-cycle3/sdk-environment-check.mjs.text
_goals/convex-backend-runtime-2026-10-02/qa/task03c2-live-harness-review3-evidence/source-context/private/offline-cycle3/key-output-register.mjs.text
_goals/convex-backend-runtime-2026-10-02/qa/task03c2-live-harness-review3-evidence/source-context/private/offline-cycle3/receipt-guard.mjs.text
_goals/convex-backend-runtime-2026-10-02/qa/task03b2b1/history/cycle3-final/candidate/qa/continuation/history-initial-test/admissionBoundary.test.ts.text
_goals/convex-backend-runtime-2026-10-02/qa/task03b2b1/history/cycle3-final/candidate/qa/continuation/history-initial-test/tests.json
_goals/convex-backend-runtime-2026-10-02/qa/task03b2b1/history/cycle3-final/candidate/qa/continuation/history-initial-test/command.json
_goals/convex-backend-runtime-2026-10-02/qa/task03b2b1/history/cycle3-final/candidate/qa/continuation/history-initial-test/stdout.txt
_goals/convex-backend-runtime-2026-10-02/qa/task03b2b1/history/cycle3-final/candidate/qa/continuation/history-initial-test/stderr.txt
_goals/convex-backend-runtime-2026-10-02/qa/task03c2-live-harness-review3-evidence/source-context/private/offline-cycle2/process-child.mjs.text
_goals/convex-backend-runtime-2026-10-02/qa/task03c2-live-harness-review3-evidence/source-context/private/offline-cycle2/intercept-child.mjs.text
_goals/convex-backend-runtime-2026-10-02/qa/task03c2-live-harness-review3-evidence/source-context/original41-independent-requirement-mapping.json
_goals/convex-backend-runtime-2026-10-02/qa/task03c2-live-harness-review3-evidence/source-context/node_modules--convex--src--bundler--log.ts.text
_goals/convex-backend-runtime-2026-10-02/qa/task03c2-live-harness-review3-evidence/source-context/current-required-denial.json
_goals/convex-backend-runtime-2026-10-02/qa/task03c2-live-harness-review3-evidence/source-context/_research--convex-ai-gateway-2026-10-02--architecture.md
_goals/convex-backend-runtime-2026-10-02/qa/task03c2-live-harness-review3-evidence/source-context/node_modules--convex--src--cli--lib--run.ts.text
_goals/convex-backend-runtime-2026-10-02/qa/task03c2-live-harness-review3-evidence/source-context/metadata-native-error-confirmation-independent-baseline.json
_goals/convex-backend-runtime-2026-10-02/qa/task03c2-live-harness-review3-evidence/source-context/node_modules--convex--src--bundler--context.ts.text
_goals/convex-backend-runtime-2026-10-02/qa/task03c2-live-harness-review3-evidence/source-context/metadata-control-native-error-confirmation-independent-baseline.json
_goals/convex-backend-runtime-2026-10-02/qa/task03c2-live-harness-review3-evidence/source-context/_goals--convex-backend-runtime-2026-10-02--goal.md
_goals/convex-backend-runtime-2026-10-02/qa/task03c2-live-harness-review3-evidence/source-context/current-required18-outcomes.json
_goals/convex-backend-runtime-2026-10-02/qa/task03c2-live-harness-review3-evidence/source-context/_research--convex-ai-gateway-2026-10-02--decision-gates.md
_goals/convex-backend-runtime-2026-10-02/qa/task03b2b1/history/cycle3-final/candidate/qa/continuation/catalog/selected-path-inventory.json
_goals/convex-backend-runtime-2026-10-02/qa/task03b2b1/history/cycle3-final/candidate/qa/continuation/catalog/selected-path-inventory.md
_goals/convex-backend-runtime-2026-10-02/qa/task03b2b1/history/cycle3-final/candidate/qa/continuation/before-preservation.json
_goals/convex-backend-runtime-2026-10-02/qa/task03b2b1/history/cycle3-final/candidate/qa/continuation/history-first-full-check/admissionBoundary.test.ts.text
_goals/convex-backend-runtime-2026-10-02/qa/task03b2b1/history/cycle3-final/candidate/qa/continuation/history-first-full-check/verify.py.text
_goals/convex-backend-runtime-2026-10-02/qa/task03b2b1/history/cycle3-final/candidate/qa/continuation/accepted-core-refresh.json
_goals/convex-backend-runtime-2026-10-02/qa/task03c2-live-harness-review3-evidence/source-context/candidate/client-tsconfig.json
_goals/convex-backend-runtime-2026-10-02/qa/task03c2-live-harness-review3-evidence/source-context/candidate/fixture/package.json
_goals/convex-backend-runtime-2026-10-02/qa/task03c2-live-harness-review3-evidence/source-context/candidate/fixture/convex.json
_goals/convex-backend-runtime-2026-10-02/qa/task03b2b1/history/cycle3-final/candidate/qa/continuation/current-base-rerun/probes/original-graph-boundary.stderr.txt
_goals/convex-backend-runtime-2026-10-02/qa/task03b2b1/history/cycle3-final/candidate/qa/continuation/current-base-rerun/probes/repaired-admission-outcomes.stdout.json
_goals/convex-backend-runtime-2026-10-02/qa/task03b2b1/history/cycle3-final/candidate/qa/continuation/current-base-rerun/probes/original-accessor-finding.stderr.txt
_goals/convex-backend-runtime-2026-10-02/qa/task03b2b1/history/cycle3-final/candidate/qa/continuation/current-base-rerun/probes/repaired-accessor-outcomes.stdout.json
_goals/convex-backend-runtime-2026-10-02/qa/task03b2b1/history/cycle3-final/candidate/qa/continuation/current-base-rerun/probes/repaired-admission-outcomes.stderr.txt
_goals/convex-backend-runtime-2026-10-02/qa/task03b2b1/history/cycle3-final/candidate/qa/continuation/current-base-rerun/probes/original-graph-boundary.stdout.json
_goals/convex-backend-runtime-2026-10-02/qa/task03b2b1/history/cycle3-final/candidate/qa/continuation/current-base-rerun/probes/original-stateful-finding.stdout.json
_goals/convex-backend-runtime-2026-10-02/qa/task03b2b1/history/cycle3-final/candidate/qa/continuation/current-base-rerun/probes/original-native-probes.stdout.json
_goals/convex-backend-runtime-2026-10-02/qa/task03b2b1/history/cycle3-final/candidate/qa/continuation/current-base-rerun/probes/commands.json
_goals/convex-backend-runtime-2026-10-02/qa/task03b2b1/history/cycle3-final/candidate/qa/continuation/current-base-rerun/probes/original-accessor-finding.stdout.json
_goals/convex-backend-runtime-2026-10-02/qa/task03b2b1/history/cycle3-final/candidate/qa/continuation/current-base-rerun/probes/original-authority-probes.stdout.json
_goals/convex-backend-runtime-2026-10-02/qa/task03b2b1/history/cycle3-final/candidate/qa/continuation/current-base-rerun/probes/original-authority-probes.stderr.txt
_goals/convex-backend-runtime-2026-10-02/qa/task03b2b1/history/cycle3-final/candidate/qa/continuation/current-base-rerun/probes/repaired-stateful-outcomes.stderr.txt
_goals/convex-backend-runtime-2026-10-02/qa/task03b2b1/history/cycle3-final/candidate/qa/continuation/current-base-rerun/probes/repaired-graph-boundary.stderr.txt
_goals/convex-backend-runtime-2026-10-02/qa/task03b2b1/history/cycle3-final/candidate/qa/continuation/current-base-rerun/probes/original-stateful-finding.stderr.txt
_goals/convex-backend-runtime-2026-10-02/qa/task03b2b1/history/cycle3-final/candidate/qa/continuation/current-base-rerun/probes/repaired-accessor-outcomes.stderr.txt
_goals/convex-backend-runtime-2026-10-02/qa/task03b2b1/history/cycle3-final/candidate/qa/continuation/current-base-rerun/probes/repaired-graph-boundary.stdout.json
_goals/convex-backend-runtime-2026-10-02/qa/task03b2b1/history/cycle3-final/candidate/qa/continuation/current-base-rerun/probes/repaired-stateful-outcomes.stdout.json
_goals/convex-backend-runtime-2026-10-02/qa/task03b2b1/history/cycle3-final/candidate/qa/continuation/current-base-rerun/probes/original-native-probes.stderr.txt
_goals/convex-backend-runtime-2026-10-02/qa/task03b2b1/history/cycle3-final/candidate/qa/continuation/current-base-rerun/ready-checkpoint.json
_goals/convex-backend-runtime-2026-10-02/qa/task03c2-live-harness-review3-evidence/source-context/candidate/fixture/convex/runtimeAuthSchema.ts.text
_goals/convex-backend-runtime-2026-10-02/qa/task03c2-live-harness-review3-evidence/source-context/candidate/fixture/convex/tsconfig.json
_goals/convex-backend-runtime-2026-10-02/qa/task03c2-live-harness-review3-evidence/source-context/candidate/fixture/convex/auth.config.ts.text
_goals/convex-backend-runtime-2026-10-02/qa/task03c2-live-harness-review3-evidence/source-context/candidate/fixture/convex/runtimeMemorySchema.ts.text
_goals/convex-backend-runtime-2026-10-02/qa/task03c2-live-harness-review3-evidence/source-context/candidate/fixture/convex/sessions.ts.text
_goals/convex-backend-runtime-2026-10-02/qa/task03c2-live-harness-review3-evidence/source-context/candidate/fixture/convex/runtimeMetadataAuth.ts.text
_goals/convex-backend-runtime-2026-10-02/qa/task03c2-live-harness-review3-evidence/source-context/candidate/fixture/convex/runtimeAuth.ts.text
_goals/convex-backend-runtime-2026-10-02/qa/task03b2b1/history/cycle3-final/candidate/qa/continuation/current-base-rerun/catalog/selected-path-inventory.json
_goals/convex-backend-runtime-2026-10-02/qa/task03b2b1/history/cycle3-final/candidate/qa/continuation/current-base-rerun/catalog/selected-path-inventory.md
_goals/convex-backend-runtime-2026-10-02/qa/task03b2b1/history/cycle3-final/candidate/qa/continuation/current-base-rerun/current-base-verification.json
_goals/convex-backend-runtime-2026-10-02/qa/task03b2b1/history/cycle3-final/candidate/qa/continuation/current-base-rerun/before-preservation.json
_goals/convex-backend-runtime-2026-10-02/qa/task03c2-live-harness-review3-evidence/source-context/candidate/fixture/convex/_generated/server.d.ts.text
_goals/convex-backend-runtime-2026-10-02/qa/task03c2-live-harness-review3-evidence/source-context/candidate/fixture/convex/_generated/dataModel.d.ts.text
_goals/convex-backend-runtime-2026-10-02/qa/task03c2-live-harness-review3-evidence/source-context/candidate/fixture/convex/_generated/server.js.text
_goals/convex-backend-runtime-2026-10-02/qa/task03c2-live-harness-review3-evidence/source-context/candidate/fixture/convex/immutable.ts.text
_goals/convex-backend-runtime-2026-10-02/qa/task03c2-live-harness-review3-evidence/source-context/candidate/fixture/convex/mutable.ts.text
_goals/convex-backend-runtime-2026-10-02/qa/task03c2-live-harness-review3-evidence/source-context/candidate/fixture/convex/users.ts.text
_goals/convex-backend-runtime-2026-10-02/qa/task03c2-live-harness-review3-evidence/source-context/candidate/fixture/convex/schema.ts.text
_goals/convex-backend-runtime-2026-10-02/qa/task03c2-live-harness-review3-evidence/source-context/candidate/fixture/src/auth/verified.ts.text
_goals/convex-backend-runtime-2026-10-02/qa/task03c2-live-harness-review3-evidence/source-context/candidate/archive-preservation.json
_goals/convex-backend-runtime-2026-10-02/qa/task03c2-live-harness-review3-evidence/source-context/candidate/sdk-provenance.json
_goals/convex-backend-runtime-2026-10-02/qa/task03c2-live-harness-review3-evidence/source-context/candidate/source-freeze.json
_goals/convex-backend-runtime-2026-10-02/qa/task03b2b1/history/cycle3-final/candidate/qa/continuation/current-base-rerun/checks/node-version.stderr.txt
_goals/convex-backend-runtime-2026-10-02/qa/task03b2b1/history/cycle3-final/candidate/qa/continuation/current-base-rerun/checks/discovery.stderr.txt
_goals/convex-backend-runtime-2026-10-02/qa/task03b2b1/history/cycle3-final/candidate/qa/continuation/current-base-rerun/checks/npm-version.stderr.txt
_goals/convex-backend-runtime-2026-10-02/qa/task03b2b1/history/cycle3-final/candidate/qa/continuation/current-base-rerun/checks/diff-check.stdout.txt
_goals/convex-backend-runtime-2026-10-02/qa/task03b2b1/history/cycle3-final/candidate/qa/continuation/current-base-rerun/checks/tests.stdout.txt
_goals/convex-backend-runtime-2026-10-02/qa/task03b2b1/history/cycle3-final/candidate/qa/continuation/current-base-rerun/checks/tests.json
_goals/convex-backend-runtime-2026-10-02/qa/task03b2b1/history/cycle3-final/candidate/qa/continuation/current-base-rerun/checks/root-types-diagnostic.stdout.txt
_goals/convex-backend-runtime-2026-10-02/qa/task03b2b1/history/cycle3-final/candidate/qa/continuation/current-base-rerun/checks/commands.json
_goals/convex-backend-runtime-2026-10-02/qa/task03b2b1/history/cycle3-final/candidate/qa/continuation/current-base-rerun/checks/catalog.stdout.txt
_goals/convex-backend-runtime-2026-10-02/qa/task03b2b1/history/cycle3-final/candidate/qa/continuation/current-base-rerun/checks/backend-types.stdout.txt
_goals/convex-backend-runtime-2026-10-02/qa/task03b2b1/history/cycle3-final/candidate/qa/continuation/current-base-rerun/checks/diff-check.stderr.txt
_goals/convex-backend-runtime-2026-10-02/qa/task03b2b1/history/cycle3-final/candidate/qa/continuation/current-base-rerun/checks/catalog.stderr.txt
_goals/convex-backend-runtime-2026-10-02/qa/task03b2b1/history/cycle3-final/candidate/qa/continuation/current-base-rerun/checks/tests.stderr.txt
_goals/convex-backend-runtime-2026-10-02/qa/task03b2b1/history/cycle3-final/candidate/qa/continuation/current-base-rerun/checks/scoped-types.stderr.txt
_goals/convex-backend-runtime-2026-10-02/qa/task03b2b1/history/cycle3-final/candidate/qa/continuation/current-base-rerun/checks/root-types-diagnostic.stderr.txt
_goals/convex-backend-runtime-2026-10-02/qa/task03b2b1/history/cycle3-final/candidate/qa/continuation/current-base-rerun/checks/node-version.stdout.txt
_goals/convex-backend-runtime-2026-10-02/qa/task03b2b1/history/cycle3-final/candidate/qa/continuation/current-base-rerun/checks/root-lint-types-diagnostic.stderr.txt
_goals/convex-backend-runtime-2026-10-02/qa/task03b2b1/history/cycle3-final/candidate/qa/continuation/current-base-rerun/checks/root-lint-types-diagnostic.stdout.txt
_goals/convex-backend-runtime-2026-10-02/qa/task03b2b1/history/cycle3-final/candidate/qa/continuation/current-base-rerun/checks/discovery.stdout.txt
_goals/convex-backend-runtime-2026-10-02/qa/task03b2b1/history/cycle3-final/candidate/qa/continuation/current-base-rerun/checks/scoped-lint.stderr.txt
_goals/convex-backend-runtime-2026-10-02/qa/task03b2b1/history/cycle3-final/candidate/qa/continuation/current-base-rerun/checks/npm-version.stdout.txt
_goals/convex-backend-runtime-2026-10-02/qa/task03b2b1/history/cycle3-final/candidate/qa/continuation/current-base-rerun/checks/scoped-lint.stdout.txt
_goals/convex-backend-runtime-2026-10-02/qa/task03b2b1/history/cycle3-final/candidate/qa/continuation/current-base-rerun/checks/scoped-types.stdout.txt
_goals/convex-backend-runtime-2026-10-02/qa/task03b2b1/history/cycle3-final/candidate/qa/continuation/current-base-rerun/checks/backend-types.stderr.txt
_goals/convex-backend-runtime-2026-10-02/qa/task03c2-live-harness-review3-evidence/source-context/candidate/scripts/process-owner.mjs.text
_goals/convex-backend-runtime-2026-10-02/qa/task03c2-live-harness-review3-evidence/source-context/candidate/scripts/receipt-check-cycle3.mjs.text
_goals/convex-backend-runtime-2026-10-02/qa/task03c2-live-harness-review3-evidence/source-context/candidate/scripts/cases.d.mts.text
_goals/convex-backend-runtime-2026-10-02/qa/task03c2-live-harness-review3-evidence/source-context/candidate/scripts/process-check-cycle3.mjs.text
_goals/convex-backend-runtime-2026-10-02/qa/task03c2-live-harness-review3-evidence/source-context/candidate/scripts/driver.mjs.text
_goals/convex-backend-runtime-2026-10-02/qa/task03c2-live-harness-review3-evidence/source-context/candidate/scripts/protocol.mjs.text
_goals/convex-backend-runtime-2026-10-02/qa/task03c2-live-harness-review3-evidence/source-context/candidate/scripts/classifier-adversarial.mjs.text
_goals/convex-backend-runtime-2026-10-02/qa/task03c2-live-harness-review3-evidence/source-context/candidate/scripts/deploy.mjs.text
_goals/convex-backend-runtime-2026-10-02/qa/task03c2-live-harness-review3-evidence/source-context/candidate/scripts/client.ts.text
_goals/convex-backend-runtime-2026-10-02/qa/task03c2-live-harness-review3-evidence/source-context/candidate/scripts/cleanup.mjs.text
_goals/convex-backend-runtime-2026-10-02/qa/task03c2-live-harness-review3-evidence/source-context/candidate/scripts/driver-check.mjs.text
_goals/convex-backend-runtime-2026-10-02/qa/task03c2-live-harness-review3-evidence/source-context/candidate/scripts/process-terminal.mjs.text
_goals/convex-backend-runtime-2026-10-02/qa/task03c2-live-harness-review3-evidence/source-context/candidate/scripts/cases.mjs.text
_goals/convex-backend-runtime-2026-10-02/qa/task03c2-live-harness-review3-evidence/source-context/candidate/scripts/classifier-check.mjs.text
_goals/convex-backend-runtime-2026-10-02/qa/task03c2-live-harness-review3-evidence/source-context/candidate/scripts/operator.mjs.text
_goals/convex-backend-runtime-2026-10-02/qa/task03c2-live-harness-review3-evidence/source-context/candidate/scripts/guard-check.mjs.text
_goals/convex-backend-runtime-2026-10-02/qa/task03c2-live-harness-review3-evidence/source-context/candidate/scripts/reactive-transport.mjs.text
_goals/convex-backend-runtime-2026-10-02/qa/task03c2-live-harness-review3-evidence/source-context/candidate/scripts/case-ledger.mjs.text
_goals/convex-backend-runtime-2026-10-02/qa/task03c2-live-harness-review3-evidence/source-context/candidate/scripts/driver-engine.mjs.text
_goals/convex-backend-runtime-2026-10-02/qa/task03c2-live-harness-review3-evidence/source-context/candidate/scripts/client-prep.ts.text
_goals/convex-backend-runtime-2026-10-02/qa/task03c2-live-harness-review3-evidence/source-context/candidate/scripts/guard.mjs.text
_goals/convex-backend-runtime-2026-10-02/qa/task03c2-live-harness-review3-evidence/source-context/candidate/scripts/parent-channel.ts.text
_goals/convex-backend-runtime-2026-10-02/qa/task03c2-live-harness-review3-evidence/source-context/candidate/scripts/create.mjs.text
_goals/convex-backend-runtime-2026-10-02/qa/task03c2-live-harness-review3-evidence/source-context/candidate/scripts/qualify.mjs.text
_goals/convex-backend-runtime-2026-10-02/qa/task03c2-live-harness-review3-evidence/source-context/candidate/scripts/reactive-transport.d.mts.text
_goals/convex-backend-runtime-2026-10-02/qa/task03c2-live-harness-review3-evidence/source-context/candidate/scripts/entrypoint-check.mjs.text
_goals/convex-backend-runtime-2026-10-02/qa/task03c2-live-harness-review3-evidence/source-context/candidate/scripts/bounds-check.mjs.text
_goals/convex-backend-runtime-2026-10-02/qa/task03c2-live-harness-review3-evidence/source-context/candidate/scripts/key-check.mjs.text
_goals/convex-backend-runtime-2026-10-02/qa/task03c2-live-harness-review3-evidence/source-context/candidate/scripts/packed-prep.mjs.text
_goals/convex-backend-runtime-2026-10-02/qa/task03c2-live-harness-review3-evidence/source-context/candidate/scripts/guard.d.mts.text
_goals/convex-backend-runtime-2026-10-02/qa/task03c2-live-harness-review3-evidence/source-context/candidate/scripts/operator-classifier.mjs.text
_goals/convex-backend-runtime-2026-10-02/qa/task03b2b1/history/cycle3-final/candidate/qa/continuation/checks/node-version.stderr.txt
_goals/convex-backend-runtime-2026-10-02/qa/task03b2b1/history/cycle3-final/candidate/qa/continuation/checks/discovery.stderr.txt
_goals/convex-backend-runtime-2026-10-02/qa/task03b2b1/history/cycle3-final/candidate/qa/continuation/checks/npm-version.stderr.txt
_goals/convex-backend-runtime-2026-10-02/qa/task03b2b1/history/cycle3-final/candidate/qa/continuation/checks/diff-check.stdout.txt
_goals/convex-backend-runtime-2026-10-02/qa/task03b2b1/history/cycle3-final/candidate/qa/continuation/checks/tests.stdout.txt
_goals/convex-backend-runtime-2026-10-02/qa/task03b2b1/history/cycle3-final/candidate/qa/continuation/checks/tests.json
_goals/convex-backend-runtime-2026-10-02/qa/task03b2b1/history/cycle3-final/candidate/qa/continuation/checks/root-types-diagnostic.stdout.txt
_goals/convex-backend-runtime-2026-10-02/qa/task03b2b1/history/cycle3-final/candidate/qa/continuation/checks/commands.json
_goals/convex-backend-runtime-2026-10-02/qa/task03b2b1/history/cycle3-final/candidate/qa/continuation/checks/catalog.stdout.txt
_goals/convex-backend-runtime-2026-10-02/qa/task03b2b1/history/cycle3-final/candidate/qa/continuation/checks/backend-types.stdout.txt
_goals/convex-backend-runtime-2026-10-02/qa/task03c2-live-harness-review3-evidence/source-context/candidate/scripts/operator.d.mts.text
_goals/convex-backend-runtime-2026-10-02/qa/task03b2b1/history/cycle3-final/candidate/qa/continuation/checks/diff-check.stderr.txt
_goals/convex-backend-runtime-2026-10-02/qa/task03b2b1/history/cycle3-final/candidate/qa/continuation/checks/catalog.stderr.txt
_goals/convex-backend-runtime-2026-10-02/qa/task03b2b1/history/cycle3-final/candidate/qa/continuation/checks/tests.stderr.txt
_goals/convex-backend-runtime-2026-10-02/qa/task03c2-live-harness-review3-evidence/source-context/candidate/report.md
_goals/convex-backend-runtime-2026-10-02/qa/task03b2b1/history/cycle3-final/candidate/qa/continuation/checks/scoped-types.stderr.txt
_goals/convex-backend-runtime-2026-10-02/qa/task03b2b1/history/cycle3-final/candidate/qa/continuation/checks/root-types-diagnostic.stderr.txt
_goals/convex-backend-runtime-2026-10-02/qa/task03b2b1/history/cycle3-final/candidate/qa/continuation/checks/node-version.stdout.txt
_goals/convex-backend-runtime-2026-10-02/qa/task03b2b1/history/cycle3-final/candidate/qa/continuation/checks/root-lint-types-diagnostic.stderr.txt
_goals/convex-backend-runtime-2026-10-02/qa/task03b2b1/history/cycle3-final/candidate/qa/continuation/checks/root-lint-types-diagnostic.stdout.txt
_goals/convex-backend-runtime-2026-10-02/qa/task03b2b1/history/cycle3-final/candidate/qa/continuation/checks/discovery.stdout.txt
_goals/convex-backend-runtime-2026-10-02/qa/task03b2b1/history/cycle3-final/candidate/qa/continuation/checks/scoped-lint.stderr.txt
_goals/convex-backend-runtime-2026-10-02/qa/task03b2b1/history/cycle3-final/candidate/qa/continuation/checks/npm-version.stdout.txt
_goals/convex-backend-runtime-2026-10-02/qa/task03b2b1/history/cycle3-final/candidate/qa/continuation/checks/scoped-lint.stdout.txt
_goals/convex-backend-runtime-2026-10-02/qa/task03b2b1/history/cycle3-final/candidate/qa/continuation/checks/scoped-types.stdout.txt
_goals/convex-backend-runtime-2026-10-02/qa/task03b2b1/history/cycle3-final/candidate/qa/continuation/checks/backend-types.stderr.txt
_goals/convex-backend-runtime-2026-10-02/qa/task03b2b1/history/cycle3-final/candidate/qa/repaired-accessor-outcomes.stdout.json
_goals/convex-backend-runtime-2026-10-02/qa/task03b2b1/history/cycle3-final/candidate/qa/repaired-admission-outcomes.stderr.txt
_goals/convex-backend-runtime-2026-10-02/qa/task03b2b1/history/cycle3-final/candidate/qa/original-graph-boundary.stdout.json
_goals/convex-backend-runtime-2026-10-02/qa/task03b2b1/history/cycle3-final/candidate/qa/original-stateful-finding.stdout.json
_goals/convex-backend-runtime-2026-10-02/qa/task03b2b1/history/cycle3-final/candidate/qa/original-native-probes.stdout.json
_goals/convex-backend-runtime-2026-10-02/qa/task03b2b1/history/cycle3-final/candidate/qa/accessor-outcomes.mts.text
_goals/convex-backend-runtime-2026-10-02/qa/task03b2b1/history/cycle3-final/candidate/qa/source-freeze.json
_goals/convex-backend-runtime-2026-10-02/qa/task03b2b1/history/cycle3-final/candidate/qa/original-accessor-finding.stdout.json
_goals/convex-backend-runtime-2026-10-02/qa/task03b2b1/history/cycle3-final/candidate/qa/contracts.md
_goals/convex-backend-runtime-2026-10-02/qa/task03b2b1/history/cycle3-final/candidate/qa/catalog/selected-path-inventory.json
_goals/convex-backend-runtime-2026-10-02/qa/task03b2b1/history/cycle3-final/candidate/qa/catalog/selected-path-inventory.md
_goals/convex-backend-runtime-2026-10-02/qa/task03b2b1/history/cycle3-final/candidate/qa/original-authority-probes.stdout.json
_goals/convex-backend-runtime-2026-10-02/qa/task03b2b1/history/cycle3-final/candidate/qa/original-authority-probes.stderr.txt
_goals/convex-backend-runtime-2026-10-02/qa/task03b2b1/history/cycle3-final/candidate/qa/report.md
_goals/convex-backend-runtime-2026-10-02/qa/task03b2b1/history/cycle3-final/candidate/qa/preservation.json
_goals/convex-backend-runtime-2026-10-02/qa/task03b2b1/history/cycle3-final/candidate/qa/repaired-stateful-outcomes.stderr.txt
_goals/convex-backend-runtime-2026-10-02/qa/task03c2-live-fixture/evidence/guards-eabe4cc2-58f3-4c50-b3cc-44d3b2be1182.json
_goals/convex-backend-runtime-2026-10-02/qa/task03c2-live-fixture/evidence/packed-prep-edef4f34-6d1a-4259-8a20-85d493e6977b.json
_goals/convex-backend-runtime-2026-10-02/qa/task03c2-live-fixture/evidence/initial-failures.json
_goals/convex-backend-runtime-2026-10-02/qa/task03c2-live-fixture/evidence/entrypoints-review-candidate.txt
_goals/convex-backend-runtime-2026-10-02/qa/task03c2-live-fixture/evidence/classifier-fd726d1d-37e9-429f-94c2-69d6763d3d04.json
_goals/convex-backend-runtime-2026-10-02/qa/task03c2-live-fixture/evidence/key-match-a931374f-cf32-4080-b97c-d3dffbdc5da6.json
_goals/convex-backend-runtime-2026-10-02/qa/task03c2-live-fixture/evidence/qualify-e7c1a712-53f5-4aba-8e3f-4d87d5e2b11c.json
_goals/convex-backend-runtime-2026-10-02/qa/task03b2b1/history/cycle3-final/candidate/qa/core-replay/legacy-fixture/failure-classification.json
_goals/convex-backend-runtime-2026-10-02/qa/task03b2b1/history/cycle3-final/candidate/qa/core-replay/legacy-fixture/tests.json
_goals/convex-backend-runtime-2026-10-02/qa/task03b2b1/history/cycle3-final/candidate/qa/core-replay/legacy-fixture/command.json
_goals/convex-backend-runtime-2026-10-02/qa/task03b2b1/history/cycle3-final/candidate/qa/core-replay/legacy-fixture/stdout.txt
_goals/convex-backend-runtime-2026-10-02/qa/task03b2b1/history/cycle3-final/candidate/qa/core-replay/legacy-fixture/stderr.txt
_goals/convex-backend-runtime-2026-10-02/qa/task03b2b1/history/cycle3-final/candidate/qa/core-replay/legacy-fixture/provisioning.test.ts.text
_goals/convex-backend-runtime-2026-10-02/qa/task03b2b1/history/cycle3-final/candidate/qa/core-replay/accepted-fixture/core-lint.stderr.txt
_goals/convex-backend-runtime-2026-10-02/qa/task03b2b1/history/cycle3-final/candidate/qa/core-replay/accepted-fixture/core-root-types.stdout.txt
_goals/convex-backend-runtime-2026-10-02/qa/task03b2b1/history/cycle3-final/candidate/qa/core-replay/accepted-fixture/core-lint.stdout.txt
_goals/convex-backend-runtime-2026-10-02/qa/task03b2b1/history/cycle3-final/candidate/qa/core-replay/accepted-fixture/tests.stdout.txt
_goals/convex-backend-runtime-2026-10-02/qa/task03b2b1/history/cycle3-final/candidate/qa/core-replay/accepted-fixture/verification.json
_goals/convex-backend-runtime-2026-10-02/qa/task03b2b1/history/cycle3-final/candidate/qa/core-replay/accepted-fixture/tests.json
_goals/convex-backend-runtime-2026-10-02/qa/task03b2b1/history/cycle3-final/candidate/qa/core-replay/accepted-fixture/commands.json
_goals/convex-backend-runtime-2026-10-02/qa/task03b2b1/history/cycle3-final/candidate/qa/core-replay/accepted-fixture/tests.stderr.txt
_goals/convex-backend-runtime-2026-10-02/qa/task03b2b1/history/cycle3-final/candidate/qa/core-replay/accepted-fixture/core-backend-types.stderr.txt
_goals/convex-backend-runtime-2026-10-02/qa/task03b2b1/history/cycle3-final/candidate/qa/core-replay/accepted-fixture/core-backend-types.stdout.txt
_goals/convex-backend-runtime-2026-10-02/qa/task03b2b1/history/cycle3-final/candidate/qa/core-replay/accepted-fixture/core-root-types.stderr.txt
_goals/convex-backend-runtime-2026-10-02/qa/task03b2b1/history/cycle3-final/candidate/qa/core-replay/accepted-provisioning-refresh.json
_goals/convex-backend-runtime-2026-10-02/qa/task03b2b1/history/cycle3-final/candidate/qa/repaired-graph-boundary.stderr.txt
_goals/convex-backend-runtime-2026-10-02/qa/task03b2b1/history/cycle3-final/candidate/qa/original-stateful-finding.stderr.txt
_goals/convex-backend-runtime-2026-10-02/qa/task03b2b1/history/cycle3-final/candidate/qa/qa-manifest.json
_goals/convex-backend-runtime-2026-10-02/qa/task03b2b1/history/cycle3-final/candidate/qa/probe-commands.json
_goals/convex-backend-runtime-2026-10-02/qa/task03b2b1/history/cycle3-final/candidate/qa/run-probes.py.text
_goals/convex-backend-runtime-2026-10-02/qa/task03b2b1/history/cycle3-final/candidate/qa/requirements-mapping.md
_goals/convex-backend-runtime-2026-10-02/qa/task03b2b1/history/cycle3-final/candidate/qa/repaired-accessor-outcomes.stderr.txt
_goals/convex-backend-runtime-2026-10-02/qa/task03b2b1/history/cycle3-final/candidate/qa/repaired-graph-boundary.stdout.json
_goals/convex-backend-runtime-2026-10-02/qa/task03b2b1/history/cycle3-final/candidate/qa/repaired-stateful-outcomes.stdout.json
_goals/convex-backend-runtime-2026-10-02/qa/task03b2b1/history/cycle3-final/candidate/qa/outcome-preservation.json
_goals/convex-backend-runtime-2026-10-02/qa/task03b2b1/history/cycle3-final/candidate/qa/admission-probes.mts.text
_goals/convex-backend-runtime-2026-10-02/qa/task03b2b1/history/cycle3-final/candidate/qa/root-diagnostic-classification.json
_goals/convex-backend-runtime-2026-10-02/qa/task03b2b1/history/cycle3-final/candidate/qa/validation/probes/original-graph-boundary.stderr.txt
_goals/convex-backend-runtime-2026-10-02/qa/task03b2b1/history/cycle3-final/candidate/qa/validation/probes/repaired-admission-outcomes.stdout.json
_goals/convex-backend-runtime-2026-10-02/qa/task03b2b1/history/cycle3-final/candidate/qa/validation/probes/original-accessor-finding.stderr.txt
_goals/convex-backend-runtime-2026-10-02/qa/task03b2b1/history/cycle3-final/candidate/qa/validation/probes/repaired-accessor-outcomes.stdout.json
_goals/convex-backend-runtime-2026-10-02/qa/task03b2b1/history/cycle3-final/candidate/qa/validation/probes/repaired-admission-outcomes.stderr.txt
_goals/convex-backend-runtime-2026-10-02/qa/task03b2b1/history/cycle3-final/candidate/qa/validation/probes/original-graph-boundary.stdout.json
_goals/convex-backend-runtime-2026-10-02/qa/task03b2b1/history/cycle3-final/candidate/qa/validation/probes/original-stateful-finding.stdout.json
_goals/convex-backend-runtime-2026-10-02/qa/task03b2b1/history/cycle3-final/candidate/qa/validation/probes/original-native-probes.stdout.json
_goals/convex-backend-runtime-2026-10-02/qa/task03b2b1/history/cycle3-final/candidate/qa/validation/probes/commands.json
_goals/convex-backend-runtime-2026-10-02/qa/task03b2b1/history/cycle3-final/candidate/qa/validation/probes/original-accessor-finding.stdout.json
_goals/convex-backend-runtime-2026-10-02/qa/task03b2b1/history/cycle3-final/candidate/qa/validation/probes/original-authority-probes.stdout.json
_goals/convex-backend-runtime-2026-10-02/qa/task03b2b1/history/cycle3-final/candidate/qa/validation/probes/original-authority-probes.stderr.txt
_goals/convex-backend-runtime-2026-10-02/qa/task03b2b1/history/cycle3-final/candidate/qa/validation/probes/repaired-stateful-outcomes.stderr.txt
_goals/convex-backend-runtime-2026-10-02/qa/task03b2b1/history/cycle3-final/candidate/qa/validation/probes/repaired-graph-boundary.stderr.txt
_goals/convex-backend-runtime-2026-10-02/qa/task03b2b1/history/cycle3-final/candidate/qa/validation/probes/original-stateful-finding.stderr.txt
_goals/convex-backend-runtime-2026-10-02/qa/task03b2b1/history/cycle3-final/candidate/qa/validation/probes/repaired-accessor-outcomes.stderr.txt
_goals/convex-backend-runtime-2026-10-02/qa/task03b2b1/history/cycle3-final/candidate/qa/validation/probes/repaired-graph-boundary.stdout.json
_goals/convex-backend-runtime-2026-10-02/qa/task03b2b1/history/cycle3-final/candidate/qa/validation/probes/repaired-stateful-outcomes.stdout.json
_goals/convex-backend-runtime-2026-10-02/qa/task03b2b1/history/cycle3-final/candidate/qa/validation/probes/original-native-probes.stderr.txt
_goals/convex-backend-runtime-2026-10-02/qa/task03b2b1/history/cycle3-final/candidate/qa/validation/catalog/selected-path-inventory.json
_goals/convex-backend-runtime-2026-10-02/qa/task03b2b1/history/cycle3-final/candidate/qa/validation/catalog/selected-path-inventory.md
_goals/convex-backend-runtime-2026-10-02/qa/task03c2-live-harness-review3-evidence/source-context/candidate/evidence/guards-eabe4cc2-58f3-4c50-b3cc-44d3b2be1182.json
_goals/convex-backend-runtime-2026-10-02/qa/task03c2-live-harness-review3-evidence/source-context/candidate/evidence/packed-prep-edef4f34-6d1a-4259-8a20-85d493e6977b.json
_goals/convex-backend-runtime-2026-10-02/qa/task03c2-live-harness-review3-evidence/source-context/candidate/evidence/initial-failures.json
_goals/convex-backend-runtime-2026-10-02/qa/task03c2-live-harness-review3-evidence/source-context/candidate/evidence/entrypoints-review-candidate.txt
_goals/convex-backend-runtime-2026-10-02/qa/task03c2-live-harness-review3-evidence/source-context/candidate/evidence/classifier-fd726d1d-37e9-429f-94c2-69d6763d3d04.json
_goals/convex-backend-runtime-2026-10-02/qa/task03c2-live-harness-review3-evidence/source-context/candidate/evidence/key-match-a931374f-cf32-4080-b97c-d3dffbdc5da6.json
_goals/convex-backend-runtime-2026-10-02/qa/task03c2-live-harness-review3-evidence/source-context/candidate/evidence/qualify-e7c1a712-53f5-4aba-8e3f-4d87d5e2b11c.json
_goals/convex-backend-runtime-2026-10-02/qa/task03b2b1/history/cycle3-final/candidate/qa/validation/current-base-verification.json
_goals/convex-backend-runtime-2026-10-02/qa/task03b2b1/history/cycle3-final/candidate/qa/validation/before-preservation.json
_goals/convex-backend-runtime-2026-10-02/qa/task03b2b1/history/cycle3-final/candidate/qa/validation/checks/node-version.stderr.txt
_goals/convex-backend-runtime-2026-10-02/qa/task03b2b1/history/cycle3-final/candidate/qa/validation/checks/discovery.stderr.txt
_goals/convex-backend-runtime-2026-10-02/qa/task03b2b1/history/cycle3-final/candidate/qa/validation/checks/npm-version.stderr.txt
_goals/convex-backend-runtime-2026-10-02/qa/task03b2b1/history/cycle3-final/candidate/qa/validation/checks/diff-check.stdout.txt
_goals/convex-backend-runtime-2026-10-02/qa/task03b2b1/history/cycle3-final/candidate/qa/validation/checks/tests.stdout.txt
_goals/convex-backend-runtime-2026-10-02/qa/task03b2b1/history/cycle3-final/candidate/qa/validation/checks/tests.json
_goals/convex-backend-runtime-2026-10-02/qa/task03b2b1/history/cycle3-final/candidate/qa/validation/checks/root-types-diagnostic.stdout.txt
_goals/convex-backend-runtime-2026-10-02/qa/task03b2b1/history/cycle3-final/candidate/qa/validation/checks/commands.json
_goals/convex-backend-runtime-2026-10-02/qa/task03b2b1/history/cycle3-final/candidate/qa/validation/checks/catalog.stdout.txt
_goals/convex-backend-runtime-2026-10-02/qa/task03b2b1/history/cycle3-final/candidate/qa/validation/checks/backend-types.stdout.txt
_goals/convex-backend-runtime-2026-10-02/qa/task03b2b1/history/cycle3-final/candidate/qa/validation/checks/diff-check.stderr.txt
_goals/convex-backend-runtime-2026-10-02/qa/task03b2b1/history/cycle3-final/candidate/qa/validation/checks/catalog.stderr.txt
_goals/convex-backend-runtime-2026-10-02/qa/task03b2b1/history/cycle3-final/candidate/qa/validation/checks/tests.stderr.txt
_goals/convex-backend-runtime-2026-10-02/qa/task03b2b1/history/cycle3-final/candidate/qa/validation/checks/scoped-types.stderr.txt
_goals/convex-backend-runtime-2026-10-02/qa/task03b2b1/history/cycle3-final/candidate/qa/validation/checks/root-types-diagnostic.stderr.txt
_goals/convex-backend-runtime-2026-10-02/qa/task03b2b1/history/cycle3-final/candidate/qa/validation/checks/node-version.stdout.txt
_goals/convex-backend-runtime-2026-10-02/qa/task03b2b1/history/cycle3-final/candidate/qa/validation/checks/root-lint-types-diagnostic.stderr.txt
_goals/convex-backend-runtime-2026-10-02/qa/task03b2b1/history/cycle3-final/candidate/qa/validation/checks/root-lint-types-diagnostic.stdout.txt
_goals/convex-backend-runtime-2026-10-02/qa/task03b2b1/history/cycle3-final/candidate/qa/validation/checks/discovery.stdout.txt
_goals/convex-backend-runtime-2026-10-02/qa/task03b2b1/history/cycle3-final/candidate/qa/validation/checks/scoped-lint.stderr.txt
_goals/convex-backend-runtime-2026-10-02/qa/task03b2b1/history/cycle3-final/candidate/qa/validation/checks/npm-version.stdout.txt
_goals/convex-backend-runtime-2026-10-02/qa/task03b2b1/history/cycle3-final/candidate/qa/validation/checks/scoped-lint.stdout.txt
_goals/convex-backend-runtime-2026-10-02/qa/task03b2b1/history/cycle3-final/candidate/qa/validation/checks/scoped-types.stdout.txt
_goals/convex-backend-runtime-2026-10-02/qa/task03b2b1/history/cycle3-final/candidate/qa/validation/checks/backend-types.stderr.txt
_goals/convex-backend-runtime-2026-10-02/qa/task03b2b1/history/cycle3-final/candidate/qa/original-native-probes.stderr.txt
_goals/convex-backend-runtime-2026-10-02/qa/task03b2b1/history/cycle3-final/candidate/qa/original-independent-record-verification.json
_goals/convex-backend-runtime-2026-10-02/qa/task03b2b1/history/cycle3-final/candidate/qa/stateful-outcomes.mts.text
_goals/convex-backend-runtime-2026-10-02/qa/task03b2b1/history/cycle3-final/candidate/qa/provenance/ready1110-before-read-context-fix/rerun_probes.py.text
_goals/convex-backend-runtime-2026-10-02/qa/task03b2b1/history/cycle3-final/candidate/qa/provenance/ready1110-before-read-context-fix/runtimeRegistryAuth.ts.text
_goals/convex-backend-runtime-2026-10-02/qa/task03b2b1/history/cycle3-final/candidate/qa/provenance/ready1110-before-read-context-fix/verify.py.text
_goals/convex-backend-runtime-2026-10-02/qa/task03b2b1/history/cycle3-final/candidate/qa/provenance/ready1110-before-read-context-fix/preservation-manifest.json
_goals/convex-backend-runtime-2026-10-02/qa/task03c2-live-fixture/evidence/cycle3/initial-failures.json
_goals/convex-backend-runtime-2026-10-02/qa/task03c2-live-fixture/evidence/cycle3/mechanics1-original-classifier.txt
_goals/convex-backend-runtime-2026-10-02/qa/task03c2-live-fixture/evidence/cycle3/mechanics3-client-types.txt
_goals/convex-backend-runtime-2026-10-02/qa/task03c2-live-fixture/evidence/cycle3/environment-mechanics1.json
_goals/convex-backend-runtime-2026-10-02/qa/task03c2-live-fixture/evidence/cycle3/mechanics3-original-sdk-prep.txt
_goals/convex-backend-runtime-2026-10-02/qa/task03c2-live-fixture/evidence/cycle3/final-adversarial-classifier.txt
_goals/convex-backend-runtime-2026-10-02/qa/task03c2-live-fixture/evidence/cycle3/mechanics3-node.txt
_goals/convex-backend-runtime-2026-10-02/qa/task03c2-live-fixture/evidence/cycle3/hygiene.json
_goals/convex-backend-runtime-2026-10-02/qa/task03c2-live-fixture/evidence/cycle3/mechanics2-original-bounds.txt
_goals/convex-backend-runtime-2026-10-02/qa/task03c2-live-fixture/evidence/cycle3/mechanics2-node.txt
_goals/convex-backend-runtime-2026-10-02/qa/task03c2-live-fixture/evidence/cycle3/provenance-mechanics3.json
_goals/convex-backend-runtime-2026-10-02/qa/task03c2-live-fixture/evidence/cycle3/mechanics1-supplemental-packed-prep.txt
_goals/convex-backend-runtime-2026-10-02/qa/task03c2-live-fixture/evidence/cycle3/mechanics2-npm12.txt
_goals/convex-backend-runtime-2026-10-02/qa/task03c2-live-fixture/evidence/cycle3/mechanics1-original-sdk-prep.txt
_goals/convex-backend-runtime-2026-10-02/qa/task03c2-live-fixture/evidence/cycle3/mechanics2-original-guards.txt
_goals/convex-backend-runtime-2026-10-02/qa/task03c2-live-fixture/evidence/cycle3/provenance-note-patch-failure.txt
_goals/convex-backend-runtime-2026-10-02/qa/task03c2-live-fixture/evidence/cycle3/mechanics1-initial-bound-receipts.txt
_goals/convex-backend-runtime-2026-10-02/qa/task03c2-live-fixture/evidence/cycle3/commands-mechanics2.json
_goals/convex-backend-runtime-2026-10-02/qa/task03c2-live-fixture/evidence/cycle3/mechanics3-existing-key-match.txt
_goals/convex-backend-runtime-2026-10-02/qa/task03c2-live-fixture/evidence/cycle3/mechanics2-provenance.txt
_goals/convex-backend-runtime-2026-10-02/qa/task03c2-live-fixture/evidence/cycle3/final-original-sdk-prep.txt
_goals/convex-backend-runtime-2026-10-02/qa/task03c2-live-fixture/evidence/cycle3/mechanics2-supplemental-packed-prep.txt
_goals/convex-backend-runtime-2026-10-02/qa/task03c2-live-fixture/evidence/cycle3/mechanics3-initial-bound-receipts.txt
_goals/convex-backend-runtime-2026-10-02/qa/task03c2-live-fixture/evidence/cycle3/commands-mechanics1.json
_goals/convex-backend-runtime-2026-10-02/qa/task03c2-live-fixture/evidence/cycle3/key-match-10942ca9-837e-4f20-8ec0-4fba319d97c3.json
_goals/convex-backend-runtime-2026-10-02/qa/task03c2-live-fixture/evidence/cycle3/commands-mechanics3.json
_goals/convex-backend-runtime-2026-10-02/qa/task03c2-live-fixture/evidence/cycle3/final-prepare-replay.txt
_goals/convex-backend-runtime-2026-10-02/qa/task03c2-live-fixture/evidence/cycle3/mechanics3-supplemental-packed-prep.txt
_goals/convex-backend-runtime-2026-10-02/qa/task03c2-live-fixture/evidence/cycle3/mechanics3-house-lint.txt
_goals/convex-backend-runtime-2026-10-02/qa/task03c2-live-fixture/evidence/cycle3/commands-final.json
_goals/convex-backend-runtime-2026-10-02/qa/task03c2-live-fixture/evidence/cycle3/final-group-terminal.txt
_goals/convex-backend-runtime-2026-10-02/qa/task03c2-live-fixture/evidence/cycle3/final-original-classifier.txt
_goals/convex-backend-runtime-2026-10-02/qa/task03c2-live-fixture/evidence/cycle3/commands-preservation-mechanics3.json
_goals/convex-backend-runtime-2026-10-02/qa/task03c2-live-fixture/evidence/cycle3/mechanics1-original-guards.txt
_goals/convex-backend-runtime-2026-10-02/qa/task03c2-live-fixture/evidence/cycle3/mechanics1-npm12.txt
_goals/convex-backend-runtime-2026-10-02/qa/task03c2-live-fixture/evidence/cycle3/mechanics1-node.txt
_goals/convex-backend-runtime-2026-10-02/qa/task03c2-live-fixture/evidence/cycle3/mechanics3-backend-policy-lint.txt
_goals/convex-backend-runtime-2026-10-02/qa/task03c2-live-fixture/evidence/cycle3/mechanics1-original-entrypoints.txt
_goals/convex-backend-runtime-2026-10-02/qa/task03c2-live-fixture/evidence/cycle3/mechanics1-adversarial-classifier.txt
_goals/convex-backend-runtime-2026-10-02/qa/task03c2-live-fixture/evidence/cycle3/final-initial-bound-receipts.txt
_goals/convex-backend-runtime-2026-10-02/qa/task03c2-live-fixture/evidence/cycle3/final-npm12.txt
_goals/convex-backend-runtime-2026-10-02/qa/task03c2-live-fixture/evidence/cycle3/provenance-mechanics1.json
_goals/convex-backend-runtime-2026-10-02/qa/task03c2-live-fixture/evidence/cycle3/mechanics1-house-lint.txt
_goals/convex-backend-runtime-2026-10-02/qa/task03c2-live-fixture/evidence/cycle3/mechanics3-backend-types.txt
_goals/convex-backend-runtime-2026-10-02/qa/task03c2-live-fixture/evidence/cycle3/mechanics2-house-lint.txt
_goals/convex-backend-runtime-2026-10-02/qa/task03c2-live-fixture/evidence/cycle3/mechanics2-existing-key-match.txt
_goals/convex-backend-runtime-2026-10-02/qa/task03c2-live-fixture/evidence/cycle3/final-original-entrypoints.txt
_goals/convex-backend-runtime-2026-10-02/qa/task03c2-live-fixture/evidence/cycle3/readme-patch-failure.txt
_goals/convex-backend-runtime-2026-10-02/qa/task03c2-live-fixture/evidence/cycle3/hygiene-incomplete-literal-survey.txt
_goals/convex-backend-runtime-2026-10-02/qa/task03c2-live-fixture/evidence/cycle3/mechanics2-original-sdk-prep.txt
_goals/convex-backend-runtime-2026-10-02/qa/task03c2-live-fixture/evidence/cycle3/final-house-lint.txt
_goals/convex-backend-runtime-2026-10-02/qa/task03c2-live-fixture/evidence/cycle3/mechanics3-prepare-replay.txt
_goals/convex-backend-runtime-2026-10-02/qa/task03c2-live-fixture/evidence/cycle3/final-original-bounds.txt
_goals/convex-backend-runtime-2026-10-02/qa/task03c2-live-fixture/evidence/cycle3/mechanics3-original-bounds.txt
_goals/convex-backend-runtime-2026-10-02/qa/task03c2-live-fixture/evidence/cycle3/mechanics3-npm12.txt
_goals/convex-backend-runtime-2026-10-02/qa/task03c2-live-fixture/evidence/cycle3/final-client-types.txt
_goals/convex-backend-runtime-2026-10-02/qa/task03c2-live-fixture/evidence/cycle3/mechanics1-provenance.txt
_goals/convex-backend-runtime-2026-10-02/qa/task03c2-live-fixture/evidence/cycle3/key-match-3b4140f1-f5b7-46e5-acd6-90f8e4d72cc8.json
_goals/convex-backend-runtime-2026-10-02/qa/task03c2-live-fixture/evidence/cycle3/commands-preservation-final.json
_goals/convex-backend-runtime-2026-10-02/qa/task03c2-live-fixture/evidence/cycle3/mechanics3-original-entrypoints.txt
_goals/convex-backend-runtime-2026-10-02/qa/task03c2-live-fixture/evidence/cycle3/mechanics3-adversarial-classifier.txt
_goals/convex-backend-runtime-2026-10-02/qa/task03c2-live-fixture/evidence/cycle3/mechanics2-original-classifier.txt
_goals/convex-backend-runtime-2026-10-02/qa/task03c2-live-fixture/evidence/cycle3/mechanics2-prepare-replay.txt
_goals/convex-backend-runtime-2026-10-02/qa/task03c2-live-fixture/evidence/cycle3/commands-preservation-mechanics2.json
_goals/convex-backend-runtime-2026-10-02/qa/task03c2-live-fixture/evidence/cycle3/mechanics2-original-driver.txt
_goals/convex-backend-runtime-2026-10-02/qa/task03c2-live-fixture/evidence/cycle3/mechanics3-provenance.txt
_goals/convex-backend-runtime-2026-10-02/qa/task03c2-live-fixture/evidence/cycle3/key-match-143f5057-c546-4b9c-aada-68794a85fdef.json
_goals/convex-backend-runtime-2026-10-02/qa/task03c2-live-fixture/evidence/cycle3/mechanics1-original-driver.txt
_goals/convex-backend-runtime-2026-10-02/qa/task03c2-live-fixture/evidence/cycle3/mechanics2-group-terminal.txt
_goals/convex-backend-runtime-2026-10-02/qa/task03c2-live-fixture/evidence/cycle3/final-backend-policy-lint.txt
_goals/convex-backend-runtime-2026-10-02/qa/task03c2-live-fixture/evidence/cycle3/commands-preservation-mechanics1.json
_goals/convex-backend-runtime-2026-10-02/qa/task03c2-live-fixture/evidence/cycle3/final-original-guards.txt
_goals/convex-backend-runtime-2026-10-02/qa/task03c2-live-fixture/evidence/cycle3/mechanics2-adversarial-classifier.txt
_goals/convex-backend-runtime-2026-10-02/qa/task03c2-live-fixture/evidence/cycle3/final-provenance.txt
_goals/convex-backend-runtime-2026-10-02/qa/task03c2-live-fixture/evidence/cycle3/mechanics1-client-types.txt
_goals/convex-backend-runtime-2026-10-02/qa/task03c2-live-fixture/evidence/cycle3/environment-final.json
_goals/convex-backend-runtime-2026-10-02/qa/task03c2-live-fixture/evidence/cycle3/mechanics2-backend-policy-lint.txt
_goals/convex-backend-runtime-2026-10-02/qa/task03c2-live-fixture/evidence/cycle3/mechanics3-group-terminal.txt
_goals/convex-backend-runtime-2026-10-02/qa/task03c2-live-fixture/evidence/cycle3/mechanics3-original-guards.txt
_goals/convex-backend-runtime-2026-10-02/qa/task03c2-live-fixture/evidence/cycle3/final-existing-key-match.txt
_goals/convex-backend-runtime-2026-10-02/qa/task03c2-live-fixture/evidence/cycle3/mechanics2-original-entrypoints.txt
_goals/convex-backend-runtime-2026-10-02/qa/task03c2-live-fixture/evidence/cycle3/mechanics1-existing-key-match.txt
_goals/convex-backend-runtime-2026-10-02/qa/task03c2-live-fixture/evidence/cycle3/key-match-e24b4c0f-5838-411c-88de-5c422715e18c.json
_goals/convex-backend-runtime-2026-10-02/qa/task03c2-live-fixture/evidence/cycle3/mechanics3-original-driver.txt
_goals/convex-backend-runtime-2026-10-02/qa/task03c2-live-fixture/evidence/cycle3/provenance-final.json
_goals/convex-backend-runtime-2026-10-02/qa/task03c2-live-fixture/evidence/cycle3/environment-initial-observation.json
_goals/convex-backend-runtime-2026-10-02/qa/task03c2-live-fixture/evidence/cycle3/mechanics1-backend-policy-lint.txt
_goals/convex-backend-runtime-2026-10-02/qa/task03c2-live-fixture/evidence/cycle3/final-original-driver.txt
_goals/convex-backend-runtime-2026-10-02/qa/task03c2-live-fixture/evidence/cycle3/mechanics3-original-classifier.txt
_goals/convex-backend-runtime-2026-10-02/qa/task03c2-live-fixture/evidence/cycle3/final-node.txt
_goals/convex-backend-runtime-2026-10-02/qa/task03c2-live-fixture/evidence/cycle3/final-backend-types.txt
_goals/convex-backend-runtime-2026-10-02/qa/task03c2-live-fixture/evidence/cycle3/final-supplemental-packed-prep.txt
_goals/convex-backend-runtime-2026-10-02/qa/task03c2-live-fixture/evidence/cycle3/command-hygiene-incomplete-literal-survey.json
_goals/convex-backend-runtime-2026-10-02/qa/task03c2-live-fixture/evidence/cycle3/mechanics2-client-types.txt
_goals/convex-backend-runtime-2026-10-02/qa/task03c2-live-fixture/evidence/cycle3/mechanics1-original-bounds.txt
_goals/convex-backend-runtime-2026-10-02/qa/task03c2-live-fixture/evidence/cycle3/mechanics1-backend-types.txt
_goals/convex-backend-runtime-2026-10-02/qa/task03c2-live-fixture/evidence/cycle3/mechanics1-prepare-replay.txt
_goals/convex-backend-runtime-2026-10-02/qa/task03c2-live-fixture/evidence/cycle3/mechanics2-initial-bound-receipts.txt
_goals/convex-backend-runtime-2026-10-02/qa/task03c2-live-fixture/evidence/cycle3/mechanics2-backend-types.txt
_goals/convex-backend-runtime-2026-10-02/qa/task03c2-live-fixture/evidence/cycle3/mechanics1-group-terminal.txt
_goals/convex-backend-runtime-2026-10-02/qa/task03c2-live-fixture/evidence/guards-50daf6ce-f3dc-4040-bdff-699fb7b61e7b.json
_goals/convex-backend-runtime-2026-10-02/qa/task03c2-live-fixture/evidence/qualify-3a342d81-abd8-4e51-8cc5-28402ab7ad8f.json
_goals/convex-backend-runtime-2026-10-02/qa/task03c2-live-fixture/evidence/client-prep-122f4ef9-fbb6-4c5c-89e0-049ae52b2dec.json
_goals/convex-backend-runtime-2026-10-02/qa/task03c2-live-fixture/evidence/classifier-1193f001-ec79-4b47-90d0-cdcc35895247.json
_goals/convex-backend-runtime-2026-10-02/qa/task03c2-live-fixture/evidence/qualify-275e28b3-fafe-4db1-b1ca-9a462c38fa37.json
_goals/convex-backend-runtime-2026-10-02/qa/task03c2-live-fixture/evidence/driver-check-cbafdd38-443c-48dc-92ab-bbd771e731b0.json
_goals/convex-backend-runtime-2026-10-02/qa/task03c2-live-fixture/evidence/codegen-aca83d11-336f-491a-8566-6420547666c9.json
_goals/convex-backend-runtime-2026-10-02/qa/task03c2-live-fixture/evidence/client-prep-f4d1c1de-133e-487f-a35e-1e876753309b.json
_goals/convex-backend-runtime-2026-10-02/qa/task03c2-live-fixture/evidence/guards-review-candidate.txt
_goals/convex-backend-runtime-2026-10-02/qa/task03c2-live-fixture/evidence/key-match-5f56d1aa-4bf5-4195-9d58-8816a60817a0.json
_goals/convex-backend-runtime-2026-10-02/qa/task03c2-live-fixture/evidence/bounds-e2334b32-ef33-4dec-aaad-caa1956667fb.json
_goals/convex-backend-runtime-2026-10-02/qa/task03c2-live-fixture/evidence/classifier-7e39988e-5faf-4f1d-aaf0-6c3eeeef4a32.json
_goals/convex-backend-runtime-2026-10-02/qa/task03c2-live-fixture/evidence/driver-check-ab95192e-e59e-459e-920d-c389441fa079.json
_goals/convex-backend-runtime-2026-10-02/qa/task03c2-live-fixture/evidence/qualify-b4dbacad-4a6b-4941-bfc9-c90b42756670.json
_goals/convex-backend-runtime-2026-10-02/qa/task03c2-live-fixture/evidence/entrypoints-78fe9e5c-34a1-448d-8b34-e1502819ad05.json
_goals/convex-backend-runtime-2026-10-02/qa/task03c2-live-fixture/evidence/client-prep-0089a15c-02b1-48b3-adbf-28009d7e5e3b.json
_goals/convex-backend-runtime-2026-10-02/qa/task03c2-live-fixture/evidence/qualify-ef3bbed2-76b0-4d2a-a14c-2a9d2b252794.json
_goals/convex-backend-runtime-2026-10-02/qa/task03c2-live-fixture/evidence/driver-check-d5211e5c-0792-4763-8d71-64fba648fbcf.json
_goals/convex-backend-runtime-2026-10-02/qa/task03c2-live-fixture/evidence/client-prep-cf3dfc1a-4728-4c48-916c-8c414a1b0f0a.json
_goals/convex-backend-runtime-2026-10-02/qa/task03c2-live-fixture/evidence/qualify-d7331df9-9069-4611-a0fc-4321478a74db.json
_goals/convex-backend-runtime-2026-10-02/qa/task03c2-live-fixture/evidence/qualify-6bf04663-9b52-4869-a4a6-4e3bdc2f1304.json
_goals/convex-backend-runtime-2026-10-02/qa/task03c2-live-fixture/evidence/qualify-a98eb7c4-8498-4109-bbac-ddb5f9cf01a8.json
_goals/convex-backend-runtime-2026-10-02/qa/task03c2-live-fixture/evidence/entrypoints-68ed674f-ea9e-4d40-962d-26050d7fc6f5.json
_goals/convex-backend-runtime-2026-10-02/qa/task03c2-live-fixture/evidence/qualify-97684a3d-36c7-41fb-8968-7c65f05b3fb0.json
_goals/convex-backend-runtime-2026-10-02/qa/task03c2-live-fixture/evidence/qualify-4282367f-441c-4893-b443-61123eb07c6e.json
_goals/convex-backend-runtime-2026-10-02/qa/task03c2-live-fixture/evidence/qualify-b533cb5b-e305-4fa4-942f-22f90af4cb7e.json
_goals/convex-backend-runtime-2026-10-02/qa/task03c2-live-fixture/evidence/qualify-7bf66d94-b9c1-4f4f-9216-b7de574c60ab.json
_goals/convex-backend-runtime-2026-10-02/qa/task03c2-live-fixture/evidence/commands.json
_goals/convex-backend-runtime-2026-10-02/qa/task03c2-live-fixture/evidence/qualify-fdef0569-9fb0-43b3-a1be-973500a697e5.json
_goals/convex-backend-runtime-2026-10-02/qa/task03c2-live-fixture/evidence/key-match-4997ed87-1b79-448e-b45a-9aa6f2a2d9bb.json
_goals/convex-backend-runtime-2026-10-02/qa/task03c2-live-fixture/evidence/key-match-469a6e4e-132a-48b7-b1a1-4fa2db1b674d.json
_goals/convex-backend-runtime-2026-10-02/qa/task03c2-live-fixture/evidence/qualify-8139b820-ff26-4ae0-8e94-b6d799c7dd42.json
_goals/convex-backend-runtime-2026-10-02/qa/task03c2-live-fixture/evidence/client-prep-a80100b1-b1e0-4822-8ac6-9a3ff0439258.json
_goals/convex-backend-runtime-2026-10-02/qa/task03c2-live-fixture/evidence/qualify-64765855-ecc6-4620-a73b-7090e3a1ed9c.json
_goals/convex-backend-runtime-2026-10-02/qa/task03c2-live-fixture/evidence/qualify-2ba761ab-4eed-41dc-a87f-7363b00a4b46.json
_goals/convex-backend-runtime-2026-10-02/qa/task03c2-live-fixture/evidence/qualify-3a1cca6b-0eea-4800-a3b9-8ed21378e27c.json
_goals/convex-backend-runtime-2026-10-02/qa/task03c2-live-fixture/evidence/scoped-lint-final.txt
_goals/convex-backend-runtime-2026-10-02/qa/task03c2-live-fixture/evidence/key-match-review-candidate.txt
_goals/convex-backend-runtime-2026-10-02/qa/task03b2b1/history/cycle3-final/candidate/qa/provenance/pre-admission-fix/original-graph-boundary.stderr.txt
_goals/convex-backend-runtime-2026-10-02/qa/task03b2b1/history/cycle3-final/candidate/qa/provenance/pre-admission-fix/admission-finding.stderr.txt
_goals/convex-backend-runtime-2026-10-02/qa/task03b2b1/history/cycle3-final/candidate/qa/provenance/pre-admission-fix/original-accessor-finding.stderr.txt
_goals/convex-backend-runtime-2026-10-02/qa/task03b2b1/history/cycle3-final/candidate/qa/provenance/pre-admission-fix/repaired-accessor-outcomes.stdout.json
_goals/convex-backend-runtime-2026-10-02/qa/task03b2b1/history/cycle3-final/candidate/qa/provenance/pre-admission-fix/original-graph-boundary.stdout.json
_goals/convex-backend-runtime-2026-10-02/qa/task03b2b1/history/cycle3-final/candidate/qa/provenance/pre-admission-fix/original-stateful-finding.stdout.json
_goals/convex-backend-runtime-2026-10-02/qa/task03b2b1/history/cycle3-final/candidate/qa/provenance/pre-admission-fix/original-native-probes.stdout.json
_goals/convex-backend-runtime-2026-10-02/qa/task03b2b1/history/cycle3-final/candidate/qa/provenance/pre-admission-fix/accessor-outcomes.mts.text
_goals/convex-backend-runtime-2026-10-02/qa/task03b2b1/history/cycle3-final/candidate/qa/provenance/pre-admission-fix/original-accessor-finding.stdout.json
_goals/convex-backend-runtime-2026-10-02/qa/task03c2-live-harness-review3-evidence/source-context/candidate/evidence/cycle3/initial-failures.json
_goals/convex-backend-runtime-2026-10-02/qa/task03c2-live-harness-review3-evidence/source-context/candidate/evidence/cycle3/mechanics1-original-classifier.txt
_goals/convex-backend-runtime-2026-10-02/qa/task03c2-live-harness-review3-evidence/source-context/candidate/evidence/cycle3/mechanics3-client-types.txt
_goals/convex-backend-runtime-2026-10-02/qa/task03c2-live-harness-review3-evidence/source-context/candidate/evidence/cycle3/environment-mechanics1.json
_goals/convex-backend-runtime-2026-10-02/qa/task03c2-live-harness-review3-evidence/source-context/candidate/evidence/cycle3/mechanics3-original-sdk-prep.txt
_goals/convex-backend-runtime-2026-10-02/qa/task03c2-live-harness-review3-evidence/source-context/candidate/evidence/cycle3/final-adversarial-classifier.txt
_goals/convex-backend-runtime-2026-10-02/qa/task03c2-live-harness-review3-evidence/source-context/candidate/evidence/cycle3/mechanics3-node.txt
_goals/convex-backend-runtime-2026-10-02/qa/task03c2-live-harness-review3-evidence/source-context/candidate/evidence/cycle3/hygiene.json
_goals/convex-backend-runtime-2026-10-02/qa/task03c2-live-harness-review3-evidence/source-context/candidate/evidence/cycle3/mechanics2-original-bounds.txt
_goals/convex-backend-runtime-2026-10-02/qa/task03c2-live-harness-review3-evidence/source-context/candidate/evidence/cycle3/mechanics2-node.txt
_goals/convex-backend-runtime-2026-10-02/qa/task03c2-live-harness-review3-evidence/source-context/candidate/evidence/cycle3/provenance-mechanics3.json
_goals/convex-backend-runtime-2026-10-02/qa/task03c2-live-harness-review3-evidence/source-context/candidate/evidence/cycle3/mechanics1-supplemental-packed-prep.txt
_goals/convex-backend-runtime-2026-10-02/qa/task03c2-live-harness-review3-evidence/source-context/candidate/evidence/cycle3/mechanics2-npm12.txt
_goals/convex-backend-runtime-2026-10-02/qa/task03c2-live-harness-review3-evidence/source-context/candidate/evidence/cycle3/mechanics1-original-sdk-prep.txt
_goals/convex-backend-runtime-2026-10-02/qa/task03c2-live-harness-review3-evidence/source-context/candidate/evidence/cycle3/mechanics2-original-guards.txt
_goals/convex-backend-runtime-2026-10-02/qa/task03c2-live-harness-review3-evidence/source-context/candidate/evidence/cycle3/provenance-note-patch-failure.txt
_goals/convex-backend-runtime-2026-10-02/qa/task03c2-live-harness-review3-evidence/source-context/candidate/evidence/cycle3/mechanics1-initial-bound-receipts.txt
_goals/convex-backend-runtime-2026-10-02/qa/task03c2-live-harness-review3-evidence/source-context/candidate/evidence/cycle3/commands-mechanics2.json
_goals/convex-backend-runtime-2026-10-02/qa/task03c2-live-harness-review3-evidence/source-context/candidate/evidence/cycle3/mechanics3-existing-key-match.txt
_goals/convex-backend-runtime-2026-10-02/qa/task03c2-live-harness-review3-evidence/source-context/candidate/evidence/cycle3/mechanics2-provenance.txt
_goals/convex-backend-runtime-2026-10-02/qa/task03c2-live-harness-review3-evidence/source-context/candidate/evidence/cycle3/final-original-sdk-prep.txt
_goals/convex-backend-runtime-2026-10-02/qa/task03c2-live-harness-review3-evidence/source-context/candidate/evidence/cycle3/mechanics2-supplemental-packed-prep.txt
_goals/convex-backend-runtime-2026-10-02/qa/task03c2-live-harness-review3-evidence/source-context/candidate/evidence/cycle3/mechanics3-initial-bound-receipts.txt
_goals/convex-backend-runtime-2026-10-02/qa/task03c2-live-harness-review3-evidence/source-context/candidate/evidence/cycle3/commands-mechanics1.json
_goals/convex-backend-runtime-2026-10-02/qa/task03c2-live-harness-review3-evidence/source-context/candidate/evidence/cycle3/key-match-10942ca9-837e-4f20-8ec0-4fba319d97c3.json
_goals/convex-backend-runtime-2026-10-02/qa/task03c2-live-harness-review3-evidence/source-context/candidate/evidence/cycle3/commands-mechanics3.json
_goals/convex-backend-runtime-2026-10-02/qa/task03c2-live-harness-review3-evidence/source-context/candidate/evidence/cycle3/final-prepare-replay.txt
_goals/convex-backend-runtime-2026-10-02/qa/task03c2-live-harness-review3-evidence/source-context/candidate/evidence/cycle3/mechanics3-supplemental-packed-prep.txt
_goals/convex-backend-runtime-2026-10-02/qa/task03c2-live-harness-review3-evidence/source-context/candidate/evidence/cycle3/mechanics3-house-lint.txt
_goals/convex-backend-runtime-2026-10-02/qa/task03c2-live-harness-review3-evidence/source-context/candidate/evidence/cycle3/commands-final.json
_goals/convex-backend-runtime-2026-10-02/qa/task03c2-live-harness-review3-evidence/source-context/candidate/evidence/cycle3/final-group-terminal.txt
_goals/convex-backend-runtime-2026-10-02/qa/task03c2-live-harness-review3-evidence/source-context/candidate/evidence/cycle3/final-original-classifier.txt
_goals/convex-backend-runtime-2026-10-02/qa/task03c2-live-harness-review3-evidence/source-context/candidate/evidence/cycle3/commands-preservation-mechanics3.json
_goals/convex-backend-runtime-2026-10-02/qa/task03c2-live-harness-review3-evidence/source-context/candidate/evidence/cycle3/mechanics1-original-guards.txt
_goals/convex-backend-runtime-2026-10-02/qa/task03c2-live-harness-review3-evidence/source-context/candidate/evidence/cycle3/mechanics1-npm12.txt
_goals/convex-backend-runtime-2026-10-02/qa/task03c2-live-harness-review3-evidence/source-context/candidate/evidence/cycle3/mechanics1-node.txt
_goals/convex-backend-runtime-2026-10-02/qa/task03c2-live-harness-review3-evidence/source-context/candidate/evidence/cycle3/mechanics3-backend-policy-lint.txt
_goals/convex-backend-runtime-2026-10-02/qa/task03c2-live-harness-review3-evidence/source-context/candidate/evidence/cycle3/mechanics1-original-entrypoints.txt
_goals/convex-backend-runtime-2026-10-02/qa/task03c2-live-harness-review3-evidence/source-context/candidate/evidence/cycle3/mechanics1-adversarial-classifier.txt
_goals/convex-backend-runtime-2026-10-02/qa/task03c2-live-harness-review3-evidence/source-context/candidate/evidence/cycle3/final-initial-bound-receipts.txt
_goals/convex-backend-runtime-2026-10-02/qa/task03c2-live-harness-review3-evidence/source-context/candidate/evidence/cycle3/final-npm12.txt
_goals/convex-backend-runtime-2026-10-02/qa/task03c2-live-harness-review3-evidence/source-context/candidate/evidence/cycle3/provenance-mechanics1.json
_goals/convex-backend-runtime-2026-10-02/qa/task03c2-live-harness-review3-evidence/source-context/candidate/evidence/cycle3/mechanics1-house-lint.txt
_goals/convex-backend-runtime-2026-10-02/qa/task03c2-live-harness-review3-evidence/source-context/candidate/evidence/cycle3/mechanics3-backend-types.txt
_goals/convex-backend-runtime-2026-10-02/qa/task03c2-live-harness-review3-evidence/source-context/candidate/evidence/cycle3/mechanics2-house-lint.txt
_goals/convex-backend-runtime-2026-10-02/qa/task03c2-live-harness-review3-evidence/source-context/candidate/evidence/cycle3/mechanics2-existing-key-match.txt
_goals/convex-backend-runtime-2026-10-02/qa/task03c2-live-harness-review3-evidence/source-context/candidate/evidence/cycle3/final-original-entrypoints.txt
_goals/convex-backend-runtime-2026-10-02/qa/task03c2-live-harness-review3-evidence/source-context/candidate/evidence/cycle3/readme-patch-failure.txt
_goals/convex-backend-runtime-2026-10-02/qa/task03c2-live-harness-review3-evidence/source-context/candidate/evidence/cycle3/hygiene-incomplete-literal-survey.txt
_goals/convex-backend-runtime-2026-10-02/qa/task03c2-live-harness-review3-evidence/source-context/candidate/evidence/cycle3/mechanics2-original-sdk-prep.txt
_goals/convex-backend-runtime-2026-10-02/qa/task03c2-live-harness-review3-evidence/source-context/candidate/evidence/cycle3/final-house-lint.txt
_goals/convex-backend-runtime-2026-10-02/qa/task03c2-live-harness-review3-evidence/source-context/candidate/evidence/cycle3/mechanics3-prepare-replay.txt
_goals/convex-backend-runtime-2026-10-02/qa/task03c2-live-harness-review3-evidence/source-context/candidate/evidence/cycle3/final-original-bounds.txt
_goals/convex-backend-runtime-2026-10-02/qa/task03c2-live-harness-review3-evidence/source-context/candidate/evidence/cycle3/mechanics3-original-bounds.txt
_goals/convex-backend-runtime-2026-10-02/qa/task03c2-live-harness-review3-evidence/source-context/candidate/evidence/cycle3/mechanics3-npm12.txt
_goals/convex-backend-runtime-2026-10-02/qa/task03c2-live-harness-review3-evidence/source-context/candidate/evidence/cycle3/final-client-types.txt
_goals/convex-backend-runtime-2026-10-02/qa/task03c2-live-harness-review3-evidence/source-context/candidate/evidence/cycle3/mechanics1-provenance.txt
_goals/convex-backend-runtime-2026-10-02/qa/task03c2-live-harness-review3-evidence/source-context/candidate/evidence/cycle3/key-match-3b4140f1-f5b7-46e5-acd6-90f8e4d72cc8.json
_goals/convex-backend-runtime-2026-10-02/qa/task03c2-live-harness-review3-evidence/source-context/candidate/evidence/cycle3/commands-preservation-final.json
_goals/convex-backend-runtime-2026-10-02/qa/task03c2-live-harness-review3-evidence/source-context/candidate/evidence/cycle3/mechanics3-original-entrypoints.txt
_goals/convex-backend-runtime-2026-10-02/qa/task03c2-live-harness-review3-evidence/source-context/candidate/evidence/cycle3/mechanics3-adversarial-classifier.txt
_goals/convex-backend-runtime-2026-10-02/qa/task03c2-live-harness-review3-evidence/source-context/candidate/evidence/cycle3/mechanics2-original-classifier.txt
_goals/convex-backend-runtime-2026-10-02/qa/task03c2-live-harness-review3-evidence/source-context/candidate/evidence/cycle3/mechanics2-prepare-replay.txt
_goals/convex-backend-runtime-2026-10-02/qa/task03c2-live-harness-review3-evidence/source-context/candidate/evidence/cycle3/commands-preservation-mechanics2.json
_goals/convex-backend-runtime-2026-10-02/qa/task03c2-live-harness-review3-evidence/source-context/candidate/evidence/cycle3/mechanics2-original-driver.txt
_goals/convex-backend-runtime-2026-10-02/qa/task03c2-live-harness-review3-evidence/source-context/candidate/evidence/cycle3/mechanics3-provenance.txt
_goals/convex-backend-runtime-2026-10-02/qa/task03c2-live-harness-review3-evidence/source-context/candidate/evidence/cycle3/key-match-143f5057-c546-4b9c-aada-68794a85fdef.json
_goals/convex-backend-runtime-2026-10-02/qa/task03c2-live-harness-review3-evidence/source-context/candidate/evidence/cycle3/mechanics1-original-driver.txt
_goals/convex-backend-runtime-2026-10-02/qa/task03c2-live-harness-review3-evidence/source-context/candidate/evidence/cycle3/mechanics2-group-terminal.txt
_goals/convex-backend-runtime-2026-10-02/qa/task03c2-live-harness-review3-evidence/source-context/candidate/evidence/cycle3/final-backend-policy-lint.txt
_goals/convex-backend-runtime-2026-10-02/qa/task03c2-live-harness-review3-evidence/source-context/candidate/evidence/cycle3/commands-preservation-mechanics1.json
_goals/convex-backend-runtime-2026-10-02/qa/task03c2-live-harness-review3-evidence/source-context/candidate/evidence/cycle3/final-original-guards.txt
_goals/convex-backend-runtime-2026-10-02/qa/task03c2-live-harness-review3-evidence/source-context/candidate/evidence/cycle3/mechanics2-adversarial-classifier.txt
_goals/convex-backend-runtime-2026-10-02/qa/task03c2-live-harness-review3-evidence/source-context/candidate/evidence/cycle3/final-provenance.txt
_goals/convex-backend-runtime-2026-10-02/qa/task03c2-live-harness-review3-evidence/source-context/candidate/evidence/cycle3/mechanics1-client-types.txt
_goals/convex-backend-runtime-2026-10-02/qa/task03c2-live-harness-review3-evidence/source-context/candidate/evidence/cycle3/environment-final.json
_goals/convex-backend-runtime-2026-10-02/qa/task03c2-live-harness-review3-evidence/source-context/candidate/evidence/cycle3/mechanics2-backend-policy-lint.txt
_goals/convex-backend-runtime-2026-10-02/qa/task03c2-live-harness-review3-evidence/source-context/candidate/evidence/cycle3/mechanics3-group-terminal.txt
_goals/convex-backend-runtime-2026-10-02/qa/task03c2-live-harness-review3-evidence/source-context/candidate/evidence/cycle3/mechanics3-original-guards.txt
_goals/convex-backend-runtime-2026-10-02/qa/task03b2b1/history/cycle3-final/candidate/qa/provenance/pre-admission-fix/catalog/selected-path-inventory.json
_goals/convex-backend-runtime-2026-10-02/qa/task03c2-live-harness-review3-evidence/source-context/candidate/evidence/cycle3/final-existing-key-match.txt
_goals/convex-backend-runtime-2026-10-02/qa/task03c2-live-harness-review3-evidence/source-context/candidate/evidence/cycle3/mechanics2-original-entrypoints.txt
_goals/convex-backend-runtime-2026-10-02/qa/task03b2b1/history/cycle3-final/candidate/qa/provenance/pre-admission-fix/catalog/selected-path-inventory.md
_goals/convex-backend-runtime-2026-10-02/qa/task03c2-live-harness-review3-evidence/source-context/candidate/evidence/cycle3/mechanics1-existing-key-match.txt
_goals/convex-backend-runtime-2026-10-02/qa/task03c2-live-harness-review3-evidence/source-context/candidate/evidence/cycle3/key-match-e24b4c0f-5838-411c-88de-5c422715e18c.json
_goals/convex-backend-runtime-2026-10-02/qa/task03c2-live-harness-review3-evidence/source-context/candidate/evidence/cycle3/mechanics3-original-driver.txt
_goals/convex-backend-runtime-2026-10-02/qa/task03c2-live-harness-review3-evidence/source-context/candidate/evidence/cycle3/provenance-final.json
_goals/convex-backend-runtime-2026-10-02/qa/task03c2-live-harness-review3-evidence/source-context/candidate/evidence/cycle3/environment-initial-observation.json
_goals/convex-backend-runtime-2026-10-02/qa/task03c2-live-harness-review3-evidence/source-context/candidate/evidence/cycle3/mechanics1-backend-policy-lint.txt
_goals/convex-backend-runtime-2026-10-02/qa/task03c2-live-harness-review3-evidence/source-context/candidate/evidence/cycle3/final-original-driver.txt
_goals/convex-backend-runtime-2026-10-02/qa/task03c2-live-harness-review3-evidence/source-context/candidate/evidence/cycle3/mechanics3-original-classifier.txt
_goals/convex-backend-runtime-2026-10-02/qa/task03c2-live-harness-review3-evidence/source-context/candidate/evidence/cycle3/final-node.txt
_goals/convex-backend-runtime-2026-10-02/qa/task03c2-live-harness-review3-evidence/source-context/candidate/evidence/cycle3/final-backend-types.txt
_goals/convex-backend-runtime-2026-10-02/qa/task03b2b1/history/cycle3-final/candidate/qa/provenance/pre-admission-fix/admission-finding.command.json
_goals/convex-backend-runtime-2026-10-02/qa/task03c2-live-harness-review3-evidence/source-context/candidate/evidence/cycle3/final-supplemental-packed-prep.txt
_goals/convex-backend-runtime-2026-10-02/qa/task03c2-live-harness-review3-evidence/source-context/candidate/evidence/cycle3/command-hygiene-incomplete-literal-survey.json
_goals/convex-backend-runtime-2026-10-02/qa/task03c2-live-harness-review3-evidence/source-context/candidate/evidence/cycle3/mechanics2-client-types.txt
_goals/convex-backend-runtime-2026-10-02/qa/task03b2b1/history/cycle3-final/candidate/qa/provenance/pre-admission-fix/original-authority-probes.stdout.json
_goals/convex-backend-runtime-2026-10-02/qa/task03c2-live-harness-review3-evidence/source-context/candidate/evidence/cycle3/mechanics1-original-bounds.txt
_goals/convex-backend-runtime-2026-10-02/qa/task03b2b1/history/cycle3-final/candidate/qa/provenance/pre-admission-fix/original-authority-probes.stderr.txt
_goals/convex-backend-runtime-2026-10-02/qa/task03c2-live-harness-review3-evidence/source-context/candidate/evidence/cycle3/mechanics1-backend-types.txt
_goals/convex-backend-runtime-2026-10-02/qa/task03b2b1/history/cycle3-final/candidate/qa/provenance/pre-admission-fix/runtimeRegistryAuth.ts.text
_goals/convex-backend-runtime-2026-10-02/qa/task03c2-live-harness-review3-evidence/source-context/candidate/evidence/cycle3/mechanics1-prepare-replay.txt
_goals/convex-backend-runtime-2026-10-02/qa/task03b2b1/history/cycle3-final/candidate/qa/provenance/pre-admission-fix/repaired-stateful-outcomes.stderr.txt
_goals/convex-backend-runtime-2026-10-02/qa/task03c2-live-harness-review3-evidence/source-context/candidate/evidence/cycle3/mechanics2-initial-bound-receipts.txt
_goals/convex-backend-runtime-2026-10-02/qa/task03b2b1/history/cycle3-final/candidate/qa/provenance/pre-admission-fix/admission-finding.stdout.json
_goals/convex-backend-runtime-2026-10-02/qa/task03c2-live-harness-review3-evidence/source-context/candidate/evidence/cycle3/mechanics2-backend-types.txt
_goals/convex-backend-runtime-2026-10-02/qa/task03c2-live-harness-review3-evidence/source-context/candidate/evidence/cycle3/mechanics1-group-terminal.txt
_goals/convex-backend-runtime-2026-10-02/qa/task03b2b1/history/cycle3-final/candidate/qa/provenance/pre-admission-fix/repaired-graph-boundary.stderr.txt
_goals/convex-backend-runtime-2026-10-02/qa/task03b2b1/history/cycle3-final/candidate/qa/provenance/pre-admission-fix/original-stateful-finding.stderr.txt
_goals/convex-backend-runtime-2026-10-02/qa/task03c2-live-harness-review3-evidence/source-context/candidate/evidence/guards-50daf6ce-f3dc-4040-bdff-699fb7b61e7b.json
_goals/convex-backend-runtime-2026-10-02/qa/task03b2b1/history/cycle3-final/candidate/qa/provenance/pre-admission-fix/probe-commands.json
_goals/convex-backend-runtime-2026-10-02/qa/task03c2-live-harness-review3-evidence/source-context/candidate/evidence/qualify-3a342d81-abd8-4e51-8cc5-28402ab7ad8f.json
_goals/convex-backend-runtime-2026-10-02/qa/task03b2b1/history/cycle3-final/candidate/qa/provenance/pre-admission-fix/run-probes.py.text
_goals/convex-backend-runtime-2026-10-02/qa/task03c2-live-harness-review3-evidence/source-context/candidate/evidence/client-prep-122f4ef9-fbb6-4c5c-89e0-049ae52b2dec.json
_goals/convex-backend-runtime-2026-10-02/qa/task03b2b1/history/cycle3-final/candidate/qa/provenance/pre-admission-fix/repaired-accessor-outcomes.stderr.txt
_goals/convex-backend-runtime-2026-10-02/qa/task03b2b1/history/cycle3-final/candidate/qa/provenance/pre-admission-fix/repaired-graph-boundary.stdout.json
_goals/convex-backend-runtime-2026-10-02/qa/task03b2b1/history/cycle3-final/candidate/qa/provenance/pre-admission-fix/repaired-stateful-outcomes.stdout.json
_goals/convex-backend-runtime-2026-10-02/qa/task03b2b1/history/cycle3-final/candidate/qa/provenance/pre-admission-fix/original-native-probes.stderr.txt
_goals/convex-backend-runtime-2026-10-02/qa/task03b2b1/history/cycle3-final/candidate/qa/provenance/pre-admission-fix/stateful-outcomes.mts.text
_goals/convex-backend-runtime-2026-10-02/qa/task03c2-live-harness-review3-evidence/source-context/candidate/evidence/classifier-1193f001-ec79-4b47-90d0-cdcc35895247.json
_goals/convex-backend-runtime-2026-10-02/qa/task03c2-live-harness-review3-evidence/source-context/candidate/evidence/qualify-275e28b3-fafe-4db1-b1ca-9a462c38fa37.json
_goals/convex-backend-runtime-2026-10-02/qa/task03c2-live-harness-review3-evidence/source-context/candidate/evidence/driver-check-cbafdd38-443c-48dc-92ab-bbd771e731b0.json
_goals/convex-backend-runtime-2026-10-02/qa/task03c2-live-harness-review3-evidence/source-context/candidate/evidence/client-prep-f4d1c1de-133e-487f-a35e-1e876753309b.json
_goals/convex-backend-runtime-2026-10-02/qa/task03c2-live-harness-review3-evidence/source-context/candidate/evidence/guards-review-candidate.txt
_goals/convex-backend-runtime-2026-10-02/qa/task03c2-live-harness-review3-evidence/source-context/candidate/evidence/key-match-5f56d1aa-4bf5-4195-9d58-8816a60817a0.json
_goals/convex-backend-runtime-2026-10-02/qa/task03c2-live-harness-review3-evidence/source-context/candidate/evidence/bounds-e2334b32-ef33-4dec-aaad-caa1956667fb.json
_goals/convex-backend-runtime-2026-10-02/qa/task03c2-live-harness-review3-evidence/source-context/candidate/evidence/classifier-7e39988e-5faf-4f1d-aaf0-6c3eeeef4a32.json
_goals/convex-backend-runtime-2026-10-02/qa/task03c2-live-harness-review3-evidence/source-context/candidate/evidence/driver-check-ab95192e-e59e-459e-920d-c389441fa079.json
_goals/convex-backend-runtime-2026-10-02/qa/task03c2-live-harness-review3-evidence/source-context/candidate/evidence/qualify-b4dbacad-4a6b-4941-bfc9-c90b42756670.json
_goals/convex-backend-runtime-2026-10-02/qa/task03c2-live-harness-review3-evidence/source-context/candidate/evidence/entrypoints-78fe9e5c-34a1-448d-8b34-e1502819ad05.json
_goals/convex-backend-runtime-2026-10-02/qa/task03c2-live-harness-review3-evidence/source-context/candidate/evidence/client-prep-0089a15c-02b1-48b3-adbf-28009d7e5e3b.json
_goals/convex-backend-runtime-2026-10-02/qa/task03c2-live-harness-review3-evidence/source-context/candidate/evidence/qualify-ef3bbed2-76b0-4d2a-a14c-2a9d2b252794.json
_goals/convex-backend-runtime-2026-10-02/qa/task03c2-live-harness-review3-evidence/source-context/candidate/evidence/driver-check-d5211e5c-0792-4763-8d71-64fba648fbcf.json
_goals/convex-backend-runtime-2026-10-02/qa/task03c2-live-harness-review3-evidence/source-context/candidate/evidence/client-prep-cf3dfc1a-4728-4c48-916c-8c414a1b0f0a.json
_goals/convex-backend-runtime-2026-10-02/qa/task03c2-live-harness-review3-evidence/source-context/candidate/evidence/qualify-d7331df9-9069-4611-a0fc-4321478a74db.json
_goals/convex-backend-runtime-2026-10-02/qa/task03c2-live-harness-review3-evidence/source-context/candidate/evidence/qualify-6bf04663-9b52-4869-a4a6-4e3bdc2f1304.json
_goals/convex-backend-runtime-2026-10-02/qa/task03c2-live-harness-review3-evidence/source-context/candidate/evidence/qualify-a98eb7c4-8498-4109-bbac-ddb5f9cf01a8.json
_goals/convex-backend-runtime-2026-10-02/qa/task03c2-live-harness-review3-evidence/source-context/candidate/evidence/entrypoints-68ed674f-ea9e-4d40-962d-26050d7fc6f5.json
_goals/convex-backend-runtime-2026-10-02/qa/task03c2-live-harness-review3-evidence/source-context/candidate/evidence/qualify-97684a3d-36c7-41fb-8968-7c65f05b3fb0.json
_goals/convex-backend-runtime-2026-10-02/qa/task03c2-live-harness-review3-evidence/source-context/candidate/evidence/qualify-4282367f-441c-4893-b443-61123eb07c6e.json
_goals/convex-backend-runtime-2026-10-02/qa/task03c2-live-harness-review3-evidence/source-context/candidate/evidence/qualify-b533cb5b-e305-4fa4-942f-22f90af4cb7e.json
_goals/convex-backend-runtime-2026-10-02/qa/task03c2-live-harness-review3-evidence/source-context/candidate/evidence/qualify-7bf66d94-b9c1-4f4f-9216-b7de574c60ab.json
_goals/convex-backend-runtime-2026-10-02/qa/task03c2-live-harness-review3-evidence/source-context/candidate/evidence/commands.json
_goals/convex-backend-runtime-2026-10-02/qa/task03c2-live-harness-review3-evidence/source-context/candidate/evidence/qualify-fdef0569-9fb0-43b3-a1be-973500a697e5.json
_goals/convex-backend-runtime-2026-10-02/qa/task03c2-live-harness-review3-evidence/source-context/candidate/evidence/key-match-4997ed87-1b79-448e-b45a-9aa6f2a2d9bb.json
_goals/convex-backend-runtime-2026-10-02/qa/task03c2-live-harness-review3-evidence/source-context/candidate/evidence/key-match-469a6e4e-132a-48b7-b1a1-4fa2db1b674d.json
_goals/convex-backend-runtime-2026-10-02/qa/task03c2-live-harness-review3-evidence/source-context/candidate/evidence/qualify-8139b820-ff26-4ae0-8e94-b6d799c7dd42.json
_goals/convex-backend-runtime-2026-10-02/qa/task03c2-live-harness-review3-evidence/source-context/candidate/evidence/client-prep-a80100b1-b1e0-4822-8ac6-9a3ff0439258.json
_goals/convex-backend-runtime-2026-10-02/qa/task03c2-live-harness-review3-evidence/source-context/candidate/evidence/qualify-64765855-ecc6-4620-a73b-7090e3a1ed9c.json
_goals/convex-backend-runtime-2026-10-02/qa/task03c2-live-harness-review3-evidence/source-context/candidate/evidence/qualify-2ba761ab-4eed-41dc-a87f-7363b00a4b46.json
_goals/convex-backend-runtime-2026-10-02/qa/task03c2-live-harness-review3-evidence/source-context/candidate/evidence/qualify-3a1cca6b-0eea-4800-a3b9-8ed21378e27c.json
_goals/convex-backend-runtime-2026-10-02/qa/task03c2-live-harness-review3-evidence/source-context/candidate/evidence/scoped-lint-final.txt
_goals/convex-backend-runtime-2026-10-02/qa/task03c2-live-harness-review3-evidence/source-context/candidate/evidence/key-match-review-candidate.txt
_goals/convex-backend-runtime-2026-10-02/qa/task03c2-live-fixture/evidence/cycle2/retry2-key-match.txt
_goals/convex-backend-runtime-2026-10-02/qa/task03c2-live-fixture/evidence/cycle2/initial-failures.json
_goals/convex-backend-runtime-2026-10-02/qa/task03c2-live-fixture/evidence/cycle2/retry1-driver.txt
_goals/convex-backend-runtime-2026-10-02/qa/task03c2-live-fixture/evidence/cycle2/commands-retry2.json
_goals/convex-backend-runtime-2026-10-02/qa/task03c2-live-fixture/evidence/cycle2/retry3-guards.txt
_goals/convex-backend-runtime-2026-10-02/qa/task03c2-live-fixture/evidence/cycle2/commands-final1.json
_goals/convex-backend-runtime-2026-10-02/qa/task03c2-live-fixture/evidence/cycle2/retry2-driver.txt
_goals/convex-backend-runtime-2026-10-02/qa/task03c2-live-fixture/evidence/cycle2/hygiene.json
_goals/convex-backend-runtime-2026-10-02/qa/task03c2-live-fixture/evidence/cycle2/retry1-backend-policy-lint.txt
_goals/convex-backend-runtime-2026-10-02/qa/task03c2-live-fixture/evidence/cycle2/commands-final2.json
_goals/convex-backend-runtime-2026-10-02/qa/task03c2-live-fixture/evidence/cycle2/commands-retry1.json
_goals/convex-backend-runtime-2026-10-02/qa/task03c2-live-fixture/evidence/cycle2/final1-npm12.txt
_goals/convex-backend-runtime-2026-10-02/qa/task03c2-live-fixture/evidence/cycle2/retry1-npm12.txt
_goals/convex-backend-runtime-2026-10-02/qa/task03c2-live-fixture/evidence/cycle2/final2-client-prep.txt
_goals/convex-backend-runtime-2026-10-02/qa/task03c2-live-fixture/evidence/cycle2/retry2-client-prep.txt
_goals/convex-backend-runtime-2026-10-02/qa/task03c2-live-fixture/evidence/cycle2/final2-node.txt
_goals/convex-backend-runtime-2026-10-02/qa/task03c2-live-fixture/evidence/cycle2/final1-driver.txt
_goals/convex-backend-runtime-2026-10-02/qa/task03c2-live-fixture/evidence/cycle2/retry3-entrypoints.txt
_goals/convex-backend-runtime-2026-10-02/qa/task03c2-live-fixture/evidence/cycle2/retry1-classifier.txt
_goals/convex-backend-runtime-2026-10-02/qa/task03c2-live-fixture/evidence/cycle2/retry3-backend-types.txt
_goals/convex-backend-runtime-2026-10-02/qa/task03c2-live-fixture/evidence/cycle2/final1-entrypoints.txt
_goals/convex-backend-runtime-2026-10-02/qa/task03c2-live-fixture/evidence/cycle2/final2-client-types.txt
_goals/convex-backend-runtime-2026-10-02/qa/task03c2-live-fixture/evidence/cycle2/retry2-house-lint.txt
_goals/convex-backend-runtime-2026-10-02/qa/task03c2-live-fixture/evidence/cycle2/retry3-client-types.txt
_goals/convex-backend-runtime-2026-10-02/qa/task03c2-live-fixture/evidence/cycle2/retry3-house-lint.txt
_goals/convex-backend-runtime-2026-10-02/qa/task03c2-live-fixture/evidence/cycle2/retry3-client-prep.txt
_goals/convex-backend-runtime-2026-10-02/qa/task03c2-live-fixture/evidence/cycle2/retry1-node.txt
_goals/convex-backend-runtime-2026-10-02/qa/task03c2-live-fixture/evidence/cycle2/final2-classifier.txt
_goals/convex-backend-runtime-2026-10-02/qa/task03c2-live-fixture/evidence/cycle2/initial-classifier.txt
_goals/convex-backend-runtime-2026-10-02/qa/task03c2-live-fixture/evidence/cycle2/provenance.json
_goals/convex-backend-runtime-2026-10-02/qa/task03c2-live-fixture/evidence/cycle2/commands-initial.json
_goals/convex-backend-runtime-2026-10-02/qa/task03c2-live-fixture/evidence/cycle2/retry3-key-match.txt
_goals/convex-backend-runtime-2026-10-02/qa/task03c2-live-fixture/evidence/cycle2/retry1-client-prep.txt
_goals/convex-backend-runtime-2026-10-02/qa/task03c2-live-fixture/evidence/cycle2/retry2-npm12.txt
_goals/convex-backend-runtime-2026-10-02/qa/task03c2-live-fixture/evidence/cycle2/final1-client-types.txt
_goals/convex-backend-runtime-2026-10-02/qa/task03c2-live-fixture/evidence/cycle2/final2-bounds.txt
_goals/convex-backend-runtime-2026-10-02/qa/task03c2-live-fixture/evidence/cycle2/retry2-guards.txt
_goals/convex-backend-runtime-2026-10-02/qa/task03c2-live-fixture/evidence/cycle2/retry1-guards.txt
_goals/convex-backend-runtime-2026-10-02/qa/task03c2-live-fixture/evidence/cycle2/final1-key-match.txt
_goals/convex-backend-runtime-2026-10-02/qa/task03c2-live-fixture/evidence/cycle2/retry1-backend-types.txt
_goals/convex-backend-runtime-2026-10-02/qa/task03c2-live-fixture/evidence/cycle2/final1-backend-types.txt
_goals/convex-backend-runtime-2026-10-02/qa/task03c2-live-fixture/evidence/cycle2/final2-entrypoints.txt
_goals/convex-backend-runtime-2026-10-02/qa/task03c2-live-fixture/evidence/cycle2/retry1-house-lint.txt
_goals/convex-backend-runtime-2026-10-02/qa/task03c2-live-fixture/evidence/cycle2/final1-guards.txt
_goals/convex-backend-runtime-2026-10-02/qa/task03c2-live-fixture/evidence/cycle2/retry3-npm12.txt
_goals/convex-backend-runtime-2026-10-02/qa/task03c2-live-fixture/evidence/cycle2/retry2-client-types.txt
_goals/convex-backend-runtime-2026-10-02/qa/task03c2-live-fixture/evidence/cycle2/final2-guards.txt
_goals/convex-backend-runtime-2026-10-02/qa/task03c2-live-fixture/evidence/cycle2/retry1-entrypoints.txt
_goals/convex-backend-runtime-2026-10-02/qa/task03c2-live-fixture/evidence/cycle2/final1-client-prep.txt
_goals/convex-backend-runtime-2026-10-02/qa/task03c2-live-fixture/evidence/cycle2/retry3-driver.txt
_goals/convex-backend-runtime-2026-10-02/qa/task03c2-live-fixture/evidence/cycle2/final1-node.txt
_goals/convex-backend-runtime-2026-10-02/qa/task03c2-live-fixture/evidence/cycle2/final2-npm12.txt
_goals/convex-backend-runtime-2026-10-02/qa/task03c2-live-fixture/evidence/cycle2/provenance-final.txt
_goals/convex-backend-runtime-2026-10-02/qa/task03c2-live-fixture/evidence/cycle2/retry2-node.txt
_goals/convex-backend-runtime-2026-10-02/qa/task03c2-live-fixture/evidence/cycle2/final2-packed-prep.txt
_goals/convex-backend-runtime-2026-10-02/qa/task03c2-live-fixture/evidence/cycle2/final2-backend-policy-lint.txt
_goals/convex-backend-runtime-2026-10-02/qa/task03c2-live-fixture/evidence/cycle2/retry1-client-types.txt
_goals/convex-backend-runtime-2026-10-02/qa/task03c2-live-fixture/evidence/cycle2/final1-backend-policy-lint.txt
_goals/convex-backend-runtime-2026-10-02/qa/task03c2-live-fixture/evidence/cycle2/provenance-command.json
_goals/convex-backend-runtime-2026-10-02/qa/task03c2-live-fixture/evidence/cycle2/final2-key-match.txt
_goals/convex-backend-runtime-2026-10-02/qa/task03c2-live-fixture/evidence/cycle2/retry2-backend-policy-lint.txt
_goals/convex-backend-runtime-2026-10-02/qa/task03c2-live-fixture/evidence/cycle2/final2-house-lint.txt
_goals/convex-backend-runtime-2026-10-02/qa/task03c2-live-fixture/evidence/cycle2/retry3-node.txt
_goals/convex-backend-runtime-2026-10-02/qa/task03c2-live-fixture/evidence/cycle2/retry2-backend-types.txt
_goals/convex-backend-runtime-2026-10-02/qa/task03c2-live-fixture/evidence/cycle2/initial-driver.txt
_goals/convex-backend-runtime-2026-10-02/qa/task03c2-live-fixture/evidence/cycle2/retry3-classifier.txt
_goals/convex-backend-runtime-2026-10-02/qa/task03c2-live-fixture/evidence/cycle2/provenance-final.json
_goals/convex-backend-runtime-2026-10-02/qa/task03c2-live-fixture/evidence/cycle2/final1-classifier.txt
_goals/convex-backend-runtime-2026-10-02/qa/task03c2-live-fixture/evidence/cycle2/retry2-entrypoints.txt
_goals/convex-backend-runtime-2026-10-02/qa/task03c2-live-fixture/evidence/cycle2/retry1-key-match.txt
_goals/convex-backend-runtime-2026-10-02/qa/task03c2-live-fixture/evidence/cycle2/final1-house-lint.txt
_goals/convex-backend-runtime-2026-10-02/qa/task03c2-live-fixture/evidence/cycle2/final2-backend-types.txt
_goals/convex-backend-runtime-2026-10-02/qa/task03c2-live-fixture/evidence/cycle2/final1-bounds.txt
_goals/convex-backend-runtime-2026-10-02/qa/task03c2-live-fixture/evidence/cycle2/final1-packed-prep.txt
_goals/convex-backend-runtime-2026-10-02/qa/task03c2-live-fixture/evidence/cycle2/retry2-classifier.txt
_goals/convex-backend-runtime-2026-10-02/qa/task03c2-live-fixture/evidence/cycle2/final2-driver.txt
_goals/convex-backend-runtime-2026-10-02/qa/task03c2-live-fixture/evidence/cycle2/commands-retry3.json
_goals/convex-backend-runtime-2026-10-02/qa/task03c2-live-fixture/evidence/cycle2/retry3-backend-policy-lint.txt
_goals/convex-backend-runtime-2026-10-02/qa/task03c2-live-fixture/evidence/qualify-e8662f44-fa0b-4fb4-ae0b-c53885ff7a76.json
_goals/convex-backend-runtime-2026-10-02/qa/task03c2-live-fixture/evidence/commands-review-candidate.json
_goals/convex-backend-runtime-2026-10-02/qa/task03c2-live-fixture/evidence/qualify-a85a4aef-e8d2-4dc4-86e5-82f8c910bf63.json
_goals/convex-backend-runtime-2026-10-02/qa/task03c2-live-fixture/evidence/classifier-7adfe6e9-1283-4c1a-9cbe-f3888c0edfd2.json
_goals/convex-backend-runtime-2026-10-02/qa/task03c2-live-fixture/evidence/backend-types-final.txt
_goals/convex-backend-runtime-2026-10-02/qa/task03c2-live-fixture/evidence/client-prep-95e2e78e-4b3b-45e5-8a6d-5deb87b5e7f2.json
_goals/convex-backend-runtime-2026-10-02/qa/task03c2-live-fixture/evidence/guards-4f8ccb77-3169-459b-9645-f21b534f02a8.json
_goals/convex-backend-runtime-2026-10-02/qa/task03c2-live-fixture/evidence/client-prep-85ac98e8-5797-4eb8-9687-e93ec682bd1b.json
_goals/convex-backend-runtime-2026-10-02/qa/task03c2-live-fixture/evidence/backend-types-review-candidate.txt
_goals/convex-backend-runtime-2026-10-02/qa/task03c2-live-fixture/evidence/guards-f7dba76e-95c6-43ce-b0ea-b6c5331f87d3.json
_goals/convex-backend-runtime-2026-10-02/qa/task03c2-live-fixture/evidence/qualify-179f26e3-a2d5-4ab7-be46-44eaade77192.json
_goals/convex-backend-runtime-2026-10-02/qa/task03c2-live-fixture/evidence/guards-e96abf6a-a888-45cf-a081-eef9da054191.json
_goals/convex-backend-runtime-2026-10-02/qa/task03c2-live-fixture/evidence/entrypoints-b00b0c2d-e90d-4065-9f84-a3917f8ea44c.json
_goals/convex-backend-runtime-2026-10-02/qa/task03c2-live-fixture/evidence/entrypoints-f6b5b808-762c-4d96-adcd-4de40ee40030.json
_goals/convex-backend-runtime-2026-10-02/qa/task03c2-live-fixture/evidence/qualify-2513a48c-d35c-4316-9e18-a073669d0288.json
_goals/convex-backend-runtime-2026-10-02/qa/task03c2-live-fixture/evidence/packed-prep-4bbb216e-78e9-4d49-841b-03a46c01abe0.json
_goals/convex-backend-runtime-2026-10-02/qa/task03c2-live-fixture/evidence/qualify-a6fdedc3-e988-4f5e-9dd7-cab595353173.json
_goals/convex-backend-runtime-2026-10-02/qa/task03c2-live-fixture/evidence/qualify-766be8e1-f3c1-4ef9-ae73-b0feb110350d.json
_goals/convex-backend-runtime-2026-10-02/qa/task03c2-live-fixture/evidence/codegen-3a856ab1-77ba-43e3-bf97-6f2d3c14594d.json
_goals/convex-backend-runtime-2026-10-02/qa/task03c2-live-fixture/evidence/qualify-f8fee02d-03b9-4834-b4f1-1522aabb6bdf.json
_goals/convex-backend-runtime-2026-10-02/qa/task03c2-live-fixture/evidence/qualify-a701159d-8b6d-4110-a2da-10a6eeba86e4.json
_goals/convex-backend-runtime-2026-10-02/qa/task03c2-live-fixture/evidence/key-match-b309855e-8a15-49b4-ab07-99d1e6c894d8.json
_goals/convex-backend-runtime-2026-10-02/qa/task03c2-live-fixture/evidence/qualify-539e62f6-b065-46e8-8d17-0f55dedcb9fc.json
_goals/convex-backend-runtime-2026-10-02/qa/task03c2-live-fixture/evidence/qualify-6a56f6cc-1c41-4a9c-bca4-ed99ffaca6d1.json
_goals/convex-backend-runtime-2026-10-02/qa/task03c2-live-fixture/evidence/qualify-c5e662eb-88e2-481b-bf42-06b011d8e8e2.json
_goals/convex-backend-runtime-2026-10-02/qa/task03c2-live-fixture/evidence/guards-92a0e069-a1b6-46bc-9f34-47ddcd0d6d28.json
_goals/convex-backend-runtime-2026-10-02/qa/task03c2-live-fixture/evidence/classifier-c86d09e2-a346-4955-acd7-54db5cbd5a66.json
_goals/convex-backend-runtime-2026-10-02/qa/task03c2-live-fixture/evidence/entrypoints-3f9475b8-5fbb-4769-844b-423653391091.json
_goals/convex-backend-runtime-2026-10-02/qa/task03c2-live-fixture/evidence/qualify-3921eb69-25ad-48b4-9475-004348b901b4.json
_goals/convex-backend-runtime-2026-10-02/qa/task03c2-live-fixture/evidence/qualify-0bb5a56b-2721-418a-b6e7-ea54bb778780.json
_goals/convex-backend-runtime-2026-10-02/qa/task03c2-live-fixture/evidence/cleanup-35428fff-e2ae-4812-b730-ded81204b2ea.json
_goals/convex-backend-runtime-2026-10-02/qa/task03c2-live-fixture/evidence/client-prep-final.txt
_goals/convex-backend-runtime-2026-10-02/qa/task03c2-live-fixture/evidence/client-prep-64375a53-3a19-4837-a4a2-6bfe3411cc86.json
_goals/convex-backend-runtime-2026-10-02/qa/task03c2-live-fixture/evidence/qualify-dba7a4f4-3733-4059-a30e-8e3412386a4c.json
_goals/convex-backend-runtime-2026-10-02/qa/task03c2-live-fixture/evidence/qualify-f843fc17-bc89-45ca-bd0e-e619bc692f02.json
_goals/convex-backend-runtime-2026-10-02/qa/task03c2-live-fixture/evidence/key-match-f0a42c69-1c0a-458f-b447-6ff498171dec.json
_goals/convex-backend-runtime-2026-10-02/qa/task03c2-live-fixture/evidence/hygiene-review-candidate.json
_goals/convex-backend-runtime-2026-10-02/qa/task03c2-live-fixture/evidence/qualify-d30fc029-4165-44bc-ac0e-1d2b5f0e4546.json
_goals/convex-backend-runtime-2026-10-02/qa/task03c2-live-fixture/evidence/qualify-06622ad6-ce8a-4649-8de8-beab5158020d.json
_goals/convex-backend-runtime-2026-10-02/qa/task03c2-live-fixture/evidence/qualify-ec11dc27-e568-4d1d-9977-810e25e44f2e.json
_goals/convex-backend-runtime-2026-10-02/qa/task03c2-live-fixture/evidence/qualify-b00449ed-b158-40c9-9e64-f38b0d42487e.json
_goals/convex-backend-runtime-2026-10-02/qa/task03c2-live-fixture/evidence/provenance-final.json
_goals/convex-backend-runtime-2026-10-02/qa/task03c2-live-fixture/evidence/qualify-b72a6d27-50fb-43bb-8442-81ec494125fa.json
_goals/convex-backend-runtime-2026-10-02/qa/task03c2-live-fixture/evidence/client-prep-review-candidate.txt
_goals/convex-backend-runtime-2026-10-02/qa/task03c2-live-fixture/evidence/qualify-be217901-a00a-4e6b-8e09-7a0449a4b9c9.json
_goals/convex-backend-runtime-2026-10-02/qa/task03c2-live-fixture/evidence/node-review-candidate.txt
_goals/convex-backend-runtime-2026-10-02/qa/task03c2-live-fixture/evidence/client-types-review-candidate.txt
_goals/convex-backend-runtime-2026-10-02/qa/task03c2-live-fixture/evidence/guards-ee4ef58d-b7eb-4ccf-873b-738d80a4727b.json
_goals/convex-backend-runtime-2026-10-02/qa/task03c2-live-fixture/evidence/client-types-final.txt
_goals/convex-backend-runtime-2026-10-02/qa/task03c2-live-fixture/evidence/classifier-a857954f-061c-4282-b4a7-fe332d44519f.json
_goals/convex-backend-runtime-2026-10-02/qa/task03c2-live-fixture/evidence/guards-final.txt
_goals/convex-backend-runtime-2026-10-02/qa/task03c2-live-fixture/evidence/entrypoints-4683ff0a-7a19-42e4-a1bb-248605af5a50.json
_goals/convex-backend-runtime-2026-10-02/qa/task03c2-live-fixture/evidence/qualify-ac7130cb-c21c-434c-81e9-c42c95c39ae4.json
_goals/convex-backend-runtime-2026-10-02/qa/task03c2-live-fixture/evidence/qualify-203abf34-9ba6-4e9a-bbb1-d9daa1a5776a.json
_goals/convex-backend-runtime-2026-10-02/qa/task03c2-live-fixture/evidence/guards-60068a89-eeac-4ae8-9dc8-000acf2596d1.json
_goals/convex-backend-runtime-2026-10-02/qa/task03c2-live-fixture/evidence/entrypoints-c9416f64-dbd9-4e69-bd83-72b5d43506af.json
_goals/convex-backend-runtime-2026-10-02/qa/task03c2-live-fixture/evidence/target-retirement.json
_goals/convex-backend-runtime-2026-10-02/qa/task03c2-live-fixture/evidence/qualify-e2497082-1b48-4cc3-b774-b69da2b750a4.json
_goals/convex-backend-runtime-2026-10-02/qa/task03c2-live-fixture/evidence/bounds-157af91a-6b02-4640-a8cf-4e9d185d2992.json
_goals/convex-backend-runtime-2026-10-02/qa/task03c2-live-fixture/evidence/scoped-lint-review-candidate.txt
_goals/convex-backend-runtime-2026-10-02/qa/task03c2-live-fixture/evidence/npm12-review-candidate.txt
_goals/convex-backend-runtime-2026-10-02/qa/task03c2-live-fixture/evidence/qualify-7945d077-d0c7-48d5-8a42-266c1077f41e.json
_goals/convex-backend-runtime-2026-10-02/qa/task03c2-live-fixture/project-request.json
_goals/convex-backend-runtime-2026-10-02/qa/task03c2-live-fixture/source-provenance.json
_goals/convex-backend-runtime-2026-10-02/qa/task03c2-live-fixture/file-inventory.json
_goals/convex-backend-runtime-2026-10-02/qa/task03c2-live-fixture/service-outcomes.json
_goals/convex-backend-runtime-2026-10-02/qa/task03c2-live-harness-review3-evidence/source-context/candidate/evidence/qualify-d30fc029-4165-44bc-ac0e-1d2b5f0e4546.json
_goals/convex-backend-runtime-2026-10-02/qa/task03c2-live-harness-review3-evidence/source-context/candidate/evidence/qualify-06622ad6-ce8a-4649-8de8-beab5158020d.json
_goals/convex-backend-runtime-2026-10-02/qa/task03c2-live-harness-review3-evidence/source-context/candidate/evidence/qualify-ec11dc27-e568-4d1d-9977-810e25e44f2e.json
_goals/convex-backend-runtime-2026-10-02/qa/task03c2-live-harness-review3-evidence/source-context/candidate/evidence/qualify-b00449ed-b158-40c9-9e64-f38b0d42487e.json
_goals/convex-backend-runtime-2026-10-02/qa/task03c2-live-harness-review3-evidence/source-context/candidate/evidence/provenance-final.json
_goals/convex-backend-runtime-2026-10-02/qa/task03c2-live-harness-review3-evidence/source-context/candidate/evidence/client-prep-review-candidate.txt
_goals/convex-backend-runtime-2026-10-02/qa/task03c2-live-harness-review3-evidence/source-context/candidate/evidence/qualify-be217901-a00a-4e6b-8e09-7a0449a4b9c9.json
_goals/convex-backend-runtime-2026-10-02/qa/task03c2-live-harness-review3-evidence/source-context/candidate/evidence/node-review-candidate.txt
_goals/convex-backend-runtime-2026-10-02/qa/task03c2-live-harness-review3-evidence/source-context/candidate/evidence/client-types-review-candidate.txt
_goals/convex-backend-runtime-2026-10-02/qa/task03c2-live-harness-review3-evidence/source-context/candidate/evidence/guards-ee4ef58d-b7eb-4ccf-873b-738d80a4727b.json
_goals/convex-backend-runtime-2026-10-02/qa/task03c2-live-harness-review3-evidence/source-context/candidate/evidence/client-types-final.txt
_goals/convex-backend-runtime-2026-10-02/qa/task03c2-live-harness-review3-evidence/source-context/candidate/evidence/classifier-a857954f-061c-4282-b4a7-fe332d44519f.json
_goals/convex-backend-runtime-2026-10-02/qa/task03c2-live-harness-review3-evidence/source-context/candidate/evidence/guards-final.txt
_goals/convex-backend-runtime-2026-10-02/qa/task03c2-live-harness-review3-evidence/source-context/candidate/evidence/entrypoints-4683ff0a-7a19-42e4-a1bb-248605af5a50.json
_goals/convex-backend-runtime-2026-10-02/qa/task03c2-live-harness-review3-evidence/source-context/candidate/evidence/qualify-ac7130cb-c21c-434c-81e9-c42c95c39ae4.json
_goals/convex-backend-runtime-2026-10-02/qa/task03c2-live-harness-review3-evidence/source-context/candidate/evidence/qualify-203abf34-9ba6-4e9a-bbb1-d9daa1a5776a.json
_goals/convex-backend-runtime-2026-10-02/qa/task03c2-live-harness-review3-evidence/source-context/candidate/evidence/guards-60068a89-eeac-4ae8-9dc8-000acf2596d1.json
_goals/convex-backend-runtime-2026-10-02/qa/task03c2-live-harness-review3-evidence/source-context/candidate/evidence/entrypoints-c9416f64-dbd9-4e69-bd83-72b5d43506af.json
_goals/convex-backend-runtime-2026-10-02/qa/task03c2-live-harness-review3-evidence/source-context/candidate/evidence/qualify-e2497082-1b48-4cc3-b774-b69da2b750a4.json
_goals/convex-backend-runtime-2026-10-02/qa/task03c2-live-harness-review3-evidence/source-context/candidate/evidence/bounds-157af91a-6b02-4640-a8cf-4e9d185d2992.json
_goals/convex-backend-runtime-2026-10-02/qa/task03c2-live-harness-review3-evidence/source-context/candidate/evidence/scoped-lint-review-candidate.txt
_goals/convex-backend-runtime-2026-10-02/qa/task03c2-live-harness-review3-evidence/source-context/candidate/evidence/npm12-review-candidate.txt
_goals/convex-backend-runtime-2026-10-02/qa/task03c2-live-harness-review3-evidence/source-context/candidate/evidence/qualify-7945d077-d0c7-48d5-8a42-266c1077f41e.json
_goals/convex-backend-runtime-2026-10-02/qa/task03c2-live-harness-review3-evidence/source-context/candidate/project-request.json
_goals/convex-backend-runtime-2026-10-02/qa/task03c2-live-harness-review3-evidence/source-context/candidate/source-provenance.json
_goals/convex-backend-runtime-2026-10-02/qa/task03c2-live-harness-review3-evidence/source-context/candidate/file-inventory.json
_goals/convex-backend-runtime-2026-10-02/qa/task03c2-live-harness-review3-evidence/source-context/candidate/service-outcomes.json
_goals/convex-backend-runtime-2026-10-02/qa/task03b2b1/history/cycle3-final/candidate/qa/provenance/pre-admission-fix/checks/node-version.stderr.txt
_goals/convex-backend-runtime-2026-10-02/qa/task03b2b1/history/cycle3-final/candidate/qa/provenance/pre-admission-fix/checks/discovery.stderr.txt
_goals/convex-backend-runtime-2026-10-02/qa/task03b2b1/history/cycle3-final/candidate/qa/provenance/pre-admission-fix/checks/run-checks.py.text
_goals/convex-backend-runtime-2026-10-02/qa/task03b2b1/history/cycle3-final/candidate/qa/provenance/pre-admission-fix/checks/npm-version.stderr.txt
_goals/convex-backend-runtime-2026-10-02/qa/task03b2b1/history/cycle3-final/candidate/qa/provenance/pre-admission-fix/checks/diff-check.stdout.txt
_goals/convex-backend-runtime-2026-10-02/qa/task03b2b1/history/cycle3-final/candidate/qa/provenance/pre-admission-fix/checks/tests.stdout.txt
_goals/convex-backend-runtime-2026-10-02/qa/task03b2b1/history/cycle3-final/candidate/qa/provenance/pre-admission-fix/checks/failure-boundary-first.json
_goals/convex-backend-runtime-2026-10-02/qa/task03b2b1/history/cycle3-final/candidate/qa/provenance/pre-admission-fix/checks/original480-first.json
_goals/convex-backend-runtime-2026-10-02/qa/task03b2b1/history/cycle3-final/candidate/qa/provenance/pre-admission-fix/checks/root-types-diagnostic.stdout.txt
_goals/convex-backend-runtime-2026-10-02/qa/task03b2b1/history/cycle3-final/candidate/qa/provenance/pre-admission-fix/checks/commands.json
_goals/convex-backend-runtime-2026-10-02/qa/task03b2b1/history/cycle3-final/candidate/qa/provenance/pre-admission-fix/checks/catalog.stdout.txt
_goals/convex-backend-runtime-2026-10-02/qa/task03b2b1/history/cycle3-final/candidate/qa/provenance/pre-admission-fix/checks/backend-types.stdout.txt
_goals/convex-backend-runtime-2026-10-02/qa/task03b2b1/history/cycle3-final/candidate/qa/provenance/pre-admission-fix/checks/diff-check.stderr.txt
_goals/convex-backend-runtime-2026-10-02/qa/task03b2b1/history/cycle3-final/candidate/qa/provenance/pre-admission-fix/checks/catalog.stderr.txt
_goals/convex-backend-runtime-2026-10-02/qa/task03b2b1/history/cycle3-final/candidate/qa/provenance/pre-admission-fix/checks/tests.stderr.txt
_goals/convex-backend-runtime-2026-10-02/qa/task03b2b1/history/cycle3-final/candidate/qa/provenance/pre-admission-fix/checks/scoped-types.stderr.txt
_goals/convex-backend-runtime-2026-10-02/qa/task03b2b1/history/cycle3-final/candidate/qa/provenance/pre-admission-fix/checks/root-types-diagnostic.stderr.txt
_goals/convex-backend-runtime-2026-10-02/qa/task03b2b1/history/cycle3-final/candidate/qa/provenance/pre-admission-fix/checks/tests-final.json
_goals/convex-backend-runtime-2026-10-02/qa/task03b2b1/history/cycle3-final/candidate/qa/provenance/pre-admission-fix/checks/node-version.stdout.txt
_goals/convex-backend-runtime-2026-10-02/qa/task03b2b1/history/cycle3-final/candidate/qa/provenance/pre-admission-fix/checks/failure-boundary-first.stdout.txt
_goals/convex-backend-runtime-2026-10-02/qa/task03b2b1/history/cycle3-final/candidate/qa/provenance/pre-admission-fix/checks/root-lint-types-diagnostic.stderr.txt
_goals/convex-backend-runtime-2026-10-02/qa/task03b2b1/history/cycle3-final/candidate/qa/provenance/pre-admission-fix/checks/root-lint-types-diagnostic.stdout.txt
_goals/convex-backend-runtime-2026-10-02/qa/task03b2b1/history/cycle3-final/candidate/qa/provenance/pre-admission-fix/checks/failure-boundary-first.stderr.txt
_goals/convex-backend-runtime-2026-10-02/qa/task03b2b1/history/cycle3-final/candidate/qa/provenance/pre-admission-fix/checks/discovery.stdout.txt
_goals/convex-backend-runtime-2026-10-02/qa/task03b2b1/history/cycle3-final/candidate/qa/provenance/pre-admission-fix/checks/scoped-lint.stderr.txt
_goals/convex-backend-runtime-2026-10-02/qa/task03b2b1/history/cycle3-final/candidate/qa/provenance/pre-admission-fix/checks/npm-version.stdout.txt
_goals/convex-backend-runtime-2026-10-02/qa/task03b2b1/history/cycle3-final/candidate/qa/provenance/pre-admission-fix/checks/original480-first.stdout.txt
_goals/convex-backend-runtime-2026-10-02/qa/task03b2b1/history/cycle3-final/candidate/qa/provenance/pre-admission-fix/checks/original480-first.stderr.txt
_goals/convex-backend-runtime-2026-10-02/qa/task03b2b1/history/cycle3-final/candidate/qa/provenance/pre-admission-fix/checks/scoped-lint.stdout.txt
_goals/convex-backend-runtime-2026-10-02/qa/task03b2b1/history/cycle3-final/candidate/qa/provenance/pre-admission-fix/checks/scoped-types.stdout.txt
_goals/convex-backend-runtime-2026-10-02/qa/task03b2b1/history/cycle3-final/candidate/qa/provenance/pre-admission-fix/checks/backend-types.stderr.txt
_goals/convex-backend-runtime-2026-10-02/qa/task03b2b1/history/cycle3-final/candidate/qa/checks/node-version.stderr.txt
_goals/convex-backend-runtime-2026-10-02/qa/task03b2b1/history/cycle3-final/candidate/qa/checks/discovery.stderr.txt
_goals/convex-backend-runtime-2026-10-02/qa/task03b2b1/history/cycle3-final/candidate/qa/checks/run-checks.py.text
_goals/convex-backend-runtime-2026-10-02/qa/task03b2b1/history/cycle3-final/candidate/qa/checks/npm-version.stderr.txt
_goals/convex-backend-runtime-2026-10-02/qa/task03b2b1/history/cycle3-final/candidate/qa/checks/diff-check.stdout.txt
_goals/convex-backend-runtime-2026-10-02/qa/task03b2b1/history/cycle3-final/candidate/qa/checks/tests.stdout.txt
_goals/convex-backend-runtime-2026-10-02/qa/task03b2b1/history/cycle3-final/candidate/qa/checks/failure-boundary-first.json
_goals/convex-backend-runtime-2026-10-02/qa/task03b2b1/history/cycle3-final/candidate/qa/checks/original480-first.json
_goals/convex-backend-runtime-2026-10-02/qa/task03b2b1/history/cycle3-final/candidate/qa/checks/root-types-diagnostic.stdout.txt
_goals/convex-backend-runtime-2026-10-02/qa/task03b2b1/history/cycle3-final/candidate/qa/checks/commands.json
_goals/convex-backend-runtime-2026-10-02/qa/task03b2b1/history/cycle3-final/candidate/qa/checks/catalog.stdout.txt
_goals/convex-backend-runtime-2026-10-02/qa/task03b2b1/history/cycle3-final/candidate/qa/checks/backend-types.stdout.txt
_goals/convex-backend-runtime-2026-10-02/qa/task03b2b1/history/cycle3-final/candidate/qa/checks/diff-check.stderr.txt
_goals/convex-backend-runtime-2026-10-02/qa/task03b2b1/history/cycle3-final/candidate/qa/checks/catalog.stderr.txt
_goals/convex-backend-runtime-2026-10-02/qa/task03b2b1/history/cycle3-final/candidate/qa/checks/tests.stderr.txt
_goals/convex-backend-runtime-2026-10-02/qa/task03b2b1/history/cycle3-final/candidate/qa/checks/scoped-types.stderr.txt
_goals/convex-backend-runtime-2026-10-02/qa/task03b2b1/history/cycle3-final/candidate/qa/checks/root-types-diagnostic.stderr.txt
_goals/convex-backend-runtime-2026-10-02/qa/task03b2b1/history/cycle3-final/candidate/qa/checks/tests-final.json
_goals/convex-backend-runtime-2026-10-02/qa/task03b2b1/history/cycle3-final/candidate/qa/checks/node-version.stdout.txt
_goals/convex-backend-runtime-2026-10-02/qa/task03b2b1/history/cycle3-final/candidate/qa/checks/failure-boundary-first.stdout.txt
_goals/convex-backend-runtime-2026-10-02/qa/task03b2b1/history/cycle3-final/candidate/qa/checks/root-lint-types-diagnostic.stderr.txt
_goals/convex-backend-runtime-2026-10-02/qa/task03b2b1/history/cycle3-final/candidate/qa/checks/root-lint-types-diagnostic.stdout.txt
_goals/convex-backend-runtime-2026-10-02/qa/task03b2b1/history/cycle3-final/candidate/qa/checks/failure-boundary-first.stderr.txt
_goals/convex-backend-runtime-2026-10-02/qa/task03b2b1/history/cycle3-final/candidate/qa/checks/discovery.stdout.txt
_goals/convex-backend-runtime-2026-10-02/qa/task03b2b1/history/cycle3-final/candidate/qa/checks/scoped-lint.stderr.txt
_goals/convex-backend-runtime-2026-10-02/qa/task03b2b1/history/cycle3-final/candidate/qa/checks/npm-version.stdout.txt
_goals/convex-backend-runtime-2026-10-02/qa/task03b2b1/history/cycle3-final/candidate/qa/checks/original480-first.stdout.txt
_goals/convex-backend-runtime-2026-10-02/qa/task03b2b1/history/cycle3-final/candidate/qa/checks/original480-first.stderr.txt
_goals/convex-backend-runtime-2026-10-02/qa/task03b2b1/history/cycle3-final/candidate/qa/checks/scoped-lint.stdout.txt
_goals/convex-backend-runtime-2026-10-02/qa/task03b2b1/history/cycle3-final/candidate/qa/checks/scoped-types.stdout.txt
_goals/convex-backend-runtime-2026-10-02/qa/task03b2b1/history/cycle3-final/candidate/qa/checks/backend-types.stderr.txt
_goals/convex-backend-runtime-2026-10-02/qa/task03c2-live-harness-review3-evidence/source-context/candidate/evidence/cycle2/retry2-key-match.txt
_goals/convex-backend-runtime-2026-10-02/qa/task03c2-live-harness-review3-evidence/source-context/candidate/evidence/cycle2/initial-failures.json
_goals/convex-backend-runtime-2026-10-02/qa/task03c2-live-harness-review3-evidence/source-context/candidate/evidence/cycle2/retry1-driver.txt
_goals/convex-backend-runtime-2026-10-02/qa/task03c2-live-harness-review3-evidence/source-context/candidate/evidence/cycle2/commands-retry2.json
_goals/convex-backend-runtime-2026-10-02/qa/task03c2-live-harness-review3-evidence/source-context/candidate/evidence/cycle2/retry3-guards.txt
_goals/convex-backend-runtime-2026-10-02/qa/task03c2-live-harness-review3-evidence/source-context/candidate/evidence/cycle2/commands-final1.json
_goals/convex-backend-runtime-2026-10-02/qa/task03c2-live-harness-review3-evidence/source-context/candidate/evidence/cycle2/retry2-driver.txt
_goals/convex-backend-runtime-2026-10-02/qa/task03c2-live-harness-review3-evidence/source-context/candidate/evidence/cycle2/hygiene.json
_goals/convex-backend-runtime-2026-10-02/qa/task03c2-live-harness-review3-evidence/source-context/candidate/evidence/cycle2/retry1-backend-policy-lint.txt
_goals/convex-backend-runtime-2026-10-02/qa/task03c2-live-harness-review3-evidence/source-context/candidate/evidence/cycle2/commands-final2.json
_goals/convex-backend-runtime-2026-10-02/qa/task03c2-live-harness-review3-evidence/source-context/candidate/evidence/cycle2/commands-retry1.json
_goals/convex-backend-runtime-2026-10-02/qa/task03c2-live-harness-review3-evidence/source-context/candidate/evidence/cycle2/final1-npm12.txt
_goals/convex-backend-runtime-2026-10-02/qa/task03c2-live-harness-review3-evidence/source-context/candidate/evidence/cycle2/retry1-npm12.txt
_goals/convex-backend-runtime-2026-10-02/qa/task03c2-live-harness-review3-evidence/source-context/candidate/evidence/cycle2/final2-client-prep.txt
_goals/convex-backend-runtime-2026-10-02/qa/task03c2-live-harness-review3-evidence/source-context/candidate/evidence/cycle2/retry2-client-prep.txt
_goals/convex-backend-runtime-2026-10-02/qa/task03c2-live-harness-review3-evidence/source-context/candidate/evidence/cycle2/final2-node.txt
_goals/convex-backend-runtime-2026-10-02/qa/task03c2-live-harness-review3-evidence/source-context/candidate/evidence/cycle2/final1-driver.txt
_goals/convex-backend-runtime-2026-10-02/qa/task03c2-live-harness-review3-evidence/source-context/candidate/evidence/cycle2/retry3-entrypoints.txt
_goals/convex-backend-runtime-2026-10-02/qa/task03c2-live-harness-review3-evidence/source-context/candidate/evidence/cycle2/retry1-classifier.txt
_goals/convex-backend-runtime-2026-10-02/qa/task03c2-live-harness-review3-evidence/source-context/candidate/evidence/cycle2/retry3-backend-types.txt
_goals/convex-backend-runtime-2026-10-02/qa/task03c2-live-harness-review3-evidence/source-context/candidate/evidence/cycle2/final1-entrypoints.txt
_goals/convex-backend-runtime-2026-10-02/qa/task03c2-live-harness-review3-evidence/source-context/candidate/evidence/cycle2/final2-client-types.txt
_goals/convex-backend-runtime-2026-10-02/qa/task03c2-live-harness-review3-evidence/source-context/candidate/evidence/cycle2/retry2-house-lint.txt
_goals/convex-backend-runtime-2026-10-02/qa/task03c2-live-harness-review3-evidence/source-context/candidate/evidence/cycle2/retry3-client-types.txt
_goals/convex-backend-runtime-2026-10-02/qa/task03c2-live-harness-review3-evidence/source-context/candidate/evidence/cycle2/retry3-house-lint.txt
_goals/convex-backend-runtime-2026-10-02/qa/task03c2-live-harness-review3-evidence/source-context/candidate/evidence/cycle2/retry3-client-prep.txt
_goals/convex-backend-runtime-2026-10-02/qa/task03c2-live-harness-review3-evidence/source-context/candidate/evidence/cycle2/retry1-node.txt
_goals/convex-backend-runtime-2026-10-02/qa/task03c2-live-harness-review3-evidence/source-context/candidate/evidence/cycle2/final2-classifier.txt
_goals/convex-backend-runtime-2026-10-02/qa/task03c2-live-harness-review3-evidence/source-context/candidate/evidence/cycle2/initial-classifier.txt
_goals/convex-backend-runtime-2026-10-02/qa/task03c2-live-harness-review3-evidence/source-context/candidate/evidence/cycle2/provenance.json
_goals/convex-backend-runtime-2026-10-02/qa/task03c2-live-harness-review3-evidence/source-context/candidate/evidence/cycle2/commands-initial.json
_goals/convex-backend-runtime-2026-10-02/qa/task03c2-live-harness-review3-evidence/source-context/candidate/evidence/cycle2/retry3-key-match.txt
_goals/convex-backend-runtime-2026-10-02/qa/task03c2-live-harness-review3-evidence/source-context/candidate/evidence/cycle2/retry1-client-prep.txt
_goals/convex-backend-runtime-2026-10-02/qa/task03c2-live-harness-review3-evidence/source-context/candidate/evidence/cycle2/retry2-npm12.txt
_goals/convex-backend-runtime-2026-10-02/qa/task03c2-live-harness-review3-evidence/source-context/candidate/evidence/cycle2/final1-client-types.txt
_goals/convex-backend-runtime-2026-10-02/qa/task03c2-live-harness-review3-evidence/source-context/candidate/evidence/cycle2/final2-bounds.txt
_goals/convex-backend-runtime-2026-10-02/qa/task03c2-live-harness-review3-evidence/source-context/candidate/evidence/cycle2/retry2-guards.txt
_goals/convex-backend-runtime-2026-10-02/qa/task03c2-live-harness-review3-evidence/source-context/candidate/evidence/cycle2/retry1-guards.txt
_goals/convex-backend-runtime-2026-10-02/qa/task03c2-live-harness-review3-evidence/source-context/candidate/evidence/cycle2/final1-key-match.txt
_goals/convex-backend-runtime-2026-10-02/qa/task03c2-live-harness-review3-evidence/source-context/candidate/evidence/cycle2/retry1-backend-types.txt
_goals/convex-backend-runtime-2026-10-02/qa/task03c2-live-harness-review3-evidence/source-context/candidate/evidence/cycle2/final1-backend-types.txt
_goals/convex-backend-runtime-2026-10-02/qa/task03c2-live-harness-review3-evidence/source-context/candidate/evidence/cycle2/final2-entrypoints.txt
_goals/convex-backend-runtime-2026-10-02/qa/task03c2-live-harness-review3-evidence/source-context/candidate/evidence/cycle2/retry1-house-lint.txt
_goals/convex-backend-runtime-2026-10-02/qa/task03c2-live-harness-review3-evidence/source-context/candidate/evidence/cycle2/final1-guards.txt
_goals/convex-backend-runtime-2026-10-02/qa/task03c2-live-harness-review3-evidence/source-context/candidate/evidence/cycle2/retry3-npm12.txt
_goals/convex-backend-runtime-2026-10-02/qa/task03c2-live-harness-review3-evidence/source-context/candidate/evidence/cycle2/retry2-client-types.txt
_goals/convex-backend-runtime-2026-10-02/qa/task03c2-live-harness-review3-evidence/source-context/candidate/evidence/cycle2/final2-guards.txt
_goals/convex-backend-runtime-2026-10-02/qa/task03c2-live-harness-review3-evidence/source-context/candidate/evidence/cycle2/retry1-entrypoints.txt
_goals/convex-backend-runtime-2026-10-02/qa/task03c2-live-harness-review3-evidence/source-context/candidate/evidence/cycle2/final1-client-prep.txt
_goals/convex-backend-runtime-2026-10-02/qa/task03b2b1/history/cycle3-final/candidate/source/eslint.config.js.text
_goals/convex-backend-runtime-2026-10-02/qa/task03c2-live-harness-review3-evidence/source-context/candidate/evidence/cycle2/retry3-driver.txt
_goals/convex-backend-runtime-2026-10-02/qa/task03c2-live-harness-review3-evidence/source-context/candidate/evidence/cycle2/final1-node.txt
_goals/convex-backend-runtime-2026-10-02/qa/task03c2-live-harness-review3-evidence/source-context/candidate/evidence/cycle2/final2-npm12.txt
_goals/convex-backend-runtime-2026-10-02/qa/task03c2-live-harness-review3-evidence/source-context/candidate/evidence/cycle2/provenance-final.txt
_goals/convex-backend-runtime-2026-10-02/qa/task03c2-live-harness-review3-evidence/source-context/candidate/evidence/cycle2/retry2-node.txt
_goals/convex-backend-runtime-2026-10-02/qa/task03c2-live-harness-review3-evidence/source-context/candidate/evidence/cycle2/final2-packed-prep.txt
_goals/convex-backend-runtime-2026-10-02/qa/task03c2-live-harness-review3-evidence/source-context/candidate/evidence/cycle2/final2-backend-policy-lint.txt
_goals/convex-backend-runtime-2026-10-02/qa/task03c2-live-harness-review3-evidence/source-context/candidate/evidence/cycle2/retry1-client-types.txt
_goals/convex-backend-runtime-2026-10-02/qa/task03c2-live-harness-review3-evidence/source-context/candidate/evidence/cycle2/final1-backend-policy-lint.txt
_goals/convex-backend-runtime-2026-10-02/qa/task03c2-live-harness-review3-evidence/source-context/candidate/evidence/cycle2/provenance-command.json
_goals/convex-backend-runtime-2026-10-02/qa/task03c2-live-harness-review3-evidence/source-context/candidate/evidence/cycle2/final2-key-match.txt
_goals/convex-backend-runtime-2026-10-02/qa/task03c2-live-harness-review3-evidence/source-context/candidate/evidence/cycle2/retry2-backend-policy-lint.txt
_goals/convex-backend-runtime-2026-10-02/qa/task03c2-live-harness-review3-evidence/source-context/candidate/evidence/cycle2/final2-house-lint.txt
_goals/convex-backend-runtime-2026-10-02/qa/task03c2-live-harness-review3-evidence/source-context/candidate/evidence/cycle2/retry3-node.txt
_goals/convex-backend-runtime-2026-10-02/qa/task03c2-live-harness-review3-evidence/source-context/candidate/evidence/cycle2/retry2-backend-types.txt
_goals/convex-backend-runtime-2026-10-02/qa/task03c2-live-harness-review3-evidence/source-context/candidate/evidence/cycle2/initial-driver.txt
_goals/convex-backend-runtime-2026-10-02/qa/task03c2-live-harness-review3-evidence/source-context/candidate/evidence/cycle2/retry3-classifier.txt
_goals/convex-backend-runtime-2026-10-02/qa/task03c2-live-harness-review3-evidence/source-context/candidate/evidence/cycle2/provenance-final.json
_goals/convex-backend-runtime-2026-10-02/qa/task03c2-live-harness-review3-evidence/source-context/candidate/evidence/cycle2/final1-classifier.txt
_goals/convex-backend-runtime-2026-10-02/qa/task03c2-live-harness-review3-evidence/source-context/candidate/evidence/cycle2/retry2-entrypoints.txt
_goals/convex-backend-runtime-2026-10-02/qa/task03c2-live-harness-review3-evidence/source-context/candidate/evidence/cycle2/retry1-key-match.txt
_goals/convex-backend-runtime-2026-10-02/qa/task03c2-live-harness-review3-evidence/source-context/candidate/evidence/cycle2/final1-house-lint.txt
_goals/convex-backend-runtime-2026-10-02/qa/task03c2-live-harness-review3-evidence/source-context/candidate/evidence/cycle2/final2-backend-types.txt
_goals/convex-backend-runtime-2026-10-02/qa/task03c2-live-harness-review3-evidence/source-context/candidate/evidence/cycle2/final1-bounds.txt
_goals/convex-backend-runtime-2026-10-02/qa/task03c2-live-harness-review3-evidence/source-context/candidate/evidence/cycle2/final1-packed-prep.txt
_goals/convex-backend-runtime-2026-10-02/qa/task03c2-live-harness-review3-evidence/source-context/candidate/evidence/cycle2/retry2-classifier.txt
_goals/convex-backend-runtime-2026-10-02/qa/task03c2-live-harness-review3-evidence/source-context/candidate/evidence/cycle2/final2-driver.txt
_goals/convex-backend-runtime-2026-10-02/qa/task03c2-live-harness-review3-evidence/source-context/candidate/evidence/cycle2/commands-retry3.json
_goals/convex-backend-runtime-2026-10-02/qa/task03c2-live-harness-review3-evidence/source-context/candidate/evidence/cycle2/retry3-backend-policy-lint.txt
_goals/convex-backend-runtime-2026-10-02/qa/task03c2-live-harness-review3-evidence/source-context/candidate/evidence/qualify-e8662f44-fa0b-4fb4-ae0b-c53885ff7a76.json
_goals/convex-backend-runtime-2026-10-02/qa/task03c2-live-harness-review3-evidence/source-context/candidate/evidence/commands-review-candidate.json
_goals/convex-backend-runtime-2026-10-02/qa/task03c2-live-harness-review3-evidence/source-context/candidate/evidence/qualify-a85a4aef-e8d2-4dc4-86e5-82f8c910bf63.json
_goals/convex-backend-runtime-2026-10-02/qa/task03c2-live-harness-review3-evidence/source-context/candidate/evidence/classifier-7adfe6e9-1283-4c1a-9cbe-f3888c0edfd2.json
_goals/convex-backend-runtime-2026-10-02/qa/task03c2-live-harness-review3-evidence/source-context/candidate/evidence/backend-types-final.txt
_goals/convex-backend-runtime-2026-10-02/qa/task03c2-live-harness-review3-evidence/source-context/candidate/evidence/client-prep-95e2e78e-4b3b-45e5-8a6d-5deb87b5e7f2.json
_goals/convex-backend-runtime-2026-10-02/qa/task03c2-live-harness-review3-evidence/source-context/candidate/evidence/guards-4f8ccb77-3169-459b-9645-f21b534f02a8.json
_goals/convex-backend-runtime-2026-10-02/qa/task03c2-live-harness-review3-evidence/source-context/candidate/evidence/client-prep-85ac98e8-5797-4eb8-9687-e93ec682bd1b.json
_goals/convex-backend-runtime-2026-10-02/qa/task03c2-live-harness-review3-evidence/source-context/candidate/evidence/backend-types-review-candidate.txt
_goals/convex-backend-runtime-2026-10-02/qa/task03c2-live-harness-review3-evidence/source-context/candidate/evidence/guards-f7dba76e-95c6-43ce-b0ea-b6c5331f87d3.json
_goals/convex-backend-runtime-2026-10-02/qa/task03c2-live-harness-review3-evidence/source-context/candidate/evidence/qualify-179f26e3-a2d5-4ab7-be46-44eaade77192.json
_goals/convex-backend-runtime-2026-10-02/qa/task03c2-live-harness-review3-evidence/source-context/candidate/evidence/guards-e96abf6a-a888-45cf-a081-eef9da054191.json
_goals/convex-backend-runtime-2026-10-02/qa/task03c2-live-harness-review3-evidence/source-context/candidate/evidence/entrypoints-b00b0c2d-e90d-4065-9f84-a3917f8ea44c.json
_goals/convex-backend-runtime-2026-10-02/qa/task03c2-live-harness-review3-evidence/source-context/candidate/evidence/entrypoints-f6b5b808-762c-4d96-adcd-4de40ee40030.json
_goals/convex-backend-runtime-2026-10-02/qa/task03c2-live-harness-review3-evidence/source-context/candidate/evidence/qualify-2513a48c-d35c-4316-9e18-a073669d0288.json
_goals/convex-backend-runtime-2026-10-02/qa/task03c2-live-harness-review3-evidence/source-context/candidate/evidence/packed-prep-4bbb216e-78e9-4d49-841b-03a46c01abe0.json
_goals/convex-backend-runtime-2026-10-02/qa/task03c2-live-harness-review3-evidence/source-context/candidate/evidence/qualify-a6fdedc3-e988-4f5e-9dd7-cab595353173.json
_goals/convex-backend-runtime-2026-10-02/qa/task03c2-live-harness-review3-evidence/source-context/candidate/evidence/qualify-766be8e1-f3c1-4ef9-ae73-b0feb110350d.json
_goals/convex-backend-runtime-2026-10-02/qa/task03c2-live-harness-review3-evidence/source-context/candidate/evidence/qualify-f8fee02d-03b9-4834-b4f1-1522aabb6bdf.json
_goals/convex-backend-runtime-2026-10-02/qa/task03c2-live-harness-review3-evidence/source-context/candidate/evidence/qualify-a701159d-8b6d-4110-a2da-10a6eeba86e4.json
_goals/convex-backend-runtime-2026-10-02/qa/task03c2-live-harness-review3-evidence/source-context/candidate/evidence/key-match-b309855e-8a15-49b4-ab07-99d1e6c894d8.json
_goals/convex-backend-runtime-2026-10-02/qa/task03c2-live-harness-review3-evidence/source-context/candidate/evidence/qualify-539e62f6-b065-46e8-8d17-0f55dedcb9fc.json
_goals/convex-backend-runtime-2026-10-02/qa/task03c2-live-harness-review3-evidence/source-context/candidate/evidence/qualify-6a56f6cc-1c41-4a9c-bca4-ed99ffaca6d1.json
_goals/convex-backend-runtime-2026-10-02/qa/task03c2-live-harness-review3-evidence/source-context/candidate/evidence/qualify-c5e662eb-88e2-481b-bf42-06b011d8e8e2.json
_goals/convex-backend-runtime-2026-10-02/qa/task03c2-live-harness-review3-evidence/source-context/candidate/evidence/guards-92a0e069-a1b6-46bc-9f34-47ddcd0d6d28.json
_goals/convex-backend-runtime-2026-10-02/qa/task03c2-live-harness-review3-evidence/source-context/candidate/evidence/classifier-c86d09e2-a346-4955-acd7-54db5cbd5a66.json
_goals/convex-backend-runtime-2026-10-02/qa/task03c2-live-harness-review3-evidence/source-context/candidate/evidence/entrypoints-3f9475b8-5fbb-4769-844b-423653391091.json
_goals/convex-backend-runtime-2026-10-02/qa/task03c2-live-harness-review3-evidence/source-context/candidate/evidence/qualify-3921eb69-25ad-48b4-9475-004348b901b4.json
_goals/convex-backend-runtime-2026-10-02/qa/task03c2-live-harness-review3-evidence/source-context/candidate/evidence/qualify-0bb5a56b-2721-418a-b6e7-ea54bb778780.json
_goals/convex-backend-runtime-2026-10-02/qa/task03c2-live-harness-review3-evidence/source-context/candidate/evidence/client-prep-final.txt
_goals/convex-backend-runtime-2026-10-02/qa/task03c2-live-harness-review3-evidence/source-context/candidate/evidence/client-prep-64375a53-3a19-4837-a4a2-6bfe3411cc86.json
_goals/convex-backend-runtime-2026-10-02/qa/task03c2-live-harness-review3-evidence/source-context/candidate/evidence/qualify-dba7a4f4-3733-4059-a30e-8e3412386a4c.json
_goals/convex-backend-runtime-2026-10-02/qa/task03c2-live-harness-review3-evidence/source-context/candidate/evidence/qualify-f843fc17-bc89-45ca-bd0e-e619bc692f02.json
_goals/convex-backend-runtime-2026-10-02/qa/task03c2-live-harness-review3-evidence/source-context/candidate/evidence/key-match-f0a42c69-1c0a-458f-b447-6ff498171dec.json
_goals/convex-backend-runtime-2026-10-02/qa/task03c2-live-harness-review3-evidence/source-context/candidate/evidence/hygiene-review-candidate.json
_goals/convex-backend-runtime-2026-10-02/qa/task03b2a-review-2.md
_goals/convex-backend-runtime-2026-10-02/qa/task03b2c1-additional-cycle-proposal.md
_goals/convex-backend-runtime-2026-10-02/qa/task01-review-1.md
_goals/convex-backend-runtime-2026-10-02/qa/task03b2b1/history/cycle3-final/candidate/source/convex-dev/runtimeAuthSchema.ts.text
_goals/convex-backend-runtime-2026-10-02/qa/task03b2b1/history/cycle3-final/candidate/source/convex-dev/tsconfig.json
_goals/convex-backend-runtime-2026-10-02/qa/task03b2b1/history/cycle3-final/candidate/source/convex-dev/runtimeRegistryAuth.ts.text
_goals/convex-backend-runtime-2026-10-02/qa/task03b2b1/history/cycle3-final/candidate/source/convex-dev/runtimeMemorySchema.ts.text
_goals/convex-backend-runtime-2026-10-02/qa/task03b2b1/history/cycle3-final/candidate/source/convex-dev/runtimeAuth.ts.text
_goals/convex-backend-runtime-2026-10-02/qa/task03b2b1/history/cycle3-final/candidate/source/convex-dev/_generated/server.d.ts.text
_goals/convex-backend-runtime-2026-10-02/qa/task03b2b1/history/cycle3-final/candidate/source/convex-dev/_generated/dataModel.d.ts.text
_goals/convex-backend-runtime-2026-10-02/qa/task03b2b1/history/cycle3-final/candidate/source/convex-dev/_generated/api.d.ts.text
_goals/convex-backend-runtime-2026-10-02/qa/task03b2b1/history/cycle3-final/candidate/source/convex-dev/_generated/server.js.text
_goals/convex-backend-runtime-2026-10-02/qa/task03b2b1/history/cycle3-final/candidate/source/convex-dev/a2a.ts.text
_goals/convex-backend-runtime-2026-10-02/qa/task03b2b1/history/cycle3-final/candidate/source/convex-dev/contexts.ts.text
_goals/convex-backend-runtime-2026-10-02/qa/task03b2b1/history/cycle3-final/candidate/source/convex-dev/schema.ts.text
_goals/convex-backend-runtime-2026-10-02/qa/task03b2b1/history/cycle3-final/candidate/source/convex-dev/agents.ts.text
_goals/convex-backend-runtime-2026-10-02/qa/task03b2b1/history/cycle3-final/candidate/source/convex-dev/memorySpaces.ts.text
_goals/convex-backend-runtime-2026-10-02/qa/task03b2b1/history/cycle3-final/candidate/source/tsconfig.json
_goals/convex-backend-runtime-2026-10-02/qa/media-contract-history/vercel-gateway-comparative-read.json
_goals/convex-backend-runtime-2026-10-02/qa/task03b2b1/history/cycle3-final/candidate/source/tests/helpers/cleanup.ts.text
_goals/convex-backend-runtime-2026-10-02/qa/task03b2b1/history/cycle3-final/candidate/source/tests/unit/runtimeRegistryAuth/admissionBoundary.test.ts.text
_goals/convex-backend-runtime-2026-10-02/qa/task03b2b1/history/cycle3-final/candidate/source/tests/unit/runtimeRegistryAuth/failureBoundary.test.ts.text
_goals/convex-backend-runtime-2026-10-02/qa/task03b2b1/history/cycle3-final/candidate/source/tests/unit/runtimeRegistryAuth/admissionFixture.ts.text
_goals/convex-backend-runtime-2026-10-02/qa/task03b2b1/history/cycle3-final/candidate/source/tests/unit/runtimeRegistryAuth/controlAmbiguity.test.ts.text
_goals/convex-backend-runtime-2026-10-02/qa/task03b2b1/history/cycle3-final/candidate/source/tests/unit/runtimeRegistryAuth/catalog.test.ts.text
_goals/convex-backend-runtime-2026-10-02/qa/task03b2b1/history/cycle3-final/candidate/source/tests/unit/runtimeRegistryAuth/closureRepair.test.ts.text
_goals/convex-backend-runtime-2026-10-02/qa/task03b2b1/history/cycle3-final/candidate/source/tests/unit/runtimeRegistryAuth/fixture.ts.text
_goals/convex-backend-runtime-2026-10-02/qa/task03b2b1/history/cycle3-final/candidate/source/tests/unit/runtimeRegistryAuth/registered.test.ts.text
_goals/convex-backend-runtime-2026-10-02/qa/task03b2b1/history/cycle3-final/candidate/source/tests/unit/runtimeRegistryAuth/adversarial.test.ts.text
_goals/convex-backend-runtime-2026-10-02/qa/task03b2b1/history/cycle3-final/candidate/source/tests/unit/runtimeRegistryAuth/admissionFailure.test.ts.text
_goals/convex-backend-runtime-2026-10-02/qa/task03b2b1/history/cycle3-final/candidate/source/tests/unit/runtimeRegistryAuth/controlReadBoundary.test.ts.text
_goals/convex-backend-runtime-2026-10-02/qa/task03b2b1/history/cycle3-final/candidate/source/tests/unit/runtimeAuth/provisioning.test.ts.text
_goals/convex-backend-runtime-2026-10-02/qa/task03b2b1/history/cycle3-final/candidate/source/tests/unit/runtimeAuth/authority.test.ts.text
_goals/convex-backend-runtime-2026-10-02/qa/task03b2b1/history/cycle3-final/candidate/source/tests/unit/runtimeAuth/inventory.test.ts.text
_goals/convex-backend-runtime-2026-10-02/qa/task03b2b1/history/cycle3-final/candidate/source/package.json
_goals/convex-backend-runtime-2026-10-02/qa/task03b2b1/history/cycle3-final/candidate/source/convex.json
_goals/convex-backend-runtime-2026-10-02/qa/task03b2b1/history/cycle3-final/candidate/source/tsconfig.lint.json
_goals/convex-backend-runtime-2026-10-02/qa/task03c1/contracts-before-review.md
_goals/convex-backend-runtime-2026-10-02/qa/task03c1/host-contract-reviewed-snapshot.txt
_goals/convex-backend-runtime-2026-10-02/qa/task03c1/command-receipts.json
_goals/convex-backend-runtime-2026-10-02/qa/task03c1/jest-auth-review-freeze.txt
_goals/convex-backend-runtime-2026-10-02/qa/task03c1/jest-auth-reactive-fix.txt
_goals/convex-backend-runtime-2026-10-02/qa/task03c1/reviewed-snapshot-package-gate.json
_goals/convex-backend-runtime-2026-10-02/qa/task03c1/build-coherent.txt
_goals/convex-backend-runtime-2026-10-02/qa/task03c1/sourcehashes-before-review.json
_goals/convex-backend-runtime-2026-10-02/qa/task03c1/sourcehashes.json
_goals/convex-backend-runtime-2026-10-02/qa/task03c1/contracts.md
_goals/convex-backend-runtime-2026-10-02/qa/task03c1/browser-bundle-review-freeze.txt
_goals/convex-backend-runtime-2026-10-02/qa/task03c1/report.md
_goals/convex-backend-runtime-2026-10-02/qa/task03c1/public-contracts-coherent.txt
_goals/convex-backend-runtime-2026-10-02/qa/task03c1/scoped-lint-reactive-fix-final.txt
_goals/convex-backend-runtime-2026-10-02/qa/task03c1/browser-tsconfig.snapshot.json
_goals/convex-backend-runtime-2026-10-02/qa/task03c1/scoped-lint-final.txt
_goals/convex-backend-runtime-2026-10-02/qa/task03c1/browser-metafile-review-freeze.json
_goals/convex-backend-runtime-2026-10-02/qa/task03c1/scoped-lint-review-freeze.txt
_goals/convex-backend-runtime-2026-10-02/qa/task03c1/build-final.txt
_goals/convex-backend-runtime-2026-10-02/qa/task03c1/public-host-contract-packed.txt
_goals/convex-backend-runtime-2026-10-02/qa/task03c1/jest-auth-final.txt
_goals/convex-backend-runtime-2026-10-02/qa/task03c1/browser-typecheck-final.txt
_goals/convex-backend-runtime-2026-10-02/qa/task03c1/browser-types-review-freeze.txt
_goals/convex-backend-runtime-2026-10-02/qa/task03c1/scoped-types-review-freeze.txt
_goals/convex-backend-runtime-2026-10-02/qa/task03c1/public-contracts-reviewed-snapshot.txt
_goals/convex-backend-runtime-2026-10-02/qa/task03b2b1/history/cycle3-final/candidate/source/src/governance/index.ts.text
_goals/convex-backend-runtime-2026-10-02/qa/task03c1/history/npm12-pack-json-shape/host-contract-reviewed-snapshot.txt
_goals/convex-backend-runtime-2026-10-02/qa/task03c1/history/npm12-pack-json-shape/reviewed-snapshot-package-gate.json
_goals/convex-backend-runtime-2026-10-02/qa/task03c1/history/npm12-pack-json-shape/preservation.json
_goals/convex-backend-runtime-2026-10-02/qa/task03c1/history/npm12-pack-json-shape/public-host-contract.mjs.text
_goals/convex-backend-runtime-2026-10-02/qa/task03c1/public-host-contract.mjs
_goals/convex-backend-runtime-2026-10-02/qa/task03c1/test-summary-before-review.json
_goals/convex-backend-runtime-2026-10-02/qa/task03c1/jest-auth-reactive-fix-2.txt
_goals/convex-backend-runtime-2026-10-02/qa/task03c1/public-contracts-final.txt
_goals/convex-backend-runtime-2026-10-02/qa/task03c1/browser-bundle-final.txt
_goals/convex-backend-runtime-2026-10-02/qa/task03c1/test-summary.json
_goals/convex-backend-runtime-2026-10-02/qa/task03c1/root-lint-final.txt
_goals/convex-backend-runtime-2026-10-02/qa/task03c1/browser-metafile-final.json
_goals/convex-backend-runtime-2026-10-02/qa/task03c1/report-before-review.md
_goals/convex-backend-runtime-2026-10-02/qa/task03c1/root-typecheck-final.txt
_goals/convex-backend-runtime-2026-10-02/qa/task03c1/browser-consumer-source.txt
_goals/convex-backend-runtime-2026-10-02/qa/task03c1/sdk-build-reviewed-snapshot.txt
_goals/convex-backend-runtime-2026-10-02/qa/execution-progress.md
_goals/convex-backend-runtime-2026-10-02/qa/native-browser-access.json
_goals/convex-backend-runtime-2026-10-02/qa/task03b2b1/history/cycle3-final/candidate/source/src/auth/verified.ts.text
_goals/convex-backend-runtime-2026-10-02/qa/task03b2b1/history/cycle3-final/candidate/source/src/agents/index.ts.text
_goals/convex-backend-runtime-2026-10-02/qa/task03b2b1/history/cycle3-final/candidate/source/package-lock.json
_goals/convex-backend-runtime-2026-10-02/qa/task03b2b1/history/cycle3-final/preservation-manifest.json
_goals/convex-backend-runtime-2026-10-02/qa/task03c2-a-main-integration/commands.json
_goals/convex-backend-runtime-2026-10-02/qa/task03c2-a-main-integration/candidate-preservation.json
_goals/convex-backend-runtime-2026-10-02/qa/task03c2-a-main-integration/report.md
_goals/convex-backend-runtime-2026-10-02/qa/task03c2-a-main-integration/outcomes.json
_goals/convex-backend-runtime-2026-10-02/qa/task03c2-a-main-integration/source-context.json
_goals/convex-backend-runtime-2026-10-02/qa/task03c2-a-main-integration/jest.scoped.cjs
_goals/convex-backend-runtime-2026-10-02/qa/disposable-target.json
_goals/convex-backend-runtime-2026-10-02/qa/commit-signing.json
_goals/convex-backend-runtime-2026-10-02/qa/planning-review-1.md
_goals/convex-backend-runtime-2026-10-02/qa/task03b2d-test-review-1.md
_goals/convex-backend-runtime-2026-10-02/qa/task03b2b1/history/cycle2-final/preservation-manifest.json
_goals/convex-backend-runtime-2026-10-02/qa/task03c2-live-harness-review3-evidence/source-context/candidate/history/cycle2-final/independent/process-race.json
_goals/convex-backend-runtime-2026-10-02/qa/task03c2-live-harness-review3-evidence/source-context/candidate/history/cycle2-final/independent/initial-failures.json
_goals/convex-backend-runtime-2026-10-02/qa/task03c2-live-harness-review3-evidence/source-context/candidate/history/cycle2-final/independent/race-grandchild-15edfe22-6088-4056-80f1-6372db203243.pid
_goals/convex-backend-runtime-2026-10-02/qa/task03c2-live-harness-review3-evidence/source-context/candidate/history/cycle2-final/independent/process-race-recorded.json
_goals/convex-backend-runtime-2026-10-02/qa/task03c2-live-harness-review3-evidence/source-context/candidate/history/cycle2-final/independent/race-grandchild-f85cc4f5-e4f5-44cf-a701-f78cc2846b60.pid
_goals/convex-backend-runtime-2026-10-02/qa/task03c2-live-harness-review3-evidence/source-context/candidate/history/cycle2-final/independent/race-grandchild-ba1c0160-50db-4f1c-a21c-cd8bbbb1ece6.pid
_goals/convex-backend-runtime-2026-10-02/qa/task03c2-live-harness-review3-evidence/source-context/candidate/history/cycle2-final/independent/race-grandchild-f4327b67-2443-4f87-a2e7-9c5eff7b57d1.pid
_goals/convex-backend-runtime-2026-10-02/qa/task03c2-live-harness-review3-evidence/source-context/candidate/history/cycle2-final/independent/race-grandchild-348afc2e-0b20-4a31-9a4f-954d470c5ee6.pid
_goals/convex-backend-runtime-2026-10-02/qa/task03c2-live-harness-review3-evidence/source-context/candidate/history/cycle2-final/independent/key-and-operator-controls.mjs.text
_goals/convex-backend-runtime-2026-10-02/qa/task03c2-live-harness-review3-evidence/source-context/candidate/history/cycle2-final/independent/race-receipt-c6a3f7a4-4c05-419d-bd84-97c9f26c35f9.json
_goals/convex-backend-runtime-2026-10-02/qa/task03c2-live-harness-review3-evidence/source-context/candidate/history/cycle2-final/independent/race-receipt-7aadd32a-fa57-4856-98b2-07a8e376d37b.json
_goals/convex-backend-runtime-2026-10-02/qa/task03c2-live-harness-review3-evidence/source-context/candidate/history/cycle2-final/independent/replay-discovery.json
_goals/convex-backend-runtime-2026-10-02/qa/task03c2-live-harness-review3-evidence/source-context/candidate/history/cycle2-final/independent/race-receipt-348afc2e-0b20-4a31-9a4f-954d470c5ee6.json
_goals/convex-backend-runtime-2026-10-02/qa/task03c2-live-harness-review3-evidence/source-context/candidate/history/cycle2-final/independent/race-grandchild-52138cf8-42e8-43a7-bb72-9a7110cff8b7.pid
_goals/convex-backend-runtime-2026-10-02/qa/task03c2-live-harness-review3-evidence/source-context/candidate/history/cycle2-final/independent/race-grandchild-b5efae91-be2c-4c14-89c6-813286068655.pid
_goals/convex-backend-runtime-2026-10-02/qa/task03c2-live-harness-review3-evidence/source-context/candidate/history/cycle2-final/independent/commands.json
_goals/convex-backend-runtime-2026-10-02/qa/task03c2-live-harness-review3-evidence/source-context/candidate/history/cycle2-final/independent/race-grandchild-b12345a0-6833-4670-be0c-8225c96b3e79.pid
_goals/convex-backend-runtime-2026-10-02/qa/task03c2-live-harness-review3-evidence/source-context/candidate/history/cycle2-final/independent/race-grandchild-515734ce-139b-4964-bcc7-4498b6a09b68.pid
_goals/convex-backend-runtime-2026-10-02/qa/task03c2-live-harness-review3-evidence/source-context/candidate/history/cycle2-final/independent/race-receipt-01c16488-7108-4fdb-81b0-12da800ef2c5.json
_goals/convex-backend-runtime-2026-10-02/qa/task03c2-live-harness-review3-evidence/source-context/candidate/history/cycle2-final/independent/manifest.original.json
_goals/convex-backend-runtime-2026-10-02/qa/task03c2-live-harness-review3-evidence/source-context/candidate/history/cycle2-final/independent/preservation.json
_goals/convex-backend-runtime-2026-10-02/qa/task03c2-live-harness-review3-evidence/source-context/candidate/history/cycle2-final/independent/key-and-operator-controls-recorded.json
_goals/convex-backend-runtime-2026-10-02/qa/task03c2-live-harness-review3-evidence/source-context/candidate/history/cycle2-final/independent/race-grandchild-6c840423-d607-4bd6-831f-82abb2b6d5bb.pid
_goals/convex-backend-runtime-2026-10-02/qa/task03c2-live-harness-review3-evidence/source-context/candidate/history/cycle2-final/independent/race-receipt-6c840423-d607-4bd6-831f-82abb2b6d5bb.json
_goals/convex-backend-runtime-2026-10-02/qa/task03c2-live-harness-review3-evidence/source-context/candidate/history/cycle2-final/independent/race-receipt-753adaf0-747b-4bfb-91b2-87cdc43557fe.json
_goals/convex-backend-runtime-2026-10-02/qa/task03c2-live-harness-review3-evidence/source-context/candidate/history/cycle2-final/independent/race-receipt-90d7baf1-93f5-4118-843b-1d1d40081ddf.json
_goals/convex-backend-runtime-2026-10-02/qa/task03c2-live-harness-review3-evidence/source-context/candidate/history/cycle2-final/independent/process-race-child.mjs.text
_goals/convex-backend-runtime-2026-10-02/qa/task03c2-live-harness-review3-evidence/source-context/candidate/history/cycle2-final/independent/process-race-recorded.mjs.text
_goals/convex-backend-runtime-2026-10-02/qa/task03c2-live-harness-review3-evidence/source-context/candidate/history/cycle2-final/independent/race-grandchild-f9b00049-48ea-4c25-82e7-a9d221dcc334.pid
_goals/convex-backend-runtime-2026-10-02/qa/task03c2-live-harness-review3-evidence/source-context/candidate/history/cycle2-final/independent/key-and-operator-controls.json
_goals/convex-backend-runtime-2026-10-02/qa/task03c2-live-harness-review3-evidence/source-context/candidate/history/cycle2-final/independent/process-race.mjs.text
_goals/convex-backend-runtime-2026-10-02/qa/task03c2-live-harness-review3-evidence/source-context/candidate/history/cycle2-final/independent/race-receipt-f85cc4f5-e4f5-44cf-a701-f78cc2846b60.json
_goals/convex-backend-runtime-2026-10-02/qa/task03c2-live-harness-review3-evidence/source-context/candidate/history/cycle2-final/independent/race-receipt-52138cf8-42e8-43a7-bb72-9a7110cff8b7.json
_goals/convex-backend-runtime-2026-10-02/qa/task03c2-live-harness-review3-evidence/source-context/candidate/history/cycle2-final/independent/finalize.py.text
_goals/convex-backend-runtime-2026-10-02/qa/task03c2-live-harness-review3-evidence/source-context/candidate/history/cycle2-final/independent/judgment.md
_goals/convex-backend-runtime-2026-10-02/qa/task03c2-live-harness-review3-evidence/source-context/candidate/history/cycle2-final/independent/race-receipt-b5efae91-be2c-4c14-89c6-813286068655.json
_goals/convex-backend-runtime-2026-10-02/qa/task03c2-live-harness-review3-evidence/source-context/candidate/history/cycle2-final/independent/race-grandchild-b5640370-3a75-45e4-abfb-65a8efabcb6d.pid
_goals/convex-backend-runtime-2026-10-02/qa/task03c2-live-harness-review3-evidence/source-context/candidate/history/cycle2-final/independent/race-grandchild-7aadd32a-fa57-4856-98b2-07a8e376d37b.pid
_goals/convex-backend-runtime-2026-10-02/qa/task03c2-live-harness-review3-evidence/source-context/candidate/history/cycle2-final/independent/race-grandchild-b86d548f-6165-4874-b4ea-9c99220735ac.pid
_goals/convex-backend-runtime-2026-10-02/qa/task03c2-live-harness-review3-evidence/source-context/candidate/history/cycle2-final/independent/operator-lookalike-assertions.mjs.text
_goals/convex-backend-runtime-2026-10-02/qa/task03c2-live-harness-review3-evidence/source-context/candidate/history/cycle2-final/independent/race-grandchild-753adaf0-747b-4bfb-91b2-87cdc43557fe.pid
_goals/convex-backend-runtime-2026-10-02/qa/task03c2-live-harness-review3-evidence/source-context/candidate/history/cycle2-final/independent/race-grandchild-caf3392c-d48c-4c6f-9c00-ac4e76f226de.pid
_goals/convex-backend-runtime-2026-10-02/qa/task03c2-live-harness-review3-evidence/source-context/candidate/history/cycle2-final/independent/race-receipt-515734ce-139b-4964-bcc7-4498b6a09b68.json
_goals/convex-backend-runtime-2026-10-02/qa/task03c2-live-harness-review3-evidence/source-context/candidate/history/cycle2-final/independent/race-receipt-b5640370-3a75-45e4-abfb-65a8efabcb6d.json
_goals/convex-backend-runtime-2026-10-02/qa/task03c2-live-harness-review3-evidence/source-context/candidate/history/cycle2-final/independent/race-receipt-15edfe22-6088-4056-80f1-6372db203243.json
_goals/convex-backend-runtime-2026-10-02/qa/task03c2-live-harness-review3-evidence/source-context/candidate/history/cycle2-final/independent/race-receipt-caf3392c-d48c-4c6f-9c00-ac4e76f226de.json
_goals/convex-backend-runtime-2026-10-02/qa/task03c2-live-harness-review3-evidence/source-context/candidate/history/cycle2-final/independent/race-receipt-f9b00049-48ea-4c25-82e7-a9d221dcc334.json
_goals/convex-backend-runtime-2026-10-02/qa/task03c2-live-harness-review3-evidence/source-context/candidate/history/cycle2-final/independent/race-grandchild-01c16488-7108-4fdb-81b0-12da800ef2c5.pid
_goals/convex-backend-runtime-2026-10-02/qa/task03c2-live-harness-review3-evidence/source-context/candidate/history/cycle2-final/independent/before.json
_goals/convex-backend-runtime-2026-10-02/qa/task03c2-live-harness-review3-evidence/source-context/candidate/history/cycle2-final/independent/run.py.text
_goals/convex-backend-runtime-2026-10-02/qa/task03c2-live-harness-review3-evidence/source-context/candidate/history/cycle2-final/independent/race-receipt-b86d548f-6165-4874-b4ea-9c99220735ac.json
_goals/convex-backend-runtime-2026-10-02/qa/task03c2-live-harness-review3-evidence/source-context/candidate/history/cycle2-final/independent/operator-lookalike-assertions.json
_goals/convex-backend-runtime-2026-10-02/qa/task03c2-live-harness-review3-evidence/source-context/candidate/history/cycle2-final/independent/integrity.py.text
_goals/convex-backend-runtime-2026-10-02/qa/task03b2b1/history/cycle1/qa/tsconfig.scoped.json
_goals/convex-backend-runtime-2026-10-02/qa/task03b2b1/history/cycle1/qa/jest.scoped.cjs.text
_goals/convex-backend-runtime-2026-10-02/qa/task03b2b1/history/cycle1/qa/source-freeze.json
_goals/convex-backend-runtime-2026-10-02/qa/task03b2b1/history/cycle1/qa/codec-dependency.json
_goals/convex-backend-runtime-2026-10-02/qa/task03b2b1/history/cycle1/qa/contracts.md
_goals/convex-backend-runtime-2026-10-02/qa/task03c2-live-harness-review3-evidence/source-context/candidate/history/cycle2-final/independent/replay-repo/package.json
_goals/convex-backend-runtime-2026-10-02/qa/task03b2b1/history/cycle1/qa/catalog/selected-path-inventory.json
_goals/convex-backend-runtime-2026-10-02/qa/task03b2b1/history/cycle1/qa/catalog/selected-path-inventory.md
_goals/convex-backend-runtime-2026-10-02/qa/task03b2b1/history/cycle1/qa/report.md
_goals/convex-backend-runtime-2026-10-02/qa/task03b2b1/history/cycle1/qa/preservation.json
_goals/convex-backend-runtime-2026-10-02/qa/task03b2b1/history/cycle1/qa/backend-initial.txt
_goals/convex-backend-runtime-2026-10-02/qa/task03b2b1/history/cycle1/qa/stats-agents.frozen.txt
_goals/convex-backend-runtime-2026-10-02/qa/task03b2b1/history/cycle1/qa/finalize.py.text
_goals/convex-backend-runtime-2026-10-02/qa/task03b2b1/history/cycle1/qa/stats-spaces.frozen.txt
_goals/convex-backend-runtime-2026-10-02/qa/task03b2b1/history/cycle1/qa/requirements-mapping.md
_goals/convex-backend-runtime-2026-10-02/qa/task03b2b1/history/cycle1/qa/inventory.mjs.text
_goals/convex-backend-runtime-2026-10-02/qa/task03b2b1/history/cycle1/qa/evidence-manifest.json
_goals/convex-backend-runtime-2026-10-02/qa/task03b2b1/history/cycle1/qa/root-diagnostic-classification.json
_goals/convex-backend-runtime-2026-10-02/qa/task03b2b1/history/cycle1/qa/schema-additive.patch
_goals/convex-backend-runtime-2026-10-02/qa/task03c2-live-harness-review3-evidence/source-context/candidate/history/cycle2-final/independent/replay-repo/work/backend-runtime/task03c2-live-fixture/run-checks-cycle2.py.text
_goals/convex-backend-runtime-2026-10-02/qa/task03c2-live-harness-review3-evidence/source-context/candidate/history/cycle2-final/independent/replay-repo/work/backend-runtime/task03c2-live-fixture/archive-preservation-initial.json
_goals/convex-backend-runtime-2026-10-02/qa/task03c2-live-harness-review3-evidence/source-context/candidate/history/cycle2-final/independent/replay-repo/work/backend-runtime/task03c2-live-fixture/finalize-cycle2.py.text
_goals/convex-backend-runtime-2026-10-02/qa/task03c2-live-harness-review3-evidence/source-context/candidate/history/cycle2-final/independent/replay-repo/work/backend-runtime/task03c2-live-fixture/rewrite-client-cycle2.py.text
_goals/convex-backend-runtime-2026-10-02/qa/task03b2b1/history/cycle2-final/independent/original-graph-boundary.stderr.txt
_goals/convex-backend-runtime-2026-10-02/qa/task03b2b1/history/cycle2-final/independent/tsconfig.scoped.json
_goals/convex-backend-runtime-2026-10-02/qa/task03b2b1/history/cycle2-final/independent/node-version.stderr.txt
_goals/convex-backend-runtime-2026-10-02/qa/task03b2b1/history/cycle2-final/independent/corpus-preservation.json
_goals/convex-backend-runtime-2026-10-02/qa/task03b2b1/history/cycle2-final/independent/discovery.stderr.txt
_goals/convex-backend-runtime-2026-10-02/qa/task03b2b1/history/cycle2-final/independent/accepted-main-lint.stderr.txt
_goals/convex-backend-runtime-2026-10-02/qa/task03b2b1/history/cycle2-final/independent/jest.scoped.cjs.text
_goals/convex-backend-runtime-2026-10-02/qa/task03b2b1/history/cycle2-final/independent/original-judge-record-after.json
_goals/convex-backend-runtime-2026-10-02/qa/task03b2b1/history/cycle2-final/independent/original-graph-boundary.stdout.json
_goals/convex-backend-runtime-2026-10-02/qa/task03b2b1/history/cycle2-final/independent/original-native-probes.stdout.json
_goals/convex-backend-runtime-2026-10-02/qa/task03b2b1/history/cycle2-final/independent/planned-checks.json
_goals/convex-backend-runtime-2026-10-02/qa/task03b2b1/history/cycle2-final/independent/npm-version.stderr.txt
_goals/convex-backend-runtime-2026-10-02/qa/task03b2b1/history/cycle2-final/independent/diff-check.stdout.txt
_goals/convex-backend-runtime-2026-10-02/qa/task03b2b1/history/cycle2-final/independent/tests.stdout.txt
_goals/convex-backend-runtime-2026-10-02/qa/task03b2b1/history/cycle2-final/independent/tests.json
_goals/convex-backend-runtime-2026-10-02/qa/task03b2b1/history/cycle2-final/independent/root-types-diagnostic.stdout.txt
_goals/convex-backend-runtime-2026-10-02/qa/task03b2b1/history/cycle2-final/independent/commands.json
_goals/convex-backend-runtime-2026-10-02/qa/task03b2b1/history/cycle2-final/independent/pinned-base-lint.stdout.txt
_goals/convex-backend-runtime-2026-10-02/qa/task03b2b1/history/cycle2-final/independent/catalog/selected-path-inventory.json
_goals/convex-backend-runtime-2026-10-02/qa/task03b2b1/history/cycle2-final/independent/catalog/selected-path-inventory.md
_goals/convex-backend-runtime-2026-10-02/qa/task03b2b1/history/cycle2-final/independent/stateful-envelope-probes.stdout.json
_goals/convex-backend-runtime-2026-10-02/qa/task03b2b1/history/cycle2-final/independent/accepted-main-root.stderr.txt
_goals/convex-backend-runtime-2026-10-02/qa/task03b2b1/history/cycle2-final/independent/original-authority-probes.stdout.json
_goals/convex-backend-runtime-2026-10-02/qa/task03b2b1/history/cycle2-final/independent/manifest.original.json
_goals/convex-backend-runtime-2026-10-02/qa/task03b2b1/history/cycle2-final/independent/original-authority-probes.stderr.txt
_goals/convex-backend-runtime-2026-10-02/qa/task03b2b1/history/cycle2-final/independent/catalog.stdout.txt
_goals/convex-backend-runtime-2026-10-02/qa/task03b2b1/history/cycle2-final/independent/accessor-probes.mts.text
_goals/convex-backend-runtime-2026-10-02/qa/task03b2b1/history/cycle2-final/independent/backend-types.stdout.txt
_goals/convex-backend-runtime-2026-10-02/qa/task03b2b1/history/cycle2-final/independent/pinned-base-root.stdout.txt
_goals/convex-backend-runtime-2026-10-02/qa/task03b2b1/history/cycle2-final/independent/diff-check.stderr.txt
_goals/convex-backend-runtime-2026-10-02/qa/task03b2b1/history/cycle2-final/independent/location.json
_goals/convex-backend-runtime-2026-10-02/qa/task03b2b1/history/cycle2-final/independent/comparison-commands.json
_goals/convex-backend-runtime-2026-10-02/qa/task03b2b1/history/cycle2-final/independent/diagnostic-comparison.json
_goals/convex-backend-runtime-2026-10-02/qa/task03b2b1/history/cycle2-final/independent/catalog.stderr.txt
_goals/convex-backend-runtime-2026-10-02/qa/task03b2b1/history/cycle2-final/independent/repaired-graph-boundary.stderr.txt
_goals/convex-backend-runtime-2026-10-02/qa/task03b2b1/history/cycle2-final/independent/tests.stderr.txt
_goals/convex-backend-runtime-2026-10-02/qa/task03b2b1/history/cycle2-final/independent/scoped-types.stderr.txt
_goals/convex-backend-runtime-2026-10-02/qa/task03b2b1/history/cycle2-final/independent/stateful-envelope-probes-final.stderr.txt
_goals/convex-backend-runtime-2026-10-02/qa/task03b2b1/history/cycle2-final/independent/independent-preservation.json
_goals/convex-backend-runtime-2026-10-02/qa/task03b2b1/history/cycle2-final/independent/scoped-types-exact.stdout.txt
_goals/convex-backend-runtime-2026-10-02/qa/task03b2b1/history/cycle2-final/independent/scoped-types-exact.stderr.txt
_goals/convex-backend-runtime-2026-10-02/qa/task03b2b1/history/cycle2-final/independent/after-preservation.json
_goals/convex-backend-runtime-2026-10-02/qa/task03b2b1/history/cycle2-final/independent/accessor-probes.stdout.json
_goals/convex-backend-runtime-2026-10-02/qa/task03b2b1/history/cycle2-final/independent/judgment.md
_goals/convex-backend-runtime-2026-10-02/qa/task03b2b1/history/cycle2-final/independent/accessor-probes.stderr.txt
_goals/convex-backend-runtime-2026-10-02/qa/task03b2b1/history/cycle2-final/independent/root-types-diagnostic.stderr.txt
_goals/convex-backend-runtime-2026-10-02/qa/task03b2b1/history/cycle2-final/independent/accepted-main-root.stdout.txt
_goals/convex-backend-runtime-2026-10-02/qa/task03b2b1/history/cycle2-final/independent/probe-commands.json
_goals/convex-backend-runtime-2026-10-02/qa/task03b2b1/history/cycle2-final/independent/before-preservation.json
_goals/convex-backend-runtime-2026-10-02/qa/task03b2b1/history/cycle2-final/independent/node-version.stdout.txt
_goals/convex-backend-runtime-2026-10-02/qa/task03b2b1/history/cycle2-final/independent/repaired-graph-boundary.stdout.json
_goals/convex-backend-runtime-2026-10-02/qa/task03b2b1/history/cycle2-final/independent/stateful-envelope-probes.stderr.txt
_goals/convex-backend-runtime-2026-10-02/qa/task03b2b1/history/cycle2-final/independent/run.py.text
_goals/convex-backend-runtime-2026-10-02/qa/task03b2b1/history/cycle2-final/independent/original-judge-record-verification.json
_goals/convex-backend-runtime-2026-10-02/qa/task03b2b1/history/cycle2-final/independent/stateful-envelope-probes-final.stdout.json
_goals/convex-backend-runtime-2026-10-02/qa/task03b2b1/history/cycle2-final/independent/stateful-envelope-probes.mts.text
_goals/convex-backend-runtime-2026-10-02/qa/task03b2b1/history/cycle2-final/independent/pinned-base-root.stderr.txt
_goals/convex-backend-runtime-2026-10-02/qa/task03b2b1/history/cycle2-final/independent/root-lint-types-diagnostic.stderr.txt
_goals/convex-backend-runtime-2026-10-02/qa/task03b2b1/history/cycle2-final/independent/root-lint-types-diagnostic.stdout.txt
_goals/convex-backend-runtime-2026-10-02/qa/task03b2b1/history/cycle2-final/independent/discovery.stdout.txt
_goals/convex-backend-runtime-2026-10-02/qa/task03b2b1/history/cycle2-final/independent/accepted-main-lint.stdout.txt
_goals/convex-backend-runtime-2026-10-02/qa/task03b2b1/history/cycle2-final/independent/scoped-lint.stderr.txt
_goals/convex-backend-runtime-2026-10-02/qa/task03b2b1/history/cycle2-final/independent/npm-version.stdout.txt
_goals/convex-backend-runtime-2026-10-02/qa/task03b2b1/history/cycle2-final/independent/pinned-base-lint.stderr.txt
_goals/convex-backend-runtime-2026-10-02/qa/task03b2b1/history/cycle2-final/independent/original-native-probes.stderr.txt
_goals/convex-backend-runtime-2026-10-02/qa/task03b2b1/history/cycle2-final/independent/scoped-lint.stdout.txt
_goals/convex-backend-runtime-2026-10-02/qa/task03b2b1/history/cycle2-final/independent/scoped-types.stdout.txt
_goals/convex-backend-runtime-2026-10-02/qa/task03b2b1/history/cycle2-final/independent/backend-types.stderr.txt
_goals/convex-backend-runtime-2026-10-02/qa/task03c2-live-harness-review3-evidence/source-context/candidate/history/cycle2-final/independent/replay-repo/work/backend-runtime/task03c2-live-fixture/offline-cycle2/descendant-539e62f6-b065-46e8-8d17-0f55dedcb9fc.pid
_goals/convex-backend-runtime-2026-10-02/qa/task03c2-live-harness-review3-evidence/source-context/candidate/history/cycle2-final/independent/replay-repo/work/backend-runtime/task03c2-live-fixture/offline-cycle2/descendant-a85a4aef-e8d2-4dc4-86e5-82f8c910bf63.pid
_goals/convex-backend-runtime-2026-10-02/qa/task03c2-live-harness-review3-evidence/source-context/candidate/history/cycle2-final/independent/replay-repo/work/backend-runtime/task03c2-live-fixture/offline-cycle2/descendant-b86443ed-8bc0-470f-9be7-0d8323a3cf2c.pid
_goals/convex-backend-runtime-2026-10-02/qa/task03c2-live-harness-review3-evidence/source-context/candidate/history/cycle2-final/independent/replay-repo/work/backend-runtime/task03c2-live-fixture/offline-cycle2/process-child.mjs.text
_goals/convex-backend-runtime-2026-10-02/qa/task03c2-live-harness-review3-evidence/source-context/candidate/history/cycle2-final/independent/replay-repo/work/backend-runtime/task03c2-live-fixture/offline-cycle2/descendant-17c8f591-7364-4d28-adcd-0872e9c1e7c8.pid
_goals/convex-backend-runtime-2026-10-02/qa/task03c2-live-harness-review3-evidence/source-context/candidate/history/cycle2-final/independent/replay-repo/work/backend-runtime/task03c2-live-fixture/offline-cycle2/descendant-269ae657-0518-42dc-a177-6f326c862097.pid
_goals/convex-backend-runtime-2026-10-02/qa/task03c2-live-harness-review3-evidence/source-context/candidate/history/cycle2-final/independent/replay-repo/work/backend-runtime/task03c2-live-fixture/offline-cycle2/descendant-4bb79672-22e4-4928-a70a-9368b022a929.pid
_goals/convex-backend-runtime-2026-10-02/qa/task03c2-live-harness-review3-evidence/source-context/candidate/history/cycle2-final/independent/replay-repo/work/backend-runtime/task03c2-live-fixture/offline-cycle2/descendant-fdef0569-9fb0-43b3-a1be-973500a697e5.pid
_goals/convex-backend-runtime-2026-10-02/qa/task03c2-live-harness-review3-evidence/source-context/candidate/history/cycle2-final/independent/replay-repo/work/backend-runtime/task03c2-live-fixture/offline-cycle2/descendant-95944efc-bad6-439c-a6e9-7cc889e7b7e1.pid
_goals/convex-backend-runtime-2026-10-02/qa/task03c2-live-harness-review3-evidence/source-context/candidate/history/cycle2-final/independent/replay-repo/work/backend-runtime/task03c2-live-fixture/offline-cycle2/descendant-4729e92f-7700-44b0-b0c5-cee0c09cba59.pid
_goals/convex-backend-runtime-2026-10-02/qa/task03c2-live-harness-review3-evidence/source-context/candidate/history/cycle2-final/independent/replay-repo/work/backend-runtime/task03c2-live-fixture/offline-cycle2/descendant-55937c15-3b1e-4853-b84f-c83f1ea9289d.pid
_goals/convex-backend-runtime-2026-10-02/qa/task03c2-live-harness-review3-evidence/source-context/candidate/history/cycle2-final/independent/replay-repo/work/backend-runtime/task03c2-live-fixture/offline-cycle2/descendant-b00449ed-b158-40c9-9e64-f38b0d42487e.pid
_goals/convex-backend-runtime-2026-10-02/qa/task03c2-live-harness-review3-evidence/source-context/candidate/history/cycle2-final/independent/replay-repo/work/backend-runtime/task03c2-live-fixture/offline-cycle2/descendant-766be8e1-f3c1-4ef9-ae73-b0feb110350d.pid
_goals/convex-backend-runtime-2026-10-02/qa/task03c2-live-harness-review3-evidence/source-context/candidate/history/cycle2-final/independent/replay-repo/work/backend-runtime/task03c2-live-fixture/offline-cycle2/intercept-child.mjs.text
_goals/convex-backend-runtime-2026-10-02/qa/task03c2-live-harness-review3-evidence/source-context/candidate/history/cycle2-final/independent/replay-repo/work/backend-runtime/task03c2-live-fixture/offline-cycle2/descendant-5ba536ca-15e0-488d-87e6-e89d62ef91a2.pid
_goals/convex-backend-runtime-2026-10-02/qa/task03c2-live-harness-review3-evidence/source-context/candidate/history/cycle2-final/independent/replay-repo/work/backend-runtime/task03c2-live-fixture/offline-cycle2/descendant-2dbc7c36-8b07-48ef-869a-f4d59c01b12d.pid
_goals/convex-backend-runtime-2026-10-02/qa/task03c2-live-harness-review3-evidence/source-context/candidate/history/cycle2-final/independent/replay-repo/work/backend-runtime/task03c2-live-fixture/verify-cycle2.py.text
_goals/convex-backend-runtime-2026-10-02/qa/task03c2-live-harness-review3-evidence/source-context/candidate/history/cycle2-final/independent/replay-repo/work/backend-runtime/task03c2-live-fixture/eslint.config.mjs.text
_goals/convex-backend-runtime-2026-10-02/qa/task03c2-live-harness-review3-evidence/source-context/candidate/history/cycle2-final/independent/replay-repo/work/backend-runtime/task03c2-live-fixture/bound-client-cycle2.mjs.text
_goals/convex-backend-runtime-2026-10-02/qa/task03c2-live-harness-review3-evidence/source-context/candidate/history/cycle2-final/independent/race-grandchild-90d7baf1-93f5-4118-843b-1d1d40081ddf.pid
_goals/convex-backend-runtime-2026-10-02/qa/task03c2-live-harness-review3-evidence/source-context/candidate/history/cycle2-final/independent/proc-audit.mjs.text
_goals/convex-backend-runtime-2026-10-02/qa/task03c2-live-harness-review3-evidence/source-context/candidate/history/cycle2-final/independent/race-grandchild-c6a3f7a4-4c05-419d-bd84-97c9f26c35f9.pid
_goals/convex-backend-runtime-2026-10-02/qa/task03c2-live-harness-review3-evidence/source-context/candidate/history/cycle2-final/independent/race-receipt-d3ee810e-0b52-4b29-b401-b855e82001b7.json
_goals/convex-backend-runtime-2026-10-02/qa/task03c2-live-harness-review3-evidence/source-context/candidate/history/cycle2-final/independent/race-receipt-ba1c0160-50db-4f1c-a21c-cd8bbbb1ece6.json
_goals/convex-backend-runtime-2026-10-02/qa/task03c2-live-harness-review3-evidence/source-context/candidate/history/cycle2-final/independent/context.json
_goals/convex-backend-runtime-2026-10-02/qa/task03c2-live-harness-review3-evidence/source-context/candidate/history/cycle2-final/independent/race-receipt-f4327b67-2443-4f87-a2e7-9c5eff7b57d1.json
_goals/convex-backend-runtime-2026-10-02/qa/task03c2-live-harness-review3-evidence/source-context/candidate/history/cycle2-final/independent/race-grandchild-d3ee810e-0b52-4b29-b401-b855e82001b7.pid
_goals/convex-backend-runtime-2026-10-02/qa/task03c2-live-harness-review3-evidence/source-context/candidate/history/cycle2-final/independent/integrity.json
_goals/convex-backend-runtime-2026-10-02/qa/task03c2-live-harness-review3-evidence/source-context/candidate/history/cycle2-final/independent/proc-audit.jsonl
_goals/convex-backend-runtime-2026-10-02/qa/task03c2-live-harness-review3-evidence/source-context/candidate/history/cycle2-final/independent/private-output-check.json
_goals/convex-backend-runtime-2026-10-02/qa/task03c2-live-harness-review3-evidence/source-context/candidate/history/cycle2-final/independent/key-and-operator-controls-recorded.mjs.text
_goals/convex-backend-runtime-2026-10-02/qa/task03c2-live-harness-review3-evidence/source-context/candidate/history/cycle2-final/independent/race-receipt-b12345a0-6833-4670-be0c-8225c96b3e79.json
_goals/convex-backend-runtime-2026-10-02/qa/task03b2b1/history/cycle2-final/candidate/qa/tsconfig.scoped.json
_goals/convex-backend-runtime-2026-10-02/qa/task03b2b1/history/cycle2-final/candidate/qa/jest.scoped.cjs.text
_goals/convex-backend-runtime-2026-10-02/qa/task03b2b1/history/cycle2-final/candidate/qa/source-freeze.json
_goals/convex-backend-runtime-2026-10-02/qa/task03b2b1/history/cycle2-final/candidate/qa/codec-dependency.json
_goals/convex-backend-runtime-2026-10-02/qa/task03b2b1/history/cycle2-final/candidate/qa/contracts.md
_goals/convex-backend-runtime-2026-10-02/qa/task03b2b1/history/cycle2-final/candidate/qa/catalog/selected-path-inventory.json
_goals/convex-backend-runtime-2026-10-02/qa/task03b2b1/history/cycle2-final/candidate/qa/catalog/selected-path-inventory.md
_goals/convex-backend-runtime-2026-10-02/qa/task03b2b1/history/cycle2-final/candidate/qa/report.md
_goals/convex-backend-runtime-2026-10-02/qa/task03b2b1/history/cycle2-final/candidate/qa/preservation.json
_goals/convex-backend-runtime-2026-10-02/qa/task03b2b1/history/cycle2-final/candidate/qa/backend-initial.txt
_goals/convex-backend-runtime-2026-10-02/qa/task03b2b1/history/cycle1/qa/checks/history-before-uniqueness/node-version.stderr.txt
_goals/convex-backend-runtime-2026-10-02/qa/task03b2b1/history/cycle1/qa/checks/history-before-uniqueness/discovery.stderr.txt
_goals/convex-backend-runtime-2026-10-02/qa/task03b2b1/history/cycle1/qa/checks/history-before-uniqueness/npm-version.stderr.txt
_goals/convex-backend-runtime-2026-10-02/qa/task03b2b1/history/cycle1/qa/checks/history-before-uniqueness/diff-check.stdout.txt
_goals/convex-backend-runtime-2026-10-02/qa/task03b2b1/history/cycle1/qa/checks/history-before-uniqueness/tests.stdout.txt
_goals/convex-backend-runtime-2026-10-02/qa/task03b2b1/history/cycle1/qa/checks/history-before-uniqueness/root-types-diagnostic.stdout.txt
_goals/convex-backend-runtime-2026-10-02/qa/task03b2b1/history/cycle1/qa/checks/history-before-uniqueness/baseline-root-lint-types.stderr.txt
_goals/convex-backend-runtime-2026-10-02/qa/task03b2b1/history/cycle1/qa/checks/history-before-uniqueness/commands.json
_goals/convex-backend-runtime-2026-10-02/qa/task03b2b1/history/cycle1/qa/checks/history-before-uniqueness/catalog.stdout.txt
_goals/convex-backend-runtime-2026-10-02/qa/task03b2b1/history/cycle1/qa/checks/history-before-uniqueness/backend-types.stdout.txt
_goals/convex-backend-runtime-2026-10-02/qa/task03b2b1/history/cycle1/qa/checks/history-before-uniqueness/diff-check.stderr.txt
_goals/convex-backend-runtime-2026-10-02/qa/task03b2b1/history/cycle1/qa/checks/history-before-uniqueness/baseline-root-lint-types.stdout.txt
_goals/convex-backend-runtime-2026-10-02/qa/task03b2b1/history/cycle1/qa/checks/history-before-uniqueness/baseline-root-types.stdout.txt
_goals/convex-backend-runtime-2026-10-02/qa/task03b2b1/history/cycle1/qa/checks/history-before-uniqueness/catalog.stderr.txt
_goals/convex-backend-runtime-2026-10-02/qa/task03b2b1/history/cycle1/qa/checks/history-before-uniqueness/tests.stderr.txt
_goals/convex-backend-runtime-2026-10-02/qa/task03b2b1/history/cycle1/qa/checks/history-before-uniqueness/scoped-types.stderr.txt
_goals/convex-backend-runtime-2026-10-02/qa/task03b2b1/history/cycle1/qa/checks/history-before-uniqueness/baseline-root-types.stderr.txt
_goals/convex-backend-runtime-2026-10-02/qa/task03b2b1/history/cycle1/qa/checks/history-before-uniqueness/root-types-diagnostic.stderr.txt
_goals/convex-backend-runtime-2026-10-02/qa/task03b2b1/history/cycle1/qa/checks/history-before-uniqueness/tests-final.json
_goals/convex-backend-runtime-2026-10-02/qa/task03b2b1/history/cycle1/qa/checks/history-before-uniqueness/node-version.stdout.txt
_goals/convex-backend-runtime-2026-10-02/qa/task03b2b1/history/cycle1/qa/checks/history-before-uniqueness/root-lint-types-diagnostic.stderr.txt
_goals/convex-backend-runtime-2026-10-02/qa/task03b2b1/history/cycle1/qa/checks/history-before-uniqueness/root-lint-types-diagnostic.stdout.txt
_goals/convex-backend-runtime-2026-10-02/qa/task03b2b1/history/cycle1/qa/checks/history-before-uniqueness/discovery.stdout.txt
_goals/convex-backend-runtime-2026-10-02/qa/task03b2b1/history/cycle1/qa/checks/history-before-uniqueness/scoped-lint.stderr.txt
_goals/convex-backend-runtime-2026-10-02/qa/task03b2b1/history/cycle1/qa/checks/history-before-uniqueness/npm-version.stdout.txt
_goals/convex-backend-runtime-2026-10-02/qa/task03b2b1/history/cycle1/qa/checks/history-before-uniqueness/scoped-lint.stdout.txt
_goals/convex-backend-runtime-2026-10-02/qa/task03b2b1/history/cycle1/qa/checks/history-before-uniqueness/baseline-commands.json
_goals/convex-backend-runtime-2026-10-02/qa/task03b2b1/history/cycle1/qa/checks/history-before-uniqueness/scoped-types.stdout.txt
_goals/convex-backend-runtime-2026-10-02/qa/task03b2b1/history/cycle1/qa/checks/history-before-uniqueness/backend-types.stderr.txt
_goals/convex-backend-runtime-2026-10-02/qa/task03b2b1/history/cycle1/qa/checks/node-version.stderr.txt
_goals/convex-backend-runtime-2026-10-02/qa/task03b2b1/history/cycle1/qa/checks/discovery.stderr.txt
_goals/convex-backend-runtime-2026-10-02/qa/task03b2b1/history/cycle2-final/candidate/qa/cycle2/original-graph-boundary.stderr.txt
_goals/convex-backend-runtime-2026-10-02/qa/task03b2b1/history/cycle2-final/candidate/qa/cycle2/wrap-handlers.mjs.text
_goals/convex-backend-runtime-2026-10-02/qa/task03b2b1/history/cycle2-final/candidate/qa/cycle2/finalize.stderr.txt
_goals/convex-backend-runtime-2026-10-02/qa/task03b2b1/history/cycle2-final/candidate/qa/cycle2/original-graph-boundary.stdout.json
_goals/convex-backend-runtime-2026-10-02/qa/task03b2b1/history/cycle2-final/candidate/qa/cycle2/original-native-probes.stdout.json
_goals/convex-backend-runtime-2026-10-02/qa/task03b2b1/history/cycle2-final/candidate/qa/cycle2/finalize-first.txt
_goals/convex-backend-runtime-2026-10-02/qa/task03b2b1/history/cycle2-final/candidate/qa/cycle2/graph-boundary.mts.text
_goals/convex-backend-runtime-2026-10-02/qa/task03b2b1/history/cycle2-final/candidate/qa/cycle2/finalize-command.json
_goals/convex-backend-runtime-2026-10-02/qa/task03b2b1/history/cycle2-final/candidate/qa/cycle2/original-authority-probes.stdout.json
_goals/convex-backend-runtime-2026-10-02/qa/task03b2b1/history/cycle2-final/candidate/qa/cycle2/original-authority-probes.stderr.txt
_goals/convex-backend-runtime-2026-10-02/qa/task03b2b1/history/cycle2-final/candidate/qa/cycle2/repaired-graph-boundary.stderr.txt
_goals/convex-backend-runtime-2026-10-02/qa/task03b2b1/history/cycle2-final/candidate/qa/cycle2/probe-commands.json
_goals/convex-backend-runtime-2026-10-02/qa/task03b2b1/history/cycle2-final/candidate/qa/cycle2/run-probes.py.text
_goals/convex-backend-runtime-2026-10-02/qa/task03b2b1/history/cycle2-final/candidate/qa/cycle2/repaired-graph-boundary.stdout.json
_goals/convex-backend-runtime-2026-10-02/qa/task03c2-live-harness-review3-evidence/source-context/candidate/history/cycle2-final/candidate/public/client-tsconfig.json
_goals/convex-backend-runtime-2026-10-02/qa/task03c2-live-harness-review3-evidence/source-context/candidate/history/cycle2-final/candidate/public/fixture/package.json
_goals/convex-backend-runtime-2026-10-02/qa/task03c2-live-harness-review3-evidence/source-context/candidate/history/cycle2-final/candidate/public/fixture/convex.json
_goals/convex-backend-runtime-2026-10-02/qa/task03c2-live-harness-review3-evidence/source-context/candidate/history/cycle2-final/candidate/public/fixture/convex/runtimeAuthSchema.ts.text
_goals/convex-backend-runtime-2026-10-02/qa/task03c2-live-harness-review3-evidence/source-context/candidate/history/cycle2-final/candidate/public/fixture/convex/tsconfig.json
_goals/convex-backend-runtime-2026-10-02/qa/task03c2-live-harness-review3-evidence/source-context/candidate/history/cycle2-final/candidate/public/fixture/convex/auth.config.ts.text
_goals/convex-backend-runtime-2026-10-02/qa/task03c2-live-harness-review3-evidence/source-context/candidate/history/cycle2-final/candidate/public/fixture/convex/runtimeMemorySchema.ts.text
_goals/convex-backend-runtime-2026-10-02/qa/task03c2-live-harness-review3-evidence/source-context/candidate/history/cycle2-final/candidate/public/fixture/convex/sessions.ts.text
_goals/convex-backend-runtime-2026-10-02/qa/task03c2-live-harness-review3-evidence/source-context/candidate/history/cycle2-final/candidate/public/fixture/convex/runtimeMetadataAuth.ts.text
_goals/convex-backend-runtime-2026-10-02/qa/task03c2-live-harness-review3-evidence/source-context/candidate/history/cycle2-final/candidate/public/fixture/convex/runtimeAuth.ts.text
_goals/convex-backend-runtime-2026-10-02/qa/task03c2-live-harness-review3-evidence/source-context/candidate/history/cycle2-final/candidate/public/fixture/convex/_generated/server.d.ts.text
_goals/convex-backend-runtime-2026-10-02/qa/task03c2-live-harness-review3-evidence/source-context/candidate/history/cycle2-final/candidate/public/fixture/convex/_generated/dataModel.d.ts.text
_goals/convex-backend-runtime-2026-10-02/qa/task03c2-live-harness-review3-evidence/source-context/candidate/history/cycle2-final/candidate/public/fixture/convex/_generated/server.js.text
_goals/convex-backend-runtime-2026-10-02/qa/task03c2-live-harness-review3-evidence/source-context/candidate/history/cycle2-final/candidate/public/fixture/convex/immutable.ts.text
_goals/convex-backend-runtime-2026-10-02/qa/task03c2-live-harness-review3-evidence/source-context/candidate/history/cycle2-final/candidate/public/fixture/convex/mutable.ts.text
_goals/convex-backend-runtime-2026-10-02/qa/task03c2-live-harness-review3-evidence/source-context/candidate/history/cycle2-final/candidate/public/fixture/convex/users.ts.text
_goals/convex-backend-runtime-2026-10-02/qa/task03c2-live-harness-review3-evidence/source-context/candidate/history/cycle2-final/candidate/public/fixture/convex/schema.ts.text
_goals/convex-backend-runtime-2026-10-02/qa/task03c2-live-harness-review3-evidence/source-context/candidate/history/cycle2-final/candidate/public/fixture/src/auth/verified.ts.text
_goals/convex-backend-runtime-2026-10-02/qa/task03c2-live-harness-review3-evidence/source-context/candidate/history/cycle2-final/candidate/public/archive-preservation.json
_goals/convex-backend-runtime-2026-10-02/qa/task03c2-live-harness-review3-evidence/source-context/candidate/history/cycle2-final/candidate/public/sdk-provenance.json
_goals/convex-backend-runtime-2026-10-02/qa/task03c2-live-harness-review3-evidence/source-context/candidate/history/cycle2-final/candidate/public/source-freeze.json
_goals/convex-backend-runtime-2026-10-02/qa/task03b2b1/history/cycle1/qa/checks/history-before-id-compatibility/node-version.stderr.txt
_goals/convex-backend-runtime-2026-10-02/qa/task03b2b1/history/cycle2-final/candidate/qa/cycle2/history-first-full-checks/node-version.stderr.txt
_goals/convex-backend-runtime-2026-10-02/qa/task03b2b1/history/cycle1/qa/checks/history-before-id-compatibility/discovery.stderr.txt
_goals/convex-backend-runtime-2026-10-02/qa/task03b2b1/history/cycle1/qa/checks/history-before-id-compatibility/npm-version.stderr.txt
_goals/convex-backend-runtime-2026-10-02/qa/task03b2b1/history/cycle2-final/candidate/qa/cycle2/history-first-full-checks/discovery.stderr.txt
_goals/convex-backend-runtime-2026-10-02/qa/task03b2b1/history/cycle1/qa/checks/history-before-id-compatibility/diff-check.stdout.txt
_goals/convex-backend-runtime-2026-10-02/qa/task03b2b1/history/cycle2-final/candidate/qa/cycle2/history-first-full-checks/run-checks.py.text
_goals/convex-backend-runtime-2026-10-02/qa/task03b2b1/history/cycle1/qa/checks/history-before-id-compatibility/tests.stdout.txt
_goals/convex-backend-runtime-2026-10-02/qa/task03b2b1/history/cycle2-final/candidate/qa/cycle2/history-first-full-checks/npm-version.stderr.txt
_goals/convex-backend-runtime-2026-10-02/qa/task03b2b1/history/cycle1/qa/checks/history-before-id-compatibility/root-types-diagnostic.stdout.txt
_goals/convex-backend-runtime-2026-10-02/qa/task03b2b1/history/cycle2-final/candidate/qa/cycle2/history-first-full-checks/diff-check.stdout.txt
_goals/convex-backend-runtime-2026-10-02/qa/task03b2b1/history/cycle1/qa/checks/history-before-id-compatibility/baseline-root-lint-types.stderr.txt
_goals/convex-backend-runtime-2026-10-02/qa/task03b2b1/history/cycle1/qa/checks/history-before-id-compatibility/commands.json
_goals/convex-backend-runtime-2026-10-02/qa/task03b2b1/history/cycle1/qa/checks/history-before-id-compatibility/catalog.stdout.txt
_goals/convex-backend-runtime-2026-10-02/qa/task03b2b1/history/cycle1/qa/checks/history-before-id-compatibility/backend-types.stdout.txt
_goals/convex-backend-runtime-2026-10-02/qa/task03b2b1/history/cycle1/qa/checks/history-before-id-compatibility/diff-check.stderr.txt
_goals/convex-backend-runtime-2026-10-02/qa/task03b2b1/history/cycle1/qa/checks/history-before-id-compatibility/baseline-root-lint-types.stdout.txt
_goals/convex-backend-runtime-2026-10-02/qa/task03b2b1/history/cycle1/qa/checks/history-before-id-compatibility/baseline-root-types.stdout.txt
_goals/convex-backend-runtime-2026-10-02/qa/task03b2b1/history/cycle1/qa/checks/history-before-id-compatibility/catalog.stderr.txt
_goals/convex-backend-runtime-2026-10-02/qa/task03b2b1/history/cycle1/qa/checks/history-before-id-compatibility/tests.stderr.txt
_goals/convex-backend-runtime-2026-10-02/qa/task03b2b1/history/cycle1/qa/checks/history-before-id-compatibility/scoped-types.stderr.txt
_goals/convex-backend-runtime-2026-10-02/qa/task03b2b1/history/cycle1/qa/checks/history-before-id-compatibility/baseline-root-types.stderr.txt
_goals/convex-backend-runtime-2026-10-02/qa/task03b2b1/history/cycle1/qa/checks/history-before-id-compatibility/root-types-diagnostic.stderr.txt
_goals/convex-backend-runtime-2026-10-02/qa/task03b2b1/history/cycle1/qa/checks/history-before-id-compatibility/tests-final.json
_goals/convex-backend-runtime-2026-10-02/qa/task03b2b1/history/cycle1/qa/checks/history-before-id-compatibility/node-version.stdout.txt
_goals/convex-backend-runtime-2026-10-02/qa/task03b2b1/history/cycle1/qa/checks/history-before-id-compatibility/root-lint-types-diagnostic.stderr.txt
_goals/convex-backend-runtime-2026-10-02/qa/task03b2b1/history/cycle1/qa/checks/history-before-id-compatibility/root-lint-types-diagnostic.stdout.txt
_goals/convex-backend-runtime-2026-10-02/qa/task03b2b1/history/cycle1/qa/checks/history-before-id-compatibility/discovery.stdout.txt
_goals/convex-backend-runtime-2026-10-02/qa/task03b2b1/history/cycle1/qa/checks/history-before-id-compatibility/scoped-lint.stderr.txt
_goals/convex-backend-runtime-2026-10-02/qa/task03b2b1/history/cycle1/qa/checks/history-before-id-compatibility/npm-version.stdout.txt
_goals/convex-backend-runtime-2026-10-02/qa/task03b2b1/history/cycle1/qa/checks/history-before-id-compatibility/scoped-lint.stdout.txt
_goals/convex-backend-runtime-2026-10-02/qa/task03b2b1/history/cycle2-final/candidate/qa/cycle2/history-first-full-checks/tests.stdout.txt
_goals/convex-backend-runtime-2026-10-02/qa/task03b2b1/history/cycle1/qa/checks/history-before-id-compatibility/baseline-commands.json
_goals/convex-backend-runtime-2026-10-02/qa/task03b2b1/history/cycle2-final/candidate/qa/cycle2/history-first-full-checks/baseline-diagnostic.py.text
_goals/convex-backend-runtime-2026-10-02/qa/task03b2b1/history/cycle1/qa/checks/history-before-id-compatibility/scoped-types.stdout.txt
_goals/convex-backend-runtime-2026-10-02/qa/task03b2b1/history/cycle2-final/candidate/qa/cycle2/history-first-full-checks/root-types-diagnostic.stdout.txt
_goals/convex-backend-runtime-2026-10-02/qa/task03b2b1/history/cycle1/qa/checks/history-before-id-compatibility/backend-types.stderr.txt
_goals/convex-backend-runtime-2026-10-02/qa/task03b2b1/history/cycle2-final/candidate/qa/cycle2/history-first-full-checks/baseline-root-lint-types.stderr.txt
_goals/convex-backend-runtime-2026-10-02/qa/task03b2b1/history/cycle2-final/candidate/qa/cycle2/history-first-full-checks/commands.json
_goals/convex-backend-runtime-2026-10-02/qa/task03b2b1/history/cycle2-final/candidate/qa/cycle2/history-first-full-checks/catalog.stdout.txt
_goals/convex-backend-runtime-2026-10-02/qa/task03b2b1/history/cycle1/qa/checks/run-checks.py.text
_goals/convex-backend-runtime-2026-10-02/qa/task03b2b1/history/cycle2-final/candidate/qa/cycle2/history-first-full-checks/backend-types.stdout.txt
_goals/convex-backend-runtime-2026-10-02/qa/task03b2b1/history/cycle2-final/candidate/qa/cycle2/history-first-full-checks/diff-check.stderr.txt
_goals/convex-backend-runtime-2026-10-02/qa/task03b2b1/history/cycle2-final/candidate/qa/cycle2/history-first-full-checks/baseline-root-lint-types.stdout.txt
_goals/convex-backend-runtime-2026-10-02/qa/task03b2b1/history/cycle2-final/candidate/qa/cycle2/history-first-full-checks/baseline-root-types.stdout.txt
_goals/convex-backend-runtime-2026-10-02/qa/task03b2b1/history/cycle2-final/candidate/qa/cycle2/history-first-full-checks/catalog.stderr.txt
_goals/convex-backend-runtime-2026-10-02/qa/task03b2b1/history/cycle2-final/candidate/qa/cycle2/history-first-full-checks/tests.stderr.txt
_goals/convex-backend-runtime-2026-10-02/qa/task03b2b1/history/cycle2-final/candidate/qa/cycle2/history-first-full-checks/scoped-types.stderr.txt
_goals/convex-backend-runtime-2026-10-02/qa/task03b2b1/history/cycle2-final/candidate/qa/cycle2/history-first-full-checks/baseline-root-types.stderr.txt
_goals/convex-backend-runtime-2026-10-02/qa/task03b2b1/history/cycle2-final/candidate/qa/cycle2/history-first-full-checks/root-types-diagnostic.stderr.txt
_goals/convex-backend-runtime-2026-10-02/qa/task03b2b1/history/cycle2-final/candidate/qa/cycle2/history-first-full-checks/tests-final.json
_goals/convex-backend-runtime-2026-10-02/qa/task03b2b1/history/cycle2-final/candidate/qa/cycle2/history-first-full-checks/node-version.stdout.txt
_goals/convex-backend-runtime-2026-10-02/qa/task03b2b1/history/cycle2-final/candidate/qa/cycle2/history-first-full-checks/root-lint-types-diagnostic.stderr.txt
_goals/convex-backend-runtime-2026-10-02/qa/task03b2b1/history/cycle2-final/candidate/qa/cycle2/history-first-full-checks/root-lint-types-diagnostic.stdout.txt
_goals/convex-backend-runtime-2026-10-02/qa/task03b2b1/history/cycle2-final/candidate/qa/cycle2/history-first-full-checks/discovery.stdout.txt
_goals/convex-backend-runtime-2026-10-02/qa/task03b2b1/history/cycle2-final/candidate/qa/cycle2/history-first-full-checks/scoped-lint.stderr.txt
_goals/convex-backend-runtime-2026-10-02/qa/task03b2b1/history/cycle2-final/candidate/qa/cycle2/history-first-full-checks/npm-version.stdout.txt
_goals/convex-backend-runtime-2026-10-02/qa/task03b2b1/history/cycle2-final/candidate/qa/cycle2/history-first-full-checks/scoped-lint.stdout.txt
_goals/convex-backend-runtime-2026-10-02/qa/task03b2b1/history/cycle2-final/candidate/qa/cycle2/history-first-full-checks/baseline-commands.json
_goals/convex-backend-runtime-2026-10-02/qa/task03b2b1/history/cycle2-final/candidate/qa/cycle2/history-first-full-checks/finalize-receipt.json
_goals/convex-backend-runtime-2026-10-02/qa/task03b2b1/history/cycle2-final/candidate/qa/cycle2/history-first-full-checks/scoped-types.stdout.txt
_goals/convex-backend-runtime-2026-10-02/qa/task03b2b1/history/cycle2-final/candidate/qa/cycle2/history-first-full-checks/backend-types.stderr.txt
_goals/convex-backend-runtime-2026-10-02/qa/task03b2b1/history/cycle2-final/candidate/qa/cycle2/native-query-dependency.json
_goals/convex-backend-runtime-2026-10-02/qa/task03b2b1/history/cycle2-final/candidate/qa/cycle2/original-native-probes.stderr.txt
_goals/convex-backend-runtime-2026-10-02/qa/task03b2b1/history/cycle2-final/candidate/qa/cycle2/tests-first.json
_goals/convex-backend-runtime-2026-10-02/qa/task03b2b1/history/cycle2-final/candidate/qa/cycle2/repair-notes.md
_goals/convex-backend-runtime-2026-10-02/qa/task03b2b1/history/cycle2-final/candidate/qa/stats-agents.frozen.txt
_goals/convex-backend-runtime-2026-10-02/qa/task03b2b1/history/cycle2-final/candidate/qa/finalize.py.text
_goals/convex-backend-runtime-2026-10-02/qa/task03b2b1/history/cycle2-final/candidate/qa/stats-spaces.frozen.txt
_goals/convex-backend-runtime-2026-10-02/qa/task03b2b1/history/cycle2-final/candidate/qa/requirements-mapping.md
_goals/convex-backend-runtime-2026-10-02/qa/task03b2b1/history/cycle2-final/candidate/qa/inventory.mjs.text
_goals/convex-backend-runtime-2026-10-02/qa/task03b2b1/history/cycle2-final/candidate/qa/evidence-manifest.json
_goals/convex-backend-runtime-2026-10-02/qa/task03b2b1/history/cycle2-final/candidate/qa/root-diagnostic-classification.json
_goals/convex-backend-runtime-2026-10-02/qa/task03b2b1/history/cycle2-final/candidate/qa/schema-additive.patch
_goals/convex-backend-runtime-2026-10-02/qa/task03b2b1/history/cycle1/qa/checks/npm-version.stderr.txt
_goals/convex-backend-runtime-2026-10-02/qa/task03b2b1/history/cycle2-final/candidate/qa/history/cycle1/qa/tsconfig.scoped.json
_goals/convex-backend-runtime-2026-10-02/qa/task03b2b1/history/cycle2-final/candidate/qa/history/cycle1/qa/jest.scoped.cjs.text
_goals/convex-backend-runtime-2026-10-02/qa/task03b2b1/history/cycle2-final/candidate/qa/history/cycle1/qa/source-freeze.json
_goals/convex-backend-runtime-2026-10-02/qa/task03b2b1/history/cycle2-final/candidate/qa/history/cycle1/qa/codec-dependency.json
_goals/convex-backend-runtime-2026-10-02/qa/task03b2b1/history/cycle2-final/candidate/qa/history/cycle1/qa/contracts.md
_goals/convex-backend-runtime-2026-10-02/qa/task03b2b1/history/cycle2-final/candidate/qa/history/cycle1/qa/catalog/selected-path-inventory.json
_goals/convex-backend-runtime-2026-10-02/qa/task03b2b1/history/cycle2-final/candidate/qa/history/cycle1/qa/catalog/selected-path-inventory.md
_goals/convex-backend-runtime-2026-10-02/qa/task03b2b1/history/cycle2-final/candidate/qa/history/cycle1/qa/report.md
_goals/convex-backend-runtime-2026-10-02/qa/task03b2b1/history/cycle2-final/candidate/qa/history/cycle1/qa/preservation.json
_goals/convex-backend-runtime-2026-10-02/qa/task03b2b1/history/cycle2-final/candidate/qa/history/cycle1/qa/backend-initial.txt
_goals/convex-backend-runtime-2026-10-02/qa/task03b2b1/history/cycle2-final/candidate/qa/history/cycle1/qa/stats-agents.frozen.txt
_goals/convex-backend-runtime-2026-10-02/qa/task03b2b1/history/cycle2-final/candidate/qa/history/cycle1/qa/finalize.py.text
_goals/convex-backend-runtime-2026-10-02/qa/task03b2b1/history/cycle2-final/candidate/qa/history/cycle1/qa/stats-spaces.frozen.txt
_goals/convex-backend-runtime-2026-10-02/qa/task03b2b1/history/cycle2-final/candidate/qa/history/cycle1/qa/requirements-mapping.md
_goals/convex-backend-runtime-2026-10-02/qa/task03b2b1/history/cycle2-final/candidate/qa/history/cycle1/qa/inventory.mjs.text
_goals/convex-backend-runtime-2026-10-02/qa/task03c2-live-harness-review3-evidence/source-context/candidate/history/cycle2-final/candidate/public/scripts/process-owner.mjs.text
_goals/convex-backend-runtime-2026-10-02/qa/task03b2b1/history/cycle2-final/candidate/qa/history/cycle1/qa/evidence-manifest.json
_goals/convex-backend-runtime-2026-10-02/qa/task03b2b1/history/cycle2-final/candidate/qa/history/cycle1/qa/root-diagnostic-classification.json
_goals/convex-backend-runtime-2026-10-02/qa/task03b2b1/history/cycle2-final/candidate/qa/history/cycle1/qa/schema-additive.patch
_goals/convex-backend-runtime-2026-10-02/qa/task03c2-live-harness-review3-evidence/source-context/candidate/history/cycle2-final/candidate/public/scripts/cases.d.mts.text
_goals/convex-backend-runtime-2026-10-02/qa/task03c2-live-harness-review3-evidence/source-context/candidate/history/cycle2-final/candidate/public/scripts/driver.mjs.text
_goals/convex-backend-runtime-2026-10-02/qa/task03c2-live-harness-review3-evidence/source-context/candidate/history/cycle2-final/candidate/public/scripts/protocol.mjs.text
_goals/convex-backend-runtime-2026-10-02/qa/task03c2-live-harness-review3-evidence/source-context/candidate/history/cycle2-final/candidate/public/scripts/deploy.mjs.text
_goals/convex-backend-runtime-2026-10-02/qa/task03c2-live-harness-review3-evidence/source-context/candidate/history/cycle2-final/candidate/public/scripts/client.ts.text
_goals/convex-backend-runtime-2026-10-02/qa/task03c2-live-harness-review3-evidence/source-context/candidate/history/cycle2-final/candidate/public/scripts/cleanup.mjs.text
_goals/convex-backend-runtime-2026-10-02/qa/task03c2-live-harness-review3-evidence/source-context/candidate/history/cycle2-final/candidate/public/scripts/driver-check.mjs.text
_goals/convex-backend-runtime-2026-10-02/qa/task03c2-live-harness-review3-evidence/source-context/candidate/history/cycle2-final/candidate/public/scripts/cases.mjs.text
_goals/convex-backend-runtime-2026-10-02/qa/task03c2-live-harness-review3-evidence/source-context/candidate/history/cycle2-final/candidate/public/scripts/classifier-check.mjs.text
_goals/convex-backend-runtime-2026-10-02/qa/task03c2-live-harness-review3-evidence/source-context/candidate/history/cycle2-final/candidate/public/scripts/operator.mjs.text
_goals/convex-backend-runtime-2026-10-02/qa/task03c2-live-harness-review3-evidence/source-context/candidate/history/cycle2-final/candidate/public/scripts/guard-check.mjs.text
_goals/convex-backend-runtime-2026-10-02/qa/task03c2-live-harness-review3-evidence/source-context/candidate/history/cycle2-final/candidate/public/scripts/reactive-transport.mjs.text
_goals/convex-backend-runtime-2026-10-02/qa/task03c2-live-harness-review3-evidence/source-context/candidate/history/cycle2-final/candidate/public/scripts/case-ledger.mjs.text
_goals/convex-backend-runtime-2026-10-02/qa/task03c2-live-harness-review3-evidence/source-context/candidate/history/cycle2-final/candidate/public/scripts/driver-engine.mjs.text
_goals/convex-backend-runtime-2026-10-02/qa/task03c2-live-harness-review3-evidence/source-context/candidate/history/cycle2-final/candidate/public/scripts/client-prep.ts.text
_goals/convex-backend-runtime-2026-10-02/qa/task03c2-live-harness-review3-evidence/source-context/candidate/history/cycle2-final/candidate/public/scripts/guard.mjs.text
_goals/convex-backend-runtime-2026-10-02/qa/task03c2-live-harness-review3-evidence/source-context/candidate/history/cycle2-final/candidate/public/scripts/parent-channel.ts.text
_goals/convex-backend-runtime-2026-10-02/qa/task03c2-live-harness-review3-evidence/source-context/candidate/history/cycle2-final/candidate/public/scripts/create.mjs.text
_goals/convex-backend-runtime-2026-10-02/qa/task03c2-live-harness-review3-evidence/source-context/candidate/history/cycle2-final/candidate/public/scripts/qualify.mjs.text
_goals/convex-backend-runtime-2026-10-02/qa/task03c2-live-harness-review3-evidence/source-context/candidate/history/cycle2-final/candidate/public/scripts/reactive-transport.d.mts.text
_goals/convex-backend-runtime-2026-10-02/qa/task03c2-live-harness-review3-evidence/source-context/candidate/history/cycle2-final/candidate/public/scripts/entrypoint-check.mjs.text
_goals/convex-backend-runtime-2026-10-02/qa/task03c2-live-harness-review3-evidence/source-context/candidate/history/cycle2-final/candidate/public/scripts/bounds-check.mjs.text
_goals/convex-backend-runtime-2026-10-02/qa/task03c2-live-harness-review3-evidence/source-context/candidate/history/cycle2-final/candidate/public/scripts/key-check.mjs.text
_goals/convex-backend-runtime-2026-10-02/qa/task03c2-live-harness-review3-evidence/source-context/candidate/history/cycle2-final/candidate/public/scripts/packed-prep.mjs.text
_goals/convex-backend-runtime-2026-10-02/qa/task03c2-live-harness-review3-evidence/source-context/candidate/history/cycle2-final/candidate/public/scripts/guard.d.mts.text
_goals/convex-backend-runtime-2026-10-02/qa/task03c2-live-harness-review3-evidence/source-context/candidate/history/cycle2-final/candidate/public/scripts/operator-classifier.mjs.text
_goals/convex-backend-runtime-2026-10-02/qa/task03c2-live-harness-review3-evidence/source-context/candidate/history/cycle2-final/candidate/public/scripts/operator.d.mts.text
_goals/convex-backend-runtime-2026-10-02/qa/task03c2-live-harness-review3-evidence/source-context/candidate/history/cycle2-final/candidate/public/report.md
_goals/convex-backend-runtime-2026-10-02/qa/task03b2b1/history/cycle1/qa/checks/history-json-contract-specification-correction/node-version.stderr.txt
_goals/convex-backend-runtime-2026-10-02/qa/task03b2b1/history/cycle1/qa/checks/history-json-contract-specification-correction/discovery.stderr.txt
_goals/convex-backend-runtime-2026-10-02/qa/task03b2b1/history/cycle1/qa/checks/history-json-contract-specification-correction/npm-version.stderr.txt
_goals/convex-backend-runtime-2026-10-02/qa/task03b2b1/history/cycle1/qa/checks/history-json-contract-specification-correction/diff-check.stdout.txt
_goals/convex-backend-runtime-2026-10-02/qa/task03b2b1/history/cycle1/qa/checks/history-json-contract-specification-correction/tests.stdout.txt
_goals/convex-backend-runtime-2026-10-02/qa/task03b2b1/history/cycle1/qa/checks/history-json-contract-specification-correction/root-types-diagnostic.stdout.txt
_goals/convex-backend-runtime-2026-10-02/qa/task03b2b1/history/cycle1/qa/checks/history-json-contract-specification-correction/baseline-root-lint-types.stderr.txt
_goals/convex-backend-runtime-2026-10-02/qa/task03b2b1/history/cycle1/qa/checks/history-json-contract-specification-correction/commands.json
_goals/convex-backend-runtime-2026-10-02/qa/task03b2b1/history/cycle1/qa/checks/history-json-contract-specification-correction/catalog.stdout.txt
_goals/convex-backend-runtime-2026-10-02/qa/task03b2b1/history/cycle1/qa/checks/history-json-contract-specification-correction/backend-types.stdout.txt
_goals/convex-backend-runtime-2026-10-02/qa/task03b2b1/history/cycle1/qa/checks/history-json-contract-specification-correction/diff-check.stderr.txt
_goals/convex-backend-runtime-2026-10-02/qa/task03b2b1/history/cycle1/qa/checks/history-json-contract-specification-correction/baseline-root-lint-types.stdout.txt
_goals/convex-backend-runtime-2026-10-02/qa/task03b2b1/history/cycle1/qa/checks/history-json-contract-specification-correction/baseline-root-types.stdout.txt
_goals/convex-backend-runtime-2026-10-02/qa/task03b2b1/history/cycle1/qa/checks/history-json-contract-specification-correction/catalog.stderr.txt
_goals/convex-backend-runtime-2026-10-02/qa/task03b2b1/history/cycle1/qa/checks/history-json-contract-specification-correction/tests.stderr.txt
_goals/convex-backend-runtime-2026-10-02/qa/task03b2b1/history/cycle1/qa/checks/history-json-contract-specification-correction/scoped-types.stderr.txt
_goals/convex-backend-runtime-2026-10-02/qa/task03b2b1/history/cycle1/qa/checks/history-json-contract-specification-correction/baseline-root-types.stderr.txt
_goals/convex-backend-runtime-2026-10-02/qa/task03b2b1/history/cycle1/qa/checks/history-json-contract-specification-correction/root-types-diagnostic.stderr.txt
_goals/convex-backend-runtime-2026-10-02/qa/task03b2b1/history/cycle1/qa/checks/history-json-contract-specification-correction/tests-final.json
_goals/convex-backend-runtime-2026-10-02/qa/task03b2b1/history/cycle1/qa/checks/history-json-contract-specification-correction/node-version.stdout.txt
_goals/convex-backend-runtime-2026-10-02/qa/task03b2b1/history/cycle1/qa/checks/history-json-contract-specification-correction/root-lint-types-diagnostic.stderr.txt
_goals/convex-backend-runtime-2026-10-02/qa/task03b2b1/history/cycle1/qa/checks/history-json-contract-specification-correction/root-lint-types-diagnostic.stdout.txt
_goals/convex-backend-runtime-2026-10-02/qa/task03b2b1/history/cycle1/qa/checks/history-json-contract-specification-correction/discovery.stdout.txt
_goals/convex-backend-runtime-2026-10-02/qa/task03b2b1/history/cycle1/qa/checks/history-json-contract-specification-correction/scoped-lint.stderr.txt
_goals/convex-backend-runtime-2026-10-02/qa/task03b2b1/history/cycle1/qa/checks/history-json-contract-specification-correction/npm-version.stdout.txt
_goals/convex-backend-runtime-2026-10-02/qa/task03b2b1/history/cycle1/qa/checks/history-json-contract-specification-correction/scoped-lint.stdout.txt
_goals/convex-backend-runtime-2026-10-02/qa/task03b2b1/history/cycle1/qa/checks/history-json-contract-specification-correction/baseline-commands.json
_goals/convex-backend-runtime-2026-10-02/qa/task03b2b1/history/cycle1/qa/checks/history-json-contract-specification-correction/scoped-types.stdout.txt
_goals/convex-backend-runtime-2026-10-02/qa/task03b2b1/history/cycle1/qa/checks/history-json-contract-specification-correction/backend-types.stderr.txt
_goals/convex-backend-runtime-2026-10-02/qa/task03b2b1/history/cycle1/qa/checks/diff-check.stdout.txt
_goals/convex-backend-runtime-2026-10-02/qa/task03b2b1/history/cycle1/qa/checks/tests.stdout.txt
_goals/convex-backend-runtime-2026-10-02/qa/task03b2b1/history/cycle1/qa/checks/history-before-retirement-witnesses/node-version.stderr.txt
_goals/convex-backend-runtime-2026-10-02/qa/task03b2b1/history/cycle1/qa/checks/history-before-retirement-witnesses/discovery.stderr.txt
_goals/convex-backend-runtime-2026-10-02/qa/task03b2b1/history/cycle1/qa/checks/history-before-retirement-witnesses/npm-version.stderr.txt
_goals/convex-backend-runtime-2026-10-02/qa/task03b2b1/history/cycle1/qa/checks/history-before-retirement-witnesses/diff-check.stdout.txt
_goals/convex-backend-runtime-2026-10-02/qa/task03b2b1/history/cycle1/qa/checks/history-before-retirement-witnesses/tests.stdout.txt
_goals/convex-backend-runtime-2026-10-02/qa/task03b2b1/history/cycle1/qa/checks/history-before-retirement-witnesses/root-types-diagnostic.stdout.txt
_goals/convex-backend-runtime-2026-10-02/qa/task03b2b1/history/cycle1/qa/checks/history-before-retirement-witnesses/baseline-root-lint-types.stderr.txt
_goals/convex-backend-runtime-2026-10-02/qa/task03b2b1/history/cycle1/qa/checks/history-before-retirement-witnesses/commands.json
_goals/convex-backend-runtime-2026-10-02/qa/task03b2b1/history/cycle1/qa/checks/history-before-retirement-witnesses/catalog.stdout.txt
_goals/convex-backend-runtime-2026-10-02/qa/task03b2b1/history/cycle1/qa/checks/history-before-retirement-witnesses/backend-types.stdout.txt
_goals/convex-backend-runtime-2026-10-02/qa/task03b2b1/history/cycle1/qa/checks/history-before-retirement-witnesses/diff-check.stderr.txt
_goals/convex-backend-runtime-2026-10-02/qa/task03b2b1/history/cycle1/qa/checks/history-before-retirement-witnesses/baseline-root-lint-types.stdout.txt
_goals/convex-backend-runtime-2026-10-02/qa/task03b2b1/history/cycle1/qa/checks/history-before-retirement-witnesses/baseline-root-types.stdout.txt
_goals/convex-backend-runtime-2026-10-02/qa/task03b2b1/history/cycle1/qa/checks/history-before-retirement-witnesses/catalog.stderr.txt
_goals/convex-backend-runtime-2026-10-02/qa/task03b2b1/history/cycle1/qa/checks/history-before-retirement-witnesses/tests.stderr.txt
_goals/convex-backend-runtime-2026-10-02/qa/task03b2b1/history/cycle1/qa/checks/history-before-retirement-witnesses/scoped-types.stderr.txt
_goals/convex-backend-runtime-2026-10-02/qa/task03b2b1/history/cycle1/qa/checks/history-before-retirement-witnesses/baseline-root-types.stderr.txt
_goals/convex-backend-runtime-2026-10-02/qa/task03b2b1/history/cycle1/qa/checks/history-before-retirement-witnesses/root-types-diagnostic.stderr.txt
_goals/convex-backend-runtime-2026-10-02/qa/task03b2b1/history/cycle1/qa/checks/history-before-retirement-witnesses/tests-final.json
_goals/convex-backend-runtime-2026-10-02/qa/task03b2b1/history/cycle1/qa/checks/history-before-retirement-witnesses/node-version.stdout.txt
_goals/convex-backend-runtime-2026-10-02/qa/task03b2b1/history/cycle1/qa/checks/history-before-retirement-witnesses/root-lint-types-diagnostic.stderr.txt
_goals/convex-backend-runtime-2026-10-02/qa/task03b2b1/history/cycle1/qa/checks/history-before-retirement-witnesses/root-lint-types-diagnostic.stdout.txt
_goals/convex-backend-runtime-2026-10-02/qa/task03b2b1/history/cycle1/qa/checks/history-before-retirement-witnesses/discovery.stdout.txt
_goals/convex-backend-runtime-2026-10-02/qa/task03b2b1/history/cycle1/qa/checks/history-before-retirement-witnesses/scoped-lint.stderr.txt
_goals/convex-backend-runtime-2026-10-02/qa/task03b2b1/history/cycle1/qa/checks/history-before-retirement-witnesses/npm-version.stdout.txt
_goals/convex-backend-runtime-2026-10-02/qa/task03b2b1/history/cycle1/qa/checks/history-before-retirement-witnesses/scoped-lint.stdout.txt
_goals/convex-backend-runtime-2026-10-02/qa/task03b2b1/history/cycle1/qa/checks/history-before-retirement-witnesses/baseline-commands.json
_goals/convex-backend-runtime-2026-10-02/qa/task03b2b1/history/cycle1/qa/checks/history-before-retirement-witnesses/scoped-types.stdout.txt
_goals/convex-backend-runtime-2026-10-02/qa/task03b2b1/history/cycle1/qa/checks/history-before-retirement-witnesses/backend-types.stderr.txt
_goals/convex-backend-runtime-2026-10-02/qa/task03b2b1/history/cycle1/qa/checks/history-native-codec-required-metadata/node-version.stderr.txt
_goals/convex-backend-runtime-2026-10-02/qa/task03b2b1/history/cycle1/qa/checks/history-native-codec-required-metadata/discovery.stderr.txt
_goals/convex-backend-runtime-2026-10-02/qa/task03b2b1/history/cycle1/qa/checks/history-native-codec-required-metadata/npm-version.stderr.txt
_goals/convex-backend-runtime-2026-10-02/qa/task03b2b1/history/cycle1/qa/checks/history-native-codec-required-metadata/diff-check.stdout.txt
_goals/convex-backend-runtime-2026-10-02/qa/task03b2b1/history/cycle1/qa/checks/history-native-codec-required-metadata/tests.stdout.txt
_goals/convex-backend-runtime-2026-10-02/qa/task03b2b1/history/cycle1/qa/checks/history-native-codec-required-metadata/root-types-diagnostic.stdout.txt
_goals/convex-backend-runtime-2026-10-02/qa/task03b2b1/history/cycle1/qa/checks/history-native-codec-required-metadata/baseline-root-lint-types.stderr.txt
_goals/convex-backend-runtime-2026-10-02/qa/task03b2b1/history/cycle1/qa/checks/history-native-codec-required-metadata/commands.json
_goals/convex-backend-runtime-2026-10-02/qa/task03b2b1/history/cycle1/qa/checks/history-native-codec-required-metadata/catalog.stdout.txt
_goals/convex-backend-runtime-2026-10-02/qa/task03b2b1/history/cycle1/qa/checks/history-native-codec-required-metadata/backend-types.stdout.txt
_goals/convex-backend-runtime-2026-10-02/qa/task03b2b1/history/cycle1/qa/checks/history-native-codec-required-metadata/diff-check.stderr.txt
_goals/convex-backend-runtime-2026-10-02/qa/task03b2b1/history/cycle1/qa/checks/history-native-codec-required-metadata/baseline-root-lint-types.stdout.txt
_goals/convex-backend-runtime-2026-10-02/qa/task03b2b1/history/cycle1/qa/checks/history-native-codec-required-metadata/baseline-root-types.stdout.txt
_goals/convex-backend-runtime-2026-10-02/qa/task03b2b1/history/cycle1/qa/checks/history-native-codec-required-metadata/catalog.stderr.txt
_goals/convex-backend-runtime-2026-10-02/qa/task03b2b1/history/cycle1/qa/checks/history-native-codec-required-metadata/tests.stderr.txt
_goals/convex-backend-runtime-2026-10-02/qa/task03b2b1/history/cycle1/qa/checks/history-native-codec-required-metadata/scoped-types.stderr.txt
_goals/convex-backend-runtime-2026-10-02/qa/task03b2b1/history/cycle1/qa/checks/history-native-codec-required-metadata/baseline-root-types.stderr.txt
_goals/convex-backend-runtime-2026-10-02/qa/task03b2b1/history/cycle1/qa/checks/history-native-codec-required-metadata/root-types-diagnostic.stderr.txt
_goals/convex-backend-runtime-2026-10-02/qa/task03b2b1/history/cycle1/qa/checks/history-native-codec-required-metadata/tests-final.json
_goals/convex-backend-runtime-2026-10-02/qa/task03b2b1/history/cycle1/qa/checks/history-native-codec-required-metadata/node-version.stdout.txt
_goals/convex-backend-runtime-2026-10-02/qa/task03b2b1/history/cycle1/qa/checks/history-native-codec-required-metadata/root-lint-types-diagnostic.stderr.txt
_goals/convex-backend-runtime-2026-10-02/qa/task03b2b1/history/cycle1/qa/checks/history-native-codec-required-metadata/root-lint-types-diagnostic.stdout.txt
_goals/convex-backend-runtime-2026-10-02/qa/task03b2b1/history/cycle1/qa/checks/history-native-codec-required-metadata/discovery.stdout.txt
_goals/convex-backend-runtime-2026-10-02/qa/task03b2b1/history/cycle1/qa/checks/history-native-codec-required-metadata/scoped-lint.stderr.txt
_goals/convex-backend-runtime-2026-10-02/qa/task03b2b1/history/cycle1/qa/checks/history-native-codec-required-metadata/npm-version.stdout.txt
_goals/convex-backend-runtime-2026-10-02/qa/task03b2b1/history/cycle1/qa/checks/history-native-codec-required-metadata/scoped-lint.stdout.txt
_goals/convex-backend-runtime-2026-10-02/qa/task03b2b1/history/cycle1/qa/checks/history-native-codec-required-metadata/baseline-commands.json
_goals/convex-backend-runtime-2026-10-02/qa/task03b2b1/history/cycle1/qa/checks/history-native-codec-required-metadata/scoped-types.stdout.txt
_goals/convex-backend-runtime-2026-10-02/qa/task03b2b1/history/cycle1/qa/checks/history-native-codec-required-metadata/backend-types.stderr.txt
_goals/convex-backend-runtime-2026-10-02/qa/task03b2b1/history/cycle1/qa/checks/baseline-diagnostic.py.text
_goals/convex-backend-runtime-2026-10-02/qa/task03b2b1/history/cycle1/qa/checks/root-types-diagnostic.stdout.txt
_goals/convex-backend-runtime-2026-10-02/qa/task03b2b1/history/cycle1/qa/checks/baseline-root-lint-types.stderr.txt
_goals/convex-backend-runtime-2026-10-02/qa/task03b2b1/history/cycle1/qa/checks/commands.json
_goals/convex-backend-runtime-2026-10-02/qa/task03b2b1/history/cycle1/qa/checks/catalog.stdout.txt
_goals/convex-backend-runtime-2026-10-02/qa/task03b2b1/history/cycle1/qa/checks/backend-types.stdout.txt
_goals/convex-backend-runtime-2026-10-02/qa/task03b2b1/history/cycle1/qa/checks/diff-check.stderr.txt
_goals/convex-backend-runtime-2026-10-02/qa/task03b2b1/history/cycle1/qa/checks/baseline-root-lint-types.stdout.txt
_goals/convex-backend-runtime-2026-10-02/qa/task03b2b1/history/cycle2-final/candidate/qa/history/cycle1/qa/checks/history-before-uniqueness/node-version.stderr.txt
_goals/convex-backend-runtime-2026-10-02/qa/task03b2b1/history/cycle2-final/candidate/qa/history/cycle1/qa/checks/history-before-uniqueness/discovery.stderr.txt
_goals/convex-backend-runtime-2026-10-02/qa/task03b2b1/history/cycle2-final/candidate/qa/history/cycle1/qa/checks/history-before-uniqueness/npm-version.stderr.txt
_goals/convex-backend-runtime-2026-10-02/qa/task03b2b1/history/cycle2-final/candidate/qa/history/cycle1/qa/checks/history-before-uniqueness/diff-check.stdout.txt
_goals/convex-backend-runtime-2026-10-02/qa/task03b2b1/history/cycle2-final/candidate/qa/history/cycle1/qa/checks/history-before-uniqueness/tests.stdout.txt
_goals/convex-backend-runtime-2026-10-02/qa/task03b2b1/history/cycle2-final/candidate/qa/history/cycle1/qa/checks/history-before-uniqueness/root-types-diagnostic.stdout.txt
_goals/convex-backend-runtime-2026-10-02/qa/task03b2b1/history/cycle2-final/candidate/qa/history/cycle1/qa/checks/history-before-uniqueness/baseline-root-lint-types.stderr.txt
_goals/convex-backend-runtime-2026-10-02/qa/task03b2b1/history/cycle2-final/candidate/qa/history/cycle1/qa/checks/history-before-uniqueness/commands.json
_goals/convex-backend-runtime-2026-10-02/qa/task03b2b1/history/cycle2-final/candidate/qa/history/cycle1/qa/checks/history-before-uniqueness/catalog.stdout.txt
_goals/convex-backend-runtime-2026-10-02/qa/task03b2b1/history/cycle2-final/candidate/qa/history/cycle1/qa/checks/history-before-uniqueness/backend-types.stdout.txt
_goals/convex-backend-runtime-2026-10-02/qa/task03b2b1/history/cycle2-final/candidate/qa/history/cycle1/qa/checks/history-before-uniqueness/diff-check.stderr.txt
_goals/convex-backend-runtime-2026-10-02/qa/task03b2b1/history/cycle2-final/candidate/qa/history/cycle1/qa/checks/history-before-uniqueness/baseline-root-lint-types.stdout.txt
_goals/convex-backend-runtime-2026-10-02/qa/task03b2b1/history/cycle2-final/candidate/qa/history/cycle1/qa/checks/history-before-uniqueness/baseline-root-types.stdout.txt
_goals/convex-backend-runtime-2026-10-02/qa/task03b2b1/history/cycle2-final/candidate/qa/history/cycle1/qa/checks/history-before-uniqueness/catalog.stderr.txt
_goals/convex-backend-runtime-2026-10-02/qa/task03b2b1/history/cycle2-final/candidate/qa/history/cycle1/qa/checks/history-before-uniqueness/tests.stderr.txt
_goals/convex-backend-runtime-2026-10-02/qa/task03b2b1/history/cycle2-final/candidate/qa/history/cycle1/qa/checks/history-before-uniqueness/scoped-types.stderr.txt
_goals/convex-backend-runtime-2026-10-02/qa/task03b2b1/history/cycle2-final/candidate/qa/history/cycle1/qa/checks/history-before-uniqueness/baseline-root-types.stderr.txt
_goals/convex-backend-runtime-2026-10-02/qa/task03b2b1/history/cycle2-final/candidate/qa/history/cycle1/qa/checks/history-before-uniqueness/root-types-diagnostic.stderr.txt
_goals/convex-backend-runtime-2026-10-02/qa/task03b2b1/history/cycle2-final/candidate/qa/history/cycle1/qa/checks/history-before-uniqueness/tests-final.json
_goals/convex-backend-runtime-2026-10-02/qa/task03b2b1/history/cycle2-final/candidate/qa/history/cycle1/qa/checks/history-before-uniqueness/node-version.stdout.txt
_goals/convex-backend-runtime-2026-10-02/qa/task03b2b1/history/cycle2-final/candidate/qa/history/cycle1/qa/checks/history-before-uniqueness/root-lint-types-diagnostic.stderr.txt
_goals/convex-backend-runtime-2026-10-02/qa/task03b2b1/history/cycle2-final/candidate/qa/history/cycle1/qa/checks/history-before-uniqueness/root-lint-types-diagnostic.stdout.txt
_goals/convex-backend-runtime-2026-10-02/qa/task03b2b1/history/cycle2-final/candidate/qa/history/cycle1/qa/checks/history-before-uniqueness/discovery.stdout.txt
_goals/convex-backend-runtime-2026-10-02/qa/task03b2b1/history/cycle2-final/candidate/qa/history/cycle1/qa/checks/history-before-uniqueness/scoped-lint.stderr.txt
_goals/convex-backend-runtime-2026-10-02/qa/task03b2b1/history/cycle2-final/candidate/qa/history/cycle1/qa/checks/history-before-uniqueness/npm-version.stdout.txt
_goals/convex-backend-runtime-2026-10-02/qa/task03b2b1/history/cycle2-final/candidate/qa/history/cycle1/qa/checks/history-before-uniqueness/scoped-lint.stdout.txt
_goals/convex-backend-runtime-2026-10-02/qa/task03b2b1/history/cycle2-final/candidate/qa/history/cycle1/qa/checks/history-before-uniqueness/baseline-commands.json
_goals/convex-backend-runtime-2026-10-02/qa/task03b2b1/history/cycle2-final/candidate/qa/history/cycle1/qa/checks/history-before-uniqueness/scoped-types.stdout.txt
_goals/convex-backend-runtime-2026-10-02/qa/task03b2b1/history/cycle2-final/candidate/qa/history/cycle1/qa/checks/history-before-uniqueness/backend-types.stderr.txt
_goals/convex-backend-runtime-2026-10-02/qa/task03b2b1/history/cycle2-final/candidate/qa/history/cycle1/qa/checks/node-version.stderr.txt
_goals/convex-backend-runtime-2026-10-02/qa/task03b2b1/history/cycle2-final/candidate/qa/history/cycle1/qa/checks/discovery.stderr.txt
_goals/convex-backend-runtime-2026-10-02/qa/task03b2b1/history/cycle1/qa/checks/history-before-inserted-witnesses/node-version.stderr.txt
_goals/convex-backend-runtime-2026-10-02/qa/task03b2b1/history/cycle1/qa/checks/history-before-inserted-witnesses/discovery.stderr.txt
_goals/convex-backend-runtime-2026-10-02/qa/task03b2b1/history/cycle1/qa/checks/history-before-inserted-witnesses/npm-version.stderr.txt
_goals/convex-backend-runtime-2026-10-02/qa/task03b2b1/history/cycle1/qa/checks/history-before-inserted-witnesses/diff-check.stdout.txt
_goals/convex-backend-runtime-2026-10-02/qa/task03b2b1/history/cycle1/qa/checks/history-before-inserted-witnesses/tests.stdout.txt
_goals/convex-backend-runtime-2026-10-02/qa/task03b2b1/history/cycle1/qa/checks/history-before-inserted-witnesses/root-types-diagnostic.stdout.txt
_goals/convex-backend-runtime-2026-10-02/qa/task03b2b1/history/cycle1/qa/checks/history-before-inserted-witnesses/baseline-root-lint-types.stderr.txt
_goals/convex-backend-runtime-2026-10-02/qa/task03b2b1/history/cycle1/qa/checks/history-before-inserted-witnesses/commands.json
_goals/convex-backend-runtime-2026-10-02/qa/task03b2b1/history/cycle1/qa/checks/history-before-inserted-witnesses/catalog.stdout.txt
_goals/convex-backend-runtime-2026-10-02/qa/task03b2b1/history/cycle1/qa/checks/history-before-inserted-witnesses/backend-types.stdout.txt
_goals/convex-backend-runtime-2026-10-02/qa/task03b2b1/history/cycle1/qa/checks/history-before-inserted-witnesses/diff-check.stderr.txt
_goals/convex-backend-runtime-2026-10-02/qa/task03b2b1/history/cycle1/qa/checks/history-before-inserted-witnesses/baseline-root-lint-types.stdout.txt
_goals/convex-backend-runtime-2026-10-02/qa/task03b2b1/history/cycle1/qa/checks/history-before-inserted-witnesses/baseline-root-types.stdout.txt
_goals/convex-backend-runtime-2026-10-02/qa/task03b2b1/history/cycle1/qa/checks/history-before-inserted-witnesses/catalog.stderr.txt
_goals/convex-backend-runtime-2026-10-02/qa/task03b2b1/history/cycle1/qa/checks/history-before-inserted-witnesses/tests.stderr.txt
_goals/convex-backend-runtime-2026-10-02/qa/task03b2b1/history/cycle1/qa/checks/history-before-inserted-witnesses/scoped-types.stderr.txt
_goals/convex-backend-runtime-2026-10-02/qa/task03b2b1/history/cycle1/qa/checks/history-before-inserted-witnesses/baseline-root-types.stderr.txt
_goals/convex-backend-runtime-2026-10-02/qa/task03b2b1/history/cycle1/qa/checks/history-before-inserted-witnesses/root-types-diagnostic.stderr.txt
_goals/convex-backend-runtime-2026-10-02/qa/task03b2b1/history/cycle1/qa/checks/history-before-inserted-witnesses/tests-final.json
_goals/convex-backend-runtime-2026-10-02/qa/task03b2b1/history/cycle1/qa/checks/history-before-inserted-witnesses/node-version.stdout.txt
_goals/convex-backend-runtime-2026-10-02/qa/task03b2b1/history/cycle1/qa/checks/history-before-inserted-witnesses/root-lint-types-diagnostic.stderr.txt
_goals/convex-backend-runtime-2026-10-02/qa/task03b2b1/history/cycle1/qa/checks/history-before-inserted-witnesses/root-lint-types-diagnostic.stdout.txt
_goals/convex-backend-runtime-2026-10-02/qa/task03b2b1/history/cycle1/qa/checks/history-before-inserted-witnesses/discovery.stdout.txt
_goals/convex-backend-runtime-2026-10-02/qa/task03b2b1/history/cycle1/qa/checks/history-before-inserted-witnesses/scoped-lint.stderr.txt
_goals/convex-backend-runtime-2026-10-02/qa/task03b2b1/history/cycle1/qa/checks/history-before-inserted-witnesses/npm-version.stdout.txt
_goals/convex-backend-runtime-2026-10-02/qa/task03b2b1/history/cycle1/qa/checks/history-before-inserted-witnesses/scoped-lint.stdout.txt
_goals/convex-backend-runtime-2026-10-02/qa/task03b2b1/history/cycle1/qa/checks/history-before-inserted-witnesses/baseline-commands.json
_goals/convex-backend-runtime-2026-10-02/qa/task03b2b1/history/cycle1/qa/checks/history-before-inserted-witnesses/scoped-types.stdout.txt
_goals/convex-backend-runtime-2026-10-02/qa/task03b2b1/history/cycle1/qa/checks/history-before-inserted-witnesses/backend-types.stderr.txt
_goals/convex-backend-runtime-2026-10-02/qa/task03b2b1/history/cycle1/qa/checks/baseline-root-types.stdout.txt
_goals/convex-backend-runtime-2026-10-02/qa/task03b2b1/history/cycle1/qa/checks/catalog.stderr.txt
_goals/convex-backend-runtime-2026-10-02/qa/task03b2b1/history/cycle1/qa/checks/tests.stderr.txt
_goals/convex-backend-runtime-2026-10-02/qa/task03b2b1/history/cycle1/qa/checks/scoped-types.stderr.txt
_goals/convex-backend-runtime-2026-10-02/qa/task03b2b1/history/cycle2-final/candidate/qa/history/cycle1/qa/checks/history-before-id-compatibility/node-version.stderr.txt
_goals/convex-backend-runtime-2026-10-02/qa/task03b2b1/history/cycle2-final/candidate/qa/history/cycle1/qa/checks/history-before-id-compatibility/discovery.stderr.txt
_goals/convex-backend-runtime-2026-10-02/qa/task03b2b1/history/cycle2-final/candidate/qa/history/cycle1/qa/checks/history-before-id-compatibility/npm-version.stderr.txt
_goals/convex-backend-runtime-2026-10-02/qa/task03b2b1/history/cycle2-final/candidate/qa/history/cycle1/qa/checks/history-before-id-compatibility/diff-check.stdout.txt
_goals/convex-backend-runtime-2026-10-02/qa/task03b2b1/history/cycle2-final/candidate/qa/history/cycle1/qa/checks/history-before-id-compatibility/tests.stdout.txt
_goals/convex-backend-runtime-2026-10-02/qa/task03b2b1/history/cycle2-final/candidate/qa/history/cycle1/qa/checks/history-before-id-compatibility/root-types-diagnostic.stdout.txt
_goals/convex-backend-runtime-2026-10-02/qa/task03b2b1/history/cycle2-final/candidate/qa/history/cycle1/qa/checks/history-before-id-compatibility/baseline-root-lint-types.stderr.txt
_goals/convex-backend-runtime-2026-10-02/qa/task03b2b1/history/cycle2-final/candidate/qa/history/cycle1/qa/checks/history-before-id-compatibility/commands.json
_goals/convex-backend-runtime-2026-10-02/qa/task03b2b1/history/cycle2-final/candidate/qa/history/cycle1/qa/checks/history-before-id-compatibility/catalog.stdout.txt
_goals/convex-backend-runtime-2026-10-02/qa/task03b2b1/history/cycle2-final/candidate/qa/history/cycle1/qa/checks/history-before-id-compatibility/backend-types.stdout.txt
_goals/convex-backend-runtime-2026-10-02/qa/task03b2b1/history/cycle2-final/candidate/qa/history/cycle1/qa/checks/history-before-id-compatibility/diff-check.stderr.txt
_goals/convex-backend-runtime-2026-10-02/qa/task03b2b1/history/cycle2-final/candidate/qa/history/cycle1/qa/checks/history-before-id-compatibility/baseline-root-lint-types.stdout.txt
_goals/convex-backend-runtime-2026-10-02/qa/task03b2b1/history/cycle2-final/candidate/qa/history/cycle1/qa/checks/history-before-id-compatibility/baseline-root-types.stdout.txt
_goals/convex-backend-runtime-2026-10-02/qa/task03b2b1/history/cycle2-final/candidate/qa/history/cycle1/qa/checks/history-before-id-compatibility/catalog.stderr.txt
_goals/convex-backend-runtime-2026-10-02/qa/task03b2b1/history/cycle2-final/candidate/qa/history/cycle1/qa/checks/history-before-id-compatibility/tests.stderr.txt
_goals/convex-backend-runtime-2026-10-02/qa/task03b2b1/history/cycle2-final/candidate/qa/history/cycle1/qa/checks/history-before-id-compatibility/scoped-types.stderr.txt
_goals/convex-backend-runtime-2026-10-02/qa/task03b2b1/history/cycle2-final/candidate/qa/history/cycle1/qa/checks/history-before-id-compatibility/baseline-root-types.stderr.txt
_goals/convex-backend-runtime-2026-10-02/qa/task03b2b1/history/cycle2-final/candidate/qa/history/cycle1/qa/checks/history-before-id-compatibility/root-types-diagnostic.stderr.txt
_goals/convex-backend-runtime-2026-10-02/qa/task03b2b1/history/cycle2-final/candidate/qa/history/cycle1/qa/checks/history-before-id-compatibility/tests-final.json
_goals/convex-backend-runtime-2026-10-02/qa/task03b2b1/history/cycle2-final/candidate/qa/history/cycle1/qa/checks/history-before-id-compatibility/node-version.stdout.txt
_goals/convex-backend-runtime-2026-10-02/qa/task03b2b1/history/cycle2-final/candidate/qa/history/cycle1/qa/checks/history-before-id-compatibility/root-lint-types-diagnostic.stderr.txt
_goals/convex-backend-runtime-2026-10-02/qa/task03b2b1/history/cycle2-final/candidate/qa/history/cycle1/qa/checks/history-before-id-compatibility/root-lint-types-diagnostic.stdout.txt
_goals/convex-backend-runtime-2026-10-02/qa/task03b2b1/history/cycle2-final/candidate/qa/history/cycle1/qa/checks/history-before-id-compatibility/discovery.stdout.txt
_goals/convex-backend-runtime-2026-10-02/qa/task03b2b1/history/cycle2-final/candidate/qa/history/cycle1/qa/checks/history-before-id-compatibility/scoped-lint.stderr.txt
_goals/convex-backend-runtime-2026-10-02/qa/task03b2b1/history/cycle2-final/candidate/qa/history/cycle1/qa/checks/history-before-id-compatibility/npm-version.stdout.txt
_goals/convex-backend-runtime-2026-10-02/qa/task03b2b1/history/cycle2-final/candidate/qa/history/cycle1/qa/checks/history-before-id-compatibility/scoped-lint.stdout.txt
_goals/convex-backend-runtime-2026-10-02/qa/task03b2b1/history/cycle2-final/candidate/qa/history/cycle1/qa/checks/history-before-id-compatibility/baseline-commands.json
_goals/convex-backend-runtime-2026-10-02/qa/task03b2b1/history/cycle2-final/candidate/qa/history/cycle1/qa/checks/history-before-id-compatibility/scoped-types.stdout.txt
_goals/convex-backend-runtime-2026-10-02/qa/task03b2b1/history/cycle2-final/candidate/qa/history/cycle1/qa/checks/history-before-id-compatibility/backend-types.stderr.txt
_goals/convex-backend-runtime-2026-10-02/qa/task03b2b1/history/cycle2-final/candidate/qa/history/cycle1/qa/checks/run-checks.py.text
_goals/convex-backend-runtime-2026-10-02/qa/task03b2b1/history/cycle2-final/candidate/qa/history/cycle1/qa/checks/npm-version.stderr.txt
_goals/convex-backend-runtime-2026-10-02/qa/task03b2b1/history/cycle1/qa/checks/history-initial/node-version.stderr.txt
_goals/convex-backend-runtime-2026-10-02/qa/task03b2b1/history/cycle1/qa/checks/history-initial/discovery.stderr.txt
_goals/convex-backend-runtime-2026-10-02/qa/task03b2b1/history/cycle1/qa/checks/history-initial/npm-version.stderr.txt
_goals/convex-backend-runtime-2026-10-02/qa/task03b2b1/history/cycle1/qa/checks/history-initial/diff-check.stdout.txt
_goals/convex-backend-runtime-2026-10-02/qa/task03b2b1/history/cycle1/qa/checks/history-initial/tests.stdout.txt
_goals/convex-backend-runtime-2026-10-02/qa/task03b2b1/history/cycle1/qa/checks/history-initial/root-types-diagnostic.stdout.txt
_goals/convex-backend-runtime-2026-10-02/qa/task03b2b1/history/cycle1/qa/checks/history-initial/commands.json
_goals/convex-backend-runtime-2026-10-02/qa/task03b2b1/history/cycle1/qa/checks/history-initial/catalog.stdout.txt
_goals/convex-backend-runtime-2026-10-02/qa/task03b2b1/history/cycle1/qa/checks/history-initial/backend-types.stdout.txt
_goals/convex-backend-runtime-2026-10-02/qa/task03b2b1/history/cycle1/qa/checks/history-initial/diff-check.stderr.txt
_goals/convex-backend-runtime-2026-10-02/qa/task03b2b1/history/cycle1/qa/checks/history-initial/catalog.stderr.txt
_goals/convex-backend-runtime-2026-10-02/qa/task03b2b1/history/cycle1/qa/checks/history-initial/tests.stderr.txt
_goals/convex-backend-runtime-2026-10-02/qa/task03b2b1/history/cycle1/qa/checks/history-initial/scoped-types.stderr.txt
_goals/convex-backend-runtime-2026-10-02/qa/task03b2b1/history/cycle1/qa/checks/history-initial/root-types-diagnostic.stderr.txt
_goals/convex-backend-runtime-2026-10-02/qa/task03b2b1/history/cycle1/qa/checks/history-initial/tests-final.json
_goals/convex-backend-runtime-2026-10-02/qa/task03b2b1/history/cycle1/qa/checks/history-initial/node-version.stdout.txt
_goals/convex-backend-runtime-2026-10-02/qa/task03b2b1/history/cycle1/qa/checks/history-initial/root-lint-types-diagnostic.stderr.txt
_goals/convex-backend-runtime-2026-10-02/qa/task03b2b1/history/cycle1/qa/checks/history-initial/root-lint-types-diagnostic.stdout.txt
_goals/convex-backend-runtime-2026-10-02/qa/task03b2b1/history/cycle1/qa/checks/history-initial/discovery.stdout.txt
_goals/convex-backend-runtime-2026-10-02/qa/task03b2b1/history/cycle1/qa/checks/history-initial/scoped-lint.stderr.txt
_goals/convex-backend-runtime-2026-10-02/qa/task03b2b1/history/cycle1/qa/checks/history-initial/npm-version.stdout.txt
_goals/convex-backend-runtime-2026-10-02/qa/task03b2b1/history/cycle1/qa/checks/history-initial/scoped-lint.stdout.txt
_goals/convex-backend-runtime-2026-10-02/qa/task03b2b1/history/cycle1/qa/checks/history-initial/scoped-types.stdout.txt
_goals/convex-backend-runtime-2026-10-02/qa/task03b2b1/history/cycle1/qa/checks/history-initial/backend-types.stderr.txt
_goals/convex-backend-runtime-2026-10-02/qa/task03b2b1/history/cycle1/qa/checks/baseline-root-types.stderr.txt
_goals/convex-backend-runtime-2026-10-02/qa/task03b2b1/history/cycle1/qa/checks/root-types-diagnostic.stderr.txt
_goals/convex-backend-runtime-2026-10-02/qa/task03b2b1/history/cycle1/qa/checks/tests-final.json
_goals/convex-backend-runtime-2026-10-02/qa/task03b2b1/history/cycle1/qa/checks/node-version.stdout.txt
_goals/convex-backend-runtime-2026-10-02/qa/task03b2b1/history/cycle1/qa/checks/root-lint-types-diagnostic.stderr.txt
_goals/convex-backend-runtime-2026-10-02/qa/task03b2b1/history/cycle1/qa/checks/root-lint-types-diagnostic.stdout.txt
_goals/convex-backend-runtime-2026-10-02/qa/task03b2b1/history/cycle1/qa/checks/discovery.stdout.txt
_goals/convex-backend-runtime-2026-10-02/qa/task03b2b1/history/cycle1/qa/checks/scoped-lint.stderr.txt
_goals/convex-backend-runtime-2026-10-02/qa/task03b2b1/history/cycle2-final/candidate/qa/history/cycle1/qa/checks/history-json-contract-specification-correction/node-version.stderr.txt
_goals/convex-backend-runtime-2026-10-02/qa/task03b2b1/history/cycle2-final/candidate/qa/history/cycle1/qa/checks/history-json-contract-specification-correction/discovery.stderr.txt
_goals/convex-backend-runtime-2026-10-02/qa/task03b2b1/history/cycle2-final/candidate/qa/history/cycle1/qa/checks/history-json-contract-specification-correction/npm-version.stderr.txt
_goals/convex-backend-runtime-2026-10-02/qa/task03b2b1/history/cycle2-final/candidate/qa/history/cycle1/qa/checks/history-json-contract-specification-correction/diff-check.stdout.txt
_goals/convex-backend-runtime-2026-10-02/qa/task03b2b1/history/cycle2-final/candidate/qa/history/cycle1/qa/checks/history-json-contract-specification-correction/tests.stdout.txt
_goals/convex-backend-runtime-2026-10-02/qa/task03b2b1/history/cycle2-final/candidate/qa/history/cycle1/qa/checks/history-json-contract-specification-correction/root-types-diagnostic.stdout.txt
_goals/convex-backend-runtime-2026-10-02/qa/task03b2b1/history/cycle2-final/candidate/qa/history/cycle1/qa/checks/history-json-contract-specification-correction/baseline-root-lint-types.stderr.txt
_goals/convex-backend-runtime-2026-10-02/qa/task03b2b1/history/cycle2-final/candidate/qa/history/cycle1/qa/checks/history-json-contract-specification-correction/commands.json
_goals/convex-backend-runtime-2026-10-02/qa/task03b2b1/history/cycle2-final/candidate/qa/history/cycle1/qa/checks/history-json-contract-specification-correction/catalog.stdout.txt
_goals/convex-backend-runtime-2026-10-02/qa/task03b2b1/history/cycle2-final/candidate/qa/history/cycle1/qa/checks/history-json-contract-specification-correction/backend-types.stdout.txt
_goals/convex-backend-runtime-2026-10-02/qa/task03b2b1/history/cycle2-final/candidate/qa/history/cycle1/qa/checks/history-json-contract-specification-correction/diff-check.stderr.txt
_goals/convex-backend-runtime-2026-10-02/qa/task03b2b1/history/cycle2-final/candidate/qa/history/cycle1/qa/checks/history-json-contract-specification-correction/baseline-root-lint-types.stdout.txt
_goals/convex-backend-runtime-2026-10-02/qa/task03b2b1/history/cycle2-final/candidate/qa/history/cycle1/qa/checks/history-json-contract-specification-correction/baseline-root-types.stdout.txt
_goals/convex-backend-runtime-2026-10-02/qa/task03b2b1/history/cycle2-final/candidate/qa/history/cycle1/qa/checks/history-json-contract-specification-correction/catalog.stderr.txt
_goals/convex-backend-runtime-2026-10-02/qa/task03b2b1/history/cycle2-final/candidate/qa/history/cycle1/qa/checks/history-json-contract-specification-correction/tests.stderr.txt
_goals/convex-backend-runtime-2026-10-02/qa/task03b2b1/history/cycle2-final/candidate/qa/history/cycle1/qa/checks/history-json-contract-specification-correction/scoped-types.stderr.txt
_goals/convex-backend-runtime-2026-10-02/qa/task03b2b1/history/cycle2-final/candidate/qa/history/cycle1/qa/checks/history-json-contract-specification-correction/baseline-root-types.stderr.txt
_goals/convex-backend-runtime-2026-10-02/qa/task03b2b1/history/cycle2-final/candidate/qa/history/cycle1/qa/checks/history-json-contract-specification-correction/root-types-diagnostic.stderr.txt
_goals/convex-backend-runtime-2026-10-02/qa/task03b2b1/history/cycle2-final/candidate/qa/history/cycle1/qa/checks/history-json-contract-specification-correction/tests-final.json
_goals/convex-backend-runtime-2026-10-02/qa/task03b2b1/history/cycle2-final/candidate/qa/history/cycle1/qa/checks/history-json-contract-specification-correction/node-version.stdout.txt
_goals/convex-backend-runtime-2026-10-02/qa/task03b2b1/history/cycle2-final/candidate/qa/history/cycle1/qa/checks/history-json-contract-specification-correction/root-lint-types-diagnostic.stderr.txt
_goals/convex-backend-runtime-2026-10-02/qa/task03b2b1/history/cycle2-final/candidate/qa/history/cycle1/qa/checks/history-json-contract-specification-correction/root-lint-types-diagnostic.stdout.txt
_goals/convex-backend-runtime-2026-10-02/qa/task03b2b1/history/cycle2-final/candidate/qa/history/cycle1/qa/checks/history-json-contract-specification-correction/discovery.stdout.txt
_goals/convex-backend-runtime-2026-10-02/qa/task03b2b1/history/cycle2-final/candidate/qa/history/cycle1/qa/checks/history-json-contract-specification-correction/scoped-lint.stderr.txt
_goals/convex-backend-runtime-2026-10-02/qa/task03b2b1/history/cycle2-final/candidate/qa/history/cycle1/qa/checks/history-json-contract-specification-correction/npm-version.stdout.txt
_goals/convex-backend-runtime-2026-10-02/qa/task03b2b1/history/cycle2-final/candidate/qa/history/cycle1/qa/checks/history-json-contract-specification-correction/scoped-lint.stdout.txt
_goals/convex-backend-runtime-2026-10-02/qa/task03b2b1/history/cycle2-final/candidate/qa/history/cycle1/qa/checks/history-json-contract-specification-correction/baseline-commands.json
_goals/convex-backend-runtime-2026-10-02/qa/task03b2b1/history/cycle2-final/candidate/qa/history/cycle1/qa/checks/history-json-contract-specification-correction/scoped-types.stdout.txt
_goals/convex-backend-runtime-2026-10-02/qa/task03b2b1/history/cycle2-final/candidate/qa/history/cycle1/qa/checks/history-json-contract-specification-correction/backend-types.stderr.txt
_goals/convex-backend-runtime-2026-10-02/qa/task03b2b1/history/cycle2-final/candidate/qa/history/cycle1/qa/checks/diff-check.stdout.txt
_goals/convex-backend-runtime-2026-10-02/qa/task03b2b1/history/cycle2-final/candidate/qa/history/cycle1/qa/checks/tests.stdout.txt
_goals/convex-backend-runtime-2026-10-02/qa/task03c2-live-harness-review3-evidence/source-context/candidate/history/cycle2-final/candidate/public/evidence/guards-eabe4cc2-58f3-4c50-b3cc-44d3b2be1182.json
_goals/convex-backend-runtime-2026-10-02/qa/task03c2-live-harness-review3-evidence/source-context/candidate/history/cycle2-final/candidate/public/evidence/packed-prep-edef4f34-6d1a-4259-8a20-85d493e6977b.json
_goals/convex-backend-runtime-2026-10-02/qa/task03c2-live-harness-review3-evidence/source-context/candidate/history/cycle2-final/candidate/public/evidence/initial-failures.json
_goals/convex-backend-runtime-2026-10-02/qa/task03c2-live-harness-review3-evidence/source-context/candidate/history/cycle2-final/candidate/public/evidence/entrypoints-review-candidate.txt
_goals/convex-backend-runtime-2026-10-02/qa/task03c2-live-harness-review3-evidence/source-context/candidate/history/cycle2-final/candidate/public/evidence/classifier-fd726d1d-37e9-429f-94c2-69d6763d3d04.json
_goals/convex-backend-runtime-2026-10-02/qa/task03c2-live-harness-review3-evidence/source-context/candidate/history/cycle2-final/candidate/public/evidence/key-match-a931374f-cf32-4080-b97c-d3dffbdc5da6.json
_goals/convex-backend-runtime-2026-10-02/qa/task03c2-live-harness-review3-evidence/source-context/candidate/history/cycle2-final/candidate/public/evidence/qualify-e7c1a712-53f5-4aba-8e3f-4d87d5e2b11c.json
_goals/convex-backend-runtime-2026-10-02/qa/task03c2-live-harness-review3-evidence/source-context/candidate/history/cycle2-final/candidate/public/evidence/guards-50daf6ce-f3dc-4040-bdff-699fb7b61e7b.json
_goals/convex-backend-runtime-2026-10-02/qa/task03c2-live-harness-review3-evidence/source-context/candidate/history/cycle2-final/candidate/public/evidence/qualify-3a342d81-abd8-4e51-8cc5-28402ab7ad8f.json
_goals/convex-backend-runtime-2026-10-02/qa/task03c2-live-harness-review3-evidence/source-context/candidate/history/cycle2-final/candidate/public/evidence/client-prep-122f4ef9-fbb6-4c5c-89e0-049ae52b2dec.json
_goals/convex-backend-runtime-2026-10-02/qa/task03c2-live-harness-review3-evidence/source-context/candidate/history/cycle2-final/candidate/public/evidence/classifier-1193f001-ec79-4b47-90d0-cdcc35895247.json
_goals/convex-backend-runtime-2026-10-02/qa/task03c2-live-harness-review3-evidence/source-context/candidate/history/cycle2-final/candidate/public/evidence/qualify-275e28b3-fafe-4db1-b1ca-9a462c38fa37.json
_goals/convex-backend-runtime-2026-10-02/qa/task03c2-live-harness-review3-evidence/source-context/candidate/history/cycle2-final/candidate/public/evidence/driver-check-cbafdd38-443c-48dc-92ab-bbd771e731b0.json
_goals/convex-backend-runtime-2026-10-02/qa/task03c2-live-harness-review3-evidence/source-context/candidate/history/cycle2-final/candidate/public/evidence/client-prep-f4d1c1de-133e-487f-a35e-1e876753309b.json
_goals/convex-backend-runtime-2026-10-02/qa/task03c2-live-harness-review3-evidence/source-context/candidate/history/cycle2-final/candidate/public/evidence/guards-review-candidate.txt
_goals/convex-backend-runtime-2026-10-02/qa/task03c2-live-harness-review3-evidence/source-context/candidate/history/cycle2-final/candidate/public/evidence/key-match-5f56d1aa-4bf5-4195-9d58-8816a60817a0.json
_goals/convex-backend-runtime-2026-10-02/qa/task03c2-live-harness-review3-evidence/source-context/candidate/history/cycle2-final/candidate/public/evidence/bounds-e2334b32-ef33-4dec-aaad-caa1956667fb.json
_goals/convex-backend-runtime-2026-10-02/qa/task03c2-live-harness-review3-evidence/source-context/candidate/history/cycle2-final/candidate/public/evidence/classifier-7e39988e-5faf-4f1d-aaf0-6c3eeeef4a32.json
_goals/convex-backend-runtime-2026-10-02/qa/task03c2-live-harness-review3-evidence/source-context/candidate/history/cycle2-final/candidate/public/evidence/driver-check-ab95192e-e59e-459e-920d-c389441fa079.json
_goals/convex-backend-runtime-2026-10-02/qa/task03c2-live-harness-review3-evidence/source-context/candidate/history/cycle2-final/candidate/public/evidence/qualify-b4dbacad-4a6b-4941-bfc9-c90b42756670.json
_goals/convex-backend-runtime-2026-10-02/qa/task03c2-live-harness-review3-evidence/source-context/candidate/history/cycle2-final/candidate/public/evidence/entrypoints-78fe9e5c-34a1-448d-8b34-e1502819ad05.json
_goals/convex-backend-runtime-2026-10-02/qa/task03c2-live-harness-review3-evidence/source-context/candidate/history/cycle2-final/candidate/public/evidence/client-prep-0089a15c-02b1-48b3-adbf-28009d7e5e3b.json
_goals/convex-backend-runtime-2026-10-02/qa/task03c2-live-harness-review3-evidence/source-context/candidate/history/cycle2-final/candidate/public/evidence/qualify-ef3bbed2-76b0-4d2a-a14c-2a9d2b252794.json
_goals/convex-backend-runtime-2026-10-02/qa/task03c2-live-harness-review3-evidence/source-context/candidate/history/cycle2-final/candidate/public/evidence/driver-check-d5211e5c-0792-4763-8d71-64fba648fbcf.json
_goals/convex-backend-runtime-2026-10-02/qa/task03c2-live-harness-review3-evidence/source-context/candidate/history/cycle2-final/candidate/public/evidence/client-prep-cf3dfc1a-4728-4c48-916c-8c414a1b0f0a.json
_goals/convex-backend-runtime-2026-10-02/qa/task03c2-live-harness-review3-evidence/source-context/candidate/history/cycle2-final/candidate/public/evidence/qualify-d7331df9-9069-4611-a0fc-4321478a74db.json
_goals/convex-backend-runtime-2026-10-02/qa/task03c2-live-harness-review3-evidence/source-context/candidate/history/cycle2-final/candidate/public/evidence/qualify-6bf04663-9b52-4869-a4a6-4e3bdc2f1304.json
_goals/convex-backend-runtime-2026-10-02/qa/task03c2-live-harness-review3-evidence/source-context/candidate/history/cycle2-final/candidate/public/evidence/qualify-a98eb7c4-8498-4109-bbac-ddb5f9cf01a8.json
_goals/convex-backend-runtime-2026-10-02/qa/task03c2-live-harness-review3-evidence/source-context/candidate/history/cycle2-final/candidate/public/evidence/entrypoints-68ed674f-ea9e-4d40-962d-26050d7fc6f5.json
_goals/convex-backend-runtime-2026-10-02/qa/task03c2-live-harness-review3-evidence/source-context/candidate/history/cycle2-final/candidate/public/evidence/qualify-97684a3d-36c7-41fb-8968-7c65f05b3fb0.json
_goals/convex-backend-runtime-2026-10-02/qa/task03c2-live-harness-review3-evidence/source-context/candidate/history/cycle2-final/candidate/public/evidence/qualify-4282367f-441c-4893-b443-61123eb07c6e.json
_goals/convex-backend-runtime-2026-10-02/qa/task03c2-live-harness-review3-evidence/source-context/candidate/history/cycle2-final/candidate/public/evidence/qualify-b533cb5b-e305-4fa4-942f-22f90af4cb7e.json
_goals/convex-backend-runtime-2026-10-02/qa/task03c2-live-harness-review3-evidence/source-context/candidate/history/cycle2-final/candidate/public/evidence/qualify-7bf66d94-b9c1-4f4f-9216-b7de574c60ab.json
_goals/convex-backend-runtime-2026-10-02/qa/task03c2-live-harness-review3-evidence/source-context/candidate/history/cycle2-final/candidate/public/evidence/commands.json
_goals/convex-backend-runtime-2026-10-02/qa/task03c2-live-harness-review3-evidence/source-context/candidate/history/cycle2-final/candidate/public/evidence/qualify-fdef0569-9fb0-43b3-a1be-973500a697e5.json
_goals/convex-backend-runtime-2026-10-02/qa/task03c2-live-harness-review3-evidence/source-context/candidate/history/cycle2-final/candidate/public/evidence/key-match-4997ed87-1b79-448e-b45a-9aa6f2a2d9bb.json
_goals/convex-backend-runtime-2026-10-02/qa/task03c2-live-harness-review3-evidence/source-context/candidate/history/cycle2-final/candidate/public/evidence/key-match-469a6e4e-132a-48b7-b1a1-4fa2db1b674d.json
_goals/convex-backend-runtime-2026-10-02/qa/task03c2-live-harness-review3-evidence/source-context/candidate/history/cycle2-final/candidate/public/evidence/qualify-8139b820-ff26-4ae0-8e94-b6d799c7dd42.json
_goals/convex-backend-runtime-2026-10-02/qa/task03c2-live-harness-review3-evidence/source-context/candidate/history/cycle2-final/candidate/public/evidence/client-prep-a80100b1-b1e0-4822-8ac6-9a3ff0439258.json
_goals/convex-backend-runtime-2026-10-02/qa/task03c2-live-harness-review3-evidence/source-context/candidate/history/cycle2-final/candidate/public/evidence/qualify-64765855-ecc6-4620-a73b-7090e3a1ed9c.json
_goals/convex-backend-runtime-2026-10-02/qa/task03c2-live-harness-review3-evidence/source-context/candidate/history/cycle2-final/candidate/public/evidence/qualify-2ba761ab-4eed-41dc-a87f-7363b00a4b46.json
_goals/convex-backend-runtime-2026-10-02/qa/task03c2-live-harness-review3-evidence/source-context/candidate/history/cycle2-final/candidate/public/evidence/qualify-3a1cca6b-0eea-4800-a3b9-8ed21378e27c.json
_goals/convex-backend-runtime-2026-10-02/qa/task03c2-live-harness-review3-evidence/source-context/candidate/history/cycle2-final/candidate/public/evidence/scoped-lint-final.txt
_goals/convex-backend-runtime-2026-10-02/qa/task03c2-live-harness-review3-evidence/source-context/candidate/history/cycle2-final/candidate/public/evidence/key-match-review-candidate.txt
_goals/convex-backend-runtime-2026-10-02/qa/task03b2b1/history/cycle1/qa/checks/history-shape-validation/node-version.stderr.txt
_goals/convex-backend-runtime-2026-10-02/qa/task03b2b1/history/cycle1/qa/checks/history-shape-validation/discovery.stderr.txt
_goals/convex-backend-runtime-2026-10-02/qa/task03b2b1/history/cycle1/qa/checks/history-shape-validation/npm-version.stderr.txt
_goals/convex-backend-runtime-2026-10-02/qa/task03b2b1/history/cycle1/qa/checks/history-shape-validation/diff-check.stdout.txt
_goals/convex-backend-runtime-2026-10-02/qa/task03b2b1/history/cycle1/qa/checks/history-shape-validation/tests.stdout.txt
_goals/convex-backend-runtime-2026-10-02/qa/task03b2b1/history/cycle1/qa/checks/history-shape-validation/root-types-diagnostic.stdout.txt
_goals/convex-backend-runtime-2026-10-02/qa/task03b2b1/history/cycle1/qa/checks/history-shape-validation/baseline-root-lint-types.stderr.txt
_goals/convex-backend-runtime-2026-10-02/qa/task03b2b1/history/cycle1/qa/checks/history-shape-validation/commands.json
_goals/convex-backend-runtime-2026-10-02/qa/task03b2b1/history/cycle1/qa/checks/history-shape-validation/catalog.stdout.txt
_goals/convex-backend-runtime-2026-10-02/qa/task03b2b1/history/cycle1/qa/checks/history-shape-validation/backend-types.stdout.txt
_goals/convex-backend-runtime-2026-10-02/qa/task03b2b1/history/cycle1/qa/checks/history-shape-validation/diff-check.stderr.txt
_goals/convex-backend-runtime-2026-10-02/qa/task03b2b1/history/cycle1/qa/checks/history-shape-validation/baseline-root-lint-types.stdout.txt
_goals/convex-backend-runtime-2026-10-02/qa/task03b2b1/history/cycle1/qa/checks/history-shape-validation/baseline-root-types.stdout.txt
_goals/convex-backend-runtime-2026-10-02/qa/task03b2b1/history/cycle1/qa/checks/history-shape-validation/catalog.stderr.txt
_goals/convex-backend-runtime-2026-10-02/qa/task03b2b1/history/cycle1/qa/checks/history-shape-validation/tests.stderr.txt
_goals/convex-backend-runtime-2026-10-02/qa/task03b2b1/history/cycle1/qa/checks/history-shape-validation/scoped-types.stderr.txt
_goals/convex-backend-runtime-2026-10-02/qa/task03b2b1/history/cycle1/qa/checks/history-shape-validation/baseline-root-types.stderr.txt
_goals/convex-backend-runtime-2026-10-02/qa/task03b2b1/history/cycle1/qa/checks/history-shape-validation/root-types-diagnostic.stderr.txt
_goals/convex-backend-runtime-2026-10-02/qa/task03b2b1/history/cycle1/qa/checks/history-shape-validation/tests-final.json
_goals/convex-backend-runtime-2026-10-02/qa/task03b2b1/history/cycle1/qa/checks/history-shape-validation/node-version.stdout.txt
_goals/convex-backend-runtime-2026-10-02/qa/task03b2b1/history/cycle1/qa/checks/history-shape-validation/root-lint-types-diagnostic.stderr.txt
_goals/convex-backend-runtime-2026-10-02/qa/task03b2b1/history/cycle1/qa/checks/history-shape-validation/root-lint-types-diagnostic.stdout.txt
_goals/convex-backend-runtime-2026-10-02/qa/task03b2b1/history/cycle1/qa/checks/history-shape-validation/discovery.stdout.txt
_goals/convex-backend-runtime-2026-10-02/qa/task03b2b1/history/cycle1/qa/checks/history-shape-validation/scoped-lint.stderr.txt
_goals/convex-backend-runtime-2026-10-02/qa/task03b2b1/history/cycle1/qa/checks/history-shape-validation/npm-version.stdout.txt
_goals/convex-backend-runtime-2026-10-02/qa/task03b2b1/history/cycle1/qa/checks/history-shape-validation/scoped-lint.stdout.txt
_goals/convex-backend-runtime-2026-10-02/qa/task03b2b1/history/cycle1/qa/checks/history-shape-validation/baseline-commands.json
_goals/convex-backend-runtime-2026-10-02/qa/task03b2b1/history/cycle1/qa/checks/history-shape-validation/scoped-types.stdout.txt
_goals/convex-backend-runtime-2026-10-02/qa/task03b2b1/history/cycle1/qa/checks/history-shape-validation/backend-types.stderr.txt
_goals/convex-backend-runtime-2026-10-02/qa/task03b2b1/history/cycle1/qa/checks/npm-version.stdout.txt
_goals/convex-backend-runtime-2026-10-02/qa/task03b2b1/history/cycle2-final/candidate/qa/history/cycle1/qa/checks/history-before-retirement-witnesses/node-version.stderr.txt
_goals/convex-backend-runtime-2026-10-02/qa/task03b2b1/history/cycle2-final/candidate/qa/history/cycle1/qa/checks/history-before-retirement-witnesses/discovery.stderr.txt
_goals/convex-backend-runtime-2026-10-02/qa/task03b2b1/history/cycle2-final/candidate/qa/history/cycle1/qa/checks/history-before-retirement-witnesses/npm-version.stderr.txt
_goals/convex-backend-runtime-2026-10-02/qa/task03b2b1/history/cycle2-final/candidate/qa/history/cycle1/qa/checks/history-before-retirement-witnesses/diff-check.stdout.txt
_goals/convex-backend-runtime-2026-10-02/qa/task03b2b1/history/cycle2-final/candidate/qa/history/cycle1/qa/checks/history-before-retirement-witnesses/tests.stdout.txt
_goals/convex-backend-runtime-2026-10-02/qa/task03b2b1/history/cycle2-final/candidate/qa/history/cycle1/qa/checks/history-before-retirement-witnesses/root-types-diagnostic.stdout.txt
_goals/convex-backend-runtime-2026-10-02/qa/task03b2b1/history/cycle2-final/candidate/qa/history/cycle1/qa/checks/history-before-retirement-witnesses/baseline-root-lint-types.stderr.txt
_goals/convex-backend-runtime-2026-10-02/qa/task03b2b1/history/cycle2-final/candidate/qa/history/cycle1/qa/checks/history-before-retirement-witnesses/commands.json
_goals/convex-backend-runtime-2026-10-02/qa/task03b2b1/history/cycle2-final/candidate/qa/history/cycle1/qa/checks/history-before-retirement-witnesses/catalog.stdout.txt
_goals/convex-backend-runtime-2026-10-02/qa/task03b2b1/history/cycle2-final/candidate/qa/history/cycle1/qa/checks/history-before-retirement-witnesses/backend-types.stdout.txt
_goals/convex-backend-runtime-2026-10-02/qa/task03b2b1/history/cycle2-final/candidate/qa/history/cycle1/qa/checks/history-before-retirement-witnesses/diff-check.stderr.txt
_goals/convex-backend-runtime-2026-10-02/qa/task03b2b1/history/cycle2-final/candidate/qa/history/cycle1/qa/checks/history-before-retirement-witnesses/baseline-root-lint-types.stdout.txt
_goals/convex-backend-runtime-2026-10-02/qa/task03b2b1/history/cycle2-final/candidate/qa/history/cycle1/qa/checks/history-before-retirement-witnesses/baseline-root-types.stdout.txt
_goals/convex-backend-runtime-2026-10-02/qa/task03b2b1/history/cycle2-final/candidate/qa/history/cycle1/qa/checks/history-before-retirement-witnesses/catalog.stderr.txt
_goals/convex-backend-runtime-2026-10-02/qa/task03b2b1/history/cycle2-final/candidate/qa/history/cycle1/qa/checks/history-before-retirement-witnesses/tests.stderr.txt
_goals/convex-backend-runtime-2026-10-02/qa/task03b2b1/history/cycle2-final/candidate/qa/history/cycle1/qa/checks/history-before-retirement-witnesses/scoped-types.stderr.txt
_goals/convex-backend-runtime-2026-10-02/qa/task03b2b1/history/cycle2-final/candidate/qa/history/cycle1/qa/checks/history-before-retirement-witnesses/baseline-root-types.stderr.txt
_goals/convex-backend-runtime-2026-10-02/qa/task03b2b1/history/cycle2-final/candidate/qa/history/cycle1/qa/checks/history-before-retirement-witnesses/root-types-diagnostic.stderr.txt
_goals/convex-backend-runtime-2026-10-02/qa/task03b2b1/history/cycle2-final/candidate/qa/history/cycle1/qa/checks/history-before-retirement-witnesses/tests-final.json
_goals/convex-backend-runtime-2026-10-02/qa/task03b2b1/history/cycle2-final/candidate/qa/history/cycle1/qa/checks/history-before-retirement-witnesses/node-version.stdout.txt
_goals/convex-backend-runtime-2026-10-02/qa/task03b2b1/history/cycle2-final/candidate/qa/history/cycle1/qa/checks/history-before-retirement-witnesses/root-lint-types-diagnostic.stderr.txt
_goals/convex-backend-runtime-2026-10-02/qa/task03b2b1/history/cycle2-final/candidate/qa/history/cycle1/qa/checks/history-before-retirement-witnesses/root-lint-types-diagnostic.stdout.txt
_goals/convex-backend-runtime-2026-10-02/qa/task03b2b1/history/cycle2-final/candidate/qa/history/cycle1/qa/checks/history-before-retirement-witnesses/discovery.stdout.txt
_goals/convex-backend-runtime-2026-10-02/qa/task03b2b1/history/cycle2-final/candidate/qa/history/cycle1/qa/checks/history-before-retirement-witnesses/scoped-lint.stderr.txt
_goals/convex-backend-runtime-2026-10-02/qa/task03b2b1/history/cycle2-final/candidate/qa/history/cycle1/qa/checks/history-before-retirement-witnesses/npm-version.stdout.txt
_goals/convex-backend-runtime-2026-10-02/qa/task03b2b1/history/cycle2-final/candidate/qa/history/cycle1/qa/checks/history-before-retirement-witnesses/scoped-lint.stdout.txt
_goals/convex-backend-runtime-2026-10-02/qa/task03b2b1/history/cycle2-final/candidate/qa/history/cycle1/qa/checks/history-before-retirement-witnesses/baseline-commands.json
_goals/convex-backend-runtime-2026-10-02/qa/task03b2b1/history/cycle2-final/candidate/qa/history/cycle1/qa/checks/history-before-retirement-witnesses/scoped-types.stdout.txt
_goals/convex-backend-runtime-2026-10-02/qa/task03b2b1/history/cycle2-final/candidate/qa/history/cycle1/qa/checks/history-before-retirement-witnesses/backend-types.stderr.txt
_goals/convex-backend-runtime-2026-10-02/qa/task03b2b1/history/cycle1/qa/checks/history-before-create-read-probes/node-version.stderr.txt
_goals/convex-backend-runtime-2026-10-02/qa/task03b2b1/history/cycle1/qa/checks/history-before-create-read-probes/discovery.stderr.txt
_goals/convex-backend-runtime-2026-10-02/qa/task03b2b1/history/cycle1/qa/checks/history-before-create-read-probes/npm-version.stderr.txt
_goals/convex-backend-runtime-2026-10-02/qa/task03b2b1/history/cycle1/qa/checks/history-before-create-read-probes/diff-check.stdout.txt
_goals/convex-backend-runtime-2026-10-02/qa/task03b2b1/history/cycle1/qa/checks/history-before-create-read-probes/tests.stdout.txt
_goals/convex-backend-runtime-2026-10-02/qa/task03b2b1/history/cycle1/qa/checks/history-before-create-read-probes/root-types-diagnostic.stdout.txt
_goals/convex-backend-runtime-2026-10-02/qa/task03b2b1/history/cycle1/qa/checks/history-before-create-read-probes/baseline-root-lint-types.stderr.txt
_goals/convex-backend-runtime-2026-10-02/qa/task03b2b1/history/cycle1/qa/checks/history-before-create-read-probes/commands.json
_goals/convex-backend-runtime-2026-10-02/qa/task03b2b1/history/cycle1/qa/checks/history-before-create-read-probes/catalog.stdout.txt
_goals/convex-backend-runtime-2026-10-02/qa/task03b2b1/history/cycle1/qa/checks/history-before-create-read-probes/backend-types.stdout.txt
_goals/convex-backend-runtime-2026-10-02/qa/task03b2b1/history/cycle1/qa/checks/history-before-create-read-probes/diff-check.stderr.txt
_goals/convex-backend-runtime-2026-10-02/qa/task03b2b1/history/cycle1/qa/checks/history-before-create-read-probes/baseline-root-lint-types.stdout.txt
_goals/convex-backend-runtime-2026-10-02/qa/task03b2b1/history/cycle1/qa/checks/history-before-create-read-probes/baseline-root-types.stdout.txt
_goals/convex-backend-runtime-2026-10-02/qa/task03b2b1/history/cycle1/qa/checks/history-before-create-read-probes/catalog.stderr.txt
_goals/convex-backend-runtime-2026-10-02/qa/task03b2b1/history/cycle1/qa/checks/history-before-create-read-probes/tests.stderr.txt
_goals/convex-backend-runtime-2026-10-02/qa/task03b2b1/history/cycle1/qa/checks/history-before-create-read-probes/scoped-types.stderr.txt
_goals/convex-backend-runtime-2026-10-02/qa/task03b2b1/history/cycle1/qa/checks/history-before-create-read-probes/baseline-root-types.stderr.txt
_goals/convex-backend-runtime-2026-10-02/qa/task03b2b1/history/cycle1/qa/checks/history-before-create-read-probes/root-types-diagnostic.stderr.txt
_goals/convex-backend-runtime-2026-10-02/qa/task03b2b1/history/cycle1/qa/checks/history-before-create-read-probes/tests-final.json
_goals/convex-backend-runtime-2026-10-02/qa/task03b2b1/history/cycle1/qa/checks/history-before-create-read-probes/node-version.stdout.txt
_goals/convex-backend-runtime-2026-10-02/qa/task03b2b1/history/cycle1/qa/checks/history-before-create-read-probes/root-lint-types-diagnostic.stderr.txt
_goals/convex-backend-runtime-2026-10-02/qa/task03b2b1/history/cycle1/qa/checks/history-before-create-read-probes/root-lint-types-diagnostic.stdout.txt
_goals/convex-backend-runtime-2026-10-02/qa/task03b2b1/history/cycle1/qa/checks/history-before-create-read-probes/discovery.stdout.txt
_goals/convex-backend-runtime-2026-10-02/qa/task03b2b1/history/cycle1/qa/checks/history-before-create-read-probes/scoped-lint.stderr.txt
_goals/convex-backend-runtime-2026-10-02/qa/task03b2b1/history/cycle1/qa/checks/history-before-create-read-probes/npm-version.stdout.txt
_goals/convex-backend-runtime-2026-10-02/qa/task03b2b1/history/cycle1/qa/checks/history-before-create-read-probes/scoped-lint.stdout.txt
_goals/convex-backend-runtime-2026-10-02/qa/task03b2b1/history/cycle1/qa/checks/history-before-create-read-probes/baseline-commands.json
_goals/convex-backend-runtime-2026-10-02/qa/task03b2b1/history/cycle1/qa/checks/history-before-create-read-probes/scoped-types.stdout.txt
_goals/convex-backend-runtime-2026-10-02/qa/task03b2b1/history/cycle1/qa/checks/history-before-create-read-probes/backend-types.stderr.txt
_goals/convex-backend-runtime-2026-10-02/qa/task03b2b1/history/cycle2-final/candidate/qa/history/cycle1/qa/checks/history-native-codec-required-metadata/node-version.stderr.txt
_goals/convex-backend-runtime-2026-10-02/qa/task03b2b1/history/cycle2-final/candidate/qa/history/cycle1/qa/checks/history-native-codec-required-metadata/discovery.stderr.txt
_goals/convex-backend-runtime-2026-10-02/qa/task03b2b1/history/cycle2-final/candidate/qa/history/cycle1/qa/checks/history-native-codec-required-metadata/npm-version.stderr.txt
_goals/convex-backend-runtime-2026-10-02/qa/task03b2b1/history/cycle2-final/candidate/qa/history/cycle1/qa/checks/history-native-codec-required-metadata/diff-check.stdout.txt
_goals/convex-backend-runtime-2026-10-02/qa/task03b2b1/history/cycle2-final/candidate/qa/history/cycle1/qa/checks/history-native-codec-required-metadata/tests.stdout.txt
_goals/convex-backend-runtime-2026-10-02/qa/task03b2b1/history/cycle2-final/candidate/qa/history/cycle1/qa/checks/history-native-codec-required-metadata/root-types-diagnostic.stdout.txt
_goals/convex-backend-runtime-2026-10-02/qa/task03b2b1/history/cycle2-final/candidate/qa/history/cycle1/qa/checks/history-native-codec-required-metadata/baseline-root-lint-types.stderr.txt
_goals/convex-backend-runtime-2026-10-02/qa/task03b2b1/history/cycle2-final/candidate/qa/history/cycle1/qa/checks/history-native-codec-required-metadata/commands.json
_goals/convex-backend-runtime-2026-10-02/qa/task03b2b1/history/cycle2-final/candidate/qa/history/cycle1/qa/checks/history-native-codec-required-metadata/catalog.stdout.txt
_goals/convex-backend-runtime-2026-10-02/qa/task03b2b1/history/cycle2-final/candidate/qa/history/cycle1/qa/checks/history-native-codec-required-metadata/backend-types.stdout.txt
_goals/convex-backend-runtime-2026-10-02/qa/task03b2b1/history/cycle2-final/candidate/qa/history/cycle1/qa/checks/history-native-codec-required-metadata/diff-check.stderr.txt
_goals/convex-backend-runtime-2026-10-02/qa/task03b2b1/history/cycle2-final/candidate/qa/history/cycle1/qa/checks/history-native-codec-required-metadata/baseline-root-lint-types.stdout.txt
_goals/convex-backend-runtime-2026-10-02/qa/task03b2b1/history/cycle2-final/candidate/qa/history/cycle1/qa/checks/history-native-codec-required-metadata/baseline-root-types.stdout.txt
_goals/convex-backend-runtime-2026-10-02/qa/task03b2b1/history/cycle2-final/candidate/qa/history/cycle1/qa/checks/history-native-codec-required-metadata/catalog.stderr.txt
_goals/convex-backend-runtime-2026-10-02/qa/task03b2b1/history/cycle2-final/candidate/qa/history/cycle1/qa/checks/history-native-codec-required-metadata/tests.stderr.txt
_goals/convex-backend-runtime-2026-10-02/qa/task03b2b1/history/cycle2-final/candidate/qa/history/cycle1/qa/checks/history-native-codec-required-metadata/scoped-types.stderr.txt
_goals/convex-backend-runtime-2026-10-02/qa/task03b2b1/history/cycle2-final/candidate/qa/history/cycle1/qa/checks/history-native-codec-required-metadata/baseline-root-types.stderr.txt
_goals/convex-backend-runtime-2026-10-02/qa/task03b2b1/history/cycle2-final/candidate/qa/history/cycle1/qa/checks/history-native-codec-required-metadata/root-types-diagnostic.stderr.txt
_goals/convex-backend-runtime-2026-10-02/qa/task03b2b1/history/cycle2-final/candidate/qa/history/cycle1/qa/checks/history-native-codec-required-metadata/tests-final.json
_goals/convex-backend-runtime-2026-10-02/qa/task03b2b1/history/cycle2-final/candidate/qa/history/cycle1/qa/checks/history-native-codec-required-metadata/node-version.stdout.txt
_goals/convex-backend-runtime-2026-10-02/qa/task03b2b1/history/cycle2-final/candidate/qa/history/cycle1/qa/checks/history-native-codec-required-metadata/root-lint-types-diagnostic.stderr.txt
_goals/convex-backend-runtime-2026-10-02/qa/task03b2b1/history/cycle2-final/candidate/qa/history/cycle1/qa/checks/history-native-codec-required-metadata/root-lint-types-diagnostic.stdout.txt
_goals/convex-backend-runtime-2026-10-02/qa/task03b2b1/history/cycle2-final/candidate/qa/history/cycle1/qa/checks/history-native-codec-required-metadata/discovery.stdout.txt
_goals/convex-backend-runtime-2026-10-02/qa/task03b2b1/history/cycle2-final/candidate/qa/history/cycle1/qa/checks/history-native-codec-required-metadata/scoped-lint.stderr.txt
_goals/convex-backend-runtime-2026-10-02/qa/task03b2b1/history/cycle2-final/candidate/qa/history/cycle1/qa/checks/history-native-codec-required-metadata/npm-version.stdout.txt
_goals/convex-backend-runtime-2026-10-02/qa/task03b2b1/history/cycle2-final/candidate/qa/history/cycle1/qa/checks/history-native-codec-required-metadata/scoped-lint.stdout.txt
_goals/convex-backend-runtime-2026-10-02/qa/task03b2b1/history/cycle2-final/candidate/qa/history/cycle1/qa/checks/history-native-codec-required-metadata/baseline-commands.json
_goals/convex-backend-runtime-2026-10-02/qa/task03b2b1/history/cycle2-final/candidate/qa/history/cycle1/qa/checks/history-native-codec-required-metadata/scoped-types.stdout.txt
_goals/convex-backend-runtime-2026-10-02/qa/task03b2b1/history/cycle2-final/candidate/qa/history/cycle1/qa/checks/history-native-codec-required-metadata/backend-types.stderr.txt
_goals/convex-backend-runtime-2026-10-02/qa/task03b2b1/history/cycle2-final/candidate/qa/history/cycle1/qa/checks/baseline-diagnostic.py.text
_goals/convex-backend-runtime-2026-10-02/qa/task03b2b1/history/cycle2-final/candidate/qa/history/cycle1/qa/checks/root-types-diagnostic.stdout.txt
_goals/convex-backend-runtime-2026-10-02/qa/task03b2b1/history/cycle2-final/candidate/qa/history/cycle1/qa/checks/baseline-root-lint-types.stderr.txt
_goals/convex-backend-runtime-2026-10-02/qa/task03b2b1/history/cycle2-final/candidate/qa/history/cycle1/qa/checks/commands.json
_goals/convex-backend-runtime-2026-10-02/qa/task03b2b1/history/cycle2-final/candidate/qa/history/cycle1/qa/checks/catalog.stdout.txt
_goals/convex-backend-runtime-2026-10-02/qa/task03b2b1/history/cycle2-final/candidate/qa/history/cycle1/qa/checks/backend-types.stdout.txt
_goals/convex-backend-runtime-2026-10-02/qa/task03b2b1/history/cycle2-final/candidate/qa/history/cycle1/qa/checks/diff-check.stderr.txt
_goals/convex-backend-runtime-2026-10-02/qa/task03b2b1/history/cycle2-final/candidate/qa/history/cycle1/qa/checks/baseline-root-lint-types.stdout.txt
_goals/convex-backend-runtime-2026-10-02/qa/task03b2b1/history/cycle1/qa/checks/history-before-native-string-alignment/node-version.stderr.txt
_goals/convex-backend-runtime-2026-10-02/qa/task03b2b1/history/cycle1/qa/checks/history-before-native-string-alignment/discovery.stderr.txt
_goals/convex-backend-runtime-2026-10-02/qa/task03b2b1/history/cycle1/qa/checks/history-before-native-string-alignment/npm-version.stderr.txt
_goals/convex-backend-runtime-2026-10-02/qa/task03b2b1/history/cycle1/qa/checks/history-before-native-string-alignment/diff-check.stdout.txt
_goals/convex-backend-runtime-2026-10-02/qa/task03b2b1/history/cycle1/qa/checks/history-before-native-string-alignment/tests.stdout.txt
_goals/convex-backend-runtime-2026-10-02/qa/task03b2b1/history/cycle1/qa/checks/history-before-native-string-alignment/root-types-diagnostic.stdout.txt
_goals/convex-backend-runtime-2026-10-02/qa/task03b2b1/history/cycle1/qa/checks/history-before-native-string-alignment/baseline-root-lint-types.stderr.txt
_goals/convex-backend-runtime-2026-10-02/qa/task03b2b1/history/cycle1/qa/checks/history-before-native-string-alignment/commands.json
_goals/convex-backend-runtime-2026-10-02/qa/task03b2b1/history/cycle1/qa/checks/history-before-native-string-alignment/catalog.stdout.txt
_goals/convex-backend-runtime-2026-10-02/qa/task03b2b1/history/cycle1/qa/checks/history-before-native-string-alignment/backend-types.stdout.txt
_goals/convex-backend-runtime-2026-10-02/qa/task03b2b1/history/cycle1/qa/checks/history-before-native-string-alignment/diff-check.stderr.txt
_goals/convex-backend-runtime-2026-10-02/qa/task03b2b1/history/cycle1/qa/checks/history-before-native-string-alignment/baseline-root-lint-types.stdout.txt
_goals/convex-backend-runtime-2026-10-02/qa/task03b2b1/history/cycle1/qa/checks/history-before-native-string-alignment/baseline-root-types.stdout.txt
_goals/convex-backend-runtime-2026-10-02/qa/task03b2b1/history/cycle1/qa/checks/history-before-native-string-alignment/catalog.stderr.txt
_goals/convex-backend-runtime-2026-10-02/qa/task03b2b1/history/cycle1/qa/checks/history-before-native-string-alignment/tests.stderr.txt
_goals/convex-backend-runtime-2026-10-02/qa/task03b2b1/history/cycle1/qa/checks/history-before-native-string-alignment/scoped-types.stderr.txt
_goals/convex-backend-runtime-2026-10-02/qa/task03b2b1/history/cycle1/qa/checks/history-before-native-string-alignment/baseline-root-types.stderr.txt
_goals/convex-backend-runtime-2026-10-02/qa/task03b2b1/history/cycle1/qa/checks/history-before-native-string-alignment/root-types-diagnostic.stderr.txt
_goals/convex-backend-runtime-2026-10-02/qa/task03b2b1/history/cycle1/qa/checks/history-before-native-string-alignment/tests-final.json
_goals/convex-backend-runtime-2026-10-02/qa/task03b2b1/history/cycle1/qa/checks/history-before-native-string-alignment/node-version.stdout.txt
_goals/convex-backend-runtime-2026-10-02/qa/task03b2b1/history/cycle1/qa/checks/history-before-native-string-alignment/root-lint-types-diagnostic.stderr.txt
_goals/convex-backend-runtime-2026-10-02/qa/task03b2b1/history/cycle1/qa/checks/history-before-native-string-alignment/root-lint-types-diagnostic.stdout.txt
_goals/convex-backend-runtime-2026-10-02/qa/task03b2b1/history/cycle1/qa/checks/history-before-native-string-alignment/discovery.stdout.txt
_goals/convex-backend-runtime-2026-10-02/qa/task03b2b1/history/cycle1/qa/checks/history-before-native-string-alignment/scoped-lint.stderr.txt
_goals/convex-backend-runtime-2026-10-02/qa/task03b2b1/history/cycle1/qa/checks/history-before-native-string-alignment/npm-version.stdout.txt
_goals/convex-backend-runtime-2026-10-02/qa/task03b2b1/history/cycle1/qa/checks/history-before-native-string-alignment/scoped-lint.stdout.txt
_goals/convex-backend-runtime-2026-10-02/qa/task03b2b1/history/cycle1/qa/checks/history-before-native-string-alignment/baseline-commands.json
_goals/convex-backend-runtime-2026-10-02/qa/task03b2b1/history/cycle1/qa/checks/history-before-native-string-alignment/scoped-types.stdout.txt
_goals/convex-backend-runtime-2026-10-02/qa/task03b2b1/history/cycle1/qa/checks/history-before-native-string-alignment/backend-types.stderr.txt
_goals/convex-backend-runtime-2026-10-02/qa/task03b2b1/history/cycle2-final/candidate/qa/history/cycle1/qa/checks/history-before-inserted-witnesses/node-version.stderr.txt
_goals/convex-backend-runtime-2026-10-02/qa/task03b2b1/history/cycle2-final/candidate/qa/history/cycle1/qa/checks/history-before-inserted-witnesses/discovery.stderr.txt
_goals/convex-backend-runtime-2026-10-02/qa/task03b2b1/history/cycle2-final/candidate/qa/history/cycle1/qa/checks/history-before-inserted-witnesses/npm-version.stderr.txt
_goals/convex-backend-runtime-2026-10-02/qa/task03b2b1/history/cycle2-final/candidate/qa/history/cycle1/qa/checks/history-before-inserted-witnesses/diff-check.stdout.txt
_goals/convex-backend-runtime-2026-10-02/qa/task03b2b1/history/cycle2-final/candidate/qa/history/cycle1/qa/checks/history-before-inserted-witnesses/tests.stdout.txt
_goals/convex-backend-runtime-2026-10-02/qa/task03b2b1/history/cycle2-final/candidate/qa/history/cycle1/qa/checks/history-before-inserted-witnesses/root-types-diagnostic.stdout.txt
_goals/convex-backend-runtime-2026-10-02/qa/task03b2b1/history/cycle2-final/candidate/qa/history/cycle1/qa/checks/history-before-inserted-witnesses/baseline-root-lint-types.stderr.txt
_goals/convex-backend-runtime-2026-10-02/qa/task03b2b1/history/cycle2-final/candidate/qa/history/cycle1/qa/checks/history-before-inserted-witnesses/commands.json
_goals/convex-backend-runtime-2026-10-02/qa/task03b2b1/history/cycle2-final/candidate/qa/history/cycle1/qa/checks/history-before-inserted-witnesses/catalog.stdout.txt
_goals/convex-backend-runtime-2026-10-02/qa/task03b2b1/history/cycle2-final/candidate/qa/history/cycle1/qa/checks/history-before-inserted-witnesses/backend-types.stdout.txt
_goals/convex-backend-runtime-2026-10-02/qa/task03b2b1/history/cycle2-final/candidate/qa/history/cycle1/qa/checks/history-before-inserted-witnesses/diff-check.stderr.txt
_goals/convex-backend-runtime-2026-10-02/qa/task03b2b1/history/cycle2-final/candidate/qa/history/cycle1/qa/checks/history-before-inserted-witnesses/baseline-root-lint-types.stdout.txt
_goals/convex-backend-runtime-2026-10-02/qa/task03b2b1/history/cycle2-final/candidate/qa/history/cycle1/qa/checks/history-before-inserted-witnesses/baseline-root-types.stdout.txt
_goals/convex-backend-runtime-2026-10-02/qa/task03b2b1/history/cycle2-final/candidate/qa/history/cycle1/qa/checks/history-before-inserted-witnesses/catalog.stderr.txt
_goals/convex-backend-runtime-2026-10-02/qa/task03b2b1/history/cycle2-final/candidate/qa/history/cycle1/qa/checks/history-before-inserted-witnesses/tests.stderr.txt
_goals/convex-backend-runtime-2026-10-02/qa/task03b2b1/history/cycle2-final/candidate/qa/history/cycle1/qa/checks/history-before-inserted-witnesses/scoped-types.stderr.txt
_goals/convex-backend-runtime-2026-10-02/qa/task03b2b1/history/cycle2-final/candidate/qa/history/cycle1/qa/checks/history-before-inserted-witnesses/baseline-root-types.stderr.txt
_goals/convex-backend-runtime-2026-10-02/qa/task03b2b1/history/cycle2-final/candidate/qa/history/cycle1/qa/checks/history-before-inserted-witnesses/root-types-diagnostic.stderr.txt
_goals/convex-backend-runtime-2026-10-02/qa/task03b2b1/history/cycle2-final/candidate/qa/history/cycle1/qa/checks/history-before-inserted-witnesses/tests-final.json
_goals/convex-backend-runtime-2026-10-02/qa/task03b2b1/history/cycle2-final/candidate/qa/history/cycle1/qa/checks/history-before-inserted-witnesses/node-version.stdout.txt
_goals/convex-backend-runtime-2026-10-02/qa/task03b2b1/history/cycle2-final/candidate/qa/history/cycle1/qa/checks/history-before-inserted-witnesses/root-lint-types-diagnostic.stderr.txt
_goals/convex-backend-runtime-2026-10-02/qa/task03b2b1/history/cycle2-final/candidate/qa/history/cycle1/qa/checks/history-before-inserted-witnesses/root-lint-types-diagnostic.stdout.txt
_goals/convex-backend-runtime-2026-10-02/qa/task03b2b1/history/cycle2-final/candidate/qa/history/cycle1/qa/checks/history-before-inserted-witnesses/discovery.stdout.txt
_goals/convex-backend-runtime-2026-10-02/qa/task03b2b1/history/cycle2-final/candidate/qa/history/cycle1/qa/checks/history-before-inserted-witnesses/scoped-lint.stderr.txt
_goals/convex-backend-runtime-2026-10-02/qa/task03b2b1/history/cycle2-final/candidate/qa/history/cycle1/qa/checks/history-before-inserted-witnesses/npm-version.stdout.txt
_goals/convex-backend-runtime-2026-10-02/qa/task03b2b1/history/cycle2-final/candidate/qa/history/cycle1/qa/checks/history-before-inserted-witnesses/scoped-lint.stdout.txt
_goals/convex-backend-runtime-2026-10-02/qa/task03b2b1/history/cycle2-final/candidate/qa/history/cycle1/qa/checks/history-before-inserted-witnesses/baseline-commands.json
_goals/convex-backend-runtime-2026-10-02/qa/task03b2b1/history/cycle2-final/candidate/qa/history/cycle1/qa/checks/history-before-inserted-witnesses/scoped-types.stdout.txt
_goals/convex-backend-runtime-2026-10-02/qa/task03b2b1/history/cycle2-final/candidate/qa/history/cycle1/qa/checks/history-before-inserted-witnesses/backend-types.stderr.txt
_goals/convex-backend-runtime-2026-10-02/qa/task03b2b1/history/cycle2-final/candidate/qa/history/cycle1/qa/checks/baseline-root-types.stdout.txt
_goals/convex-backend-runtime-2026-10-02/qa/task03b2b1/history/cycle2-final/candidate/qa/history/cycle1/qa/checks/catalog.stderr.txt
_goals/convex-backend-runtime-2026-10-02/qa/task03b2b1/history/cycle2-final/candidate/qa/history/cycle1/qa/checks/tests.stderr.txt
_goals/convex-backend-runtime-2026-10-02/qa/task03b2b1/history/cycle2-final/candidate/qa/history/cycle1/qa/checks/scoped-types.stderr.txt
_goals/convex-backend-runtime-2026-10-02/qa/task03b2b1/history/cycle1/qa/checks/history-native-codec-first/node-version.stderr.txt
_goals/convex-backend-runtime-2026-10-02/qa/task03b2b1/history/cycle1/qa/checks/history-native-codec-first/discovery.stderr.txt
_goals/convex-backend-runtime-2026-10-02/qa/task03b2b1/history/cycle1/qa/checks/history-native-codec-first/npm-version.stderr.txt
_goals/convex-backend-runtime-2026-10-02/qa/task03b2b1/history/cycle1/qa/checks/history-native-codec-first/diff-check.stdout.txt
_goals/convex-backend-runtime-2026-10-02/qa/task03b2b1/history/cycle1/qa/checks/history-native-codec-first/tests.stdout.txt
_goals/convex-backend-runtime-2026-10-02/qa/task03b2b1/history/cycle1/qa/checks/history-native-codec-first/root-types-diagnostic.stdout.txt
_goals/convex-backend-runtime-2026-10-02/qa/task03b2b1/history/cycle1/qa/checks/history-native-codec-first/baseline-root-lint-types.stderr.txt
_goals/convex-backend-runtime-2026-10-02/qa/task03b2b1/history/cycle1/qa/checks/history-native-codec-first/commands.json
_goals/convex-backend-runtime-2026-10-02/qa/task03b2b1/history/cycle1/qa/checks/history-native-codec-first/catalog.stdout.txt
_goals/convex-backend-runtime-2026-10-02/qa/task03b2b1/history/cycle1/qa/checks/history-native-codec-first/backend-types.stdout.txt
_goals/convex-backend-runtime-2026-10-02/qa/task03b2b1/history/cycle1/qa/checks/history-native-codec-first/diff-check.stderr.txt
_goals/convex-backend-runtime-2026-10-02/qa/task03b2b1/history/cycle1/qa/checks/history-native-codec-first/baseline-root-lint-types.stdout.txt
_goals/convex-backend-runtime-2026-10-02/qa/task03b2b1/history/cycle1/qa/checks/history-native-codec-first/baseline-root-types.stdout.txt
_goals/convex-backend-runtime-2026-10-02/qa/task03b2b1/history/cycle1/qa/checks/history-native-codec-first/catalog.stderr.txt
_goals/convex-backend-runtime-2026-10-02/qa/task03b2b1/history/cycle1/qa/checks/history-native-codec-first/tests.stderr.txt
_goals/convex-backend-runtime-2026-10-02/qa/task03b2b1/history/cycle1/qa/checks/history-native-codec-first/scoped-types.stderr.txt
_goals/convex-backend-runtime-2026-10-02/qa/task03b2b1/history/cycle1/qa/checks/history-native-codec-first/baseline-root-types.stderr.txt
_goals/convex-backend-runtime-2026-10-02/qa/task03b2b1/history/cycle1/qa/checks/history-native-codec-first/root-types-diagnostic.stderr.txt
_goals/convex-backend-runtime-2026-10-02/qa/task03b2b1/history/cycle1/qa/checks/history-native-codec-first/tests-final.json
_goals/convex-backend-runtime-2026-10-02/qa/task03b2b1/history/cycle1/qa/checks/history-native-codec-first/node-version.stdout.txt
_goals/convex-backend-runtime-2026-10-02/qa/task03b2b1/history/cycle1/qa/checks/history-native-codec-first/root-lint-types-diagnostic.stderr.txt
_goals/convex-backend-runtime-2026-10-02/qa/task03b2b1/history/cycle1/qa/checks/history-native-codec-first/root-lint-types-diagnostic.stdout.txt
_goals/convex-backend-runtime-2026-10-02/qa/task03b2b1/history/cycle1/qa/checks/history-native-codec-first/discovery.stdout.txt
_goals/convex-backend-runtime-2026-10-02/qa/task03b2b1/history/cycle1/qa/checks/history-native-codec-first/scoped-lint.stderr.txt
_goals/convex-backend-runtime-2026-10-02/qa/task03b2b1/history/cycle1/qa/checks/history-native-codec-first/npm-version.stdout.txt
_goals/convex-backend-runtime-2026-10-02/qa/task03b2b1/history/cycle1/qa/checks/history-native-codec-first/scoped-lint.stdout.txt
_goals/convex-backend-runtime-2026-10-02/qa/task03b2b1/history/cycle1/qa/checks/history-native-codec-first/baseline-commands.json
_goals/convex-backend-runtime-2026-10-02/qa/task03b2b1/history/cycle1/qa/checks/history-native-codec-first/scoped-types.stdout.txt
_goals/convex-backend-runtime-2026-10-02/qa/task03b2b1/history/cycle1/qa/checks/history-native-codec-first/backend-types.stderr.txt
_goals/convex-backend-runtime-2026-10-02/qa/task03b2b1/history/cycle1/qa/checks/scoped-lint.stdout.txt
_goals/convex-backend-runtime-2026-10-02/qa/task03b2b1/history/cycle1/qa/checks/baseline-commands.json
_goals/convex-backend-runtime-2026-10-02/qa/task03b2b1/history/cycle1/qa/checks/finalize-receipt.json
_goals/convex-backend-runtime-2026-10-02/qa/task03b2b1/history/cycle1/qa/checks/scoped-types.stdout.txt
_goals/convex-backend-runtime-2026-10-02/qa/task03b2b1/history/cycle1/qa/checks/backend-types.stderr.txt
_goals/convex-backend-runtime-2026-10-02/qa/task03b2b1/history/cycle2-final/candidate/qa/history/cycle1/qa/checks/history-initial/node-version.stderr.txt
_goals/convex-backend-runtime-2026-10-02/qa/task03b2b1/history/cycle2-final/candidate/qa/history/cycle1/qa/checks/history-initial/discovery.stderr.txt
_goals/convex-backend-runtime-2026-10-02/qa/task03b2b1/history/cycle2-final/candidate/qa/history/cycle1/qa/checks/history-initial/npm-version.stderr.txt
_goals/convex-backend-runtime-2026-10-02/qa/task03b2b1/history/cycle2-final/candidate/qa/history/cycle1/qa/checks/history-initial/diff-check.stdout.txt
_goals/convex-backend-runtime-2026-10-02/qa/task03b2b1/history/cycle2-final/candidate/qa/history/cycle1/qa/checks/history-initial/tests.stdout.txt
_goals/convex-backend-runtime-2026-10-02/qa/task03b2b1/history/cycle2-final/candidate/qa/history/cycle1/qa/checks/history-initial/root-types-diagnostic.stdout.txt
_goals/convex-backend-runtime-2026-10-02/qa/task03b2b1/history/cycle2-final/candidate/qa/history/cycle1/qa/checks/history-initial/commands.json
_goals/convex-backend-runtime-2026-10-02/qa/task03b2b1/history/cycle2-final/candidate/qa/history/cycle1/qa/checks/history-initial/catalog.stdout.txt
_goals/convex-backend-runtime-2026-10-02/qa/task03b2b1/history/cycle2-final/candidate/qa/history/cycle1/qa/checks/history-initial/backend-types.stdout.txt
_goals/convex-backend-runtime-2026-10-02/qa/task03b2b1/history/cycle2-final/candidate/qa/history/cycle1/qa/checks/history-initial/diff-check.stderr.txt
_goals/convex-backend-runtime-2026-10-02/qa/task03b2b1/history/cycle2-final/candidate/qa/history/cycle1/qa/checks/history-initial/catalog.stderr.txt
_goals/convex-backend-runtime-2026-10-02/qa/task03b2b1/history/cycle2-final/candidate/qa/history/cycle1/qa/checks/history-initial/tests.stderr.txt
_goals/convex-backend-runtime-2026-10-02/qa/task03b2b1/history/cycle2-final/candidate/qa/history/cycle1/qa/checks/history-initial/scoped-types.stderr.txt
_goals/convex-backend-runtime-2026-10-02/qa/task03b2b1/history/cycle2-final/candidate/qa/history/cycle1/qa/checks/history-initial/root-types-diagnostic.stderr.txt
_goals/convex-backend-runtime-2026-10-02/qa/task03b2b1/history/cycle2-final/candidate/qa/history/cycle1/qa/checks/history-initial/tests-final.json
_goals/convex-backend-runtime-2026-10-02/qa/task03b2b1/history/cycle2-final/candidate/qa/history/cycle1/qa/checks/history-initial/node-version.stdout.txt
_goals/convex-backend-runtime-2026-10-02/qa/task03b2b1/history/cycle2-final/candidate/qa/history/cycle1/qa/checks/history-initial/root-lint-types-diagnostic.stderr.txt
_goals/convex-backend-runtime-2026-10-02/qa/task03b2b1/history/cycle2-final/candidate/qa/history/cycle1/qa/checks/history-initial/root-lint-types-diagnostic.stdout.txt
_goals/convex-backend-runtime-2026-10-02/qa/task03b2b1/history/cycle2-final/candidate/qa/history/cycle1/qa/checks/history-initial/discovery.stdout.txt
_goals/convex-backend-runtime-2026-10-02/qa/task03b2b1/history/cycle2-final/candidate/qa/history/cycle1/qa/checks/history-initial/scoped-lint.stderr.txt
_goals/convex-backend-runtime-2026-10-02/qa/task03b2b1/history/cycle2-final/candidate/qa/history/cycle1/qa/checks/history-initial/npm-version.stdout.txt
_goals/convex-backend-runtime-2026-10-02/qa/task03b2b1/history/cycle2-final/candidate/qa/history/cycle1/qa/checks/history-initial/scoped-lint.stdout.txt
_goals/convex-backend-runtime-2026-10-02/qa/task03b2b1/history/cycle2-final/candidate/qa/history/cycle1/qa/checks/history-initial/scoped-types.stdout.txt
_goals/convex-backend-runtime-2026-10-02/qa/task03b2b1/history/cycle2-final/candidate/qa/history/cycle1/qa/checks/history-initial/backend-types.stderr.txt
_goals/convex-backend-runtime-2026-10-02/qa/task03b2b1/history/cycle2-final/candidate/qa/history/cycle1/qa/checks/baseline-root-types.stderr.txt
_goals/convex-backend-runtime-2026-10-02/qa/task03b2b1/history/cycle2-final/candidate/qa/history/cycle1/qa/checks/root-types-diagnostic.stderr.txt
_goals/convex-backend-runtime-2026-10-02/qa/task03b2b1/history/cycle2-final/candidate/qa/history/cycle1/qa/checks/tests-final.json
_goals/convex-backend-runtime-2026-10-02/qa/task03b2b1/history/cycle2-final/candidate/qa/history/cycle1/qa/checks/node-version.stdout.txt
_goals/convex-backend-runtime-2026-10-02/qa/task03b2b1/history/cycle2-final/candidate/qa/history/cycle1/qa/checks/root-lint-types-diagnostic.stderr.txt
_goals/convex-backend-runtime-2026-10-02/qa/task03b2b1/history/cycle2-final/candidate/qa/history/cycle1/qa/checks/root-lint-types-diagnostic.stdout.txt
_goals/convex-backend-runtime-2026-10-02/qa/task03b2b1/history/cycle2-final/candidate/qa/history/cycle1/qa/checks/discovery.stdout.txt
_goals/convex-backend-runtime-2026-10-02/qa/task03b2b1/history/cycle2-final/candidate/qa/history/cycle1/qa/checks/scoped-lint.stderr.txt
_goals/convex-backend-runtime-2026-10-02/qa/task03c2-live-harness-review3-evidence/source-context/candidate/history/cycle2-final/candidate/public/evidence/cycle2/retry2-key-match.txt
_goals/convex-backend-runtime-2026-10-02/qa/task03c2-live-harness-review3-evidence/source-context/candidate/history/cycle2-final/candidate/public/evidence/cycle2/initial-failures.json
_goals/convex-backend-runtime-2026-10-02/qa/task03c2-live-harness-review3-evidence/source-context/candidate/history/cycle2-final/candidate/public/evidence/cycle2/retry1-driver.txt
_goals/convex-backend-runtime-2026-10-02/qa/task03c2-live-harness-review3-evidence/source-context/candidate/history/cycle2-final/candidate/public/evidence/cycle2/commands-retry2.json
_goals/convex-backend-runtime-2026-10-02/qa/task03c2-live-harness-review3-evidence/source-context/candidate/history/cycle2-final/candidate/public/evidence/cycle2/retry3-guards.txt
_goals/convex-backend-runtime-2026-10-02/qa/task03c2-live-harness-review3-evidence/source-context/candidate/history/cycle2-final/candidate/public/evidence/cycle2/commands-final1.json
_goals/convex-backend-runtime-2026-10-02/qa/task03c2-live-harness-review3-evidence/source-context/candidate/history/cycle2-final/candidate/public/evidence/cycle2/retry2-driver.txt
_goals/convex-backend-runtime-2026-10-02/qa/task03c2-live-harness-review3-evidence/source-context/candidate/history/cycle2-final/candidate/public/evidence/cycle2/hygiene.json
_goals/convex-backend-runtime-2026-10-02/qa/task03c2-live-harness-review3-evidence/source-context/candidate/history/cycle2-final/candidate/public/evidence/cycle2/retry1-backend-policy-lint.txt
_goals/convex-backend-runtime-2026-10-02/qa/task03c2-live-harness-review3-evidence/source-context/candidate/history/cycle2-final/candidate/public/evidence/cycle2/commands-final2.json
_goals/convex-backend-runtime-2026-10-02/qa/task03c2-live-harness-review3-evidence/source-context/candidate/history/cycle2-final/candidate/public/evidence/cycle2/commands-retry1.json
_goals/convex-backend-runtime-2026-10-02/qa/task03c2-live-harness-review3-evidence/source-context/candidate/history/cycle2-final/candidate/public/evidence/cycle2/final1-npm12.txt
_goals/convex-backend-runtime-2026-10-02/qa/task03c2-live-harness-review3-evidence/source-context/candidate/history/cycle2-final/candidate/public/evidence/cycle2/retry1-npm12.txt
_goals/convex-backend-runtime-2026-10-02/qa/task03c2-live-harness-review3-evidence/source-context/candidate/history/cycle2-final/candidate/public/evidence/cycle2/final2-client-prep.txt
_goals/convex-backend-runtime-2026-10-02/qa/task03c2-live-harness-review3-evidence/source-context/candidate/history/cycle2-final/candidate/public/evidence/cycle2/retry2-client-prep.txt
_goals/convex-backend-runtime-2026-10-02/qa/task03c2-live-harness-review3-evidence/source-context/candidate/history/cycle2-final/candidate/public/evidence/cycle2/final2-node.txt
_goals/convex-backend-runtime-2026-10-02/qa/task03c2-live-harness-review3-evidence/source-context/candidate/history/cycle2-final/candidate/public/evidence/cycle2/final1-driver.txt
_goals/convex-backend-runtime-2026-10-02/qa/task03c2-live-harness-review3-evidence/source-context/candidate/history/cycle2-final/candidate/public/evidence/cycle2/retry3-entrypoints.txt
_goals/convex-backend-runtime-2026-10-02/qa/task03c2-live-harness-review3-evidence/source-context/candidate/history/cycle2-final/candidate/public/evidence/cycle2/retry1-classifier.txt
_goals/convex-backend-runtime-2026-10-02/qa/task03c2-live-harness-review3-evidence/source-context/candidate/history/cycle2-final/candidate/public/evidence/cycle2/retry3-backend-types.txt
_goals/convex-backend-runtime-2026-10-02/qa/task03c2-live-harness-review3-evidence/source-context/candidate/history/cycle2-final/candidate/public/evidence/cycle2/final1-entrypoints.txt
_goals/convex-backend-runtime-2026-10-02/qa/task03c2-live-harness-review3-evidence/source-context/candidate/history/cycle2-final/candidate/public/evidence/cycle2/final2-client-types.txt
_goals/convex-backend-runtime-2026-10-02/qa/task03c2-live-harness-review3-evidence/source-context/candidate/history/cycle2-final/candidate/public/evidence/cycle2/retry2-house-lint.txt
_goals/convex-backend-runtime-2026-10-02/qa/task03c2-live-harness-review3-evidence/source-context/candidate/history/cycle2-final/candidate/public/evidence/cycle2/retry3-client-types.txt
_goals/convex-backend-runtime-2026-10-02/qa/task03c2-live-harness-review3-evidence/source-context/candidate/history/cycle2-final/candidate/public/evidence/cycle2/retry3-house-lint.txt
_goals/convex-backend-runtime-2026-10-02/qa/task03c2-live-harness-review3-evidence/source-context/candidate/history/cycle2-final/candidate/public/evidence/cycle2/retry3-client-prep.txt
_goals/convex-backend-runtime-2026-10-02/qa/task03c2-live-harness-review3-evidence/source-context/candidate/history/cycle2-final/candidate/public/evidence/cycle2/retry1-node.txt
_goals/convex-backend-runtime-2026-10-02/qa/task03c2-live-harness-review3-evidence/source-context/candidate/history/cycle2-final/candidate/public/evidence/cycle2/final2-classifier.txt
_goals/convex-backend-runtime-2026-10-02/qa/task03c2-live-harness-review3-evidence/source-context/candidate/history/cycle2-final/candidate/public/evidence/cycle2/initial-classifier.txt
_goals/convex-backend-runtime-2026-10-02/qa/task03c2-live-harness-review3-evidence/source-context/candidate/history/cycle2-final/candidate/public/evidence/cycle2/provenance.json
_goals/convex-backend-runtime-2026-10-02/qa/task03c2-live-harness-review3-evidence/source-context/candidate/history/cycle2-final/candidate/public/evidence/cycle2/commands-initial.json
_goals/convex-backend-runtime-2026-10-02/qa/task03c2-live-harness-review3-evidence/source-context/candidate/history/cycle2-final/candidate/public/evidence/cycle2/retry3-key-match.txt
_goals/convex-backend-runtime-2026-10-02/qa/task03c2-live-harness-review3-evidence/source-context/candidate/history/cycle2-final/candidate/public/evidence/cycle2/retry1-client-prep.txt
_goals/convex-backend-runtime-2026-10-02/qa/task03c2-live-harness-review3-evidence/source-context/candidate/history/cycle2-final/candidate/public/evidence/cycle2/retry2-npm12.txt
_goals/convex-backend-runtime-2026-10-02/qa/task03c2-live-harness-review3-evidence/source-context/candidate/history/cycle2-final/candidate/public/evidence/cycle2/final1-client-types.txt
_goals/convex-backend-runtime-2026-10-02/qa/task03c2-live-harness-review3-evidence/source-context/candidate/history/cycle2-final/candidate/public/evidence/cycle2/final2-bounds.txt
_goals/convex-backend-runtime-2026-10-02/qa/task03c2-live-harness-review3-evidence/source-context/candidate/history/cycle2-final/candidate/public/evidence/cycle2/retry2-guards.txt
_goals/convex-backend-runtime-2026-10-02/qa/task03c2-live-harness-review3-evidence/source-context/candidate/history/cycle2-final/candidate/public/evidence/cycle2/retry1-guards.txt
_goals/convex-backend-runtime-2026-10-02/qa/task03c2-live-harness-review3-evidence/source-context/candidate/history/cycle2-final/candidate/public/evidence/cycle2/final1-key-match.txt
_goals/convex-backend-runtime-2026-10-02/qa/task03c2-live-harness-review3-evidence/source-context/candidate/history/cycle2-final/candidate/public/evidence/cycle2/retry1-backend-types.txt
_goals/convex-backend-runtime-2026-10-02/qa/task03c2-live-harness-review3-evidence/source-context/candidate/history/cycle2-final/candidate/public/evidence/cycle2/final1-backend-types.txt
_goals/convex-backend-runtime-2026-10-02/qa/task03c2-live-harness-review3-evidence/source-context/candidate/history/cycle2-final/candidate/public/evidence/cycle2/final2-entrypoints.txt
_goals/convex-backend-runtime-2026-10-02/qa/task03c2-live-harness-review3-evidence/source-context/candidate/history/cycle2-final/candidate/public/evidence/cycle2/retry1-house-lint.txt
_goals/convex-backend-runtime-2026-10-02/qa/task03c2-live-harness-review3-evidence/source-context/candidate/history/cycle2-final/candidate/public/evidence/cycle2/final1-guards.txt
_goals/convex-backend-runtime-2026-10-02/qa/task03c2-live-harness-review3-evidence/source-context/candidate/history/cycle2-final/candidate/public/evidence/cycle2/retry3-npm12.txt
_goals/convex-backend-runtime-2026-10-02/qa/task03c2-live-harness-review3-evidence/source-context/candidate/history/cycle2-final/candidate/public/evidence/cycle2/retry2-client-types.txt
_goals/convex-backend-runtime-2026-10-02/qa/task03c2-live-harness-review3-evidence/source-context/candidate/history/cycle2-final/candidate/public/evidence/cycle2/final2-guards.txt
_goals/convex-backend-runtime-2026-10-02/qa/task03c2-live-harness-review3-evidence/source-context/candidate/history/cycle2-final/candidate/public/evidence/cycle2/retry1-entrypoints.txt
_goals/convex-backend-runtime-2026-10-02/qa/task03c2-live-harness-review3-evidence/source-context/candidate/history/cycle2-final/candidate/public/evidence/cycle2/final1-client-prep.txt
_goals/convex-backend-runtime-2026-10-02/qa/task03c2-live-harness-review3-evidence/source-context/candidate/history/cycle2-final/candidate/public/evidence/cycle2/retry3-driver.txt
_goals/convex-backend-runtime-2026-10-02/qa/task03c2-live-harness-review3-evidence/source-context/candidate/history/cycle2-final/candidate/public/evidence/cycle2/final1-node.txt
_goals/convex-backend-runtime-2026-10-02/qa/task03c2-live-harness-review3-evidence/source-context/candidate/history/cycle2-final/candidate/public/evidence/cycle2/final2-npm12.txt
_goals/convex-backend-runtime-2026-10-02/qa/task03c2-live-harness-review3-evidence/source-context/candidate/history/cycle2-final/candidate/public/evidence/cycle2/provenance-final.txt
_goals/convex-backend-runtime-2026-10-02/qa/task03c2-live-harness-review3-evidence/source-context/candidate/history/cycle2-final/candidate/public/evidence/cycle2/retry2-node.txt
_goals/convex-backend-runtime-2026-10-02/qa/task03c2-live-harness-review3-evidence/source-context/candidate/history/cycle2-final/candidate/public/evidence/cycle2/final2-packed-prep.txt
_goals/convex-backend-runtime-2026-10-02/qa/task03c2-live-harness-review3-evidence/source-context/candidate/history/cycle2-final/candidate/public/evidence/cycle2/final2-backend-policy-lint.txt
_goals/convex-backend-runtime-2026-10-02/qa/task03c2-live-harness-review3-evidence/source-context/candidate/history/cycle2-final/candidate/public/evidence/cycle2/retry1-client-types.txt
_goals/convex-backend-runtime-2026-10-02/qa/task03c2-live-harness-review3-evidence/source-context/candidate/history/cycle2-final/candidate/public/evidence/cycle2/final1-backend-policy-lint.txt
_goals/convex-backend-runtime-2026-10-02/qa/task03c2-live-harness-review3-evidence/source-context/candidate/history/cycle2-final/candidate/public/evidence/cycle2/provenance-command.json
_goals/convex-backend-runtime-2026-10-02/qa/task03c2-live-harness-review3-evidence/source-context/candidate/history/cycle2-final/candidate/public/evidence/cycle2/final2-key-match.txt
_goals/convex-backend-runtime-2026-10-02/qa/task03c2-live-harness-review3-evidence/source-context/candidate/history/cycle2-final/candidate/public/evidence/cycle2/retry2-backend-policy-lint.txt
_goals/convex-backend-runtime-2026-10-02/qa/task03c2-live-harness-review3-evidence/source-context/candidate/history/cycle2-final/candidate/public/evidence/cycle2/final2-house-lint.txt
_goals/convex-backend-runtime-2026-10-02/qa/task03c2-live-harness-review3-evidence/source-context/candidate/history/cycle2-final/candidate/public/evidence/cycle2/retry3-node.txt
_goals/convex-backend-runtime-2026-10-02/qa/task03c2-live-harness-review3-evidence/source-context/candidate/history/cycle2-final/candidate/public/evidence/cycle2/retry2-backend-types.txt
_goals/convex-backend-runtime-2026-10-02/qa/task03c2-live-harness-review3-evidence/source-context/candidate/history/cycle2-final/candidate/public/evidence/cycle2/initial-driver.txt
_goals/convex-backend-runtime-2026-10-02/qa/task03c2-live-harness-review3-evidence/source-context/candidate/history/cycle2-final/candidate/public/evidence/cycle2/retry3-classifier.txt
_goals/convex-backend-runtime-2026-10-02/qa/task03c2-live-harness-review3-evidence/source-context/candidate/history/cycle2-final/candidate/public/evidence/cycle2/provenance-final.json
_goals/convex-backend-runtime-2026-10-02/qa/task03c2-live-harness-review3-evidence/source-context/candidate/history/cycle2-final/candidate/public/evidence/cycle2/final1-classifier.txt
_goals/convex-backend-runtime-2026-10-02/qa/task03c2-live-harness-review3-evidence/source-context/candidate/history/cycle2-final/candidate/public/evidence/cycle2/retry2-entrypoints.txt
_goals/convex-backend-runtime-2026-10-02/qa/task03c2-live-harness-review3-evidence/source-context/candidate/history/cycle2-final/candidate/public/evidence/cycle2/retry1-key-match.txt
_goals/convex-backend-runtime-2026-10-02/qa/task03c2-live-harness-review3-evidence/source-context/candidate/history/cycle2-final/candidate/public/evidence/cycle2/final1-house-lint.txt
_goals/convex-backend-runtime-2026-10-02/qa/task03c2-live-harness-review3-evidence/source-context/candidate/history/cycle2-final/candidate/public/evidence/cycle2/final2-backend-types.txt
_goals/convex-backend-runtime-2026-10-02/qa/task03c2-live-harness-review3-evidence/source-context/candidate/history/cycle2-final/candidate/public/evidence/cycle2/final1-bounds.txt
_goals/convex-backend-runtime-2026-10-02/qa/task03c2-live-harness-review3-evidence/source-context/candidate/history/cycle2-final/candidate/public/evidence/cycle2/final1-packed-prep.txt
_goals/convex-backend-runtime-2026-10-02/qa/task03c2-live-harness-review3-evidence/source-context/candidate/history/cycle2-final/candidate/public/evidence/cycle2/retry2-classifier.txt
_goals/convex-backend-runtime-2026-10-02/qa/task03c2-live-harness-review3-evidence/source-context/candidate/history/cycle2-final/candidate/public/evidence/cycle2/final2-driver.txt
_goals/convex-backend-runtime-2026-10-02/qa/task03c2-live-harness-review3-evidence/source-context/candidate/history/cycle2-final/candidate/public/evidence/cycle2/commands-retry3.json
_goals/convex-backend-runtime-2026-10-02/qa/task03c2-live-harness-review3-evidence/source-context/candidate/history/cycle2-final/candidate/public/evidence/cycle2/retry3-backend-policy-lint.txt
_goals/convex-backend-runtime-2026-10-02/qa/task03c2-live-harness-review3-evidence/source-context/candidate/history/cycle2-final/candidate/public/evidence/qualify-e8662f44-fa0b-4fb4-ae0b-c53885ff7a76.json
_goals/convex-backend-runtime-2026-10-02/qa/task03c2-live-harness-review3-evidence/source-context/candidate/history/cycle2-final/candidate/public/evidence/commands-review-candidate.json
_goals/convex-backend-runtime-2026-10-02/qa/task03c2-live-harness-review3-evidence/source-context/candidate/history/cycle2-final/candidate/public/evidence/qualify-a85a4aef-e8d2-4dc4-86e5-82f8c910bf63.json
_goals/convex-backend-runtime-2026-10-02/qa/task03c2-live-harness-review3-evidence/source-context/candidate/history/cycle2-final/candidate/public/evidence/classifier-7adfe6e9-1283-4c1a-9cbe-f3888c0edfd2.json
_goals/convex-backend-runtime-2026-10-02/qa/task03c2-live-harness-review3-evidence/source-context/candidate/history/cycle2-final/candidate/public/evidence/backend-types-final.txt
_goals/convex-backend-runtime-2026-10-02/qa/task03c2-live-harness-review3-evidence/source-context/candidate/history/cycle2-final/candidate/public/evidence/client-prep-95e2e78e-4b3b-45e5-8a6d-5deb87b5e7f2.json
_goals/convex-backend-runtime-2026-10-02/qa/task03c2-live-harness-review3-evidence/source-context/candidate/history/cycle2-final/candidate/public/evidence/guards-4f8ccb77-3169-459b-9645-f21b534f02a8.json
_goals/convex-backend-runtime-2026-10-02/qa/task03c2-live-harness-review3-evidence/source-context/candidate/history/cycle2-final/candidate/public/evidence/client-prep-85ac98e8-5797-4eb8-9687-e93ec682bd1b.json
_goals/convex-backend-runtime-2026-10-02/qa/task03c2-live-harness-review3-evidence/source-context/candidate/history/cycle2-final/candidate/public/evidence/backend-types-review-candidate.txt
_goals/convex-backend-runtime-2026-10-02/qa/task03c2-live-harness-review3-evidence/source-context/candidate/history/cycle2-final/candidate/public/evidence/guards-f7dba76e-95c6-43ce-b0ea-b6c5331f87d3.json
_goals/convex-backend-runtime-2026-10-02/qa/task03c2-live-harness-review3-evidence/source-context/candidate/history/cycle2-final/candidate/public/evidence/qualify-179f26e3-a2d5-4ab7-be46-44eaade77192.json
_goals/convex-backend-runtime-2026-10-02/qa/task03c2-live-harness-review3-evidence/source-context/candidate/history/cycle2-final/candidate/public/evidence/guards-e96abf6a-a888-45cf-a081-eef9da054191.json
_goals/convex-backend-runtime-2026-10-02/qa/task03c2-live-harness-review3-evidence/source-context/candidate/history/cycle2-final/candidate/public/evidence/entrypoints-b00b0c2d-e90d-4065-9f84-a3917f8ea44c.json
_goals/convex-backend-runtime-2026-10-02/qa/task03c2-live-harness-review3-evidence/source-context/candidate/history/cycle2-final/candidate/public/evidence/entrypoints-f6b5b808-762c-4d96-adcd-4de40ee40030.json
_goals/convex-backend-runtime-2026-10-02/qa/task03c2-live-harness-review3-evidence/source-context/candidate/history/cycle2-final/candidate/public/evidence/qualify-2513a48c-d35c-4316-9e18-a073669d0288.json
_goals/convex-backend-runtime-2026-10-02/qa/task03c2-live-harness-review3-evidence/source-context/candidate/history/cycle2-final/candidate/public/evidence/packed-prep-4bbb216e-78e9-4d49-841b-03a46c01abe0.json
_goals/convex-backend-runtime-2026-10-02/qa/task03c2-live-harness-review3-evidence/source-context/candidate/history/cycle2-final/candidate/public/evidence/qualify-a6fdedc3-e988-4f5e-9dd7-cab595353173.json
_goals/convex-backend-runtime-2026-10-02/qa/task03c2-live-harness-review3-evidence/source-context/candidate/history/cycle2-final/candidate/public/evidence/qualify-766be8e1-f3c1-4ef9-ae73-b0feb110350d.json
_goals/convex-backend-runtime-2026-10-02/qa/task03c2-live-harness-review3-evidence/source-context/candidate/history/cycle2-final/candidate/public/evidence/qualify-f8fee02d-03b9-4834-b4f1-1522aabb6bdf.json
_goals/convex-backend-runtime-2026-10-02/qa/task03c2-live-harness-review3-evidence/source-context/candidate/history/cycle2-final/candidate/public/evidence/qualify-a701159d-8b6d-4110-a2da-10a6eeba86e4.json
_goals/convex-backend-runtime-2026-10-02/qa/task03c2-live-harness-review3-evidence/source-context/candidate/history/cycle2-final/candidate/public/evidence/key-match-b309855e-8a15-49b4-ab07-99d1e6c894d8.json
_goals/convex-backend-runtime-2026-10-02/qa/task03c2-live-harness-review3-evidence/source-context/candidate/history/cycle2-final/candidate/public/evidence/qualify-539e62f6-b065-46e8-8d17-0f55dedcb9fc.json
_goals/convex-backend-runtime-2026-10-02/qa/task03c2-live-harness-review3-evidence/source-context/candidate/history/cycle2-final/candidate/public/evidence/qualify-6a56f6cc-1c41-4a9c-bca4-ed99ffaca6d1.json
_goals/convex-backend-runtime-2026-10-02/qa/task03c2-live-harness-review3-evidence/source-context/candidate/history/cycle2-final/candidate/public/evidence/qualify-c5e662eb-88e2-481b-bf42-06b011d8e8e2.json
_goals/convex-backend-runtime-2026-10-02/qa/task03c2-live-harness-review3-evidence/source-context/candidate/history/cycle2-final/candidate/public/evidence/guards-92a0e069-a1b6-46bc-9f34-47ddcd0d6d28.json
_goals/convex-backend-runtime-2026-10-02/qa/task03c2-live-harness-review3-evidence/source-context/candidate/history/cycle2-final/candidate/public/evidence/classifier-c86d09e2-a346-4955-acd7-54db5cbd5a66.json
_goals/convex-backend-runtime-2026-10-02/qa/task03c2-live-harness-review3-evidence/source-context/candidate/history/cycle2-final/candidate/public/evidence/entrypoints-3f9475b8-5fbb-4769-844b-423653391091.json
_goals/convex-backend-runtime-2026-10-02/qa/task03c2-live-harness-review3-evidence/source-context/candidate/history/cycle2-final/candidate/public/evidence/qualify-3921eb69-25ad-48b4-9475-004348b901b4.json
_goals/convex-backend-runtime-2026-10-02/qa/task03c2-live-harness-review3-evidence/source-context/candidate/history/cycle2-final/candidate/public/evidence/qualify-0bb5a56b-2721-418a-b6e7-ea54bb778780.json
_goals/convex-backend-runtime-2026-10-02/qa/task03c2-live-harness-review3-evidence/source-context/candidate/history/cycle2-final/candidate/public/evidence/client-prep-final.txt
_goals/convex-backend-runtime-2026-10-02/qa/task03c2-live-harness-review3-evidence/source-context/candidate/history/cycle2-final/candidate/public/evidence/client-prep-64375a53-3a19-4837-a4a2-6bfe3411cc86.json
_goals/convex-backend-runtime-2026-10-02/qa/task03c2-live-harness-review3-evidence/source-context/candidate/history/cycle2-final/candidate/public/evidence/qualify-dba7a4f4-3733-4059-a30e-8e3412386a4c.json
_goals/convex-backend-runtime-2026-10-02/qa/task03c2-live-harness-review3-evidence/source-context/candidate/history/cycle2-final/candidate/public/evidence/qualify-f843fc17-bc89-45ca-bd0e-e619bc692f02.json
_goals/convex-backend-runtime-2026-10-02/qa/task03c2-live-harness-review3-evidence/source-context/candidate/history/cycle2-final/candidate/public/evidence/key-match-f0a42c69-1c0a-458f-b447-6ff498171dec.json
_goals/convex-backend-runtime-2026-10-02/qa/task03c2-live-harness-review3-evidence/source-context/candidate/history/cycle2-final/candidate/public/evidence/hygiene-review-candidate.json
_goals/convex-backend-runtime-2026-10-02/qa/task03c2-live-harness-review3-evidence/source-context/candidate/history/cycle2-final/candidate/public/evidence/qualify-d30fc029-4165-44bc-ac0e-1d2b5f0e4546.json
_goals/convex-backend-runtime-2026-10-02/qa/task03c2-live-harness-review3-evidence/source-context/candidate/history/cycle2-final/candidate/public/evidence/qualify-06622ad6-ce8a-4649-8de8-beab5158020d.json
_goals/convex-backend-runtime-2026-10-02/qa/task03c2-live-harness-review3-evidence/source-context/candidate/history/cycle2-final/candidate/public/evidence/qualify-ec11dc27-e568-4d1d-9977-810e25e44f2e.json
_goals/convex-backend-runtime-2026-10-02/qa/task03c2-live-harness-review3-evidence/source-context/candidate/history/cycle2-final/candidate/public/evidence/qualify-b00449ed-b158-40c9-9e64-f38b0d42487e.json
_goals/convex-backend-runtime-2026-10-02/qa/task03c2-live-harness-review3-evidence/source-context/candidate/history/cycle2-final/candidate/public/evidence/provenance-final.json
_goals/convex-backend-runtime-2026-10-02/qa/task03c2-live-harness-review3-evidence/source-context/candidate/history/cycle2-final/candidate/public/evidence/client-prep-review-candidate.txt
_goals/convex-backend-runtime-2026-10-02/qa/task03c2-live-harness-review3-evidence/source-context/candidate/history/cycle2-final/candidate/public/evidence/qualify-be217901-a00a-4e6b-8e09-7a0449a4b9c9.json
_goals/convex-backend-runtime-2026-10-02/qa/task03c2-live-harness-review3-evidence/source-context/candidate/history/cycle2-final/candidate/public/evidence/node-review-candidate.txt
_goals/convex-backend-runtime-2026-10-02/qa/task03c2-live-harness-review3-evidence/source-context/candidate/history/cycle2-final/candidate/public/evidence/client-types-review-candidate.txt
_goals/convex-backend-runtime-2026-10-02/qa/task03c2-live-harness-review3-evidence/source-context/candidate/history/cycle2-final/candidate/public/evidence/guards-ee4ef58d-b7eb-4ccf-873b-738d80a4727b.json
_goals/convex-backend-runtime-2026-10-02/qa/task03c2-live-harness-review3-evidence/source-context/candidate/history/cycle2-final/candidate/public/evidence/client-types-final.txt
_goals/convex-backend-runtime-2026-10-02/qa/task03c2-live-harness-review3-evidence/source-context/candidate/history/cycle2-final/candidate/public/evidence/classifier-a857954f-061c-4282-b4a7-fe332d44519f.json
_goals/convex-backend-runtime-2026-10-02/qa/task03c2-live-harness-review3-evidence/source-context/candidate/history/cycle2-final/candidate/public/evidence/guards-final.txt
_goals/convex-backend-runtime-2026-10-02/qa/task03c2-live-harness-review3-evidence/source-context/candidate/history/cycle2-final/candidate/public/evidence/entrypoints-4683ff0a-7a19-42e4-a1bb-248605af5a50.json
_goals/convex-backend-runtime-2026-10-02/qa/task03c2-live-harness-review3-evidence/source-context/candidate/history/cycle2-final/candidate/public/evidence/qualify-ac7130cb-c21c-434c-81e9-c42c95c39ae4.json
_goals/convex-backend-runtime-2026-10-02/qa/task03c2-live-harness-review3-evidence/source-context/candidate/history/cycle2-final/candidate/public/evidence/qualify-203abf34-9ba6-4e9a-bbb1-d9daa1a5776a.json
_goals/convex-backend-runtime-2026-10-02/qa/task03c2-live-harness-review3-evidence/source-context/candidate/history/cycle2-final/candidate/public/evidence/guards-60068a89-eeac-4ae8-9dc8-000acf2596d1.json
_goals/convex-backend-runtime-2026-10-02/qa/task03c2-live-harness-review3-evidence/source-context/candidate/history/cycle2-final/candidate/public/evidence/entrypoints-c9416f64-dbd9-4e69-bd83-72b5d43506af.json
_goals/convex-backend-runtime-2026-10-02/qa/task03c2-live-harness-review3-evidence/source-context/candidate/history/cycle2-final/candidate/public/evidence/qualify-e2497082-1b48-4cc3-b774-b69da2b750a4.json
_goals/convex-backend-runtime-2026-10-02/qa/task03c2-live-harness-review3-evidence/source-context/candidate/history/cycle2-final/candidate/public/evidence/bounds-157af91a-6b02-4640-a8cf-4e9d185d2992.json
_goals/convex-backend-runtime-2026-10-02/qa/task03c2-live-harness-review3-evidence/source-context/candidate/history/cycle2-final/candidate/public/evidence/scoped-lint-review-candidate.txt
_goals/convex-backend-runtime-2026-10-02/qa/task03c2-live-harness-review3-evidence/source-context/candidate/history/cycle2-final/candidate/public/evidence/npm12-review-candidate.txt
_goals/convex-backend-runtime-2026-10-02/qa/task03c2-live-harness-review3-evidence/source-context/candidate/history/cycle2-final/candidate/public/evidence/qualify-7945d077-d0c7-48d5-8a42-266c1077f41e.json
_goals/convex-backend-runtime-2026-10-02/qa/task03c2-live-harness-review3-evidence/source-context/candidate/history/cycle2-final/candidate/public/project-request.json
_goals/convex-backend-runtime-2026-10-02/qa/task03c2-live-harness-review3-evidence/source-context/candidate/history/cycle2-final/candidate/public/source-provenance.json
_goals/convex-backend-runtime-2026-10-02/qa/task03c2-live-harness-review3-evidence/source-context/candidate/history/cycle2-final/candidate/public/file-inventory.json
_goals/convex-backend-runtime-2026-10-02/qa/task03c2-live-harness-review3-evidence/source-context/candidate/history/cycle2-final/candidate/public/service-outcomes.json
_goals/convex-backend-runtime-2026-10-02/qa/task03b2b1/history/cycle2-final/candidate/qa/history/cycle1/qa/checks/history-shape-validation/node-version.stderr.txt
_goals/convex-backend-runtime-2026-10-02/qa/task03b2b1/history/cycle2-final/candidate/qa/history/cycle1/qa/checks/history-shape-validation/discovery.stderr.txt
_goals/convex-backend-runtime-2026-10-02/qa/task03b2b1/history/cycle2-final/candidate/qa/history/cycle1/qa/checks/history-shape-validation/npm-version.stderr.txt
_goals/convex-backend-runtime-2026-10-02/qa/task03b2b1/history/cycle2-final/candidate/qa/history/cycle1/qa/checks/history-shape-validation/diff-check.stdout.txt
_goals/convex-backend-runtime-2026-10-02/qa/task03b2b1/history/cycle2-final/candidate/qa/history/cycle1/qa/checks/history-shape-validation/tests.stdout.txt
_goals/convex-backend-runtime-2026-10-02/qa/task03b2b1/history/cycle2-final/candidate/qa/history/cycle1/qa/checks/history-shape-validation/root-types-diagnostic.stdout.txt
_goals/convex-backend-runtime-2026-10-02/qa/task03b2b1/history/cycle2-final/candidate/qa/history/cycle1/qa/checks/history-shape-validation/baseline-root-lint-types.stderr.txt
_goals/convex-backend-runtime-2026-10-02/qa/task03b2b1/history/cycle2-final/candidate/qa/history/cycle1/qa/checks/history-shape-validation/commands.json
_goals/convex-backend-runtime-2026-10-02/qa/task03b2b1/history/cycle2-final/candidate/qa/history/cycle1/qa/checks/history-shape-validation/catalog.stdout.txt
_goals/convex-backend-runtime-2026-10-02/qa/task03b2b1/history/cycle2-final/candidate/qa/history/cycle1/qa/checks/history-shape-validation/backend-types.stdout.txt
_goals/convex-backend-runtime-2026-10-02/qa/task03b2b1/history/cycle2-final/candidate/qa/history/cycle1/qa/checks/history-shape-validation/diff-check.stderr.txt
_goals/convex-backend-runtime-2026-10-02/qa/task03b2b1/history/cycle2-final/candidate/qa/history/cycle1/qa/checks/history-shape-validation/baseline-root-lint-types.stdout.txt
_goals/convex-backend-runtime-2026-10-02/qa/task03b2b1/history/cycle2-final/candidate/qa/history/cycle1/qa/checks/history-shape-validation/baseline-root-types.stdout.txt
_goals/convex-backend-runtime-2026-10-02/qa/task03b2b1/history/cycle2-final/candidate/qa/history/cycle1/qa/checks/history-shape-validation/catalog.stderr.txt
_goals/convex-backend-runtime-2026-10-02/qa/task03b2b1/history/cycle2-final/candidate/qa/history/cycle1/qa/checks/history-shape-validation/tests.stderr.txt
_goals/convex-backend-runtime-2026-10-02/qa/task03b2b1/history/cycle2-final/candidate/qa/history/cycle1/qa/checks/history-shape-validation/scoped-types.stderr.txt
_goals/convex-backend-runtime-2026-10-02/qa/task03b2b1/history/cycle2-final/candidate/qa/history/cycle1/qa/checks/history-shape-validation/baseline-root-types.stderr.txt
_goals/convex-backend-runtime-2026-10-02/qa/task03b2b1/history/cycle2-final/candidate/qa/history/cycle1/qa/checks/history-shape-validation/root-types-diagnostic.stderr.txt
_goals/convex-backend-runtime-2026-10-02/qa/task03b2b1/history/cycle2-final/candidate/qa/history/cycle1/qa/checks/history-shape-validation/tests-final.json
_goals/convex-backend-runtime-2026-10-02/qa/task03b2b1/history/cycle2-final/candidate/qa/history/cycle1/qa/checks/history-shape-validation/node-version.stdout.txt
_goals/convex-backend-runtime-2026-10-02/qa/task03b2b1/history/cycle2-final/candidate/qa/history/cycle1/qa/checks/history-shape-validation/root-lint-types-diagnostic.stderr.txt
_goals/convex-backend-runtime-2026-10-02/qa/task03b2b1/history/cycle2-final/candidate/qa/history/cycle1/qa/checks/history-shape-validation/root-lint-types-diagnostic.stdout.txt
_goals/convex-backend-runtime-2026-10-02/qa/task03b2b1/history/cycle2-final/candidate/qa/history/cycle1/qa/checks/history-shape-validation/discovery.stdout.txt
_goals/convex-backend-runtime-2026-10-02/qa/task03b2b1/history/cycle2-final/candidate/qa/history/cycle1/qa/checks/history-shape-validation/scoped-lint.stderr.txt
_goals/convex-backend-runtime-2026-10-02/qa/task03b2b1/history/cycle2-final/candidate/qa/history/cycle1/qa/checks/history-shape-validation/npm-version.stdout.txt
_goals/convex-backend-runtime-2026-10-02/qa/task03b2b1/history/cycle2-final/candidate/qa/history/cycle1/qa/checks/history-shape-validation/scoped-lint.stdout.txt
_goals/convex-backend-runtime-2026-10-02/qa/task03b2b1/history/cycle2-final/candidate/qa/history/cycle1/qa/checks/history-shape-validation/baseline-commands.json
_goals/convex-backend-runtime-2026-10-02/qa/task03b2b1/history/cycle2-final/candidate/qa/history/cycle1/qa/checks/history-shape-validation/scoped-types.stdout.txt
_goals/convex-backend-runtime-2026-10-02/qa/task03b2b1/history/cycle2-final/candidate/qa/history/cycle1/qa/checks/history-shape-validation/backend-types.stderr.txt
_goals/convex-backend-runtime-2026-10-02/qa/task03b2b1/history/cycle2-final/candidate/qa/history/cycle1/qa/checks/npm-version.stdout.txt
_goals/convex-backend-runtime-2026-10-02/qa/task03b2b1/history/cycle1/independent/node-version.stderr.txt
_goals/convex-backend-runtime-2026-10-02/qa/task03b2b1/history/cycle1/independent/discovery.stderr.txt
_goals/convex-backend-runtime-2026-10-02/qa/task03b2b1/history/cycle1/independent/graph-boundary.stderr.txt
_goals/convex-backend-runtime-2026-10-02/qa/task03b2b1/history/cycle1/independent/accepted-main-root-types.stdout.txt
_goals/convex-backend-runtime-2026-10-02/qa/task03b2b1/history/cycle1/independent/root-lint-types.stderr.txt
_goals/convex-backend-runtime-2026-10-02/qa/task03b2b1/history/cycle1/independent/npm-version.stderr.txt
_goals/convex-backend-runtime-2026-10-02/qa/task03b2b1/history/cycle1/independent/diff-check.stdout.txt
_goals/convex-backend-runtime-2026-10-02/qa/task03b2b1/history/cycle1/independent/tests.stdout.txt
_goals/convex-backend-runtime-2026-10-02/qa/task03b2b1/history/cycle1/independent/graph-boundary.mts.text
_goals/convex-backend-runtime-2026-10-02/qa/task03b2b1/history/cycle1/independent/pinned-base-root-lint-types.stdout.txt
_goals/convex-backend-runtime-2026-10-02/qa/task03b2b1/history/cycle1/independent/tests.json
_goals/convex-backend-runtime-2026-10-02/qa/task03b2b1/history/cycle1/independent/pinned-base-root-types.stdout.txt
_goals/convex-backend-runtime-2026-10-02/qa/task03b2b1/history/cycle1/independent/graph-boundary.stdout.json
_goals/convex-backend-runtime-2026-10-02/qa/task03b2b1/history/cycle1/independent/commands.json
_goals/convex-backend-runtime-2026-10-02/qa/task03b2b1/history/cycle1/independent/catalog/selected-path-inventory.json
_goals/convex-backend-runtime-2026-10-02/qa/task03b2b1/history/cycle1/independent/catalog/selected-path-inventory.md
_goals/convex-backend-runtime-2026-10-02/qa/task03b2b1/history/cycle1/independent/manifest.original.json
_goals/convex-backend-runtime-2026-10-02/qa/task03b2b1/history/cycle1/independent/catalog.stdout.txt
_goals/convex-backend-runtime-2026-10-02/qa/task03b2b1/history/cycle1/independent/preservation.json
_goals/convex-backend-runtime-2026-10-02/qa/task03b2b1/history/cycle1/independent/backend-types.stdout.txt
_goals/convex-backend-runtime-2026-10-02/qa/task03b2b1/history/cycle1/independent/accepted-main-root-lint-types.stderr.txt
_goals/convex-backend-runtime-2026-10-02/qa/task03b2b1/history/cycle1/independent/diff-check.stderr.txt
_goals/convex-backend-runtime-2026-10-02/qa/task03b2b1/history/cycle1/independent/diagnostic-comparison.json
_goals/convex-backend-runtime-2026-10-02/qa/task03b2b1/history/cycle1/independent/run-review.py.text
_goals/convex-backend-runtime-2026-10-02/qa/task03b2b1/history/cycle1/independent/pinned-base-root-lint-types.stderr.txt
_goals/convex-backend-runtime-2026-10-02/qa/task03b2b1/history/cycle1/independent/after.json
_goals/convex-backend-runtime-2026-10-02/qa/task03b2b1/history/cycle1/independent/catalog.stderr.txt
_goals/convex-backend-runtime-2026-10-02/qa/task03b2b1/history/cycle1/independent/tests.stderr.txt
_goals/convex-backend-runtime-2026-10-02/qa/task03b2b1/history/cycle1/independent/scoped-types.stderr.txt
_goals/convex-backend-runtime-2026-10-02/qa/task03b2b1/history/cycle1/independent/judgment.md
_goals/convex-backend-runtime-2026-10-02/qa/task03b2b1/history/cycle1/independent/probe-commands.json
_goals/convex-backend-runtime-2026-10-02/qa/task03b2b1/history/cycle1/independent/final-freeze-verification.json
_goals/convex-backend-runtime-2026-10-02/qa/task03b2b1/history/cycle1/independent/accepted-main-root-lint-types.stdout.txt
_goals/convex-backend-runtime-2026-10-02/qa/task03b2b1/history/cycle1/independent/root-lint-types.stdout.txt
_goals/convex-backend-runtime-2026-10-02/qa/task03b2b1/history/cycle1/independent/authority-probes.mts.text
_goals/convex-backend-runtime-2026-10-02/qa/task03b2b1/history/cycle1/independent/root-types.stderr.txt
_goals/convex-backend-runtime-2026-10-02/qa/task03b2b1/history/cycle1/independent/node-version.stdout.txt
_goals/convex-backend-runtime-2026-10-02/qa/task03b2b1/history/cycle1/independent/before.json
_goals/convex-backend-runtime-2026-10-02/qa/task03b2b1/history/cycle1/independent/probes.stderr.txt
_goals/convex-backend-runtime-2026-10-02/qa/task03b2b1/history/cycle1/independent/probes.stdout.json
_goals/convex-backend-runtime-2026-10-02/qa/task03b2b1/history/cycle1/independent/authority-probes.stderr.txt
_goals/convex-backend-runtime-2026-10-02/qa/task03b2b1/history/cycle1/independent/discovery.stdout.txt
_goals/convex-backend-runtime-2026-10-02/qa/task03b2b1/history/cycle1/independent/probes.mts.text
_goals/convex-backend-runtime-2026-10-02/qa/task03b2b1/history/cycle1/independent/scoped-lint.stderr.txt
_goals/convex-backend-runtime-2026-10-02/qa/task03b2b1/history/cycle1/independent/authority-probes.stdout.json
_goals/convex-backend-runtime-2026-10-02/qa/task03b2b1/history/cycle1/independent/npm-version.stdout.txt
_goals/convex-backend-runtime-2026-10-02/qa/task03b2b1/history/cycle1/independent/schema-actual.patch
_goals/convex-backend-runtime-2026-10-02/qa/task03b2b1/history/cycle1/independent/scoped-lint.stdout.txt
_goals/convex-backend-runtime-2026-10-02/qa/task03b2b1/history/cycle1/independent/pinned-base-root-types.stderr.txt
_goals/convex-backend-runtime-2026-10-02/qa/task03b2b1/history/cycle1/independent/accepted-main-root-types.stderr.txt
_goals/convex-backend-runtime-2026-10-02/qa/task03b2b1/history/cycle1/independent/root-types.stdout.txt
_goals/convex-backend-runtime-2026-10-02/qa/task03b2b1/history/cycle1/independent/scoped-types.stdout.txt
_goals/convex-backend-runtime-2026-10-02/qa/task03b2b1/history/cycle1/independent/backend-types.stderr.txt
_goals/convex-backend-runtime-2026-10-02/qa/task03b2b1/history/cycle2-final/candidate/qa/history/cycle1/qa/checks/history-before-create-read-probes/node-version.stderr.txt
_goals/convex-backend-runtime-2026-10-02/qa/task03b2b1/history/cycle2-final/candidate/qa/history/cycle1/qa/checks/history-before-create-read-probes/discovery.stderr.txt
_goals/convex-backend-runtime-2026-10-02/qa/task03b2b1/history/cycle2-final/candidate/qa/history/cycle1/qa/checks/history-before-create-read-probes/npm-version.stderr.txt
_goals/convex-backend-runtime-2026-10-02/qa/task03b2b1/history/cycle2-final/candidate/qa/history/cycle1/qa/checks/history-before-create-read-probes/diff-check.stdout.txt
_goals/convex-backend-runtime-2026-10-02/qa/task03b2b1/history/cycle2-final/candidate/qa/history/cycle1/qa/checks/history-before-create-read-probes/tests.stdout.txt
_goals/convex-backend-runtime-2026-10-02/qa/task03b2b1/history/cycle2-final/candidate/qa/history/cycle1/qa/checks/history-before-create-read-probes/root-types-diagnostic.stdout.txt
_goals/convex-backend-runtime-2026-10-02/qa/task03b2b1/history/cycle2-final/candidate/qa/history/cycle1/qa/checks/history-before-create-read-probes/baseline-root-lint-types.stderr.txt
_goals/convex-backend-runtime-2026-10-02/qa/task03b2b1/history/cycle2-final/candidate/qa/history/cycle1/qa/checks/history-before-create-read-probes/commands.json
_goals/convex-backend-runtime-2026-10-02/qa/task03b2b1/history/cycle2-final/candidate/qa/history/cycle1/qa/checks/history-before-create-read-probes/catalog.stdout.txt
_goals/convex-backend-runtime-2026-10-02/qa/task03b2b1/history/cycle2-final/candidate/qa/history/cycle1/qa/checks/history-before-create-read-probes/backend-types.stdout.txt
_goals/convex-backend-runtime-2026-10-02/qa/task03b2b1/history/cycle2-final/candidate/qa/history/cycle1/qa/checks/history-before-create-read-probes/diff-check.stderr.txt
_goals/convex-backend-runtime-2026-10-02/qa/task03b2b1/history/cycle2-final/candidate/qa/history/cycle1/qa/checks/history-before-create-read-probes/baseline-root-lint-types.stdout.txt
_goals/convex-backend-runtime-2026-10-02/qa/task03b2b1/history/cycle2-final/candidate/qa/history/cycle1/qa/checks/history-before-create-read-probes/baseline-root-types.stdout.txt
_goals/convex-backend-runtime-2026-10-02/qa/task03b2b1/history/cycle2-final/candidate/qa/history/cycle1/qa/checks/history-before-create-read-probes/catalog.stderr.txt
_goals/convex-backend-runtime-2026-10-02/qa/task03b2b1/history/cycle2-final/candidate/qa/history/cycle1/qa/checks/history-before-create-read-probes/tests.stderr.txt
_goals/convex-backend-runtime-2026-10-02/qa/task03b2b1/history/cycle2-final/candidate/qa/history/cycle1/qa/checks/history-before-create-read-probes/scoped-types.stderr.txt
_goals/convex-backend-runtime-2026-10-02/qa/task03b2b1/history/cycle2-final/candidate/qa/history/cycle1/qa/checks/history-before-create-read-probes/baseline-root-types.stderr.txt
_goals/convex-backend-runtime-2026-10-02/qa/task03b2b1/history/cycle2-final/candidate/qa/history/cycle1/qa/checks/history-before-create-read-probes/root-types-diagnostic.stderr.txt
_goals/convex-backend-runtime-2026-10-02/qa/task03b2b1/history/cycle2-final/candidate/qa/history/cycle1/qa/checks/history-before-create-read-probes/tests-final.json
_goals/convex-backend-runtime-2026-10-02/qa/task03b2b1/history/cycle2-final/candidate/qa/history/cycle1/qa/checks/history-before-create-read-probes/node-version.stdout.txt
_goals/convex-backend-runtime-2026-10-02/qa/task03b2b1/history/cycle2-final/candidate/qa/history/cycle1/qa/checks/history-before-create-read-probes/root-lint-types-diagnostic.stderr.txt
_goals/convex-backend-runtime-2026-10-02/qa/task03b2b1/history/cycle2-final/candidate/qa/history/cycle1/qa/checks/history-before-create-read-probes/root-lint-types-diagnostic.stdout.txt
_goals/convex-backend-runtime-2026-10-02/qa/task03b2b1/history/cycle2-final/candidate/qa/history/cycle1/qa/checks/history-before-create-read-probes/discovery.stdout.txt
_goals/convex-backend-runtime-2026-10-02/qa/task03b2b1/history/cycle2-final/candidate/qa/history/cycle1/qa/checks/history-before-create-read-probes/scoped-lint.stderr.txt
_goals/convex-backend-runtime-2026-10-02/qa/task03b2b1/history/cycle2-final/candidate/qa/history/cycle1/qa/checks/history-before-create-read-probes/npm-version.stdout.txt
_goals/convex-backend-runtime-2026-10-02/qa/task03b2b1/history/cycle2-final/candidate/qa/history/cycle1/qa/checks/history-before-create-read-probes/scoped-lint.stdout.txt
_goals/convex-backend-runtime-2026-10-02/qa/task03b2b1/history/cycle2-final/candidate/qa/history/cycle1/qa/checks/history-before-create-read-probes/baseline-commands.json
_goals/convex-backend-runtime-2026-10-02/qa/task03b2b1/history/cycle2-final/candidate/qa/history/cycle1/qa/checks/history-before-create-read-probes/scoped-types.stdout.txt
_goals/convex-backend-runtime-2026-10-02/qa/task03b2b1/history/cycle2-final/candidate/qa/history/cycle1/qa/checks/history-before-create-read-probes/backend-types.stderr.txt
_goals/convex-backend-runtime-2026-10-02/qa/task03c2-live-harness-review3-evidence/source-context/candidate/history/cycle2-final/candidate/public/history/cycle1/independent/client-types.txt
_goals/convex-backend-runtime-2026-10-02/qa/task03c2-live-harness-review3-evidence/source-context/candidate/history/cycle2-final/candidate/public/history/cycle1/independent/git-before.txt
_goals/convex-backend-runtime-2026-10-02/qa/task03c2-live-harness-review3-evidence/source-context/candidate/history/cycle2-final/candidate/public/history/cycle1/independent/actual-client-prep.mjs.text
_goals/convex-backend-runtime-2026-10-02/qa/task03c2-live-harness-review3-evidence/source-context/candidate/history/cycle2-final/candidate/public/history/cycle1/independent/commands.json
_goals/convex-backend-runtime-2026-10-02/qa/task03c2-live-harness-review3-evidence/source-context/candidate/history/cycle2-final/candidate/public/history/cycle1/independent/manifest.original.json
_goals/convex-backend-runtime-2026-10-02/qa/task03c2-live-harness-review3-evidence/source-context/candidate/history/cycle2-final/candidate/public/history/cycle1/independent/preservation.json
_goals/convex-backend-runtime-2026-10-02/qa/task03c2-live-harness-review3-evidence/source-context/candidate/history/cycle2-final/candidate/public/history/cycle1/independent/after-candidate.json
_goals/convex-backend-runtime-2026-10-02/qa/task03c2-live-harness-review3-evidence/source-context/candidate/history/cycle2-final/candidate/public/history/cycle1/independent/packed-offline.mjs.text
_goals/convex-backend-runtime-2026-10-02/qa/task03c2-live-harness-review3-evidence/source-context/candidate/history/cycle2-final/candidate/public/history/cycle1/independent/judgment.md
_goals/convex-backend-runtime-2026-10-02/qa/task03c2-live-harness-review3-evidence/source-context/candidate/history/cycle2-final/candidate/public/history/cycle1/independent/identity.json
_goals/convex-backend-runtime-2026-10-02/qa/task03c2-live-harness-review3-evidence/source-context/candidate/history/cycle2-final/candidate/public/history/cycle1/independent/run.py.text
_goals/convex-backend-runtime-2026-10-02/qa/task03c2-live-harness-review3-evidence/source-context/candidate/history/cycle2-final/candidate/public/history/cycle1/independent/backend-types.txt
_goals/convex-backend-runtime-2026-10-02/qa/task03c2-live-harness-review3-evidence/source-context/candidate/history/cycle2-final/candidate/public/history/cycle1/independent/private-selector-lint.json
_goals/convex-backend-runtime-2026-10-02/qa/task03c2-live-harness-review3-evidence/source-context/candidate/history/cycle2-final/candidate/public/history/cycle1/independent/case-discovery.json
_goals/convex-backend-runtime-2026-10-02/qa/task03b2b1/history/cycle1/source/eslint.config.js.text
_goals/convex-backend-runtime-2026-10-02/qa/task03c2-live-harness-review3-evidence/source-context/candidate/history/cycle2-final/candidate/public/history/cycle1/independent/check.py.text
_goals/convex-backend-runtime-2026-10-02/qa/task03c2-live-harness-review3-evidence/source-context/candidate/history/cycle2-final/candidate/public/history/cycle1/independent/packed-offline.json
_goals/convex-backend-runtime-2026-10-02/qa/task03c2-live-harness-review3-evidence/source-context/candidate/history/cycle2-final/candidate/public/history/cycle1/independent/prepare-replay.py.text
_goals/convex-backend-runtime-2026-10-02/qa/task03c2-live-harness-review3-evidence/source-context/candidate/history/cycle2-final/candidate/public/history/cycle1/independent/private-selector-lint-command.json
_goals/convex-backend-runtime-2026-10-02/qa/task03c2-live-harness-review3-evidence/source-context/candidate/history/cycle2-final/candidate/public/history/cycle1/independent/git-after.txt
_goals/convex-backend-runtime-2026-10-02/qa/task03c2-live-harness-review3-evidence/source-context/candidate/history/cycle2-final/candidate/public/history/cycle1/independent/operator-denial-predicate.json
_goals/convex-backend-runtime-2026-10-02/qa/task03c2-live-harness-review3-evidence/source-context/candidate/history/cycle2-final/candidate/public/history/cycle1/independent/before-candidate.json
_goals/convex-backend-runtime-2026-10-02/qa/task03c2-live-harness-review3-evidence/source-context/candidate/history/cycle2-final/candidate/public/history/cycle1/independent/scoped-house-lint.txt
_goals/convex-backend-runtime-2026-10-02/qa/task03c2-live-harness-review3-evidence/source-context/candidate/history/cycle2-final/candidate/public/history/cycle1/independent/integrity.json
_goals/convex-backend-runtime-2026-10-02/qa/task03c2-live-harness-review3-evidence/source-context/candidate/history/cycle2-final/candidate/public/history/cycle1/independent/client-prep-94cc01fd-b449-4d55-880d-57c20642a7dc.json
_goals/convex-backend-runtime-2026-10-02/qa/task03c2-live-harness-review3-evidence/source-context/candidate/history/cycle2-final/candidate/public/history/cycle1/independent/client-prep-interception.json
_goals/convex-backend-runtime-2026-10-02/qa/task03c2-live-fixture/history/cycle2-final/independent/replay-repo/package.json
_goals/convex-backend-runtime-2026-10-02/qa/task03b2b1/history/cycle2-final/candidate/qa/history/cycle1/qa/checks/history-before-native-string-alignment/node-version.stderr.txt
_goals/convex-backend-runtime-2026-10-02/qa/task03b2b1/history/cycle2-final/candidate/qa/history/cycle1/qa/checks/history-before-native-string-alignment/discovery.stderr.txt
_goals/convex-backend-runtime-2026-10-02/qa/task03b2b1/history/cycle2-final/candidate/qa/history/cycle1/qa/checks/history-before-native-string-alignment/npm-version.stderr.txt
_goals/convex-backend-runtime-2026-10-02/qa/task03b2b1/history/cycle2-final/candidate/qa/history/cycle1/qa/checks/history-before-native-string-alignment/diff-check.stdout.txt
_goals/convex-backend-runtime-2026-10-02/qa/task03b2b1/history/cycle2-final/candidate/qa/history/cycle1/qa/checks/history-before-native-string-alignment/tests.stdout.txt
_goals/convex-backend-runtime-2026-10-02/qa/task03b2b1/history/cycle2-final/candidate/qa/history/cycle1/qa/checks/history-before-native-string-alignment/root-types-diagnostic.stdout.txt
_goals/convex-backend-runtime-2026-10-02/qa/task03b2b1/history/cycle2-final/candidate/qa/history/cycle1/qa/checks/history-before-native-string-alignment/baseline-root-lint-types.stderr.txt
_goals/convex-backend-runtime-2026-10-02/qa/task03b2b1/history/cycle2-final/candidate/qa/history/cycle1/qa/checks/history-before-native-string-alignment/commands.json
_goals/convex-backend-runtime-2026-10-02/qa/task03b2b1/history/cycle2-final/candidate/qa/history/cycle1/qa/checks/history-before-native-string-alignment/catalog.stdout.txt
_goals/convex-backend-runtime-2026-10-02/qa/task03b2b1/history/cycle2-final/candidate/qa/history/cycle1/qa/checks/history-before-native-string-alignment/backend-types.stdout.txt
_goals/convex-backend-runtime-2026-10-02/qa/task03b2b1/history/cycle2-final/candidate/qa/history/cycle1/qa/checks/history-before-native-string-alignment/diff-check.stderr.txt
_goals/convex-backend-runtime-2026-10-02/qa/task03b2b1/history/cycle2-final/candidate/qa/history/cycle1/qa/checks/history-before-native-string-alignment/baseline-root-lint-types.stdout.txt
_goals/convex-backend-runtime-2026-10-02/qa/task03b2b1/history/cycle2-final/candidate/qa/history/cycle1/qa/checks/history-before-native-string-alignment/baseline-root-types.stdout.txt
_goals/convex-backend-runtime-2026-10-02/qa/task03b2b1/history/cycle2-final/candidate/qa/history/cycle1/qa/checks/history-before-native-string-alignment/catalog.stderr.txt
_goals/convex-backend-runtime-2026-10-02/qa/task03b2b1/history/cycle2-final/candidate/qa/history/cycle1/qa/checks/history-before-native-string-alignment/tests.stderr.txt
_goals/convex-backend-runtime-2026-10-02/qa/task03b2b1/history/cycle2-final/candidate/qa/history/cycle1/qa/checks/history-before-native-string-alignment/scoped-types.stderr.txt
_goals/convex-backend-runtime-2026-10-02/qa/task03b2b1/history/cycle2-final/candidate/qa/history/cycle1/qa/checks/history-before-native-string-alignment/baseline-root-types.stderr.txt
_goals/convex-backend-runtime-2026-10-02/qa/task03b2b1/history/cycle2-final/candidate/qa/history/cycle1/qa/checks/history-before-native-string-alignment/root-types-diagnostic.stderr.txt
_goals/convex-backend-runtime-2026-10-02/qa/task03b2b1/history/cycle2-final/candidate/qa/history/cycle1/qa/checks/history-before-native-string-alignment/tests-final.json
_goals/convex-backend-runtime-2026-10-02/qa/task03b2b1/history/cycle2-final/candidate/qa/history/cycle1/qa/checks/history-before-native-string-alignment/node-version.stdout.txt
_goals/convex-backend-runtime-2026-10-02/qa/task03b2b1/history/cycle2-final/candidate/qa/history/cycle1/qa/checks/history-before-native-string-alignment/root-lint-types-diagnostic.stderr.txt
_goals/convex-backend-runtime-2026-10-02/qa/task03b2b1/history/cycle2-final/candidate/qa/history/cycle1/qa/checks/history-before-native-string-alignment/root-lint-types-diagnostic.stdout.txt
_goals/convex-backend-runtime-2026-10-02/qa/task03b2b1/history/cycle2-final/candidate/qa/history/cycle1/qa/checks/history-before-native-string-alignment/discovery.stdout.txt
_goals/convex-backend-runtime-2026-10-02/qa/task03b2b1/history/cycle2-final/candidate/qa/history/cycle1/qa/checks/history-before-native-string-alignment/scoped-lint.stderr.txt
_goals/convex-backend-runtime-2026-10-02/qa/task03b2b1/history/cycle2-final/candidate/qa/history/cycle1/qa/checks/history-before-native-string-alignment/npm-version.stdout.txt
_goals/convex-backend-runtime-2026-10-02/qa/task03b2b1/history/cycle2-final/candidate/qa/history/cycle1/qa/checks/history-before-native-string-alignment/scoped-lint.stdout.txt
_goals/convex-backend-runtime-2026-10-02/qa/task03b2b1/history/cycle2-final/candidate/qa/history/cycle1/qa/checks/history-before-native-string-alignment/baseline-commands.json
_goals/convex-backend-runtime-2026-10-02/qa/task03b2b1/history/cycle2-final/candidate/qa/history/cycle1/qa/checks/history-before-native-string-alignment/scoped-types.stdout.txt
_goals/convex-backend-runtime-2026-10-02/qa/task03b2b1/history/cycle2-final/candidate/qa/history/cycle1/qa/checks/history-before-native-string-alignment/backend-types.stderr.txt
_goals/convex-backend-runtime-2026-10-02/qa/task03c2-live-harness-review3-evidence/source-context/candidate/history/cycle2-final/candidate/public/history/cycle1/candidate/client-tsconfig.json
_goals/convex-backend-runtime-2026-10-02/qa/task03c2-live-fixture/history/cycle2-final/independent/replay-repo/work/backend-runtime/task03c2-live-fixture/run-checks-cycle2.py.text
_goals/convex-backend-runtime-2026-10-02/qa/task03c2-live-fixture/history/cycle2-final/independent/replay-repo/work/backend-runtime/task03c2-live-fixture/archive-preservation-initial.json
_goals/convex-backend-runtime-2026-10-02/qa/task03c2-live-fixture/history/cycle2-final/independent/replay-repo/work/backend-runtime/task03c2-live-fixture/finalize-cycle2.py.text
_goals/convex-backend-runtime-2026-10-02/qa/task03c2-live-fixture/history/cycle2-final/independent/replay-repo/work/backend-runtime/task03c2-live-fixture/rewrite-client-cycle2.py.text
_goals/convex-backend-runtime-2026-10-02/qa/task03c2-live-harness-review3-evidence/source-context/candidate/history/cycle2-final/candidate/public/history/cycle1/candidate/fixture/package.json
_goals/convex-backend-runtime-2026-10-02/qa/task03c2-live-harness-review3-evidence/source-context/candidate/history/cycle2-final/candidate/public/history/cycle1/candidate/fixture/convex.json
_goals/convex-backend-runtime-2026-10-02/qa/task03c2-live-fixture/history/cycle2-final/independent/replay-repo/work/backend-runtime/task03c2-live-fixture/offline-cycle2/descendant-539e62f6-b065-46e8-8d17-0f55dedcb9fc.pid
_goals/convex-backend-runtime-2026-10-02/qa/task03c2-live-fixture/history/cycle2-final/independent/replay-repo/work/backend-runtime/task03c2-live-fixture/offline-cycle2/descendant-a85a4aef-e8d2-4dc4-86e5-82f8c910bf63.pid
_goals/convex-backend-runtime-2026-10-02/qa/task03c2-live-fixture/history/cycle2-final/independent/replay-repo/work/backend-runtime/task03c2-live-fixture/offline-cycle2/descendant-b86443ed-8bc0-470f-9be7-0d8323a3cf2c.pid
_goals/convex-backend-runtime-2026-10-02/qa/task03c2-live-fixture/history/cycle2-final/independent/replay-repo/work/backend-runtime/task03c2-live-fixture/offline-cycle2/process-child.mjs.text
_goals/convex-backend-runtime-2026-10-02/qa/task03c2-live-fixture/history/cycle2-final/independent/replay-repo/work/backend-runtime/task03c2-live-fixture/offline-cycle2/descendant-17c8f591-7364-4d28-adcd-0872e9c1e7c8.pid
_goals/convex-backend-runtime-2026-10-02/qa/task03c2-live-fixture/history/cycle2-final/independent/replay-repo/work/backend-runtime/task03c2-live-fixture/offline-cycle2/descendant-269ae657-0518-42dc-a177-6f326c862097.pid
_goals/convex-backend-runtime-2026-10-02/qa/task03c2-live-fixture/history/cycle2-final/independent/replay-repo/work/backend-runtime/task03c2-live-fixture/offline-cycle2/descendant-4bb79672-22e4-4928-a70a-9368b022a929.pid
_goals/convex-backend-runtime-2026-10-02/qa/task03c2-live-fixture/history/cycle2-final/independent/replay-repo/work/backend-runtime/task03c2-live-fixture/offline-cycle2/descendant-fdef0569-9fb0-43b3-a1be-973500a697e5.pid
_goals/convex-backend-runtime-2026-10-02/qa/task03c2-live-fixture/history/cycle2-final/independent/replay-repo/work/backend-runtime/task03c2-live-fixture/offline-cycle2/descendant-95944efc-bad6-439c-a6e9-7cc889e7b7e1.pid
_goals/convex-backend-runtime-2026-10-02/qa/task03c2-live-fixture/history/cycle2-final/independent/replay-repo/work/backend-runtime/task03c2-live-fixture/offline-cycle2/descendant-4729e92f-7700-44b0-b0c5-cee0c09cba59.pid
_goals/convex-backend-runtime-2026-10-02/qa/task03c2-live-fixture/history/cycle2-final/independent/replay-repo/work/backend-runtime/task03c2-live-fixture/offline-cycle2/descendant-55937c15-3b1e-4853-b84f-c83f1ea9289d.pid
_goals/convex-backend-runtime-2026-10-02/qa/task03c2-live-fixture/history/cycle2-final/independent/replay-repo/work/backend-runtime/task03c2-live-fixture/offline-cycle2/descendant-b00449ed-b158-40c9-9e64-f38b0d42487e.pid
_goals/convex-backend-runtime-2026-10-02/qa/task03c2-live-fixture/history/cycle2-final/independent/replay-repo/work/backend-runtime/task03c2-live-fixture/offline-cycle2/descendant-766be8e1-f3c1-4ef9-ae73-b0feb110350d.pid
_goals/convex-backend-runtime-2026-10-02/qa/task03c2-live-fixture/history/cycle2-final/independent/replay-repo/work/backend-runtime/task03c2-live-fixture/offline-cycle2/intercept-child.mjs.text
_goals/convex-backend-runtime-2026-10-02/qa/task03c2-live-fixture/history/cycle2-final/independent/replay-repo/work/backend-runtime/task03c2-live-fixture/offline-cycle2/descendant-5ba536ca-15e0-488d-87e6-e89d62ef91a2.pid
_goals/convex-backend-runtime-2026-10-02/qa/task03c2-live-fixture/history/cycle2-final/independent/replay-repo/work/backend-runtime/task03c2-live-fixture/offline-cycle2/descendant-2dbc7c36-8b07-48ef-869a-f4d59c01b12d.pid
_goals/convex-backend-runtime-2026-10-02/qa/task03c2-live-fixture/history/cycle2-final/independent/replay-repo/work/backend-runtime/task03c2-live-fixture/verify-cycle2.py.text
_goals/convex-backend-runtime-2026-10-02/qa/task03c2-live-fixture/history/cycle2-final/independent/replay-repo/work/backend-runtime/task03c2-live-fixture/eslint.config.mjs.text
_goals/convex-backend-runtime-2026-10-02/qa/task03c2-live-fixture/history/cycle2-final/independent/replay-repo/work/backend-runtime/task03c2-live-fixture/bound-client-cycle2.mjs.text
_goals/convex-backend-runtime-2026-10-02/qa/task03c2-live-fixture/history/cycle2-final/independent/race-grandchild-90d7baf1-93f5-4118-843b-1d1d40081ddf.pid
_goals/convex-backend-runtime-2026-10-02/qa/task03c2-live-fixture/history/cycle2-final/independent/proc-audit.mjs.text
_goals/convex-backend-runtime-2026-10-02/qa/task03c2-live-fixture/history/cycle2-final/independent/race-grandchild-c6a3f7a4-4c05-419d-bd84-97c9f26c35f9.pid
_goals/convex-backend-runtime-2026-10-02/qa/task03c2-live-fixture/history/cycle2-final/independent/race-receipt-d3ee810e-0b52-4b29-b401-b855e82001b7.json
_goals/convex-backend-runtime-2026-10-02/qa/task03c2-live-fixture/history/cycle2-final/independent/race-receipt-ba1c0160-50db-4f1c-a21c-cd8bbbb1ece6.json
_goals/convex-backend-runtime-2026-10-02/qa/task03c2-live-fixture/history/cycle2-final/independent/context.json
_goals/convex-backend-runtime-2026-10-02/qa/task03c2-live-fixture/history/cycle2-final/independent/race-receipt-f4327b67-2443-4f87-a2e7-9c5eff7b57d1.json
_goals/convex-backend-runtime-2026-10-02/qa/task03c2-live-fixture/history/cycle2-final/independent/race-grandchild-d3ee810e-0b52-4b29-b401-b855e82001b7.pid
_goals/convex-backend-runtime-2026-10-02/qa/task03c2-live-fixture/history/cycle2-final/independent/integrity.json
_goals/convex-backend-runtime-2026-10-02/qa/task03c2-live-fixture/history/cycle2-final/independent/proc-audit.jsonl
_goals/convex-backend-runtime-2026-10-02/qa/task03c2-live-fixture/history/cycle2-final/independent/private-output-check.json
_goals/convex-backend-runtime-2026-10-02/qa/task03c2-live-fixture/history/cycle2-final/independent/key-and-operator-controls-recorded.mjs.text
_goals/convex-backend-runtime-2026-10-02/qa/task03c2-live-fixture/history/cycle2-final/independent/race-receipt-b12345a0-6833-4670-be0c-8225c96b3e79.json
_goals/convex-backend-runtime-2026-10-02/qa/task03c2-live-harness-review3-evidence/source-context/candidate/history/cycle2-final/candidate/public/history/cycle1/candidate/fixture/convex/runtimeAuthSchema.ts.text
_goals/convex-backend-runtime-2026-10-02/qa/task03c2-live-harness-review3-evidence/source-context/candidate/history/cycle2-final/candidate/public/history/cycle1/candidate/fixture/convex/tsconfig.json
_goals/convex-backend-runtime-2026-10-02/qa/task03c2-live-harness-review3-evidence/source-context/candidate/history/cycle2-final/candidate/public/history/cycle1/candidate/fixture/convex/auth.config.ts.text
_goals/convex-backend-runtime-2026-10-02/qa/task03c2-live-harness-review3-evidence/source-context/candidate/history/cycle2-final/candidate/public/history/cycle1/candidate/fixture/convex/runtimeMemorySchema.ts.text
_goals/convex-backend-runtime-2026-10-02/qa/task03c2-live-harness-review3-evidence/source-context/candidate/history/cycle2-final/candidate/public/history/cycle1/candidate/fixture/convex/sessions.ts.text
_goals/convex-backend-runtime-2026-10-02/qa/task03c2-live-harness-review3-evidence/source-context/candidate/history/cycle2-final/candidate/public/history/cycle1/candidate/fixture/convex/runtimeMetadataAuth.ts.text
_goals/convex-backend-runtime-2026-10-02/qa/task03c2-live-harness-review3-evidence/source-context/candidate/history/cycle2-final/candidate/public/history/cycle1/candidate/fixture/convex/runtimeAuth.ts.text
_goals/convex-backend-runtime-2026-10-02/qa/task03c2-live-fixture/history/cycle2-final/candidate/public/client-tsconfig.json
_goals/convex-backend-runtime-2026-10-02/qa/task03c2-live-harness-review3-evidence/source-context/candidate/history/cycle2-final/candidate/public/history/cycle1/candidate/fixture/convex/_generated/server.d.ts.text
_goals/convex-backend-runtime-2026-10-02/qa/task03c2-live-harness-review3-evidence/source-context/candidate/history/cycle2-final/candidate/public/history/cycle1/candidate/fixture/convex/_generated/dataModel.d.ts.text
_goals/convex-backend-runtime-2026-10-02/qa/task03c2-live-harness-review3-evidence/source-context/candidate/history/cycle2-final/candidate/public/history/cycle1/candidate/fixture/convex/_generated/server.js.text
_goals/convex-backend-runtime-2026-10-02/qa/task03c2-live-harness-review3-evidence/source-context/candidate/history/cycle2-final/candidate/public/history/cycle1/candidate/fixture/convex/immutable.ts.text
_goals/convex-backend-runtime-2026-10-02/qa/task03c2-live-harness-review3-evidence/source-context/candidate/history/cycle2-final/candidate/public/history/cycle1/candidate/fixture/convex/mutable.ts.text
_goals/convex-backend-runtime-2026-10-02/qa/task03c2-live-harness-review3-evidence/source-context/candidate/history/cycle2-final/candidate/public/history/cycle1/candidate/fixture/convex/users.ts.text
_goals/convex-backend-runtime-2026-10-02/qa/task03c2-live-harness-review3-evidence/source-context/candidate/history/cycle2-final/candidate/public/history/cycle1/candidate/fixture/convex/schema.ts.text
_goals/convex-backend-runtime-2026-10-02/qa/task03c2-live-harness-review3-evidence/source-context/candidate/history/cycle2-final/candidate/public/history/cycle1/candidate/fixture/src/auth/verified.ts.text
_goals/convex-backend-runtime-2026-10-02/qa/task03c2-live-harness-review3-evidence/source-context/candidate/history/cycle2-final/candidate/public/history/cycle1/candidate/archive-preservation.json
_goals/convex-backend-runtime-2026-10-02/qa/task03c2-live-harness-review3-evidence/source-context/candidate/history/cycle2-final/candidate/public/history/cycle1/candidate/sdk-provenance.json
_goals/convex-backend-runtime-2026-10-02/qa/task03c2-live-harness-review3-evidence/source-context/candidate/history/cycle2-final/candidate/public/history/cycle1/candidate/source-freeze.json
_goals/convex-backend-runtime-2026-10-02/qa/task03c2-live-harness-review3-evidence/source-context/candidate/history/cycle2-final/candidate/public/history/cycle1/candidate/scripts/deploy.mjs.text
_goals/convex-backend-runtime-2026-10-02/qa/task03c2-live-harness-review3-evidence/source-context/candidate/history/cycle2-final/candidate/public/history/cycle1/candidate/scripts/client.ts.text
_goals/convex-backend-runtime-2026-10-02/qa/task03c2-live-harness-review3-evidence/source-context/candidate/history/cycle2-final/candidate/public/history/cycle1/candidate/scripts/cleanup.mjs.text
_goals/convex-backend-runtime-2026-10-02/qa/task03c2-live-harness-review3-evidence/source-context/candidate/history/cycle2-final/candidate/public/history/cycle1/candidate/scripts/operator.mjs.text
_goals/convex-backend-runtime-2026-10-02/qa/task03c2-live-harness-review3-evidence/source-context/candidate/history/cycle2-final/candidate/public/history/cycle1/candidate/scripts/guard-check.mjs.text
_goals/convex-backend-runtime-2026-10-02/qa/task03c2-live-harness-review3-evidence/source-context/candidate/history/cycle2-final/candidate/public/history/cycle1/candidate/scripts/reactive-transport.mjs.text
_goals/convex-backend-runtime-2026-10-02/qa/task03c2-live-harness-review3-evidence/source-context/candidate/history/cycle2-final/candidate/public/history/cycle1/candidate/scripts/client-prep.ts.text
_goals/convex-backend-runtime-2026-10-02/qa/task03c2-live-harness-review3-evidence/source-context/candidate/history/cycle2-final/candidate/public/history/cycle1/candidate/scripts/guard.mjs.text
_goals/convex-backend-runtime-2026-10-02/qa/task03c2-live-harness-review3-evidence/source-context/candidate/history/cycle2-final/candidate/public/history/cycle1/candidate/scripts/create.mjs.text
_goals/convex-backend-runtime-2026-10-02/qa/task03c2-live-harness-review3-evidence/source-context/candidate/history/cycle2-final/candidate/public/history/cycle1/candidate/scripts/qualify.mjs.text
_goals/convex-backend-runtime-2026-10-02/qa/task03c2-live-harness-review3-evidence/source-context/candidate/history/cycle2-final/candidate/public/history/cycle1/candidate/scripts/reactive-transport.d.mts.text
_goals/convex-backend-runtime-2026-10-02/qa/task03c2-live-harness-review3-evidence/source-context/candidate/history/cycle2-final/candidate/public/history/cycle1/candidate/scripts/entrypoint-check.mjs.text
_goals/convex-backend-runtime-2026-10-02/qa/task03c2-live-harness-review3-evidence/source-context/candidate/history/cycle2-final/candidate/public/history/cycle1/candidate/scripts/key-check.mjs.text
_goals/convex-backend-runtime-2026-10-02/qa/task03c2-live-harness-review3-evidence/source-context/candidate/history/cycle2-final/candidate/public/history/cycle1/candidate/scripts/guard.d.mts.text
_goals/convex-backend-runtime-2026-10-02/qa/task03c2-live-harness-review3-evidence/source-context/candidate/history/cycle2-final/candidate/public/history/cycle1/candidate/scripts/operator.d.mts.text
_goals/convex-backend-runtime-2026-10-02/qa/task03c2-live-harness-review3-evidence/source-context/candidate/history/cycle2-final/candidate/public/history/cycle1/candidate/report.md
_goals/convex-backend-runtime-2026-10-02/qa/task03c2-live-harness-review3-evidence/source-context/candidate/history/cycle2-final/candidate/public/history/cycle1/candidate/evidence/initial-failures.json
_goals/convex-backend-runtime-2026-10-02/qa/task03c2-live-harness-review3-evidence/source-context/candidate/history/cycle2-final/candidate/public/history/cycle1/candidate/evidence/entrypoints-review-candidate.txt
_goals/convex-backend-runtime-2026-10-02/qa/task03c2-live-harness-review3-evidence/source-context/candidate/history/cycle2-final/candidate/public/history/cycle1/candidate/evidence/guards-50daf6ce-f3dc-4040-bdff-699fb7b61e7b.json
_goals/convex-backend-runtime-2026-10-02/qa/task03c2-live-harness-review3-evidence/source-context/candidate/history/cycle2-final/candidate/public/history/cycle1/candidate/evidence/client-prep-f4d1c1de-133e-487f-a35e-1e876753309b.json
_goals/convex-backend-runtime-2026-10-02/qa/task03c2-live-harness-review3-evidence/source-context/candidate/history/cycle2-final/candidate/public/history/cycle1/candidate/evidence/guards-review-candidate.txt
_goals/convex-backend-runtime-2026-10-02/qa/task03c2-live-harness-review3-evidence/source-context/candidate/history/cycle2-final/candidate/public/history/cycle1/candidate/evidence/client-prep-cf3dfc1a-4728-4c48-916c-8c414a1b0f0a.json
_goals/convex-backend-runtime-2026-10-02/qa/task03c2-live-harness-review3-evidence/source-context/candidate/history/cycle2-final/candidate/public/history/cycle1/candidate/evidence/commands.json
_goals/convex-backend-runtime-2026-10-02/qa/task03c2-live-harness-review3-evidence/source-context/candidate/history/cycle2-final/candidate/public/history/cycle1/candidate/evidence/scoped-lint-final.txt
_goals/convex-backend-runtime-2026-10-02/qa/task03c2-live-harness-review3-evidence/source-context/candidate/history/cycle2-final/candidate/public/history/cycle1/candidate/evidence/key-match-review-candidate.txt
_goals/convex-backend-runtime-2026-10-02/qa/task03c2-live-harness-review3-evidence/source-context/candidate/history/cycle2-final/candidate/public/history/cycle1/candidate/evidence/commands-review-candidate.json
_goals/convex-backend-runtime-2026-10-02/qa/task03c2-live-harness-review3-evidence/source-context/candidate/history/cycle2-final/candidate/public/history/cycle1/candidate/evidence/backend-types-final.txt
_goals/convex-backend-runtime-2026-10-02/qa/task03c2-live-harness-review3-evidence/source-context/candidate/history/cycle2-final/candidate/public/history/cycle1/candidate/evidence/guards-4f8ccb77-3169-459b-9645-f21b534f02a8.json
_goals/convex-backend-runtime-2026-10-02/qa/task03c2-live-harness-review3-evidence/source-context/candidate/history/cycle2-final/candidate/public/history/cycle1/candidate/evidence/backend-types-review-candidate.txt
_goals/convex-backend-runtime-2026-10-02/qa/task03c2-live-harness-review3-evidence/source-context/candidate/history/cycle2-final/candidate/public/history/cycle1/candidate/evidence/entrypoints-b00b0c2d-e90d-4065-9f84-a3917f8ea44c.json
_goals/convex-backend-runtime-2026-10-02/qa/task03c2-live-harness-review3-evidence/source-context/candidate/history/cycle2-final/candidate/public/history/cycle1/candidate/evidence/key-match-b309855e-8a15-49b4-ab07-99d1e6c894d8.json
_goals/convex-backend-runtime-2026-10-02/qa/task03c2-live-harness-review3-evidence/source-context/candidate/history/cycle2-final/candidate/public/history/cycle1/candidate/evidence/client-prep-final.txt
_goals/convex-backend-runtime-2026-10-02/qa/task03c2-live-harness-review3-evidence/source-context/candidate/history/cycle2-final/candidate/public/history/cycle1/candidate/evidence/client-prep-64375a53-3a19-4837-a4a2-6bfe3411cc86.json
_goals/convex-backend-runtime-2026-10-02/qa/task03c2-live-harness-review3-evidence/source-context/candidate/history/cycle2-final/candidate/public/history/cycle1/candidate/evidence/hygiene-review-candidate.json
_goals/convex-backend-runtime-2026-10-02/qa/task03c2-live-harness-review3-evidence/source-context/candidate/history/cycle2-final/candidate/public/history/cycle1/candidate/evidence/provenance-final.json
_goals/convex-backend-runtime-2026-10-02/qa/task03c2-live-harness-review3-evidence/source-context/candidate/history/cycle2-final/candidate/public/history/cycle1/candidate/evidence/client-prep-review-candidate.txt
_goals/convex-backend-runtime-2026-10-02/qa/task03c2-live-harness-review3-evidence/source-context/candidate/history/cycle2-final/candidate/public/history/cycle1/candidate/evidence/node-review-candidate.txt
_goals/convex-backend-runtime-2026-10-02/qa/task03c2-live-harness-review3-evidence/source-context/candidate/history/cycle2-final/candidate/public/history/cycle1/candidate/evidence/client-types-review-candidate.txt
_goals/convex-backend-runtime-2026-10-02/qa/task03c2-live-harness-review3-evidence/source-context/candidate/history/cycle2-final/candidate/public/history/cycle1/candidate/evidence/guards-ee4ef58d-b7eb-4ccf-873b-738d80a4727b.json
_goals/convex-backend-runtime-2026-10-02/qa/task03c2-live-harness-review3-evidence/source-context/candidate/history/cycle2-final/candidate/public/history/cycle1/candidate/evidence/client-types-final.txt
_goals/convex-backend-runtime-2026-10-02/qa/task03c2-live-harness-review3-evidence/source-context/candidate/history/cycle2-final/candidate/public/history/cycle1/candidate/evidence/guards-final.txt
_goals/convex-backend-runtime-2026-10-02/qa/task03c2-live-harness-review3-evidence/source-context/candidate/history/cycle2-final/candidate/public/history/cycle1/candidate/evidence/entrypoints-4683ff0a-7a19-42e4-a1bb-248605af5a50.json
_goals/convex-backend-runtime-2026-10-02/qa/task03c2-live-harness-review3-evidence/source-context/candidate/history/cycle2-final/candidate/public/history/cycle1/candidate/evidence/scoped-lint-review-candidate.txt
_goals/convex-backend-runtime-2026-10-02/qa/task03c2-live-harness-review3-evidence/source-context/candidate/history/cycle2-final/candidate/public/history/cycle1/candidate/evidence/npm12-review-candidate.txt
_goals/convex-backend-runtime-2026-10-02/qa/task03c2-live-harness-review3-evidence/source-context/candidate/history/cycle2-final/candidate/public/history/cycle1/candidate/project-request.json
_goals/convex-backend-runtime-2026-10-02/qa/task03c2-live-harness-review3-evidence/source-context/candidate/history/cycle2-final/candidate/public/history/cycle1/candidate/source-provenance.json
_goals/convex-backend-runtime-2026-10-02/qa/task03c2-live-harness-review3-evidence/source-context/candidate/history/cycle2-final/candidate/public/history/cycle1/candidate/service-outcomes.json
_goals/convex-backend-runtime-2026-10-02/qa/task03c2-live-harness-review3-evidence/source-context/candidate/history/cycle2-final/candidate/public/history/cycle1/candidate/README.md
_goals/convex-backend-runtime-2026-10-02/qa/task03c2-live-harness-review3-evidence/source-context/candidate/history/cycle2-final/candidate/public/history/cycle1/preservation-manifest.json
_goals/convex-backend-runtime-2026-10-02/qa/task03c2-live-harness-review3-evidence/source-context/candidate/history/cycle2-final/candidate/public/README.md
_goals/convex-backend-runtime-2026-10-02/qa/task03c2-live-harness-review3-evidence/source-context/candidate/history/cycle2-final/candidate/public/private-file-inventory.json
_goals/convex-backend-runtime-2026-10-02/qa/task03c2-live-harness-review3-evidence/source-context/candidate/history/cycle2-final/candidate/private/work/backend-runtime/task03c2-live-fixture/run-checks-cycle2.py.text
_goals/convex-backend-runtime-2026-10-02/qa/task03c2-live-harness-review3-evidence/source-context/candidate/history/cycle2-final/candidate/private/work/backend-runtime/task03c2-live-fixture/archive-preservation-initial.json
_goals/convex-backend-runtime-2026-10-02/qa/task03c2-live-harness-review3-evidence/source-context/candidate/history/cycle2-final/candidate/private/work/backend-runtime/task03c2-live-fixture/finalize-cycle2.py.text
_goals/convex-backend-runtime-2026-10-02/qa/task03c2-live-harness-review3-evidence/source-context/candidate/history/cycle2-final/candidate/private/work/backend-runtime/task03c2-live-fixture/rewrite-client-cycle2.py.text
_goals/convex-backend-runtime-2026-10-02/qa/task03c2-live-harness-review3-evidence/source-context/candidate/history/cycle2-final/candidate/private/work/backend-runtime/task03c2-live-fixture/offline-cycle2/descendant-539e62f6-b065-46e8-8d17-0f55dedcb9fc.pid
_goals/convex-backend-runtime-2026-10-02/qa/task03c2-live-harness-review3-evidence/source-context/candidate/history/cycle2-final/candidate/private/work/backend-runtime/task03c2-live-fixture/offline-cycle2/descendant-a85a4aef-e8d2-4dc4-86e5-82f8c910bf63.pid
_goals/convex-backend-runtime-2026-10-02/qa/task03c2-live-harness-review3-evidence/source-context/candidate/history/cycle2-final/candidate/private/work/backend-runtime/task03c2-live-fixture/offline-cycle2/process-child.mjs.text
_goals/convex-backend-runtime-2026-10-02/qa/task03c2-live-harness-review3-evidence/source-context/candidate/history/cycle2-final/candidate/private/work/backend-runtime/task03c2-live-fixture/offline-cycle2/descendant-fdef0569-9fb0-43b3-a1be-973500a697e5.pid
_goals/convex-backend-runtime-2026-10-02/qa/task03c2-live-harness-review3-evidence/source-context/candidate/history/cycle2-final/candidate/private/work/backend-runtime/task03c2-live-fixture/offline-cycle2/descendant-b00449ed-b158-40c9-9e64-f38b0d42487e.pid
_goals/convex-backend-runtime-2026-10-02/qa/task03c2-live-harness-review3-evidence/source-context/candidate/history/cycle2-final/candidate/private/work/backend-runtime/task03c2-live-fixture/offline-cycle2/descendant-766be8e1-f3c1-4ef9-ae73-b0feb110350d.pid
_goals/convex-backend-runtime-2026-10-02/qa/task03c2-live-harness-review3-evidence/source-context/candidate/history/cycle2-final/candidate/private/work/backend-runtime/task03c2-live-fixture/offline-cycle2/intercept-child.mjs.text
_goals/convex-backend-runtime-2026-10-02/qa/task03c2-live-harness-review3-evidence/source-context/candidate/history/cycle2-final/candidate/private/work/backend-runtime/task03c2-live-fixture/verify-cycle2.py.text
_goals/convex-backend-runtime-2026-10-02/qa/task03c2-live-harness-review3-evidence/source-context/candidate/history/cycle2-final/candidate/private/work/backend-runtime/task03c2-live-fixture/eslint.config.mjs.text
_goals/convex-backend-runtime-2026-10-02/qa/task03c2-live-harness-review3-evidence/source-context/candidate/history/cycle2-final/candidate/private/work/backend-runtime/task03c2-live-fixture/bound-client-cycle2.mjs.text
_goals/convex-backend-runtime-2026-10-02/qa/task03c2-live-harness-review3-evidence/source-context/candidate/history/cycle2-final/preservation-manifest.json
_goals/convex-backend-runtime-2026-10-02/qa/task03c2-live-harness-review3-evidence/source-context/candidate/history/cycle1/independent/client-types.txt
_goals/convex-backend-runtime-2026-10-02/qa/task03c2-live-harness-review3-evidence/source-context/candidate/history/cycle1/independent/git-before.txt
_goals/convex-backend-runtime-2026-10-02/qa/task03c2-live-harness-review3-evidence/source-context/candidate/history/cycle1/independent/actual-client-prep.mjs.text
_goals/convex-backend-runtime-2026-10-02/qa/task03c2-live-harness-review3-evidence/source-context/candidate/history/cycle1/independent/commands.json
_goals/convex-backend-runtime-2026-10-02/qa/task03c2-live-harness-review3-evidence/source-context/candidate/history/cycle1/independent/manifest.original.json
_goals/convex-backend-runtime-2026-10-02/qa/task03c2-live-harness-review3-evidence/source-context/candidate/history/cycle1/independent/preservation.json
_goals/convex-backend-runtime-2026-10-02/qa/task03c2-live-harness-review3-evidence/source-context/candidate/history/cycle1/independent/after-candidate.json
_goals/convex-backend-runtime-2026-10-02/qa/task03c2-live-harness-review3-evidence/source-context/candidate/history/cycle1/independent/packed-offline.mjs.text
_goals/convex-backend-runtime-2026-10-02/qa/task03c2-live-harness-review3-evidence/source-context/candidate/history/cycle1/independent/judgment.md
_goals/convex-backend-runtime-2026-10-02/qa/task03c2-live-harness-review3-evidence/source-context/candidate/history/cycle1/independent/identity.json
_goals/convex-backend-runtime-2026-10-02/qa/task03c2-live-harness-review3-evidence/source-context/candidate/history/cycle1/independent/run.py.text
_goals/convex-backend-runtime-2026-10-02/qa/task03c2-live-harness-review3-evidence/source-context/candidate/history/cycle1/independent/backend-types.txt
_goals/convex-backend-runtime-2026-10-02/qa/task03c2-live-harness-review3-evidence/source-context/candidate/history/cycle1/independent/private-selector-lint.json
_goals/convex-backend-runtime-2026-10-02/qa/task03c2-live-harness-review3-evidence/source-context/candidate/history/cycle1/independent/case-discovery.json
_goals/convex-backend-runtime-2026-10-02/qa/task03c2-live-harness-review3-evidence/source-context/candidate/history/cycle1/independent/check.py.text
_goals/convex-backend-runtime-2026-10-02/qa/task03c2-live-harness-review3-evidence/source-context/candidate/history/cycle1/independent/packed-offline.json
_goals/convex-backend-runtime-2026-10-02/qa/task03c2-live-harness-review3-evidence/source-context/candidate/history/cycle1/independent/prepare-replay.py.text
_goals/convex-backend-runtime-2026-10-02/qa/task03c2-live-harness-review3-evidence/source-context/candidate/history/cycle1/independent/private-selector-lint-command.json
_goals/convex-backend-runtime-2026-10-02/qa/task03c2-live-harness-review3-evidence/source-context/candidate/history/cycle1/independent/git-after.txt
_goals/convex-backend-runtime-2026-10-02/qa/task03c2-live-harness-review3-evidence/source-context/candidate/history/cycle1/independent/operator-denial-predicate.json
_goals/convex-backend-runtime-2026-10-02/qa/task03c2-live-harness-review3-evidence/source-context/candidate/history/cycle1/independent/before-candidate.json
_goals/convex-backend-runtime-2026-10-02/qa/task03c2-live-harness-review3-evidence/source-context/candidate/history/cycle1/independent/scoped-house-lint.txt
_goals/convex-backend-runtime-2026-10-02/qa/task03c2-live-harness-review3-evidence/source-context/candidate/history/cycle1/independent/integrity.json
_goals/convex-backend-runtime-2026-10-02/qa/task03c2-live-harness-review3-evidence/source-context/candidate/history/cycle1/independent/client-prep-94cc01fd-b449-4d55-880d-57c20642a7dc.json
_goals/convex-backend-runtime-2026-10-02/qa/task03c2-live-harness-review3-evidence/source-context/candidate/history/cycle1/independent/client-prep-interception.json
_goals/convex-backend-runtime-2026-10-02/qa/task03c2-live-harness-review3-evidence/source-context/candidate/history/cycle1/candidate/client-tsconfig.json
_goals/convex-backend-runtime-2026-10-02/qa/task03c2-live-harness-review3-evidence/source-context/candidate/history/cycle1/candidate/fixture/package.json
_goals/convex-backend-runtime-2026-10-02/qa/task03c2-live-harness-review3-evidence/source-context/candidate/history/cycle1/candidate/fixture/convex.json
_goals/convex-backend-runtime-2026-10-02/qa/task03c2-live-harness-review3-evidence/source-context/candidate/history/cycle1/candidate/fixture/convex/runtimeAuthSchema.ts.text
_goals/convex-backend-runtime-2026-10-02/qa/task03c2-live-harness-review3-evidence/source-context/candidate/history/cycle1/candidate/fixture/convex/tsconfig.json
_goals/convex-backend-runtime-2026-10-02/qa/task03c2-live-harness-review3-evidence/source-context/candidate/history/cycle1/candidate/fixture/convex/auth.config.ts.text
_goals/convex-backend-runtime-2026-10-02/qa/task03c2-live-harness-review3-evidence/source-context/candidate/history/cycle1/candidate/fixture/convex/runtimeMemorySchema.ts.text
_goals/convex-backend-runtime-2026-10-02/qa/task03c2-live-harness-review3-evidence/source-context/candidate/history/cycle1/candidate/fixture/convex/sessions.ts.text
_goals/convex-backend-runtime-2026-10-02/qa/task03c2-live-harness-review3-evidence/source-context/candidate/history/cycle1/candidate/fixture/convex/runtimeMetadataAuth.ts.text
_goals/convex-backend-runtime-2026-10-02/qa/task03c2-live-harness-review3-evidence/source-context/candidate/history/cycle1/candidate/fixture/convex/runtimeAuth.ts.text
_goals/convex-backend-runtime-2026-10-02/qa/task03c2-live-harness-review3-evidence/source-context/candidate/history/cycle1/candidate/fixture/convex/_generated/server.d.ts.text
_goals/convex-backend-runtime-2026-10-02/qa/task03c2-live-harness-review3-evidence/source-context/candidate/history/cycle1/candidate/fixture/convex/_generated/dataModel.d.ts.text
_goals/convex-backend-runtime-2026-10-02/qa/task03c2-live-harness-review3-evidence/source-context/candidate/history/cycle1/candidate/fixture/convex/_generated/server.js.text
_goals/convex-backend-runtime-2026-10-02/qa/task03c2-live-harness-review3-evidence/source-context/candidate/history/cycle1/candidate/fixture/convex/immutable.ts.text
_goals/convex-backend-runtime-2026-10-02/qa/task03c2-live-harness-review3-evidence/source-context/candidate/history/cycle1/candidate/fixture/convex/mutable.ts.text
_goals/convex-backend-runtime-2026-10-02/qa/task03c2-live-harness-review3-evidence/source-context/candidate/history/cycle1/candidate/fixture/convex/users.ts.text
_goals/convex-backend-runtime-2026-10-02/qa/task03c2-live-harness-review3-evidence/source-context/candidate/history/cycle1/candidate/fixture/convex/schema.ts.text
_goals/convex-backend-runtime-2026-10-02/qa/task03c2-live-harness-review3-evidence/source-context/candidate/history/cycle1/candidate/fixture/src/auth/verified.ts.text
_goals/convex-backend-runtime-2026-10-02/qa/task03c2-live-harness-review3-evidence/source-context/candidate/history/cycle1/candidate/archive-preservation.json
_goals/convex-backend-runtime-2026-10-02/qa/task03c2-live-harness-review3-evidence/source-context/candidate/history/cycle1/candidate/sdk-provenance.json
_goals/convex-backend-runtime-2026-10-02/qa/task03c2-live-harness-review3-evidence/source-context/candidate/history/cycle1/candidate/source-freeze.json
_goals/convex-backend-runtime-2026-10-02/qa/task03c2-live-harness-review3-evidence/source-context/candidate/history/cycle1/candidate/scripts/deploy.mjs.text
_goals/convex-backend-runtime-2026-10-02/qa/task03c2-live-harness-review3-evidence/source-context/candidate/history/cycle1/candidate/scripts/client.ts.text
_goals/convex-backend-runtime-2026-10-02/qa/task03c2-live-harness-review3-evidence/source-context/candidate/history/cycle1/candidate/scripts/cleanup.mjs.text
_goals/convex-backend-runtime-2026-10-02/qa/task03c2-live-harness-review3-evidence/source-context/candidate/history/cycle1/candidate/scripts/operator.mjs.text
_goals/convex-backend-runtime-2026-10-02/qa/task03c2-live-harness-review3-evidence/source-context/candidate/history/cycle1/candidate/scripts/guard-check.mjs.text
_goals/convex-backend-runtime-2026-10-02/qa/task03c2-live-harness-review3-evidence/source-context/candidate/history/cycle1/candidate/scripts/reactive-transport.mjs.text
_goals/convex-backend-runtime-2026-10-02/qa/task03c2-live-harness-review3-evidence/source-context/candidate/history/cycle1/candidate/scripts/client-prep.ts.text
_goals/convex-backend-runtime-2026-10-02/qa/task03c2-live-harness-review3-evidence/source-context/candidate/history/cycle1/candidate/scripts/guard.mjs.text
_goals/convex-backend-runtime-2026-10-02/qa/task03c2-live-harness-review3-evidence/source-context/candidate/history/cycle1/candidate/scripts/create.mjs.text
_goals/convex-backend-runtime-2026-10-02/qa/task03c2-live-harness-review3-evidence/source-context/candidate/history/cycle1/candidate/scripts/qualify.mjs.text
_goals/convex-backend-runtime-2026-10-02/qa/task03c2-live-harness-review3-evidence/source-context/candidate/history/cycle1/candidate/scripts/reactive-transport.d.mts.text
_goals/convex-backend-runtime-2026-10-02/qa/task03c2-live-harness-review3-evidence/source-context/candidate/history/cycle1/candidate/scripts/entrypoint-check.mjs.text
_goals/convex-backend-runtime-2026-10-02/qa/task03c2-live-harness-review3-evidence/source-context/candidate/history/cycle1/candidate/scripts/key-check.mjs.text
_goals/convex-backend-runtime-2026-10-02/qa/task03c2-live-harness-review3-evidence/source-context/candidate/history/cycle1/candidate/scripts/guard.d.mts.text
_goals/convex-backend-runtime-2026-10-02/qa/task03c2-live-harness-review3-evidence/source-context/candidate/history/cycle1/candidate/scripts/operator.d.mts.text
_goals/convex-backend-runtime-2026-10-02/qa/task03c2-live-harness-review3-evidence/source-context/candidate/history/cycle1/candidate/report.md
_goals/convex-backend-runtime-2026-10-02/qa/task03c2-live-fixture/history/cycle2-final/candidate/public/fixture/package.json
_goals/convex-backend-runtime-2026-10-02/qa/task03c2-live-fixture/history/cycle2-final/candidate/public/fixture/convex.json
_goals/convex-backend-runtime-2026-10-02/qa/task03c2-live-fixture/history/cycle2-final/candidate/public/fixture/convex/runtimeAuthSchema.ts.text
_goals/convex-backend-runtime-2026-10-02/qa/task03c2-live-fixture/history/cycle2-final/candidate/public/fixture/convex/tsconfig.json
_goals/convex-backend-runtime-2026-10-02/qa/task03c2-live-fixture/history/cycle2-final/candidate/public/fixture/convex/auth.config.ts.text
_goals/convex-backend-runtime-2026-10-02/qa/task03c2-live-fixture/history/cycle2-final/candidate/public/fixture/convex/runtimeMemorySchema.ts.text
_goals/convex-backend-runtime-2026-10-02/qa/task03c2-live-fixture/history/cycle2-final/candidate/public/fixture/convex/sessions.ts.text
_goals/convex-backend-runtime-2026-10-02/qa/task03c2-live-fixture/history/cycle2-final/candidate/public/fixture/convex/runtimeMetadataAuth.ts.text
_goals/convex-backend-runtime-2026-10-02/qa/task03c2-live-fixture/history/cycle2-final/candidate/public/fixture/convex/runtimeAuth.ts.text
_goals/convex-backend-runtime-2026-10-02/qa/task03c2-live-harness-review3-evidence/source-context/candidate/history/cycle1/candidate/evidence/initial-failures.json
_goals/convex-backend-runtime-2026-10-02/qa/task03c2-live-harness-review3-evidence/source-context/candidate/history/cycle1/candidate/evidence/entrypoints-review-candidate.txt
_goals/convex-backend-runtime-2026-10-02/qa/task03c2-live-harness-review3-evidence/source-context/candidate/history/cycle1/candidate/evidence/guards-50daf6ce-f3dc-4040-bdff-699fb7b61e7b.json
_goals/convex-backend-runtime-2026-10-02/qa/task03c2-live-harness-review3-evidence/source-context/candidate/history/cycle1/candidate/evidence/client-prep-f4d1c1de-133e-487f-a35e-1e876753309b.json
_goals/convex-backend-runtime-2026-10-02/qa/task03c2-live-harness-review3-evidence/source-context/candidate/history/cycle1/candidate/evidence/guards-review-candidate.txt
_goals/convex-backend-runtime-2026-10-02/qa/task03c2-live-harness-review3-evidence/source-context/candidate/history/cycle1/candidate/evidence/client-prep-cf3dfc1a-4728-4c48-916c-8c414a1b0f0a.json
_goals/convex-backend-runtime-2026-10-02/qa/task03c2-live-harness-review3-evidence/source-context/candidate/history/cycle1/candidate/evidence/commands.json
_goals/convex-backend-runtime-2026-10-02/qa/task03c2-live-harness-review3-evidence/source-context/candidate/history/cycle1/candidate/evidence/scoped-lint-final.txt
_goals/convex-backend-runtime-2026-10-02/qa/task03c2-live-harness-review3-evidence/source-context/candidate/history/cycle1/candidate/evidence/key-match-review-candidate.txt
_goals/convex-backend-runtime-2026-10-02/qa/task03c2-live-harness-review3-evidence/source-context/candidate/history/cycle1/candidate/evidence/commands-review-candidate.json
_goals/convex-backend-runtime-2026-10-02/qa/task03c2-live-harness-review3-evidence/source-context/candidate/history/cycle1/candidate/evidence/backend-types-final.txt
_goals/convex-backend-runtime-2026-10-02/qa/task03c2-live-harness-review3-evidence/source-context/candidate/history/cycle1/candidate/evidence/guards-4f8ccb77-3169-459b-9645-f21b534f02a8.json
_goals/convex-backend-runtime-2026-10-02/qa/task03c2-live-harness-review3-evidence/source-context/candidate/history/cycle1/candidate/evidence/backend-types-review-candidate.txt
_goals/convex-backend-runtime-2026-10-02/qa/task03c2-live-harness-review3-evidence/source-context/candidate/history/cycle1/candidate/evidence/entrypoints-b00b0c2d-e90d-4065-9f84-a3917f8ea44c.json
_goals/convex-backend-runtime-2026-10-02/qa/task03c2-live-harness-review3-evidence/source-context/candidate/history/cycle1/candidate/evidence/key-match-b309855e-8a15-49b4-ab07-99d1e6c894d8.json
_goals/convex-backend-runtime-2026-10-02/qa/task03c2-live-harness-review3-evidence/source-context/candidate/history/cycle1/candidate/evidence/client-prep-final.txt
_goals/convex-backend-runtime-2026-10-02/qa/task03c2-live-harness-review3-evidence/source-context/candidate/history/cycle1/candidate/evidence/client-prep-64375a53-3a19-4837-a4a2-6bfe3411cc86.json
_goals/convex-backend-runtime-2026-10-02/qa/task03c2-live-harness-review3-evidence/source-context/candidate/history/cycle1/candidate/evidence/hygiene-review-candidate.json
_goals/convex-backend-runtime-2026-10-02/qa/task03c2-live-harness-review3-evidence/source-context/candidate/history/cycle1/candidate/evidence/provenance-final.json
_goals/convex-backend-runtime-2026-10-02/qa/task03c2-live-harness-review3-evidence/source-context/candidate/history/cycle1/candidate/evidence/client-prep-review-candidate.txt
_goals/convex-backend-runtime-2026-10-02/qa/task03c2-live-harness-review3-evidence/source-context/candidate/history/cycle1/candidate/evidence/node-review-candidate.txt
_goals/convex-backend-runtime-2026-10-02/qa/task03c2-live-harness-review3-evidence/source-context/candidate/history/cycle1/candidate/evidence/client-types-review-candidate.txt
_goals/convex-backend-runtime-2026-10-02/qa/task03c2-live-harness-review3-evidence/source-context/candidate/history/cycle1/candidate/evidence/guards-ee4ef58d-b7eb-4ccf-873b-738d80a4727b.json
_goals/convex-backend-runtime-2026-10-02/qa/task03c2-live-harness-review3-evidence/source-context/candidate/history/cycle1/candidate/evidence/client-types-final.txt
_goals/convex-backend-runtime-2026-10-02/qa/task03c2-live-harness-review3-evidence/source-context/candidate/history/cycle1/candidate/evidence/guards-final.txt
_goals/convex-backend-runtime-2026-10-02/qa/task03c2-live-harness-review3-evidence/source-context/candidate/history/cycle1/candidate/evidence/entrypoints-4683ff0a-7a19-42e4-a1bb-248605af5a50.json
_goals/convex-backend-runtime-2026-10-02/qa/task03c2-live-harness-review3-evidence/source-context/candidate/history/cycle1/candidate/evidence/scoped-lint-review-candidate.txt
_goals/convex-backend-runtime-2026-10-02/qa/task03c2-live-harness-review3-evidence/source-context/candidate/history/cycle1/candidate/evidence/npm12-review-candidate.txt
_goals/convex-backend-runtime-2026-10-02/qa/task03c2-live-harness-review3-evidence/source-context/candidate/history/cycle1/candidate/project-request.json
_goals/convex-backend-runtime-2026-10-02/qa/task03c2-live-harness-review3-evidence/source-context/candidate/history/cycle1/candidate/source-provenance.json
_goals/convex-backend-runtime-2026-10-02/qa/task03c2-live-harness-review3-evidence/source-context/candidate/history/cycle1/candidate/file-inventory.json
_goals/convex-backend-runtime-2026-10-02/qa/task03c2-live-harness-review3-evidence/source-context/candidate/history/cycle1/candidate/service-outcomes.json
_goals/convex-backend-runtime-2026-10-02/qa/task03c2-live-harness-review3-evidence/source-context/candidate/history/cycle1/candidate/README.md
_goals/convex-backend-runtime-2026-10-02/qa/task03c2-live-harness-review3-evidence/source-context/candidate/history/cycle1/candidate/private-file-inventory.json
_goals/convex-backend-runtime-2026-10-02/qa/task03c2-live-harness-review3-evidence/source-context/candidate/history/cycle1/preservation-manifest.json
_goals/convex-backend-runtime-2026-10-02/qa/task03c2-live-harness-review3-evidence/source-context/candidate/README.md
_goals/convex-backend-runtime-2026-10-02/qa/task03c2-live-harness-review3-evidence/source-context/candidate/private-file-inventory.json
_goals/convex-backend-runtime-2026-10-02/qa/task03c2-live-harness-review3-evidence/source-context/node_modules--convex--src--server--impl--registration_impl.ts.text
_goals/convex-backend-runtime-2026-10-02/qa/task03c2-live-harness-review3-evidence/source-context/AGENTS.md
_goals/convex-backend-runtime-2026-10-02/qa/task03b2b1/history/cycle1/source/tsconfig.lint.json
_goals/convex-backend-runtime-2026-10-02/qa/task03b2b1/history/cycle1/source/src/governance/index.ts.text
_goals/convex-backend-runtime-2026-10-02/qa/task03b2b1/history/cycle1/source/src/auth/verified.ts.text
_goals/convex-backend-runtime-2026-10-02/qa/task03b2b1/history/cycle1/source/src/agents/index.ts.text
_goals/convex-backend-runtime-2026-10-02/qa/task03b2b1/history/cycle1/source/package-lock.json
_goals/convex-backend-runtime-2026-10-02/qa/task03b2b1/history/cycle1/preservation-manifest.json
_goals/convex-backend-runtime-2026-10-02/qa/task03b2b1/history/cycle1/source/package.json
_goals/convex-backend-runtime-2026-10-02/qa/task03b2b1/history/cycle1/source/convex.json
_goals/convex-backend-runtime-2026-10-02/qa/task03b2b1/history/cycle1/source/tests/helpers/cleanup.ts.text
_goals/convex-backend-runtime-2026-10-02/qa/task03c2-live-fixture/history/cycle2-final/candidate/public/fixture/convex/_generated/server.d.ts.text
_goals/convex-backend-runtime-2026-10-02/qa/task03c2-live-fixture/history/cycle2-final/candidate/public/fixture/convex/_generated/dataModel.d.ts.text
_goals/convex-backend-runtime-2026-10-02/qa/task03c2-live-fixture/history/cycle2-final/candidate/public/fixture/convex/_generated/server.js.text
_goals/convex-backend-runtime-2026-10-02/qa/task03c2-live-fixture/history/cycle2-final/candidate/public/fixture/convex/immutable.ts.text
_goals/convex-backend-runtime-2026-10-02/qa/task03c2-live-fixture/history/cycle2-final/candidate/public/fixture/convex/mutable.ts.text
_goals/convex-backend-runtime-2026-10-02/qa/task03c2-live-fixture/history/cycle2-final/candidate/public/fixture/convex/users.ts.text
_goals/convex-backend-runtime-2026-10-02/qa/task03c2-live-fixture/history/cycle2-final/candidate/public/fixture/convex/schema.ts.text
_goals/convex-backend-runtime-2026-10-02/qa/task03b2b1/history/cycle1/source/tests/unit/runtimeRegistryAuth/catalog.test.ts.text
_goals/convex-backend-runtime-2026-10-02/qa/task03b2b1/history/cycle1/source/tests/unit/runtimeRegistryAuth/fixture.ts.text
_goals/convex-backend-runtime-2026-10-02/qa/task03b2b1/history/cycle1/source/tests/unit/runtimeRegistryAuth/registered.test.ts.text
_goals/convex-backend-runtime-2026-10-02/qa/task03b2b1/history/cycle1/source/tests/unit/runtimeRegistryAuth/adversarial.test.ts.text
_goals/convex-backend-runtime-2026-10-02/qa/task03b2b1/history/cycle1/source/tsconfig.json
_goals/convex-backend-runtime-2026-10-02/qa/task03c2-live-fixture/history/cycle2-final/candidate/public/fixture/src/auth/verified.ts.text
_goals/convex-backend-runtime-2026-10-02/qa/task03c2-live-fixture/history/cycle2-final/candidate/public/archive-preservation.json
_goals/convex-backend-runtime-2026-10-02/qa/task03c2-live-fixture/history/cycle2-final/candidate/public/sdk-provenance.json
_goals/convex-backend-runtime-2026-10-02/qa/task03c2-live-fixture/history/cycle2-final/candidate/public/source-freeze.json
_goals/convex-backend-runtime-2026-10-02/qa/task03b2b1/history/cycle1/source/convex-dev/runtimeAuthSchema.ts.text
_goals/convex-backend-runtime-2026-10-02/qa/task03b2b1/history/cycle1/source/convex-dev/tsconfig.json
_goals/convex-backend-runtime-2026-10-02/qa/task03b2b1/history/cycle1/source/convex-dev/runtimeRegistryAuth.ts.text
_goals/convex-backend-runtime-2026-10-02/qa/task03b2b1/history/cycle1/source/convex-dev/runtimeMemorySchema.ts.text
_goals/convex-backend-runtime-2026-10-02/qa/task03b2b1/history/cycle1/source/convex-dev/runtimeAuth.ts.text
_goals/convex-backend-runtime-2026-10-02/qa/task03b2b1/history/cycle1/source/convex-dev/_generated/server.d.ts.text
_goals/convex-backend-runtime-2026-10-02/qa/task03b2b1/history/cycle1/source/convex-dev/_generated/dataModel.d.ts.text
_goals/convex-backend-runtime-2026-10-02/qa/task03b2b1/history/cycle1/source/convex-dev/_generated/api.d.ts.text
_goals/convex-backend-runtime-2026-10-02/qa/task03b2b1/history/cycle1/source/convex-dev/_generated/server.js.text
_goals/convex-backend-runtime-2026-10-02/qa/task03b2b1/history/cycle1/source/convex-dev/a2a.ts.text
_goals/convex-backend-runtime-2026-10-02/qa/task03b2b1/history/cycle1/source/convex-dev/contexts.ts.text
_goals/convex-backend-runtime-2026-10-02/qa/task03b2b1/history/cycle1/source/convex-dev/schema.ts.text
_goals/convex-backend-runtime-2026-10-02/qa/task03b2b1/history/cycle1/source/convex-dev/agents.ts.text
_goals/convex-backend-runtime-2026-10-02/qa/task03b2b1/history/cycle1/source/convex-dev/memorySpaces.ts.text
_goals/convex-backend-runtime-2026-10-02/qa/task03b2b1/history/cycle2-final/candidate/qa/history/cycle1/qa/checks/finalize-receipt.json
_goals/convex-backend-runtime-2026-10-02/qa/task03b2b1/history/cycle2-final/candidate/qa/history/cycle1/qa/checks/scoped-types.stdout.txt
_goals/convex-backend-runtime-2026-10-02/qa/task03b2b1/history/cycle2-final/candidate/qa/history/cycle1/qa/checks/backend-types.stderr.txt
_goals/convex-backend-runtime-2026-10-02/qa/task03b2b1/history/cycle2-final/candidate/qa/history/cycle1/qa/checks/baseline-commands.json
_goals/convex-backend-runtime-2026-10-02/qa/task03b2b1/history/cycle2-final/candidate/qa/history/cycle1/qa/checks/scoped-lint.stdout.txt
_goals/convex-backend-runtime-2026-10-02/qa/task03c2-live-fixture/history/cycle2-final/candidate/public/report.md
_goals/convex-backend-runtime-2026-10-02/qa/task03b2b1/history/cycle2-final/candidate/qa/history/cycle1/independent/node-version.stderr.txt
_goals/convex-backend-runtime-2026-10-02/qa/task03b2b1/history/cycle2-final/candidate/qa/history/cycle1/independent/discovery.stderr.txt
_goals/convex-backend-runtime-2026-10-02/qa/task03b2b1/history/cycle2-final/candidate/qa/history/cycle1/independent/graph-boundary.stderr.txt
_goals/convex-backend-runtime-2026-10-02/qa/task03b2b1/history/cycle2-final/candidate/qa/history/cycle1/independent/accepted-main-root-types.stdout.txt
_goals/convex-backend-runtime-2026-10-02/qa/task03b2b1/history/cycle2-final/candidate/qa/history/cycle1/independent/root-lint-types.stderr.txt
_goals/convex-backend-runtime-2026-10-02/qa/task03b2b1/history/cycle2-final/candidate/qa/history/cycle1/independent/npm-version.stderr.txt
_goals/convex-backend-runtime-2026-10-02/qa/task03b2b1/history/cycle2-final/candidate/qa/history/cycle1/independent/diff-check.stdout.txt
_goals/convex-backend-runtime-2026-10-02/qa/task03b2b1/history/cycle2-final/candidate/qa/history/cycle1/independent/tests.stdout.txt
_goals/convex-backend-runtime-2026-10-02/qa/task03b2b1/history/cycle2-final/candidate/qa/history/cycle1/independent/graph-boundary.mts.text
_goals/convex-backend-runtime-2026-10-02/qa/task03b2b1/history/cycle2-final/candidate/qa/history/cycle1/independent/pinned-base-root-lint-types.stdout.txt
_goals/convex-backend-runtime-2026-10-02/qa/task03b2b1/history/cycle2-final/candidate/qa/history/cycle1/independent/tests.json
_goals/convex-backend-runtime-2026-10-02/qa/task03b2b1/history/cycle2-final/candidate/qa/history/cycle1/independent/pinned-base-root-types.stdout.txt
_goals/convex-backend-runtime-2026-10-02/qa/task03b2b1/history/cycle2-final/candidate/qa/history/cycle1/independent/graph-boundary.stdout.json
_goals/convex-backend-runtime-2026-10-02/qa/task03b2b1/history/cycle2-final/candidate/qa/history/cycle1/independent/commands.json
_goals/convex-backend-runtime-2026-10-02/qa/task03b2b1/history/cycle2-final/candidate/qa/history/cycle1/independent/catalog/selected-path-inventory.json
_goals/convex-backend-runtime-2026-10-02/qa/task03b2b1/history/cycle2-final/candidate/qa/history/cycle1/independent/catalog/selected-path-inventory.md
_goals/convex-backend-runtime-2026-10-02/qa/task03b2b1/history/cycle2-final/candidate/qa/history/cycle1/independent/manifest.original.json
_goals/convex-backend-runtime-2026-10-02/qa/task03b2b1/history/cycle2-final/candidate/qa/history/cycle1/independent/catalog.stdout.txt
_goals/convex-backend-runtime-2026-10-02/qa/task03b2b1/history/cycle2-final/candidate/qa/history/cycle1/independent/preservation.json
_goals/convex-backend-runtime-2026-10-02/qa/task03b2b1/history/cycle2-final/candidate/qa/history/cycle1/independent/backend-types.stdout.txt
_goals/convex-backend-runtime-2026-10-02/qa/task03b2b1/history/cycle2-final/candidate/qa/history/cycle1/independent/accepted-main-root-lint-types.stderr.txt
_goals/convex-backend-runtime-2026-10-02/qa/task03b2b1/history/cycle2-final/candidate/qa/history/cycle1/independent/diff-check.stderr.txt
_goals/convex-backend-runtime-2026-10-02/qa/task03b2b1/history/cycle2-final/candidate/qa/history/cycle1/independent/diagnostic-comparison.json
_goals/convex-backend-runtime-2026-10-02/qa/task03b2b1/history/cycle2-final/candidate/qa/history/cycle1/independent/run-review.py.text
_goals/convex-backend-runtime-2026-10-02/qa/task03b2b1/history/cycle2-final/candidate/qa/history/cycle1/independent/pinned-base-root-lint-types.stderr.txt
_goals/convex-backend-runtime-2026-10-02/qa/task03b2b1/history/cycle2-final/candidate/qa/history/cycle1/independent/after.json
_goals/convex-backend-runtime-2026-10-02/qa/task03b2b1/history/cycle2-final/candidate/qa/history/cycle1/independent/catalog.stderr.txt
_goals/convex-backend-runtime-2026-10-02/qa/task03b2b1/history/cycle2-final/candidate/qa/history/cycle1/independent/tests.stderr.txt
_goals/convex-backend-runtime-2026-10-02/qa/task03b2b1/history/cycle2-final/candidate/qa/history/cycle1/independent/scoped-types.stderr.txt
_goals/convex-backend-runtime-2026-10-02/qa/task03b2b1/history/cycle2-final/candidate/qa/history/cycle1/independent/judgment.md
_goals/convex-backend-runtime-2026-10-02/qa/task03b2b1/history/cycle2-final/candidate/qa/history/cycle1/independent/probe-commands.json
_goals/convex-backend-runtime-2026-10-02/qa/task03b2b1/history/cycle2-final/candidate/qa/history/cycle1/independent/final-freeze-verification.json
_goals/convex-backend-runtime-2026-10-02/qa/task03b2b1/history/cycle2-final/candidate/qa/history/cycle1/independent/accepted-main-root-lint-types.stdout.txt
_goals/convex-backend-runtime-2026-10-02/qa/task03b2b1/history/cycle2-final/candidate/qa/history/cycle1/independent/root-lint-types.stdout.txt
_goals/convex-backend-runtime-2026-10-02/qa/task03b2b1/history/cycle2-final/candidate/qa/history/cycle1/independent/authority-probes.mts.text
_goals/convex-backend-runtime-2026-10-02/qa/task03b2b1/history/cycle2-final/candidate/qa/history/cycle1/independent/root-types.stderr.txt
_goals/convex-backend-runtime-2026-10-02/qa/task03b2b1/history/cycle2-final/candidate/qa/history/cycle1/independent/node-version.stdout.txt
_goals/convex-backend-runtime-2026-10-02/qa/task03b2b1/history/cycle2-final/candidate/qa/history/cycle1/independent/before.json
_goals/convex-backend-runtime-2026-10-02/qa/task03b2b1/history/cycle2-final/candidate/qa/history/cycle1/independent/probes.stderr.txt
_goals/convex-backend-runtime-2026-10-02/qa/task03b2b1/history/cycle2-final/candidate/qa/history/cycle1/independent/probes.stdout.json
_goals/convex-backend-runtime-2026-10-02/qa/task03b2b1/history/cycle2-final/candidate/qa/history/cycle1/independent/authority-probes.stderr.txt
_goals/convex-backend-runtime-2026-10-02/qa/task03b2b1/history/cycle2-final/candidate/qa/history/cycle1/independent/discovery.stdout.txt
_goals/convex-backend-runtime-2026-10-02/qa/task03b2b1/history/cycle2-final/candidate/qa/history/cycle1/independent/probes.mts.text
_goals/convex-backend-runtime-2026-10-02/qa/task03b2b1/history/cycle2-final/candidate/qa/history/cycle1/independent/scoped-lint.stderr.txt
_goals/convex-backend-runtime-2026-10-02/qa/task03b2b1/history/cycle2-final/candidate/qa/history/cycle1/independent/authority-probes.stdout.json
_goals/convex-backend-runtime-2026-10-02/qa/task03b2b1/history/cycle2-final/candidate/qa/history/cycle1/independent/npm-version.stdout.txt
_goals/convex-backend-runtime-2026-10-02/qa/task03b2b1/history/cycle2-final/candidate/qa/history/cycle1/independent/schema-actual.patch
_goals/convex-backend-runtime-2026-10-02/qa/task03b2b1/history/cycle2-final/candidate/qa/history/cycle1/independent/scoped-lint.stdout.txt
_goals/convex-backend-runtime-2026-10-02/qa/task03b2b1/history/cycle2-final/candidate/qa/history/cycle1/independent/pinned-base-root-types.stderr.txt
_goals/convex-backend-runtime-2026-10-02/qa/task03b2b1/history/cycle2-final/candidate/qa/history/cycle1/independent/accepted-main-root-types.stderr.txt
_goals/convex-backend-runtime-2026-10-02/qa/task03b2b1/history/cycle2-final/candidate/qa/history/cycle1/independent/root-types.stdout.txt
_goals/convex-backend-runtime-2026-10-02/qa/task03b2b1/history/cycle2-final/candidate/qa/history/cycle1/independent/scoped-types.stdout.txt
_goals/convex-backend-runtime-2026-10-02/qa/task03b2b1/history/cycle2-final/candidate/qa/history/cycle1/independent/backend-types.stderr.txt
_goals/convex-backend-runtime-2026-10-02/qa/task03c2-live-fixture/history/cycle2-final/candidate/public/scripts/process-owner.mjs.text
_goals/convex-backend-runtime-2026-10-02/qa/task03c2-live-fixture/history/cycle2-final/candidate/public/scripts/cases.d.mts.text
_goals/convex-backend-runtime-2026-10-02/qa/task03c2-live-fixture/history/cycle2-final/candidate/public/scripts/driver.mjs.text
_goals/convex-backend-runtime-2026-10-02/qa/task03c2-live-fixture/history/cycle2-final/candidate/public/scripts/protocol.mjs.text
_goals/convex-backend-runtime-2026-10-02/qa/task03c2-live-fixture/history/cycle2-final/candidate/public/scripts/deploy.mjs.text
_goals/convex-backend-runtime-2026-10-02/qa/task03c2-live-fixture/history/cycle2-final/candidate/public/scripts/client.ts.text
_goals/convex-backend-runtime-2026-10-02/qa/task03c2-live-fixture/history/cycle2-final/candidate/public/scripts/cleanup.mjs.text
_goals/convex-backend-runtime-2026-10-02/qa/task03c2-live-fixture/history/cycle2-final/candidate/public/scripts/driver-check.mjs.text
_goals/convex-backend-runtime-2026-10-02/qa/task03c2-live-fixture/history/cycle2-final/candidate/public/scripts/cases.mjs.text
_goals/convex-backend-runtime-2026-10-02/qa/task03c2-live-fixture/history/cycle2-final/candidate/public/scripts/classifier-check.mjs.text
_goals/convex-backend-runtime-2026-10-02/qa/task03c2-live-fixture/history/cycle2-final/candidate/public/scripts/operator.mjs.text
_goals/convex-backend-runtime-2026-10-02/qa/task03c2-live-fixture/history/cycle2-final/candidate/public/scripts/guard-check.mjs.text
_goals/convex-backend-runtime-2026-10-02/qa/task03c2-live-fixture/history/cycle2-final/candidate/public/scripts/reactive-transport.mjs.text
_goals/convex-backend-runtime-2026-10-02/qa/task03c2-live-fixture/history/cycle2-final/candidate/public/scripts/case-ledger.mjs.text
_goals/convex-backend-runtime-2026-10-02/qa/task03c2-live-fixture/history/cycle2-final/candidate/public/scripts/driver-engine.mjs.text
_goals/convex-backend-runtime-2026-10-02/qa/task03c2-live-fixture/history/cycle2-final/candidate/public/scripts/client-prep.ts.text
_goals/convex-backend-runtime-2026-10-02/qa/task03c2-live-fixture/history/cycle2-final/candidate/public/scripts/guard.mjs.text
_goals/convex-backend-runtime-2026-10-02/qa/task03c2-live-fixture/history/cycle2-final/candidate/public/scripts/parent-channel.ts.text
_goals/convex-backend-runtime-2026-10-02/qa/task03c2-live-fixture/history/cycle2-final/candidate/public/scripts/create.mjs.text
_goals/convex-backend-runtime-2026-10-02/qa/task03c2-live-fixture/history/cycle2-final/candidate/public/scripts/qualify.mjs.text
_goals/convex-backend-runtime-2026-10-02/qa/task03c2-live-fixture/history/cycle2-final/candidate/public/scripts/reactive-transport.d.mts.text
_goals/convex-backend-runtime-2026-10-02/qa/task03c2-live-fixture/history/cycle2-final/candidate/public/scripts/entrypoint-check.mjs.text
_goals/convex-backend-runtime-2026-10-02/qa/task03c2-live-fixture/history/cycle2-final/candidate/public/scripts/bounds-check.mjs.text
_goals/convex-backend-runtime-2026-10-02/qa/task03c2-live-fixture/history/cycle2-final/candidate/public/scripts/key-check.mjs.text
_goals/convex-backend-runtime-2026-10-02/qa/task03c2-live-fixture/history/cycle2-final/candidate/public/scripts/packed-prep.mjs.text
_goals/convex-backend-runtime-2026-10-02/qa/task03c2-live-fixture/history/cycle2-final/candidate/public/scripts/guard.d.mts.text
_goals/convex-backend-runtime-2026-10-02/qa/task03c2-live-fixture/history/cycle2-final/candidate/public/scripts/operator-classifier.mjs.text
_goals/convex-backend-runtime-2026-10-02/qa/task03c2-live-fixture/history/cycle2-final/candidate/public/scripts/operator.d.mts.text
_goals/convex-backend-runtime-2026-10-02/qa/task03b2b1/history/cycle2-final/candidate/qa/history/cycle1/source/eslint.config.js.text
_goals/convex-backend-runtime-2026-10-02/qa/task03b2b1/history/cycle2-final/candidate/qa/history/cycle1/source/convex-dev/runtimeAuthSchema.ts.text
_goals/convex-backend-runtime-2026-10-02/qa/task03b2b1/history/cycle2-final/candidate/qa/history/cycle1/source/convex-dev/tsconfig.json
_goals/convex-backend-runtime-2026-10-02/qa/task03b2b1/history/cycle2-final/candidate/qa/history/cycle1/source/convex-dev/runtimeRegistryAuth.ts.text
_goals/convex-backend-runtime-2026-10-02/qa/task03b2b1/history/cycle2-final/candidate/qa/history/cycle1/source/convex-dev/runtimeMemorySchema.ts.text
_goals/convex-backend-runtime-2026-10-02/qa/task03b2b1/history/cycle2-final/candidate/qa/history/cycle1/source/convex-dev/runtimeAuth.ts.text
_goals/convex-backend-runtime-2026-10-02/qa/task03b2b1/history/cycle2-final/candidate/qa/history/cycle1/qa/checks/history-native-codec-first/node-version.stderr.txt
_goals/convex-backend-runtime-2026-10-02/qa/task03b2b1/history/cycle2-final/candidate/qa/history/cycle1/qa/checks/history-native-codec-first/discovery.stderr.txt
_goals/convex-backend-runtime-2026-10-02/qa/task03b2b1/history/cycle2-final/candidate/qa/history/cycle1/qa/checks/history-native-codec-first/npm-version.stderr.txt
_goals/convex-backend-runtime-2026-10-02/qa/task03b2b1/history/cycle2-final/candidate/qa/history/cycle1/qa/checks/history-native-codec-first/diff-check.stdout.txt
_goals/convex-backend-runtime-2026-10-02/qa/task03b2b1/history/cycle2-final/candidate/qa/history/cycle1/qa/checks/history-native-codec-first/tests.stdout.txt
_goals/convex-backend-runtime-2026-10-02/qa/task03b2b1/history/cycle2-final/candidate/qa/history/cycle1/qa/checks/history-native-codec-first/root-types-diagnostic.stdout.txt
_goals/convex-backend-runtime-2026-10-02/qa/task03b2b1/history/cycle2-final/candidate/qa/history/cycle1/qa/checks/history-native-codec-first/baseline-root-lint-types.stderr.txt
_goals/convex-backend-runtime-2026-10-02/qa/task03b2b1/history/cycle2-final/candidate/qa/history/cycle1/qa/checks/history-native-codec-first/commands.json
_goals/convex-backend-runtime-2026-10-02/qa/task03b2b1/history/cycle2-final/candidate/qa/history/cycle1/qa/checks/history-native-codec-first/catalog.stdout.txt
_goals/convex-backend-runtime-2026-10-02/qa/task03b2b1/history/cycle2-final/candidate/qa/history/cycle1/qa/checks/history-native-codec-first/backend-types.stdout.txt
_goals/convex-backend-runtime-2026-10-02/qa/task03b2b1/history/cycle2-final/candidate/qa/history/cycle1/qa/checks/history-native-codec-first/diff-check.stderr.txt
_goals/convex-backend-runtime-2026-10-02/qa/task03b2b1/history/cycle2-final/candidate/qa/history/cycle1/qa/checks/history-native-codec-first/baseline-root-lint-types.stdout.txt
_goals/convex-backend-runtime-2026-10-02/qa/task03b2b1/history/cycle2-final/candidate/qa/history/cycle1/qa/checks/history-native-codec-first/baseline-root-types.stdout.txt
_goals/convex-backend-runtime-2026-10-02/qa/task03b2b1/history/cycle2-final/candidate/qa/history/cycle1/qa/checks/history-native-codec-first/catalog.stderr.txt
_goals/convex-backend-runtime-2026-10-02/qa/task03b2b1/history/cycle2-final/candidate/qa/history/cycle1/qa/checks/history-native-codec-first/tests.stderr.txt
_goals/convex-backend-runtime-2026-10-02/qa/task03b2b1/history/cycle2-final/candidate/qa/history/cycle1/qa/checks/history-native-codec-first/scoped-types.stderr.txt
_goals/convex-backend-runtime-2026-10-02/qa/task03b2b1/history/cycle2-final/candidate/qa/history/cycle1/qa/checks/history-native-codec-first/baseline-root-types.stderr.txt
_goals/convex-backend-runtime-2026-10-02/qa/task03b2b1/history/cycle2-final/candidate/qa/history/cycle1/qa/checks/history-native-codec-first/root-types-diagnostic.stderr.txt
_goals/convex-backend-runtime-2026-10-02/qa/task03b2b1/history/cycle2-final/candidate/qa/history/cycle1/qa/checks/history-native-codec-first/tests-final.json
_goals/convex-backend-runtime-2026-10-02/qa/task03b2b1/history/cycle2-final/candidate/qa/history/cycle1/qa/checks/history-native-codec-first/node-version.stdout.txt
_goals/convex-backend-runtime-2026-10-02/qa/task03b2b1/history/cycle2-final/candidate/qa/history/cycle1/qa/checks/history-native-codec-first/root-lint-types-diagnostic.stderr.txt
_goals/convex-backend-runtime-2026-10-02/qa/task03b2b1/history/cycle2-final/candidate/qa/history/cycle1/qa/checks/history-native-codec-first/root-lint-types-diagnostic.stdout.txt
_goals/convex-backend-runtime-2026-10-02/qa/task03b2b1/history/cycle2-final/candidate/qa/history/cycle1/qa/checks/history-native-codec-first/discovery.stdout.txt
_goals/convex-backend-runtime-2026-10-02/qa/task03b2b1/history/cycle2-final/candidate/qa/history/cycle1/qa/checks/history-native-codec-first/scoped-lint.stderr.txt
_goals/convex-backend-runtime-2026-10-02/qa/task03b2b1/history/cycle2-final/candidate/qa/history/cycle1/qa/checks/history-native-codec-first/npm-version.stdout.txt
_goals/convex-backend-runtime-2026-10-02/qa/task03b2b1/history/cycle2-final/candidate/qa/history/cycle1/qa/checks/history-native-codec-first/scoped-lint.stdout.txt
_goals/convex-backend-runtime-2026-10-02/qa/task03b2b1/history/cycle2-final/candidate/qa/history/cycle1/qa/checks/history-native-codec-first/baseline-commands.json
_goals/convex-backend-runtime-2026-10-02/qa/task03b2b1/history/cycle2-final/candidate/qa/history/cycle1/qa/checks/history-native-codec-first/scoped-types.stdout.txt
_goals/convex-backend-runtime-2026-10-02/qa/task03b2b1/history/cycle2-final/candidate/qa/history/cycle1/qa/checks/history-native-codec-first/backend-types.stderr.txt
_goals/convex-backend-runtime-2026-10-02/qa/task03b2b1/history/cycle2-final/candidate/qa/checks/root-types-diagnostic.stderr.txt
_goals/convex-backend-runtime-2026-10-02/qa/task03b2b1/history/cycle2-final/candidate/qa/checks/tests-final.json
_goals/convex-backend-runtime-2026-10-02/qa/task03b2b1/history/cycle2-final/candidate/qa/checks/node-version.stdout.txt
_goals/convex-backend-runtime-2026-10-02/qa/task03b2b1/history/cycle2-final/candidate/qa/checks/root-lint-types-diagnostic.stderr.txt
_goals/convex-backend-runtime-2026-10-02/qa/task03b2b1/history/cycle2-final/candidate/qa/checks/root-lint-types-diagnostic.stdout.txt
_goals/convex-backend-runtime-2026-10-02/qa/task03b2b1/history/cycle2-final/candidate/qa/checks/discovery.stdout.txt
_goals/convex-backend-runtime-2026-10-02/qa/task03b2b1/history/cycle2-final/candidate/qa/checks/scoped-lint.stderr.txt
_goals/convex-backend-runtime-2026-10-02/qa/task03b2b1/history/cycle2-final/candidate/qa/checks/history-shape-validation/node-version.stderr.txt
_goals/convex-backend-runtime-2026-10-02/qa/task03b2b1/history/cycle2-final/candidate/qa/checks/history-shape-validation/discovery.stderr.txt
_goals/convex-backend-runtime-2026-10-02/qa/task03b2b1/history/cycle2-final/candidate/qa/checks/history-shape-validation/npm-version.stderr.txt
_goals/convex-backend-runtime-2026-10-02/qa/task03b2b1/history/cycle2-final/candidate/qa/checks/history-shape-validation/diff-check.stdout.txt
_goals/convex-backend-runtime-2026-10-02/qa/task03b2b1/history/cycle2-final/candidate/qa/checks/history-shape-validation/tests.stdout.txt
_goals/convex-backend-runtime-2026-10-02/qa/task03b2b1/history/cycle2-final/candidate/qa/checks/history-shape-validation/root-types-diagnostic.stdout.txt
_goals/convex-backend-runtime-2026-10-02/qa/task03b2b1/history/cycle2-final/candidate/qa/checks/history-shape-validation/baseline-root-lint-types.stderr.txt
_goals/convex-backend-runtime-2026-10-02/qa/task03b2b1/history/cycle2-final/candidate/qa/checks/history-shape-validation/commands.json
_goals/convex-backend-runtime-2026-10-02/qa/task03b2b1/history/cycle2-final/candidate/qa/checks/history-shape-validation/catalog.stdout.txt
_goals/convex-backend-runtime-2026-10-02/qa/task03b2b1/history/cycle2-final/candidate/qa/checks/history-shape-validation/backend-types.stdout.txt
_goals/convex-backend-runtime-2026-10-02/qa/task03b2b1/history/cycle2-final/candidate/qa/checks/history-shape-validation/diff-check.stderr.txt
_goals/convex-backend-runtime-2026-10-02/qa/task03b2b1/history/cycle2-final/candidate/qa/checks/history-shape-validation/baseline-root-lint-types.stdout.txt
_goals/convex-backend-runtime-2026-10-02/qa/task03b2b1/history/cycle2-final/candidate/qa/checks/history-shape-validation/baseline-root-types.stdout.txt
_goals/convex-backend-runtime-2026-10-02/qa/task03b2b1/history/cycle2-final/candidate/qa/checks/history-shape-validation/catalog.stderr.txt
_goals/convex-backend-runtime-2026-10-02/qa/task03b2b1/history/cycle2-final/candidate/qa/checks/history-shape-validation/tests.stderr.txt
_goals/convex-backend-runtime-2026-10-02/qa/task03b2b1/history/cycle2-final/candidate/qa/checks/history-shape-validation/scoped-types.stderr.txt
_goals/convex-backend-runtime-2026-10-02/qa/task03b2b1/history/cycle2-final/candidate/qa/checks/history-shape-validation/baseline-root-types.stderr.txt
_goals/convex-backend-runtime-2026-10-02/qa/task03b2b1/history/cycle2-final/candidate/qa/checks/history-shape-validation/root-types-diagnostic.stderr.txt
_goals/convex-backend-runtime-2026-10-02/qa/task03b2b1/history/cycle2-final/candidate/qa/checks/history-shape-validation/tests-final.json
_goals/convex-backend-runtime-2026-10-02/qa/task03b2b1/history/cycle2-final/candidate/qa/checks/history-shape-validation/node-version.stdout.txt
_goals/convex-backend-runtime-2026-10-02/qa/task03b2b1/history/cycle2-final/candidate/qa/checks/history-shape-validation/root-lint-types-diagnostic.stderr.txt
_goals/convex-backend-runtime-2026-10-02/qa/task03b2b1/history/cycle2-final/candidate/qa/checks/history-shape-validation/root-lint-types-diagnostic.stdout.txt
_goals/convex-backend-runtime-2026-10-02/qa/task03b2b1/history/cycle2-final/candidate/qa/checks/history-shape-validation/discovery.stdout.txt
_goals/convex-backend-runtime-2026-10-02/qa/task03b2b1/history/cycle2-final/candidate/qa/checks/history-shape-validation/scoped-lint.stderr.txt
_goals/convex-backend-runtime-2026-10-02/qa/task03b2b1/history/cycle2-final/candidate/qa/checks/history-shape-validation/npm-version.stdout.txt
_goals/convex-backend-runtime-2026-10-02/qa/task03b2b1/history/cycle2-final/candidate/qa/checks/history-shape-validation/scoped-lint.stdout.txt
_goals/convex-backend-runtime-2026-10-02/qa/task03b2b1/history/cycle2-final/candidate/qa/checks/history-shape-validation/baseline-commands.json
_goals/convex-backend-runtime-2026-10-02/qa/task03b2b1/history/cycle2-final/candidate/qa/checks/history-shape-validation/scoped-types.stdout.txt
_goals/convex-backend-runtime-2026-10-02/qa/task03b2b1/history/cycle2-final/candidate/qa/checks/history-shape-validation/backend-types.stderr.txt
_goals/convex-backend-runtime-2026-10-02/qa/task03b2b1/history/cycle2-final/candidate/qa/checks/npm-version.stdout.txt
_goals/convex-backend-runtime-2026-10-02/qa/task03b2b1/history/cycle2-final/candidate/qa/checks/history-before-create-read-probes/node-version.stderr.txt
_goals/convex-backend-runtime-2026-10-02/qa/task03b2b1/history/cycle2-final/candidate/qa/checks/history-before-create-read-probes/discovery.stderr.txt
_goals/convex-backend-runtime-2026-10-02/qa/task03b2b1/history/cycle2-final/candidate/qa/checks/history-before-create-read-probes/npm-version.stderr.txt
_goals/convex-backend-runtime-2026-10-02/qa/task03b2b1/history/cycle2-final/candidate/qa/checks/history-before-create-read-probes/diff-check.stdout.txt
_goals/convex-backend-runtime-2026-10-02/qa/task03b2b1/history/cycle2-final/candidate/qa/checks/history-before-create-read-probes/tests.stdout.txt
_goals/convex-backend-runtime-2026-10-02/qa/task03b2b1/history/cycle2-final/candidate/qa/checks/history-before-create-read-probes/root-types-diagnostic.stdout.txt
_goals/convex-backend-runtime-2026-10-02/qa/task03b2b1/history/cycle2-final/candidate/qa/checks/history-before-create-read-probes/baseline-root-lint-types.stderr.txt
_goals/convex-backend-runtime-2026-10-02/qa/task03b2b1/history/cycle2-final/candidate/qa/checks/history-before-create-read-probes/commands.json
_goals/convex-backend-runtime-2026-10-02/qa/task03b2b1/history/cycle2-final/candidate/qa/checks/history-before-create-read-probes/catalog.stdout.txt
_goals/convex-backend-runtime-2026-10-02/qa/task03b2b1/history/cycle2-final/candidate/qa/checks/history-before-create-read-probes/backend-types.stdout.txt
_goals/convex-backend-runtime-2026-10-02/qa/task03b2b1/history/cycle2-final/candidate/qa/checks/history-before-create-read-probes/diff-check.stderr.txt
_goals/convex-backend-runtime-2026-10-02/qa/task03b2b1/history/cycle2-final/candidate/qa/checks/history-before-create-read-probes/baseline-root-lint-types.stdout.txt
_goals/convex-backend-runtime-2026-10-02/qa/task03b2b1/history/cycle2-final/candidate/qa/checks/history-before-create-read-probes/baseline-root-types.stdout.txt
_goals/convex-backend-runtime-2026-10-02/qa/task03b2b1/history/cycle2-final/candidate/qa/checks/history-before-create-read-probes/catalog.stderr.txt
_goals/convex-backend-runtime-2026-10-02/qa/task03b2b1/history/cycle2-final/candidate/qa/checks/history-before-create-read-probes/tests.stderr.txt
_goals/convex-backend-runtime-2026-10-02/qa/task03b2b1/history/cycle2-final/candidate/qa/checks/history-before-create-read-probes/scoped-types.stderr.txt
_goals/convex-backend-runtime-2026-10-02/qa/task03b2b1/history/cycle2-final/candidate/qa/checks/history-before-create-read-probes/baseline-root-types.stderr.txt
_goals/convex-backend-runtime-2026-10-02/qa/task03b2b1/history/cycle2-final/candidate/qa/checks/history-before-create-read-probes/root-types-diagnostic.stderr.txt
_goals/convex-backend-runtime-2026-10-02/qa/task03b2b1/history/cycle2-final/candidate/qa/checks/history-before-create-read-probes/tests-final.json
_goals/convex-backend-runtime-2026-10-02/qa/task03b2b1/history/cycle2-final/candidate/qa/checks/history-before-create-read-probes/node-version.stdout.txt
_goals/convex-backend-runtime-2026-10-02/qa/task03b2b1/history/cycle2-final/candidate/qa/checks/history-before-create-read-probes/root-lint-types-diagnostic.stderr.txt
_goals/convex-backend-runtime-2026-10-02/qa/task03b2b1/history/cycle2-final/candidate/qa/checks/history-before-create-read-probes/root-lint-types-diagnostic.stdout.txt
_goals/convex-backend-runtime-2026-10-02/qa/task03b2b1/history/cycle2-final/candidate/qa/checks/history-before-create-read-probes/discovery.stdout.txt
_goals/convex-backend-runtime-2026-10-02/qa/task03b2b1/history/cycle2-final/candidate/qa/checks/history-before-create-read-probes/scoped-lint.stderr.txt
_goals/convex-backend-runtime-2026-10-02/qa/task03b2b1/history/cycle2-final/candidate/qa/checks/history-before-create-read-probes/npm-version.stdout.txt
_goals/convex-backend-runtime-2026-10-02/qa/task03b2b1/history/cycle2-final/candidate/qa/checks/history-before-create-read-probes/scoped-lint.stdout.txt
_goals/convex-backend-runtime-2026-10-02/qa/task03b2b1/history/cycle2-final/candidate/qa/checks/history-before-create-read-probes/baseline-commands.json
_goals/convex-backend-runtime-2026-10-02/qa/task03b2b1/history/cycle2-final/candidate/qa/checks/history-before-create-read-probes/scoped-types.stdout.txt
_goals/convex-backend-runtime-2026-10-02/qa/task03b2b1/history/cycle2-final/candidate/qa/checks/history-before-create-read-probes/backend-types.stderr.txt
_goals/convex-backend-runtime-2026-10-02/qa/task03b2b1/history/cycle2-final/candidate/qa/checks/history-before-uniqueness/node-version.stderr.txt
_goals/convex-backend-runtime-2026-10-02/qa/task03b2b1/history/cycle2-final/candidate/qa/checks/history-before-uniqueness/discovery.stderr.txt
_goals/convex-backend-runtime-2026-10-02/qa/task03b2b1/history/cycle2-final/candidate/qa/checks/history-before-uniqueness/npm-version.stderr.txt
_goals/convex-backend-runtime-2026-10-02/qa/task03b2b1/history/cycle2-final/candidate/qa/checks/history-before-uniqueness/diff-check.stdout.txt
_goals/convex-backend-runtime-2026-10-02/qa/task03b2b1/history/cycle2-final/candidate/qa/checks/history-before-uniqueness/tests.stdout.txt
_goals/convex-backend-runtime-2026-10-02/qa/task03b2b1/history/cycle2-final/candidate/qa/checks/history-before-uniqueness/root-types-diagnostic.stdout.txt
_goals/convex-backend-runtime-2026-10-02/qa/task03b2b1/history/cycle2-final/candidate/qa/checks/history-before-uniqueness/baseline-root-lint-types.stderr.txt
_goals/convex-backend-runtime-2026-10-02/qa/task03b2b1/history/cycle2-final/candidate/qa/checks/history-before-uniqueness/commands.json
_goals/convex-backend-runtime-2026-10-02/qa/task03b2b1/history/cycle2-final/candidate/qa/checks/history-before-uniqueness/catalog.stdout.txt
_goals/convex-backend-runtime-2026-10-02/qa/task03b2b1/history/cycle2-final/candidate/qa/checks/history-before-uniqueness/backend-types.stdout.txt
_goals/convex-backend-runtime-2026-10-02/qa/task03b2b1/history/cycle2-final/candidate/qa/checks/history-before-uniqueness/diff-check.stderr.txt
_goals/convex-backend-runtime-2026-10-02/qa/task03b2b1/history/cycle2-final/candidate/qa/checks/history-before-uniqueness/baseline-root-lint-types.stdout.txt
_goals/convex-backend-runtime-2026-10-02/qa/task03b2b1/history/cycle2-final/candidate/qa/checks/history-before-uniqueness/baseline-root-types.stdout.txt
_goals/convex-backend-runtime-2026-10-02/qa/task03b2b1/history/cycle2-final/candidate/qa/checks/history-before-uniqueness/catalog.stderr.txt
_goals/convex-backend-runtime-2026-10-02/qa/task03b2b1/history/cycle2-final/candidate/qa/checks/history-before-uniqueness/tests.stderr.txt
_goals/convex-backend-runtime-2026-10-02/qa/task03b2b1/history/cycle2-final/candidate/qa/checks/history-before-uniqueness/scoped-types.stderr.txt
_goals/convex-backend-runtime-2026-10-02/qa/task03b2b1/history/cycle2-final/candidate/qa/checks/history-before-uniqueness/baseline-root-types.stderr.txt
_goals/convex-backend-runtime-2026-10-02/qa/task03b2b1/history/cycle2-final/candidate/qa/checks/history-before-uniqueness/root-types-diagnostic.stderr.txt
_goals/convex-backend-runtime-2026-10-02/qa/task03b2b1/history/cycle2-final/candidate/qa/checks/history-before-uniqueness/tests-final.json
_goals/convex-backend-runtime-2026-10-02/qa/task03b2b1/history/cycle2-final/candidate/qa/checks/history-before-uniqueness/node-version.stdout.txt
_goals/convex-backend-runtime-2026-10-02/qa/task03b2b1/history/cycle2-final/candidate/qa/checks/history-before-uniqueness/root-lint-types-diagnostic.stderr.txt
_goals/convex-backend-runtime-2026-10-02/qa/task03b2b1/history/cycle2-final/candidate/qa/checks/history-before-uniqueness/root-lint-types-diagnostic.stdout.txt
_goals/convex-backend-runtime-2026-10-02/qa/task03b2b1/history/cycle2-final/candidate/qa/checks/history-before-uniqueness/discovery.stdout.txt
_goals/convex-backend-runtime-2026-10-02/qa/task03b2b1/history/cycle2-final/candidate/qa/checks/history-before-uniqueness/scoped-lint.stderr.txt
_goals/convex-backend-runtime-2026-10-02/qa/task03b2b1/history/cycle2-final/candidate/qa/checks/history-before-uniqueness/npm-version.stdout.txt
_goals/convex-backend-runtime-2026-10-02/qa/task03b2b1/history/cycle2-final/candidate/qa/checks/history-before-uniqueness/scoped-lint.stdout.txt
_goals/convex-backend-runtime-2026-10-02/qa/task03b2b1/history/cycle2-final/candidate/qa/checks/history-before-uniqueness/baseline-commands.json
_goals/convex-backend-runtime-2026-10-02/qa/task03b2b1/history/cycle2-final/candidate/qa/checks/history-before-uniqueness/scoped-types.stdout.txt
_goals/convex-backend-runtime-2026-10-02/qa/task03b2b1/history/cycle2-final/candidate/qa/checks/history-before-uniqueness/backend-types.stderr.txt
_goals/convex-backend-runtime-2026-10-02/qa/task03b2b1/history/cycle2-final/candidate/qa/checks/node-version.stderr.txt
_goals/convex-backend-runtime-2026-10-02/qa/task03b2b1/history/cycle2-final/candidate/qa/checks/discovery.stderr.txt
_goals/convex-backend-runtime-2026-10-02/qa/task03c2-live-fixture/history/cycle2-final/candidate/public/evidence/guards-eabe4cc2-58f3-4c50-b3cc-44d3b2be1182.json
_goals/convex-backend-runtime-2026-10-02/qa/task03c2-live-fixture/history/cycle2-final/candidate/public/evidence/packed-prep-edef4f34-6d1a-4259-8a20-85d493e6977b.json
_goals/convex-backend-runtime-2026-10-02/qa/task03c2-live-fixture/history/cycle2-final/candidate/public/evidence/initial-failures.json
_goals/convex-backend-runtime-2026-10-02/qa/task03c2-live-fixture/history/cycle2-final/candidate/public/evidence/entrypoints-review-candidate.txt
_goals/convex-backend-runtime-2026-10-02/qa/task03c2-live-fixture/history/cycle2-final/candidate/public/evidence/classifier-fd726d1d-37e9-429f-94c2-69d6763d3d04.json
_goals/convex-backend-runtime-2026-10-02/qa/task03c2-live-fixture/history/cycle2-final/candidate/public/evidence/key-match-a931374f-cf32-4080-b97c-d3dffbdc5da6.json
_goals/convex-backend-runtime-2026-10-02/qa/task03c2-live-fixture/history/cycle2-final/candidate/public/evidence/qualify-e7c1a712-53f5-4aba-8e3f-4d87d5e2b11c.json
_goals/convex-backend-runtime-2026-10-02/qa/task03c2-live-fixture/history/cycle2-final/candidate/public/evidence/guards-50daf6ce-f3dc-4040-bdff-699fb7b61e7b.json
_goals/convex-backend-runtime-2026-10-02/qa/task03c2-live-fixture/history/cycle2-final/candidate/public/evidence/qualify-3a342d81-abd8-4e51-8cc5-28402ab7ad8f.json
_goals/convex-backend-runtime-2026-10-02/qa/task03c2-live-fixture/history/cycle2-final/candidate/public/evidence/client-prep-122f4ef9-fbb6-4c5c-89e0-049ae52b2dec.json
_goals/convex-backend-runtime-2026-10-02/qa/task03c2-live-fixture/history/cycle2-final/candidate/public/evidence/classifier-1193f001-ec79-4b47-90d0-cdcc35895247.json
_goals/convex-backend-runtime-2026-10-02/qa/task03c2-live-fixture/history/cycle2-final/candidate/public/evidence/qualify-275e28b3-fafe-4db1-b1ca-9a462c38fa37.json
_goals/convex-backend-runtime-2026-10-02/qa/task03c2-live-fixture/history/cycle2-final/candidate/public/evidence/driver-check-cbafdd38-443c-48dc-92ab-bbd771e731b0.json
_goals/convex-backend-runtime-2026-10-02/qa/task03c2-live-fixture/history/cycle2-final/candidate/public/evidence/client-prep-f4d1c1de-133e-487f-a35e-1e876753309b.json
_goals/convex-backend-runtime-2026-10-02/qa/task03c2-live-fixture/history/cycle2-final/candidate/public/evidence/guards-review-candidate.txt
_goals/convex-backend-runtime-2026-10-02/qa/task03c2-live-fixture/history/cycle2-final/candidate/public/evidence/key-match-5f56d1aa-4bf5-4195-9d58-8816a60817a0.json
_goals/convex-backend-runtime-2026-10-02/qa/task03c2-live-fixture/history/cycle2-final/candidate/public/evidence/bounds-e2334b32-ef33-4dec-aaad-caa1956667fb.json
_goals/convex-backend-runtime-2026-10-02/qa/task03c2-live-fixture/history/cycle2-final/candidate/public/evidence/classifier-7e39988e-5faf-4f1d-aaf0-6c3eeeef4a32.json
_goals/convex-backend-runtime-2026-10-02/qa/task03c2-live-fixture/history/cycle2-final/candidate/public/evidence/driver-check-ab95192e-e59e-459e-920d-c389441fa079.json
_goals/convex-backend-runtime-2026-10-02/qa/task03c2-live-fixture/history/cycle2-final/candidate/public/evidence/qualify-b4dbacad-4a6b-4941-bfc9-c90b42756670.json
_goals/convex-backend-runtime-2026-10-02/qa/task03c2-live-fixture/history/cycle2-final/candidate/public/evidence/entrypoints-78fe9e5c-34a1-448d-8b34-e1502819ad05.json
_goals/convex-backend-runtime-2026-10-02/qa/task03c2-live-fixture/history/cycle2-final/candidate/public/evidence/client-prep-0089a15c-02b1-48b3-adbf-28009d7e5e3b.json
_goals/convex-backend-runtime-2026-10-02/qa/task03c2-live-fixture/history/cycle2-final/candidate/public/evidence/qualify-ef3bbed2-76b0-4d2a-a14c-2a9d2b252794.json
_goals/convex-backend-runtime-2026-10-02/qa/task03c2-live-fixture/history/cycle2-final/candidate/public/evidence/driver-check-d5211e5c-0792-4763-8d71-64fba648fbcf.json
_goals/convex-backend-runtime-2026-10-02/qa/task03c2-live-fixture/history/cycle2-final/candidate/public/evidence/client-prep-cf3dfc1a-4728-4c48-916c-8c414a1b0f0a.json
_goals/convex-backend-runtime-2026-10-02/qa/task03c2-live-fixture/history/cycle2-final/candidate/public/evidence/qualify-d7331df9-9069-4611-a0fc-4321478a74db.json
_goals/convex-backend-runtime-2026-10-02/qa/task03c2-live-fixture/history/cycle2-final/candidate/public/evidence/qualify-6bf04663-9b52-4869-a4a6-4e3bdc2f1304.json
_goals/convex-backend-runtime-2026-10-02/qa/task03c2-live-fixture/history/cycle2-final/candidate/public/evidence/qualify-a98eb7c4-8498-4109-bbac-ddb5f9cf01a8.json
_goals/convex-backend-runtime-2026-10-02/qa/task03c2-live-fixture/history/cycle2-final/candidate/public/evidence/entrypoints-68ed674f-ea9e-4d40-962d-26050d7fc6f5.json
_goals/convex-backend-runtime-2026-10-02/qa/task03c2-live-fixture/history/cycle2-final/candidate/public/evidence/qualify-97684a3d-36c7-41fb-8968-7c65f05b3fb0.json
_goals/convex-backend-runtime-2026-10-02/qa/task03c2-live-fixture/history/cycle2-final/candidate/public/evidence/qualify-4282367f-441c-4893-b443-61123eb07c6e.json
_goals/convex-backend-runtime-2026-10-02/qa/task03c2-live-fixture/history/cycle2-final/candidate/public/evidence/qualify-b533cb5b-e305-4fa4-942f-22f90af4cb7e.json
_goals/convex-backend-runtime-2026-10-02/qa/task03c2-live-fixture/history/cycle2-final/candidate/public/evidence/qualify-7bf66d94-b9c1-4f4f-9216-b7de574c60ab.json
_goals/convex-backend-runtime-2026-10-02/qa/task03c2-live-fixture/history/cycle2-final/candidate/public/evidence/commands.json
_goals/convex-backend-runtime-2026-10-02/qa/task03c2-live-fixture/history/cycle2-final/candidate/public/evidence/qualify-fdef0569-9fb0-43b3-a1be-973500a697e5.json
_goals/convex-backend-runtime-2026-10-02/qa/task03c2-live-fixture/history/cycle2-final/candidate/public/evidence/key-match-4997ed87-1b79-448e-b45a-9aa6f2a2d9bb.json
_goals/convex-backend-runtime-2026-10-02/qa/task03c2-live-fixture/history/cycle2-final/candidate/public/evidence/key-match-469a6e4e-132a-48b7-b1a1-4fa2db1b674d.json
_goals/convex-backend-runtime-2026-10-02/qa/task03c2-live-fixture/history/cycle2-final/candidate/public/evidence/qualify-8139b820-ff26-4ae0-8e94-b6d799c7dd42.json
_goals/convex-backend-runtime-2026-10-02/qa/task03c2-live-fixture/history/cycle2-final/candidate/public/evidence/client-prep-a80100b1-b1e0-4822-8ac6-9a3ff0439258.json
_goals/convex-backend-runtime-2026-10-02/qa/task03c2-live-fixture/history/cycle2-final/candidate/public/evidence/qualify-64765855-ecc6-4620-a73b-7090e3a1ed9c.json
_goals/convex-backend-runtime-2026-10-02/qa/task03c2-live-fixture/history/cycle2-final/candidate/public/evidence/qualify-2ba761ab-4eed-41dc-a87f-7363b00a4b46.json
_goals/convex-backend-runtime-2026-10-02/qa/task03c2-live-fixture/history/cycle2-final/candidate/public/evidence/qualify-3a1cca6b-0eea-4800-a3b9-8ed21378e27c.json
_goals/convex-backend-runtime-2026-10-02/qa/task03c2-live-fixture/history/cycle2-final/candidate/public/evidence/scoped-lint-final.txt
_goals/convex-backend-runtime-2026-10-02/qa/task03c2-live-fixture/history/cycle2-final/candidate/public/evidence/key-match-review-candidate.txt
_goals/convex-backend-runtime-2026-10-02/qa/task03b2b1/history/cycle2-final/candidate/qa/checks/history-before-native-string-alignment/node-version.stderr.txt
_goals/convex-backend-runtime-2026-10-02/qa/task03b2b1/history/cycle2-final/candidate/qa/checks/history-before-native-string-alignment/discovery.stderr.txt
_goals/convex-backend-runtime-2026-10-02/qa/task03b2b1/history/cycle2-final/candidate/qa/checks/history-before-native-string-alignment/npm-version.stderr.txt
_goals/convex-backend-runtime-2026-10-02/qa/task03b2b1/history/cycle2-final/candidate/qa/checks/history-before-native-string-alignment/diff-check.stdout.txt
_goals/convex-backend-runtime-2026-10-02/qa/task03b2b1/history/cycle2-final/candidate/qa/checks/history-before-native-string-alignment/tests.stdout.txt
_goals/convex-backend-runtime-2026-10-02/qa/task03b2b1/history/cycle2-final/candidate/qa/checks/history-before-native-string-alignment/root-types-diagnostic.stdout.txt
_goals/convex-backend-runtime-2026-10-02/qa/task03b2b1/history/cycle2-final/candidate/qa/checks/history-before-native-string-alignment/baseline-root-lint-types.stderr.txt
_goals/convex-backend-runtime-2026-10-02/qa/task03b2b1/history/cycle2-final/candidate/qa/checks/history-before-native-string-alignment/commands.json
_goals/convex-backend-runtime-2026-10-02/qa/task03b2b1/history/cycle2-final/candidate/qa/checks/history-before-native-string-alignment/catalog.stdout.txt
_goals/convex-backend-runtime-2026-10-02/qa/task03b2b1/history/cycle2-final/candidate/qa/checks/history-before-native-string-alignment/backend-types.stdout.txt
_goals/convex-backend-runtime-2026-10-02/qa/task03b2b1/history/cycle2-final/candidate/qa/checks/history-before-native-string-alignment/diff-check.stderr.txt
_goals/convex-backend-runtime-2026-10-02/qa/task03b2b1/history/cycle2-final/candidate/qa/checks/history-before-native-string-alignment/baseline-root-lint-types.stdout.txt
_goals/convex-backend-runtime-2026-10-02/qa/task03b2b1/history/cycle2-final/candidate/qa/checks/history-before-native-string-alignment/baseline-root-types.stdout.txt
_goals/convex-backend-runtime-2026-10-02/qa/task03b2b1/history/cycle2-final/candidate/qa/checks/history-before-native-string-alignment/catalog.stderr.txt
_goals/convex-backend-runtime-2026-10-02/qa/task03b2b1/history/cycle2-final/candidate/qa/checks/history-before-native-string-alignment/tests.stderr.txt
_goals/convex-backend-runtime-2026-10-02/qa/task03b2b1/history/cycle2-final/candidate/qa/checks/history-before-native-string-alignment/scoped-types.stderr.txt
_goals/convex-backend-runtime-2026-10-02/qa/task03b2b1/history/cycle2-final/candidate/qa/checks/history-before-native-string-alignment/baseline-root-types.stderr.txt
_goals/convex-backend-runtime-2026-10-02/qa/task03b2b1/history/cycle2-final/candidate/qa/checks/history-before-native-string-alignment/root-types-diagnostic.stderr.txt
_goals/convex-backend-runtime-2026-10-02/qa/task03b2b1/history/cycle2-final/candidate/qa/checks/history-before-native-string-alignment/tests-final.json
_goals/convex-backend-runtime-2026-10-02/qa/task03b2b1/history/cycle2-final/candidate/qa/checks/history-before-native-string-alignment/node-version.stdout.txt
_goals/convex-backend-runtime-2026-10-02/qa/task03b2b1/history/cycle2-final/candidate/qa/checks/history-before-native-string-alignment/root-lint-types-diagnostic.stderr.txt
_goals/convex-backend-runtime-2026-10-02/qa/task03b2b1/history/cycle2-final/candidate/qa/checks/history-before-native-string-alignment/root-lint-types-diagnostic.stdout.txt
_goals/convex-backend-runtime-2026-10-02/qa/task03b2b1/history/cycle2-final/candidate/qa/checks/history-before-native-string-alignment/discovery.stdout.txt
_goals/convex-backend-runtime-2026-10-02/qa/task03b2b1/history/cycle2-final/candidate/qa/checks/history-before-native-string-alignment/scoped-lint.stderr.txt
_goals/convex-backend-runtime-2026-10-02/qa/task03b2b1/history/cycle2-final/candidate/qa/checks/history-before-native-string-alignment/npm-version.stdout.txt
_goals/convex-backend-runtime-2026-10-02/qa/task03b2b1/history/cycle2-final/candidate/qa/checks/history-before-native-string-alignment/scoped-lint.stdout.txt
_goals/convex-backend-runtime-2026-10-02/qa/task03b2b1/history/cycle2-final/candidate/qa/checks/history-before-native-string-alignment/baseline-commands.json
_goals/convex-backend-runtime-2026-10-02/qa/task03b2b1/history/cycle2-final/candidate/qa/checks/history-before-native-string-alignment/scoped-types.stdout.txt
_goals/convex-backend-runtime-2026-10-02/qa/task03b2b1/history/cycle2-final/candidate/qa/checks/history-before-native-string-alignment/backend-types.stderr.txt
_goals/convex-backend-runtime-2026-10-02/qa/task03b2b1/history/cycle2-final/candidate/qa/checks/history-before-id-compatibility/node-version.stderr.txt
_goals/convex-backend-runtime-2026-10-02/qa/task03b2b1/history/cycle2-final/candidate/qa/checks/history-before-id-compatibility/discovery.stderr.txt
_goals/convex-backend-runtime-2026-10-02/qa/task03b2b1/history/cycle2-final/candidate/qa/checks/history-before-id-compatibility/npm-version.stderr.txt
_goals/convex-backend-runtime-2026-10-02/qa/task03b2b1/history/cycle2-final/candidate/qa/checks/history-before-id-compatibility/diff-check.stdout.txt
_goals/convex-backend-runtime-2026-10-02/qa/task03b2b1/history/cycle2-final/candidate/qa/checks/history-before-id-compatibility/tests.stdout.txt
_goals/convex-backend-runtime-2026-10-02/qa/task03b2b1/history/cycle2-final/candidate/qa/checks/history-before-id-compatibility/root-types-diagnostic.stdout.txt
_goals/convex-backend-runtime-2026-10-02/qa/task03b2b1/history/cycle2-final/candidate/qa/checks/history-before-id-compatibility/baseline-root-lint-types.stderr.txt
_goals/convex-backend-runtime-2026-10-02/qa/task03b2b1/history/cycle2-final/candidate/qa/checks/history-before-id-compatibility/commands.json
_goals/convex-backend-runtime-2026-10-02/qa/task03b2b1/history/cycle2-final/candidate/qa/checks/history-before-id-compatibility/catalog.stdout.txt
_goals/convex-backend-runtime-2026-10-02/qa/task03b2b1/history/cycle2-final/candidate/qa/checks/history-before-id-compatibility/backend-types.stdout.txt
_goals/convex-backend-runtime-2026-10-02/qa/task03b2b1/history/cycle2-final/candidate/qa/checks/history-before-id-compatibility/diff-check.stderr.txt
_goals/convex-backend-runtime-2026-10-02/qa/task03b2b1/history/cycle2-final/candidate/qa/checks/history-before-id-compatibility/baseline-root-lint-types.stdout.txt
_goals/convex-backend-runtime-2026-10-02/qa/task03b2b1/history/cycle2-final/candidate/qa/checks/history-before-id-compatibility/baseline-root-types.stdout.txt
_goals/convex-backend-runtime-2026-10-02/qa/task03b2b1/history/cycle2-final/candidate/qa/checks/history-before-id-compatibility/catalog.stderr.txt
_goals/convex-backend-runtime-2026-10-02/qa/task03b2b1/history/cycle2-final/candidate/qa/checks/history-before-id-compatibility/tests.stderr.txt
_goals/convex-backend-runtime-2026-10-02/qa/task03b2b1/history/cycle2-final/candidate/qa/checks/history-before-id-compatibility/scoped-types.stderr.txt
_goals/convex-backend-runtime-2026-10-02/qa/task03b2b1/history/cycle2-final/candidate/qa/checks/history-before-id-compatibility/baseline-root-types.stderr.txt
_goals/convex-backend-runtime-2026-10-02/qa/task03b2b1/history/cycle2-final/candidate/qa/checks/history-before-id-compatibility/root-types-diagnostic.stderr.txt
_goals/convex-backend-runtime-2026-10-02/qa/task03b2b1/history/cycle2-final/candidate/qa/checks/history-before-id-compatibility/tests-final.json
_goals/convex-backend-runtime-2026-10-02/qa/task03b2b1/history/cycle2-final/candidate/qa/checks/history-before-id-compatibility/node-version.stdout.txt
_goals/convex-backend-runtime-2026-10-02/qa/task03b2b1/history/cycle2-final/candidate/qa/checks/history-before-id-compatibility/root-lint-types-diagnostic.stderr.txt
_goals/convex-backend-runtime-2026-10-02/qa/task03b2b1/history/cycle2-final/candidate/qa/checks/history-before-id-compatibility/root-lint-types-diagnostic.stdout.txt
_goals/convex-backend-runtime-2026-10-02/qa/task03b2b1/history/cycle2-final/candidate/qa/checks/history-before-id-compatibility/discovery.stdout.txt
_goals/convex-backend-runtime-2026-10-02/qa/task03b2b1/history/cycle2-final/candidate/qa/checks/history-before-id-compatibility/scoped-lint.stderr.txt
_goals/convex-backend-runtime-2026-10-02/qa/task03b2b1/history/cycle2-final/candidate/qa/checks/history-before-id-compatibility/npm-version.stdout.txt
_goals/convex-backend-runtime-2026-10-02/qa/task03b2b1/history/cycle2-final/candidate/qa/checks/history-before-id-compatibility/scoped-lint.stdout.txt
_goals/convex-backend-runtime-2026-10-02/qa/task03b2b1/history/cycle2-final/candidate/qa/checks/history-before-id-compatibility/baseline-commands.json
_goals/convex-backend-runtime-2026-10-02/qa/task03b2b1/history/cycle2-final/candidate/qa/checks/history-before-id-compatibility/scoped-types.stdout.txt
_goals/convex-backend-runtime-2026-10-02/qa/task03b2b1/history/cycle2-final/candidate/qa/checks/history-before-id-compatibility/backend-types.stderr.txt
_goals/convex-backend-runtime-2026-10-02/qa/task03b2b1/history/cycle2-final/candidate/qa/checks/run-checks.py.text
_goals/convex-backend-runtime-2026-10-02/qa/task03b2b1/history/cycle2-final/candidate/qa/checks/npm-version.stderr.txt
_goals/convex-backend-runtime-2026-10-02/qa/task03b2b1/history/cycle2-final/candidate/qa/checks/history-native-codec-first/node-version.stderr.txt
_goals/convex-backend-runtime-2026-10-02/qa/task03b2b1/history/cycle2-final/candidate/qa/checks/history-native-codec-first/discovery.stderr.txt
_goals/convex-backend-runtime-2026-10-02/qa/task03b2b1/history/cycle2-final/candidate/qa/history/cycle1/source/convex-dev/_generated/server.d.ts.text
_goals/convex-backend-runtime-2026-10-02/qa/task03b2b1/history/cycle2-final/candidate/qa/checks/history-native-codec-first/npm-version.stderr.txt
_goals/convex-backend-runtime-2026-10-02/qa/task03b2b1/history/cycle2-final/candidate/qa/checks/history-native-codec-first/diff-check.stdout.txt
_goals/convex-backend-runtime-2026-10-02/qa/task03b2b1/history/cycle2-final/candidate/qa/history/cycle1/source/convex-dev/_generated/dataModel.d.ts.text
_goals/convex-backend-runtime-2026-10-02/qa/task03b2b1/history/cycle2-final/candidate/qa/checks/history-native-codec-first/tests.stdout.txt
_goals/convex-backend-runtime-2026-10-02/qa/task03b2b1/history/cycle2-final/candidate/qa/history/cycle1/source/convex-dev/_generated/api.d.ts.text
_goals/convex-backend-runtime-2026-10-02/qa/task03b2b1/history/cycle2-final/candidate/qa/checks/history-native-codec-first/root-types-diagnostic.stdout.txt
_goals/convex-backend-runtime-2026-10-02/qa/task03b2b1/history/cycle2-final/candidate/qa/history/cycle1/source/convex-dev/_generated/server.js.text
_goals/convex-backend-runtime-2026-10-02/qa/task03b2b1/history/cycle2-final/candidate/qa/checks/history-native-codec-first/baseline-root-lint-types.stderr.txt
_goals/convex-backend-runtime-2026-10-02/qa/task03b2b1/history/cycle2-final/candidate/qa/checks/history-native-codec-first/commands.json
_goals/convex-backend-runtime-2026-10-02/qa/task03b2b1/history/cycle2-final/candidate/qa/checks/history-native-codec-first/catalog.stdout.txt
_goals/convex-backend-runtime-2026-10-02/qa/task03b2b1/history/cycle2-final/candidate/qa/history/cycle1/source/convex-dev/a2a.ts.text
_goals/convex-backend-runtime-2026-10-02/qa/task03b2b1/history/cycle2-final/candidate/qa/checks/history-native-codec-first/backend-types.stdout.txt
_goals/convex-backend-runtime-2026-10-02/qa/task03b2b1/history/cycle2-final/candidate/qa/history/cycle1/source/convex-dev/contexts.ts.text
_goals/convex-backend-runtime-2026-10-02/qa/task03b2b1/history/cycle2-final/candidate/qa/checks/history-native-codec-first/diff-check.stderr.txt
_goals/convex-backend-runtime-2026-10-02/qa/task03b2b1/history/cycle2-final/candidate/qa/history/cycle1/source/convex-dev/schema.ts.text
_goals/convex-backend-runtime-2026-10-02/qa/task03b2b1/history/cycle2-final/candidate/qa/checks/history-native-codec-first/baseline-root-lint-types.stdout.txt
_goals/convex-backend-runtime-2026-10-02/qa/task03b2b1/history/cycle2-final/candidate/qa/history/cycle1/source/convex-dev/agents.ts.text
_goals/convex-backend-runtime-2026-10-02/qa/task03b2b1/history/cycle2-final/candidate/qa/checks/history-native-codec-first/baseline-root-types.stdout.txt
_goals/convex-backend-runtime-2026-10-02/qa/task03b2b1/history/cycle2-final/candidate/qa/history/cycle1/source/convex-dev/memorySpaces.ts.text
_goals/convex-backend-runtime-2026-10-02/qa/task03b2b1/history/cycle2-final/candidate/qa/checks/history-native-codec-first/catalog.stderr.txt
_goals/convex-backend-runtime-2026-10-02/qa/task03b2b1/history/cycle2-final/candidate/qa/history/cycle1/source/tsconfig.json
_goals/convex-backend-runtime-2026-10-02/qa/task03b2b1/history/cycle2-final/candidate/qa/checks/history-native-codec-first/tests.stderr.txt
_goals/convex-backend-runtime-2026-10-02/qa/task03b2b1/history/cycle2-final/candidate/qa/checks/history-native-codec-first/scoped-types.stderr.txt
_goals/convex-backend-runtime-2026-10-02/qa/task03b2b1/history/cycle2-final/candidate/qa/checks/history-native-codec-first/baseline-root-types.stderr.txt
_goals/convex-backend-runtime-2026-10-02/qa/task03b2b1/history/cycle2-final/candidate/qa/checks/history-native-codec-first/root-types-diagnostic.stderr.txt
_goals/convex-backend-runtime-2026-10-02/qa/task03b2b1/history/cycle2-final/candidate/qa/checks/history-native-codec-first/tests-final.json
_goals/convex-backend-runtime-2026-10-02/qa/task03b2b1/history/cycle2-final/candidate/qa/checks/history-native-codec-first/node-version.stdout.txt
_goals/convex-backend-runtime-2026-10-02/qa/task03b2b1/history/cycle2-final/candidate/qa/checks/history-native-codec-first/root-lint-types-diagnostic.stderr.txt
_goals/convex-backend-runtime-2026-10-02/qa/task03b2b1/history/cycle2-final/candidate/qa/checks/history-native-codec-first/root-lint-types-diagnostic.stdout.txt
_goals/convex-backend-runtime-2026-10-02/qa/task03b2b1/history/cycle2-final/candidate/qa/checks/history-native-codec-first/discovery.stdout.txt
_goals/convex-backend-runtime-2026-10-02/qa/task03b2b1/history/cycle2-final/candidate/qa/checks/history-native-codec-first/scoped-lint.stderr.txt
_goals/convex-backend-runtime-2026-10-02/qa/task03b2b1/history/cycle2-final/candidate/qa/checks/history-native-codec-first/npm-version.stdout.txt
_goals/convex-backend-runtime-2026-10-02/qa/task03b2b1/history/cycle2-final/candidate/qa/checks/history-native-codec-first/scoped-lint.stdout.txt
_goals/convex-backend-runtime-2026-10-02/qa/task03b2b1/history/cycle2-final/candidate/qa/checks/history-native-codec-first/baseline-commands.json
_goals/convex-backend-runtime-2026-10-02/qa/task03b2b1/history/cycle2-final/candidate/qa/checks/history-native-codec-first/scoped-types.stdout.txt
_goals/convex-backend-runtime-2026-10-02/qa/task03b2b1/history/cycle2-final/candidate/qa/checks/history-native-codec-first/backend-types.stderr.txt
_goals/convex-backend-runtime-2026-10-02/qa/task03b2b1/history/cycle2-final/candidate/qa/checks/scoped-lint.stdout.txt
_goals/convex-backend-runtime-2026-10-02/qa/task03b2b1/history/cycle2-final/candidate/qa/checks/baseline-commands.json
_goals/convex-backend-runtime-2026-10-02/qa/task03b2b1/history/cycle2-final/candidate/qa/checks/finalize-receipt.json
_goals/convex-backend-runtime-2026-10-02/qa/task03b2b1/history/cycle2-final/candidate/qa/checks/scoped-types.stdout.txt
_goals/convex-backend-runtime-2026-10-02/qa/task03b2b1/history/cycle2-final/candidate/qa/checks/backend-types.stderr.txt
_goals/convex-backend-runtime-2026-10-02/qa/task03b2b1/history/cycle2-final/candidate/qa/history/cycle1/source/tests/helpers/cleanup.ts.text
_goals/convex-backend-runtime-2026-10-02/qa/task03b2b1/history/cycle2-final/candidate/source/eslint.config.js.text
_goals/convex-backend-runtime-2026-10-02/qa/task03b2b1/history/cycle2-final/candidate/qa/history/cycle1/source/tests/unit/runtimeRegistryAuth/catalog.test.ts.text
_goals/convex-backend-runtime-2026-10-02/qa/task03b2b1/history/cycle2-final/candidate/qa/history/cycle1/source/tests/unit/runtimeRegistryAuth/fixture.ts.text
_goals/convex-backend-runtime-2026-10-02/qa/task03b2b1/history/cycle2-final/candidate/qa/history/cycle1/source/tests/unit/runtimeRegistryAuth/registered.test.ts.text
_goals/convex-backend-runtime-2026-10-02/qa/task03b2b1/history/cycle2-final/candidate/qa/history/cycle1/source/tests/unit/runtimeRegistryAuth/adversarial.test.ts.text
_goals/convex-backend-runtime-2026-10-02/qa/task03b2b1/history/cycle2-final/candidate/qa/history/cycle1/source/package.json
_goals/convex-backend-runtime-2026-10-02/qa/task03b2b1/history/cycle2-final/candidate/qa/history/cycle1/source/convex.json
_goals/convex-backend-runtime-2026-10-02/qa/task03b2b1/history/cycle2-final/candidate/qa/history/cycle1/source/tsconfig.lint.json
_goals/convex-backend-runtime-2026-10-02/qa/task03b2b1/history/cycle2-final/candidate/source/convex-dev/runtimeAuthSchema.ts.text
_goals/convex-backend-runtime-2026-10-02/qa/task03b2b1/history/cycle2-final/candidate/source/convex-dev/tsconfig.json
_goals/convex-backend-runtime-2026-10-02/qa/task03b2b1/history/cycle2-final/candidate/source/convex-dev/runtimeRegistryAuth.ts.text
_goals/convex-backend-runtime-2026-10-02/qa/task03b2b1/history/cycle2-final/candidate/source/convex-dev/runtimeMemorySchema.ts.text
_goals/convex-backend-runtime-2026-10-02/qa/task03b2b1/history/cycle2-final/candidate/source/convex-dev/runtimeAuth.ts.text
_goals/convex-backend-runtime-2026-10-02/qa/task03b2b1/history/cycle2-final/candidate/qa/history/cycle1/source/src/governance/index.ts.text
_goals/convex-backend-runtime-2026-10-02/qa/task03b2b1/history/cycle2-final/candidate/source/convex-dev/_generated/server.d.ts.text
_goals/convex-backend-runtime-2026-10-02/qa/task03b2b1/history/cycle2-final/candidate/source/convex-dev/_generated/dataModel.d.ts.text
_goals/convex-backend-runtime-2026-10-02/qa/task03b2b1/history/cycle2-final/candidate/source/convex-dev/_generated/api.d.ts.text
_goals/convex-backend-runtime-2026-10-02/qa/task03b2b1/history/cycle2-final/candidate/qa/history/cycle1/source/src/auth/verified.ts.text
_goals/convex-backend-runtime-2026-10-02/qa/task03b2b1/history/cycle2-final/candidate/source/convex-dev/_generated/server.js.text
_goals/convex-backend-runtime-2026-10-02/qa/task03b2b1/history/cycle2-final/candidate/source/convex-dev/a2a.ts.text
_goals/convex-backend-runtime-2026-10-02/qa/task03b2b1/history/cycle2-final/candidate/source/convex-dev/contexts.ts.text
_goals/convex-backend-runtime-2026-10-02/qa/task03b2b1/history/cycle2-final/candidate/source/convex-dev/schema.ts.text
_goals/convex-backend-runtime-2026-10-02/qa/task03b2b1/history/cycle2-final/candidate/source/convex-dev/agents.ts.text
_goals/convex-backend-runtime-2026-10-02/qa/task03b2b1/history/cycle2-final/candidate/source/convex-dev/memorySpaces.ts.text
_goals/convex-backend-runtime-2026-10-02/qa/task03b2b1/history/cycle2-final/candidate/source/tsconfig.json
_goals/convex-backend-runtime-2026-10-02/qa/task03b2b1/history/cycle2-final/candidate/qa/checks/history-json-contract-specification-correction/node-version.stderr.txt
_goals/convex-backend-runtime-2026-10-02/qa/task03b2b1/history/cycle2-final/candidate/qa/checks/history-json-contract-specification-correction/discovery.stderr.txt
_goals/convex-backend-runtime-2026-10-02/qa/task03b2b1/history/cycle2-final/candidate/qa/checks/history-json-contract-specification-correction/npm-version.stderr.txt
_goals/convex-backend-runtime-2026-10-02/qa/task03b2b1/history/cycle2-final/candidate/qa/checks/history-json-contract-specification-correction/diff-check.stdout.txt
_goals/convex-backend-runtime-2026-10-02/qa/task03b2b1/history/cycle2-final/candidate/qa/checks/history-json-contract-specification-correction/tests.stdout.txt
_goals/convex-backend-runtime-2026-10-02/qa/task03b2b1/history/cycle2-final/candidate/qa/checks/history-json-contract-specification-correction/root-types-diagnostic.stdout.txt
_goals/convex-backend-runtime-2026-10-02/qa/task03b2b1/history/cycle2-final/candidate/qa/checks/history-json-contract-specification-correction/baseline-root-lint-types.stderr.txt
_goals/convex-backend-runtime-2026-10-02/qa/task03b2b1/history/cycle2-final/candidate/qa/checks/history-json-contract-specification-correction/commands.json
_goals/convex-backend-runtime-2026-10-02/qa/task03b2b1/history/cycle2-final/candidate/qa/checks/history-json-contract-specification-correction/catalog.stdout.txt
_goals/convex-backend-runtime-2026-10-02/qa/task03b2b1/history/cycle2-final/candidate/qa/checks/history-json-contract-specification-correction/backend-types.stdout.txt
_goals/convex-backend-runtime-2026-10-02/qa/task03b2b1/history/cycle2-final/candidate/qa/checks/history-json-contract-specification-correction/diff-check.stderr.txt
_goals/convex-backend-runtime-2026-10-02/qa/task03b2b1/history/cycle2-final/candidate/qa/checks/history-json-contract-specification-correction/baseline-root-lint-types.stdout.txt
_goals/convex-backend-runtime-2026-10-02/qa/task03b2b1/history/cycle2-final/candidate/qa/checks/history-json-contract-specification-correction/baseline-root-types.stdout.txt
_goals/convex-backend-runtime-2026-10-02/qa/task03b2b1/history/cycle2-final/candidate/qa/checks/history-json-contract-specification-correction/catalog.stderr.txt
_goals/convex-backend-runtime-2026-10-02/qa/task03b2b1/history/cycle2-final/candidate/qa/checks/history-json-contract-specification-correction/tests.stderr.txt
_goals/convex-backend-runtime-2026-10-02/qa/task03b2b1/history/cycle2-final/candidate/qa/checks/history-json-contract-specification-correction/scoped-types.stderr.txt
_goals/convex-backend-runtime-2026-10-02/qa/task03b2b1/history/cycle2-final/candidate/qa/checks/history-json-contract-specification-correction/baseline-root-types.stderr.txt
_goals/convex-backend-runtime-2026-10-02/qa/task03b2b1/history/cycle2-final/candidate/qa/checks/history-json-contract-specification-correction/root-types-diagnostic.stderr.txt
_goals/convex-backend-runtime-2026-10-02/qa/task03b2b1/history/cycle2-final/candidate/qa/checks/history-json-contract-specification-correction/tests-final.json
_goals/convex-backend-runtime-2026-10-02/qa/task03b2b1/history/cycle2-final/candidate/qa/checks/history-json-contract-specification-correction/node-version.stdout.txt
_goals/convex-backend-runtime-2026-10-02/qa/task03b2b1/history/cycle2-final/candidate/qa/checks/history-json-contract-specification-correction/root-lint-types-diagnostic.stderr.txt
_goals/convex-backend-runtime-2026-10-02/qa/task03b2b1/history/cycle2-final/candidate/qa/checks/history-json-contract-specification-correction/root-lint-types-diagnostic.stdout.txt
_goals/convex-backend-runtime-2026-10-02/qa/task03b2b1/history/cycle2-final/candidate/qa/checks/history-json-contract-specification-correction/discovery.stdout.txt
_goals/convex-backend-runtime-2026-10-02/qa/task03b2b1/history/cycle2-final/candidate/qa/checks/history-json-contract-specification-correction/scoped-lint.stderr.txt
_goals/convex-backend-runtime-2026-10-02/qa/task03b2b1/history/cycle2-final/candidate/qa/checks/history-json-contract-specification-correction/npm-version.stdout.txt
_goals/convex-backend-runtime-2026-10-02/qa/task03b2b1/history/cycle2-final/candidate/qa/checks/history-json-contract-specification-correction/scoped-lint.stdout.txt
_goals/convex-backend-runtime-2026-10-02/qa/task03b2b1/history/cycle2-final/candidate/qa/checks/history-json-contract-specification-correction/baseline-commands.json
_goals/convex-backend-runtime-2026-10-02/qa/task03b2b1/history/cycle2-final/candidate/qa/checks/history-json-contract-specification-correction/scoped-types.stdout.txt
_goals/convex-backend-runtime-2026-10-02/qa/task03b2b1/history/cycle2-final/candidate/qa/checks/history-json-contract-specification-correction/backend-types.stderr.txt
_goals/convex-backend-runtime-2026-10-02/qa/task03b2b1/history/cycle2-final/candidate/qa/checks/diff-check.stdout.txt
_goals/convex-backend-runtime-2026-10-02/qa/task03b2b1/history/cycle2-final/candidate/qa/checks/tests.stdout.txt
_goals/convex-backend-runtime-2026-10-02/qa/task03b2b1/history/cycle2-final/candidate/qa/history/cycle1/source/src/agents/index.ts.text
_goals/convex-backend-runtime-2026-10-02/qa/task03b2b1/history/cycle2-final/candidate/qa/history/cycle1/source/package-lock.json
_goals/convex-backend-runtime-2026-10-02/qa/task03b2b1/history/cycle2-final/candidate/qa/history/cycle1/preservation-manifest.json
_goals/convex-backend-runtime-2026-10-02/qa/task03c2-live-fixture/history/cycle2-final/candidate/public/evidence/classifier-a857954f-061c-4282-b4a7-fe332d44519f.json
_goals/convex-backend-runtime-2026-10-02/qa/task03c2-live-fixture/history/cycle2-final/candidate/public/evidence/guards-final.txt
_goals/convex-backend-runtime-2026-10-02/qa/task03c2-live-fixture/history/cycle2-final/candidate/public/evidence/entrypoints-4683ff0a-7a19-42e4-a1bb-248605af5a50.json
_goals/convex-backend-runtime-2026-10-02/qa/task03c2-live-fixture/history/cycle2-final/candidate/public/evidence/qualify-ac7130cb-c21c-434c-81e9-c42c95c39ae4.json
_goals/convex-backend-runtime-2026-10-02/qa/task03c2-live-fixture/history/cycle2-final/candidate/public/evidence/qualify-203abf34-9ba6-4e9a-bbb1-d9daa1a5776a.json
_goals/convex-backend-runtime-2026-10-02/qa/task03c2-live-fixture/history/cycle2-final/candidate/public/evidence/guards-60068a89-eeac-4ae8-9dc8-000acf2596d1.json
_goals/convex-backend-runtime-2026-10-02/qa/task03c2-live-fixture/history/cycle2-final/candidate/public/evidence/entrypoints-c9416f64-dbd9-4e69-bd83-72b5d43506af.json
_goals/convex-backend-runtime-2026-10-02/qa/task03c2-live-fixture/history/cycle2-final/candidate/public/evidence/qualify-e2497082-1b48-4cc3-b774-b69da2b750a4.json
_goals/convex-backend-runtime-2026-10-02/qa/task03c2-live-fixture/history/cycle2-final/candidate/public/evidence/bounds-157af91a-6b02-4640-a8cf-4e9d185d2992.json
_goals/convex-backend-runtime-2026-10-02/qa/task03c2-live-fixture/history/cycle2-final/candidate/public/evidence/scoped-lint-review-candidate.txt
_goals/convex-backend-runtime-2026-10-02/qa/task03c2-live-fixture/history/cycle2-final/candidate/public/evidence/npm12-review-candidate.txt
_goals/convex-backend-runtime-2026-10-02/qa/task03c2-live-fixture/history/cycle2-final/candidate/public/evidence/qualify-7945d077-d0c7-48d5-8a42-266c1077f41e.json
_goals/convex-backend-runtime-2026-10-02/qa/task03c2-live-fixture/history/cycle2-final/candidate/public/project-request.json
_goals/convex-backend-runtime-2026-10-02/qa/task03c2-live-fixture/history/cycle2-final/candidate/public/source-provenance.json
_goals/convex-backend-runtime-2026-10-02/qa/task03c2-live-fixture/history/cycle2-final/candidate/public/file-inventory.json
_goals/convex-backend-runtime-2026-10-02/qa/task03c2-live-fixture/history/cycle2-final/candidate/public/service-outcomes.json
_goals/convex-backend-runtime-2026-10-02/qa/task03c2-live-fixture/history/cycle2-final/candidate/public/evidence/cycle2/retry2-key-match.txt
_goals/convex-backend-runtime-2026-10-02/qa/task03c2-live-fixture/history/cycle2-final/candidate/public/evidence/cycle2/initial-failures.json
_goals/convex-backend-runtime-2026-10-02/qa/task03c2-live-fixture/history/cycle2-final/candidate/public/evidence/cycle2/retry1-driver.txt
_goals/convex-backend-runtime-2026-10-02/qa/task03c2-live-fixture/history/cycle2-final/candidate/public/evidence/cycle2/commands-retry2.json
_goals/convex-backend-runtime-2026-10-02/qa/task03c2-live-fixture/history/cycle2-final/candidate/public/evidence/cycle2/retry3-guards.txt
_goals/convex-backend-runtime-2026-10-02/qa/task03c2-live-fixture/history/cycle2-final/candidate/public/evidence/cycle2/commands-final1.json
_goals/convex-backend-runtime-2026-10-02/qa/task03c2-live-fixture/history/cycle2-final/candidate/public/evidence/cycle2/retry2-driver.txt
_goals/convex-backend-runtime-2026-10-02/qa/task03c2-live-fixture/history/cycle2-final/candidate/public/evidence/cycle2/hygiene.json
_goals/convex-backend-runtime-2026-10-02/qa/task03c2-live-fixture/history/cycle2-final/candidate/public/evidence/cycle2/retry1-backend-policy-lint.txt
_goals/convex-backend-runtime-2026-10-02/qa/task03c2-live-fixture/history/cycle2-final/candidate/public/evidence/cycle2/commands-final2.json
_goals/convex-backend-runtime-2026-10-02/qa/task03c2-live-fixture/history/cycle2-final/candidate/public/evidence/cycle2/commands-retry1.json
_goals/convex-backend-runtime-2026-10-02/qa/task03c2-live-fixture/history/cycle2-final/candidate/public/evidence/cycle2/final1-npm12.txt
_goals/convex-backend-runtime-2026-10-02/qa/task03c2-live-fixture/history/cycle2-final/candidate/public/evidence/cycle2/retry1-npm12.txt
_goals/convex-backend-runtime-2026-10-02/qa/task03c2-live-fixture/history/cycle2-final/candidate/public/evidence/cycle2/final2-client-prep.txt
_goals/convex-backend-runtime-2026-10-02/qa/task03c2-live-fixture/history/cycle2-final/candidate/public/evidence/cycle2/retry2-client-prep.txt
_goals/convex-backend-runtime-2026-10-02/qa/task03c2-live-fixture/history/cycle2-final/candidate/public/evidence/cycle2/final2-node.txt
_goals/convex-backend-runtime-2026-10-02/qa/task03c2-live-fixture/history/cycle2-final/candidate/public/evidence/cycle2/final1-driver.txt
_goals/convex-backend-runtime-2026-10-02/qa/task03c2-live-fixture/history/cycle2-final/candidate/public/evidence/cycle2/retry3-entrypoints.txt
_goals/convex-backend-runtime-2026-10-02/qa/task03c2-live-fixture/history/cycle2-final/candidate/public/evidence/cycle2/retry1-classifier.txt
_goals/convex-backend-runtime-2026-10-02/qa/task03c2-live-fixture/history/cycle2-final/candidate/public/evidence/cycle2/retry3-backend-types.txt
_goals/convex-backend-runtime-2026-10-02/qa/task03c2-live-fixture/history/cycle2-final/candidate/public/evidence/cycle2/final1-entrypoints.txt
_goals/convex-backend-runtime-2026-10-02/qa/task03c2-live-fixture/history/cycle2-final/candidate/public/evidence/cycle2/final2-client-types.txt
_goals/convex-backend-runtime-2026-10-02/qa/task03c2-live-fixture/history/cycle2-final/candidate/public/evidence/cycle2/retry2-house-lint.txt
_goals/convex-backend-runtime-2026-10-02/qa/task03c2-live-fixture/history/cycle2-final/candidate/public/evidence/cycle2/retry3-client-types.txt
_goals/convex-backend-runtime-2026-10-02/qa/task03c2-live-fixture/history/cycle2-final/candidate/public/evidence/cycle2/retry3-house-lint.txt
_goals/convex-backend-runtime-2026-10-02/qa/task03c2-live-fixture/history/cycle2-final/candidate/public/evidence/cycle2/retry3-client-prep.txt
_goals/convex-backend-runtime-2026-10-02/qa/task03c2-live-fixture/history/cycle2-final/candidate/public/evidence/cycle2/retry1-node.txt
_goals/convex-backend-runtime-2026-10-02/qa/task03c2-live-fixture/history/cycle2-final/candidate/public/evidence/cycle2/final2-classifier.txt
_goals/convex-backend-runtime-2026-10-02/qa/task03c2-live-fixture/history/cycle2-final/candidate/public/evidence/cycle2/initial-classifier.txt
_goals/convex-backend-runtime-2026-10-02/qa/task03c2-live-fixture/history/cycle2-final/candidate/public/evidence/cycle2/provenance.json
_goals/convex-backend-runtime-2026-10-02/qa/task03c2-live-fixture/history/cycle2-final/candidate/public/evidence/cycle2/commands-initial.json
_goals/convex-backend-runtime-2026-10-02/qa/task03c2-live-fixture/history/cycle2-final/candidate/public/evidence/cycle2/retry3-key-match.txt
_goals/convex-backend-runtime-2026-10-02/qa/task03c2-live-fixture/history/cycle2-final/candidate/public/evidence/cycle2/retry1-client-prep.txt
_goals/convex-backend-runtime-2026-10-02/qa/task03c2-live-fixture/history/cycle2-final/candidate/public/evidence/cycle2/retry2-npm12.txt
_goals/convex-backend-runtime-2026-10-02/qa/task03c2-live-fixture/history/cycle2-final/candidate/public/evidence/cycle2/final1-client-types.txt
_goals/convex-backend-runtime-2026-10-02/qa/task03c2-live-fixture/history/cycle2-final/candidate/public/evidence/cycle2/final2-bounds.txt
_goals/convex-backend-runtime-2026-10-02/qa/task03c2-live-fixture/history/cycle2-final/candidate/public/evidence/cycle2/retry2-guards.txt
_goals/convex-backend-runtime-2026-10-02/qa/task03c2-live-fixture/history/cycle2-final/candidate/public/evidence/cycle2/retry1-guards.txt
_goals/convex-backend-runtime-2026-10-02/qa/task03c2-live-fixture/history/cycle2-final/candidate/public/evidence/cycle2/final1-key-match.txt
_goals/convex-backend-runtime-2026-10-02/qa/task03c2-live-fixture/history/cycle2-final/candidate/public/evidence/cycle2/retry1-backend-types.txt
_goals/convex-backend-runtime-2026-10-02/qa/task03c2-live-fixture/history/cycle2-final/candidate/public/evidence/cycle2/final1-backend-types.txt
_goals/convex-backend-runtime-2026-10-02/qa/task03c2-live-fixture/history/cycle2-final/candidate/public/evidence/cycle2/final2-entrypoints.txt
_goals/convex-backend-runtime-2026-10-02/qa/task03c2-live-fixture/history/cycle2-final/candidate/public/evidence/cycle2/retry1-house-lint.txt
_goals/convex-backend-runtime-2026-10-02/qa/task03c2-live-fixture/history/cycle2-final/candidate/public/evidence/cycle2/final1-guards.txt
_goals/convex-backend-runtime-2026-10-02/qa/task03c2-live-fixture/history/cycle2-final/candidate/public/evidence/cycle2/retry3-npm12.txt
_goals/convex-backend-runtime-2026-10-02/qa/task03c2-live-fixture/history/cycle2-final/candidate/public/evidence/cycle2/retry2-client-types.txt
_goals/convex-backend-runtime-2026-10-02/qa/task03c2-live-fixture/history/cycle2-final/candidate/public/evidence/cycle2/final2-guards.txt
_goals/convex-backend-runtime-2026-10-02/qa/task03c2-live-fixture/history/cycle2-final/candidate/public/evidence/cycle2/retry1-entrypoints.txt
_goals/convex-backend-runtime-2026-10-02/qa/task03c2-live-fixture/history/cycle2-final/candidate/public/evidence/cycle2/final1-client-prep.txt
_goals/convex-backend-runtime-2026-10-02/qa/task03c2-live-fixture/history/cycle2-final/candidate/public/evidence/cycle2/retry3-driver.txt
_goals/convex-backend-runtime-2026-10-02/qa/task03c2-live-fixture/history/cycle2-final/candidate/public/evidence/cycle2/final1-node.txt
_goals/convex-backend-runtime-2026-10-02/qa/task03c2-live-fixture/history/cycle2-final/candidate/public/evidence/cycle2/final2-npm12.txt
_goals/convex-backend-runtime-2026-10-02/qa/task03c2-live-fixture/history/cycle2-final/candidate/public/evidence/cycle2/provenance-final.txt
_goals/convex-backend-runtime-2026-10-02/qa/task03c2-live-fixture/history/cycle2-final/candidate/public/evidence/cycle2/retry2-node.txt
_goals/convex-backend-runtime-2026-10-02/qa/task03c2-live-fixture/history/cycle2-final/candidate/public/evidence/cycle2/final2-packed-prep.txt
_goals/convex-backend-runtime-2026-10-02/qa/task03c2-live-fixture/history/cycle2-final/candidate/public/evidence/cycle2/final2-backend-policy-lint.txt
_goals/convex-backend-runtime-2026-10-02/qa/task03c2-live-fixture/history/cycle2-final/candidate/public/evidence/cycle2/retry1-client-types.txt
_goals/convex-backend-runtime-2026-10-02/qa/task03c2-live-fixture/history/cycle2-final/candidate/public/evidence/cycle2/final1-backend-policy-lint.txt
_goals/convex-backend-runtime-2026-10-02/qa/task03c2-live-fixture/history/cycle2-final/candidate/public/evidence/cycle2/provenance-command.json
_goals/convex-backend-runtime-2026-10-02/qa/task03c2-live-fixture/history/cycle2-final/candidate/public/evidence/cycle2/final2-key-match.txt
_goals/convex-backend-runtime-2026-10-02/qa/task03c2-live-fixture/history/cycle2-final/candidate/public/evidence/cycle2/retry2-backend-policy-lint.txt
_goals/convex-backend-runtime-2026-10-02/qa/task03c2-live-fixture/history/cycle2-final/candidate/public/evidence/cycle2/final2-house-lint.txt
_goals/convex-backend-runtime-2026-10-02/qa/task03c2-live-fixture/history/cycle2-final/candidate/public/evidence/cycle2/retry3-node.txt
_goals/convex-backend-runtime-2026-10-02/qa/task03c2-live-fixture/history/cycle2-final/candidate/public/evidence/cycle2/retry2-backend-types.txt
_goals/convex-backend-runtime-2026-10-02/qa/task03c2-live-fixture/history/cycle2-final/candidate/public/evidence/cycle2/initial-driver.txt
_goals/convex-backend-runtime-2026-10-02/qa/task03c2-live-fixture/history/cycle2-final/candidate/public/evidence/cycle2/retry3-classifier.txt
_goals/convex-backend-runtime-2026-10-02/qa/task03c2-live-fixture/history/cycle2-final/candidate/public/evidence/cycle2/provenance-final.json
_goals/convex-backend-runtime-2026-10-02/qa/task03c2-live-fixture/history/cycle2-final/candidate/public/evidence/cycle2/final1-classifier.txt
_goals/convex-backend-runtime-2026-10-02/qa/task03c2-live-fixture/history/cycle2-final/candidate/public/evidence/cycle2/retry2-entrypoints.txt
_goals/convex-backend-runtime-2026-10-02/qa/task03c2-live-fixture/history/cycle2-final/candidate/public/evidence/cycle2/retry1-key-match.txt
_goals/convex-backend-runtime-2026-10-02/qa/task03c2-live-fixture/history/cycle2-final/candidate/public/evidence/cycle2/final1-house-lint.txt
_goals/convex-backend-runtime-2026-10-02/qa/task03c2-live-fixture/history/cycle2-final/candidate/public/evidence/cycle2/final2-backend-types.txt
_goals/convex-backend-runtime-2026-10-02/qa/task03c2-live-fixture/history/cycle2-final/candidate/public/evidence/cycle2/final1-bounds.txt
_goals/convex-backend-runtime-2026-10-02/qa/task03c2-live-fixture/history/cycle2-final/candidate/public/evidence/cycle2/final1-packed-prep.txt
_goals/convex-backend-runtime-2026-10-02/qa/task03c2-live-fixture/history/cycle2-final/candidate/public/evidence/cycle2/retry2-classifier.txt
_goals/convex-backend-runtime-2026-10-02/qa/task03c2-live-fixture/history/cycle2-final/candidate/public/evidence/cycle2/final2-driver.txt
_goals/convex-backend-runtime-2026-10-02/qa/task03c2-live-fixture/history/cycle2-final/candidate/public/evidence/cycle2/commands-retry3.json
_goals/convex-backend-runtime-2026-10-02/qa/task03c2-live-fixture/history/cycle2-final/candidate/public/evidence/cycle2/retry3-backend-policy-lint.txt
_goals/convex-backend-runtime-2026-10-02/qa/task03c2-live-fixture/history/cycle2-final/candidate/public/evidence/qualify-e8662f44-fa0b-4fb4-ae0b-c53885ff7a76.json
_goals/convex-backend-runtime-2026-10-02/qa/task03c2-live-fixture/history/cycle2-final/candidate/public/evidence/commands-review-candidate.json
_goals/convex-backend-runtime-2026-10-02/qa/task03c2-live-fixture/history/cycle2-final/candidate/public/evidence/qualify-a85a4aef-e8d2-4dc4-86e5-82f8c910bf63.json
_goals/convex-backend-runtime-2026-10-02/qa/task03c2-live-fixture/history/cycle2-final/candidate/public/evidence/classifier-7adfe6e9-1283-4c1a-9cbe-f3888c0edfd2.json
_goals/convex-backend-runtime-2026-10-02/qa/task03c2-live-fixture/history/cycle2-final/candidate/public/evidence/backend-types-final.txt
_goals/convex-backend-runtime-2026-10-02/qa/task03c2-live-fixture/history/cycle2-final/candidate/public/evidence/client-prep-95e2e78e-4b3b-45e5-8a6d-5deb87b5e7f2.json
_goals/convex-backend-runtime-2026-10-02/qa/task03c2-live-fixture/history/cycle2-final/candidate/public/evidence/guards-4f8ccb77-3169-459b-9645-f21b534f02a8.json
_goals/convex-backend-runtime-2026-10-02/qa/task03c2-live-fixture/history/cycle2-final/candidate/public/evidence/client-prep-85ac98e8-5797-4eb8-9687-e93ec682bd1b.json
_goals/convex-backend-runtime-2026-10-02/qa/task03c2-live-fixture/history/cycle2-final/candidate/public/evidence/backend-types-review-candidate.txt
_goals/convex-backend-runtime-2026-10-02/qa/task03c2-live-fixture/history/cycle2-final/candidate/public/evidence/guards-f7dba76e-95c6-43ce-b0ea-b6c5331f87d3.json
_goals/convex-backend-runtime-2026-10-02/qa/task03c2-live-fixture/history/cycle2-final/candidate/public/evidence/qualify-179f26e3-a2d5-4ab7-be46-44eaade77192.json
_goals/convex-backend-runtime-2026-10-02/qa/task03c2-live-fixture/history/cycle2-final/candidate/public/evidence/guards-e96abf6a-a888-45cf-a081-eef9da054191.json
_goals/convex-backend-runtime-2026-10-02/qa/task03c2-live-fixture/history/cycle2-final/candidate/public/evidence/entrypoints-b00b0c2d-e90d-4065-9f84-a3917f8ea44c.json
_goals/convex-backend-runtime-2026-10-02/qa/task03c2-live-fixture/history/cycle2-final/candidate/public/evidence/entrypoints-f6b5b808-762c-4d96-adcd-4de40ee40030.json
_goals/convex-backend-runtime-2026-10-02/qa/task03c2-live-fixture/history/cycle2-final/candidate/public/evidence/qualify-2513a48c-d35c-4316-9e18-a073669d0288.json
_goals/convex-backend-runtime-2026-10-02/qa/task03c2-live-fixture/history/cycle2-final/candidate/public/evidence/packed-prep-4bbb216e-78e9-4d49-841b-03a46c01abe0.json
_goals/convex-backend-runtime-2026-10-02/qa/task03c2-live-fixture/history/cycle2-final/candidate/public/evidence/qualify-a6fdedc3-e988-4f5e-9dd7-cab595353173.json
_goals/convex-backend-runtime-2026-10-02/qa/task03c2-live-fixture/history/cycle2-final/candidate/public/evidence/qualify-766be8e1-f3c1-4ef9-ae73-b0feb110350d.json
_goals/convex-backend-runtime-2026-10-02/qa/task03c2-live-fixture/history/cycle2-final/candidate/public/evidence/qualify-f8fee02d-03b9-4834-b4f1-1522aabb6bdf.json
_goals/convex-backend-runtime-2026-10-02/qa/task03c2-live-fixture/history/cycle2-final/candidate/public/evidence/qualify-a701159d-8b6d-4110-a2da-10a6eeba86e4.json
_goals/convex-backend-runtime-2026-10-02/qa/task03c2-live-fixture/history/cycle2-final/candidate/public/evidence/key-match-b309855e-8a15-49b4-ab07-99d1e6c894d8.json
_goals/convex-backend-runtime-2026-10-02/qa/task03c2-live-fixture/history/cycle2-final/candidate/public/evidence/qualify-539e62f6-b065-46e8-8d17-0f55dedcb9fc.json
_goals/convex-backend-runtime-2026-10-02/qa/task03c2-live-fixture/history/cycle2-final/candidate/public/evidence/qualify-6a56f6cc-1c41-4a9c-bca4-ed99ffaca6d1.json
_goals/convex-backend-runtime-2026-10-02/qa/task03c2-live-fixture/history/cycle2-final/candidate/public/evidence/qualify-c5e662eb-88e2-481b-bf42-06b011d8e8e2.json
_goals/convex-backend-runtime-2026-10-02/qa/task03c2-live-fixture/history/cycle2-final/candidate/public/evidence/guards-92a0e069-a1b6-46bc-9f34-47ddcd0d6d28.json
_goals/convex-backend-runtime-2026-10-02/qa/task03c2-live-fixture/history/cycle2-final/candidate/public/evidence/classifier-c86d09e2-a346-4955-acd7-54db5cbd5a66.json
_goals/convex-backend-runtime-2026-10-02/qa/task03c2-live-fixture/history/cycle2-final/candidate/public/evidence/entrypoints-3f9475b8-5fbb-4769-844b-423653391091.json
_goals/convex-backend-runtime-2026-10-02/qa/task03c2-live-fixture/history/cycle2-final/candidate/public/evidence/qualify-3921eb69-25ad-48b4-9475-004348b901b4.json
_goals/convex-backend-runtime-2026-10-02/qa/task03c2-live-fixture/history/cycle2-final/candidate/public/evidence/qualify-0bb5a56b-2721-418a-b6e7-ea54bb778780.json
_goals/convex-backend-runtime-2026-10-02/qa/task03c2-live-fixture/history/cycle2-final/candidate/public/evidence/client-prep-final.txt
_goals/convex-backend-runtime-2026-10-02/qa/task03c2-live-fixture/history/cycle2-final/candidate/public/evidence/client-prep-64375a53-3a19-4837-a4a2-6bfe3411cc86.json
_goals/convex-backend-runtime-2026-10-02/qa/task03c2-live-fixture/history/cycle2-final/candidate/public/evidence/qualify-dba7a4f4-3733-4059-a30e-8e3412386a4c.json
_goals/convex-backend-runtime-2026-10-02/qa/task03c2-live-fixture/history/cycle2-final/candidate/public/evidence/qualify-f843fc17-bc89-45ca-bd0e-e619bc692f02.json
_goals/convex-backend-runtime-2026-10-02/qa/task03c2-live-fixture/history/cycle2-final/candidate/public/evidence/key-match-f0a42c69-1c0a-458f-b447-6ff498171dec.json
_goals/convex-backend-runtime-2026-10-02/qa/task03c2-live-fixture/history/cycle2-final/candidate/public/evidence/hygiene-review-candidate.json
_goals/convex-backend-runtime-2026-10-02/qa/task03c2-live-fixture/history/cycle2-final/candidate/public/evidence/qualify-d30fc029-4165-44bc-ac0e-1d2b5f0e4546.json
_goals/convex-backend-runtime-2026-10-02/qa/task03c2-live-fixture/history/cycle2-final/candidate/public/evidence/qualify-06622ad6-ce8a-4649-8de8-beab5158020d.json
_goals/convex-backend-runtime-2026-10-02/qa/task03c2-live-fixture/history/cycle2-final/candidate/public/evidence/qualify-ec11dc27-e568-4d1d-9977-810e25e44f2e.json
_goals/convex-backend-runtime-2026-10-02/qa/task03c2-live-fixture/history/cycle2-final/candidate/public/evidence/qualify-b00449ed-b158-40c9-9e64-f38b0d42487e.json
_goals/convex-backend-runtime-2026-10-02/qa/task03c2-live-fixture/history/cycle2-final/candidate/public/evidence/provenance-final.json
_goals/convex-backend-runtime-2026-10-02/qa/task03c2-live-fixture/history/cycle2-final/candidate/public/evidence/client-prep-review-candidate.txt
_goals/convex-backend-runtime-2026-10-02/qa/task03c2-live-fixture/history/cycle2-final/candidate/public/evidence/qualify-be217901-a00a-4e6b-8e09-7a0449a4b9c9.json
_goals/convex-backend-runtime-2026-10-02/qa/task03c2-live-fixture/history/cycle2-final/candidate/public/evidence/node-review-candidate.txt
_goals/convex-backend-runtime-2026-10-02/qa/task03c2-live-fixture/history/cycle2-final/candidate/public/evidence/client-types-review-candidate.txt
_goals/convex-backend-runtime-2026-10-02/qa/task03c2-live-fixture/history/cycle2-final/candidate/public/evidence/guards-ee4ef58d-b7eb-4ccf-873b-738d80a4727b.json
_goals/convex-backend-runtime-2026-10-02/qa/task03c2-live-fixture/history/cycle2-final/candidate/public/evidence/client-types-final.txt
_goals/convex-backend-runtime-2026-10-02/qa/task03b2b1/history/cycle2-final/candidate/source/convex.json
_goals/convex-backend-runtime-2026-10-02/qa/task03b2b1/history/cycle2-final/candidate/source/tsconfig.lint.json
_goals/convex-backend-runtime-2026-10-02/qa/task03b2b1/history/cycle2-final/candidate/source/tests/helpers/cleanup.ts.text
_goals/convex-backend-runtime-2026-10-02/qa/task03b2b1/history/cycle2-final/candidate/qa/checks/history-before-retirement-witnesses/node-version.stderr.txt
_goals/convex-backend-runtime-2026-10-02/qa/task03b2b1/history/cycle2-final/candidate/qa/checks/history-before-retirement-witnesses/discovery.stderr.txt
_goals/convex-backend-runtime-2026-10-02/qa/task03b2b1/history/cycle2-final/candidate/qa/checks/history-before-retirement-witnesses/npm-version.stderr.txt
_goals/convex-backend-runtime-2026-10-02/qa/task03b2b1/history/cycle2-final/candidate/qa/checks/history-before-retirement-witnesses/diff-check.stdout.txt
_goals/convex-backend-runtime-2026-10-02/qa/task03b2b1/history/cycle2-final/candidate/qa/checks/history-before-retirement-witnesses/tests.stdout.txt
_goals/convex-backend-runtime-2026-10-02/qa/task03b2b1/history/cycle2-final/candidate/qa/checks/history-before-retirement-witnesses/root-types-diagnostic.stdout.txt
_goals/convex-backend-runtime-2026-10-02/qa/task03b2b1/history/cycle2-final/candidate/qa/checks/history-before-retirement-witnesses/baseline-root-lint-types.stderr.txt
_goals/convex-backend-runtime-2026-10-02/qa/task03b2b1/history/cycle2-final/candidate/qa/checks/history-before-retirement-witnesses/commands.json
_goals/convex-backend-runtime-2026-10-02/qa/task03b2b1/history/cycle2-final/candidate/qa/checks/history-before-retirement-witnesses/catalog.stdout.txt
_goals/convex-backend-runtime-2026-10-02/qa/task03b2b1/history/cycle2-final/candidate/qa/checks/history-before-retirement-witnesses/backend-types.stdout.txt
_goals/convex-backend-runtime-2026-10-02/qa/task03b2b1/history/cycle2-final/candidate/qa/checks/history-before-retirement-witnesses/diff-check.stderr.txt
_goals/convex-backend-runtime-2026-10-02/qa/task03b2b1/history/cycle2-final/candidate/qa/checks/history-before-retirement-witnesses/baseline-root-lint-types.stdout.txt
_goals/convex-backend-runtime-2026-10-02/qa/task03b2b1/history/cycle2-final/candidate/qa/checks/history-before-retirement-witnesses/baseline-root-types.stdout.txt
_goals/convex-backend-runtime-2026-10-02/qa/task03b2b1/history/cycle2-final/candidate/qa/checks/history-before-retirement-witnesses/catalog.stderr.txt
_goals/convex-backend-runtime-2026-10-02/qa/task03b2b1/history/cycle2-final/candidate/qa/checks/history-before-retirement-witnesses/tests.stderr.txt
_goals/convex-backend-runtime-2026-10-02/qa/task03b2b1/history/cycle2-final/candidate/qa/checks/history-before-retirement-witnesses/scoped-types.stderr.txt
_goals/convex-backend-runtime-2026-10-02/qa/task03b2b1/history/cycle2-final/candidate/qa/checks/history-before-retirement-witnesses/baseline-root-types.stderr.txt
_goals/convex-backend-runtime-2026-10-02/qa/task03b2b1/history/cycle2-final/candidate/qa/checks/history-before-retirement-witnesses/root-types-diagnostic.stderr.txt
_goals/convex-backend-runtime-2026-10-02/qa/task03b2b1/history/cycle2-final/candidate/qa/checks/history-before-retirement-witnesses/tests-final.json
_goals/convex-backend-runtime-2026-10-02/qa/task03b2b1/history/cycle2-final/candidate/qa/checks/history-before-retirement-witnesses/node-version.stdout.txt
_goals/convex-backend-runtime-2026-10-02/qa/task03b2b1/history/cycle2-final/candidate/qa/checks/history-before-retirement-witnesses/root-lint-types-diagnostic.stderr.txt
_goals/convex-backend-runtime-2026-10-02/qa/task03b2b1/history/cycle2-final/candidate/qa/checks/history-before-retirement-witnesses/root-lint-types-diagnostic.stdout.txt
_goals/convex-backend-runtime-2026-10-02/qa/task03b2b1/history/cycle2-final/candidate/qa/checks/history-before-retirement-witnesses/discovery.stdout.txt
_goals/convex-backend-runtime-2026-10-02/qa/task03b2b1/history/cycle2-final/candidate/qa/checks/history-before-retirement-witnesses/scoped-lint.stderr.txt
_goals/convex-backend-runtime-2026-10-02/qa/task03b2b1/history/cycle2-final/candidate/qa/checks/history-before-retirement-witnesses/npm-version.stdout.txt
_goals/convex-backend-runtime-2026-10-02/qa/task03b2b1/history/cycle2-final/candidate/qa/checks/history-before-retirement-witnesses/scoped-lint.stdout.txt
_goals/convex-backend-runtime-2026-10-02/qa/task03b2b1/history/cycle2-final/candidate/qa/checks/history-before-retirement-witnesses/baseline-commands.json
_goals/convex-backend-runtime-2026-10-02/qa/task03b2b1/history/cycle2-final/candidate/qa/checks/history-before-retirement-witnesses/scoped-types.stdout.txt
_goals/convex-backend-runtime-2026-10-02/qa/task03b2b1/history/cycle2-final/candidate/qa/checks/history-before-retirement-witnesses/backend-types.stderr.txt
_goals/convex-backend-runtime-2026-10-02/qa/task03b2b1/history/cycle2-final/candidate/source/src/governance/index.ts.text
_goals/convex-backend-runtime-2026-10-02/qa/task03b2b1/history/cycle2-final/candidate/source/src/auth/verified.ts.text
_goals/convex-backend-runtime-2026-10-02/qa/task03b2b1/history/cycle2-final/candidate/source/src/agents/index.ts.text
_goals/convex-backend-runtime-2026-10-02/qa/task03b2b1/history/cycle2-final/candidate/source/package-lock.json
_goals/convex-backend-runtime-2026-10-02/qa/task03b2b1/history/cycle2-final/candidate/source/package.json
_goals/convex-backend-runtime-2026-10-02/qa/task03b2b1/history/cycle2-final/candidate/qa/checks/diff-check.stderr.txt
_goals/convex-backend-runtime-2026-10-02/qa/task03b2b1/history/cycle2-final/candidate/qa/checks/baseline-root-lint-types.stdout.txt
_goals/convex-backend-runtime-2026-10-02/qa/task03b2b1/history/cycle2-final/candidate/source/tests/unit/runtimeRegistryAuth/catalog.test.ts.text
_goals/convex-backend-runtime-2026-10-02/qa/task03b2b1/history/cycle2-final/candidate/source/tests/unit/runtimeRegistryAuth/closureRepair.test.ts.text
_goals/convex-backend-runtime-2026-10-02/qa/task03b2b1/history/cycle2-final/candidate/source/tests/unit/runtimeRegistryAuth/fixture.ts.text
_goals/convex-backend-runtime-2026-10-02/qa/task03b2b1/history/cycle2-final/candidate/source/tests/unit/runtimeRegistryAuth/registered.test.ts.text
_goals/convex-backend-runtime-2026-10-02/qa/task03b2b1/history/cycle2-final/candidate/source/tests/unit/runtimeRegistryAuth/adversarial.test.ts.text
_goals/convex-backend-runtime-2026-10-02/qa/task03b2b1/history/cycle2-final/candidate/qa/checks/scoped-types.stderr.txt
_goals/convex-backend-runtime-2026-10-02/qa/task03b2b1/history/cycle2-final/candidate/qa/checks/history-native-codec-required-metadata/node-version.stderr.txt
_goals/convex-backend-runtime-2026-10-02/qa/task03b2b1/history/cycle2-final/candidate/qa/checks/history-native-codec-required-metadata/discovery.stderr.txt
_goals/convex-backend-runtime-2026-10-02/qa/task03b2b1/history/cycle2-final/candidate/qa/checks/history-native-codec-required-metadata/npm-version.stderr.txt
_goals/convex-backend-runtime-2026-10-02/qa/task03b2b1/history/cycle2-final/candidate/qa/checks/history-native-codec-required-metadata/diff-check.stdout.txt
_goals/convex-backend-runtime-2026-10-02/qa/task03b2b1/history/cycle2-final/candidate/qa/checks/history-native-codec-required-metadata/tests.stdout.txt
_goals/convex-backend-runtime-2026-10-02/qa/task03b2b1/history/cycle2-final/candidate/qa/checks/history-native-codec-required-metadata/root-types-diagnostic.stdout.txt
_goals/convex-backend-runtime-2026-10-02/qa/task03b2b1/history/cycle2-final/candidate/qa/checks/history-native-codec-required-metadata/baseline-root-lint-types.stderr.txt
_goals/convex-backend-runtime-2026-10-02/qa/task03b2b1/history/cycle2-final/candidate/qa/checks/history-native-codec-required-metadata/commands.json
_goals/convex-backend-runtime-2026-10-02/qa/task03b2b1/history/cycle2-final/candidate/qa/checks/history-native-codec-required-metadata/catalog.stdout.txt
_goals/convex-backend-runtime-2026-10-02/qa/task03b2b1/history/cycle2-final/candidate/qa/checks/history-native-codec-required-metadata/backend-types.stdout.txt
_goals/convex-backend-runtime-2026-10-02/qa/task03b2b1/history/cycle2-final/candidate/qa/checks/history-native-codec-required-metadata/diff-check.stderr.txt
_goals/convex-backend-runtime-2026-10-02/qa/task03b2b1/history/cycle2-final/candidate/qa/checks/history-native-codec-required-metadata/baseline-root-lint-types.stdout.txt
_goals/convex-backend-runtime-2026-10-02/qa/task03b2b1/history/cycle2-final/candidate/qa/checks/history-native-codec-required-metadata/baseline-root-types.stdout.txt
_goals/convex-backend-runtime-2026-10-02/qa/task03b2b1/history/cycle2-final/candidate/qa/checks/history-native-codec-required-metadata/catalog.stderr.txt
_goals/convex-backend-runtime-2026-10-02/qa/task03b2b1/history/cycle2-final/candidate/qa/checks/history-native-codec-required-metadata/tests.stderr.txt
_goals/convex-backend-runtime-2026-10-02/qa/task03b2b1/history/cycle2-final/candidate/qa/checks/history-native-codec-required-metadata/scoped-types.stderr.txt
_goals/convex-backend-runtime-2026-10-02/qa/task03b2b1/history/cycle2-final/candidate/qa/checks/history-native-codec-required-metadata/baseline-root-types.stderr.txt
_goals/convex-backend-runtime-2026-10-02/qa/task03b2b1/history/cycle2-final/candidate/qa/checks/history-native-codec-required-metadata/root-types-diagnostic.stderr.txt
_goals/convex-backend-runtime-2026-10-02/qa/task03b2b1/history/cycle2-final/candidate/qa/checks/history-native-codec-required-metadata/tests-final.json
_goals/convex-backend-runtime-2026-10-02/qa/task03b2b1/history/cycle2-final/candidate/qa/checks/history-native-codec-required-metadata/node-version.stdout.txt
_goals/convex-backend-runtime-2026-10-02/qa/task03b2b1/history/cycle2-final/candidate/qa/checks/history-native-codec-required-metadata/root-lint-types-diagnostic.stderr.txt
_goals/convex-backend-runtime-2026-10-02/qa/task03b2b1/history/cycle2-final/candidate/qa/checks/history-native-codec-required-metadata/root-lint-types-diagnostic.stdout.txt
_goals/convex-backend-runtime-2026-10-02/qa/task03b2b1/history/cycle2-final/candidate/qa/checks/history-native-codec-required-metadata/discovery.stdout.txt
_goals/convex-backend-runtime-2026-10-02/qa/task03b2b1/history/cycle2-final/candidate/qa/checks/history-native-codec-required-metadata/scoped-lint.stderr.txt
_goals/convex-backend-runtime-2026-10-02/qa/task03b2b1/history/cycle2-final/candidate/qa/checks/history-native-codec-required-metadata/npm-version.stdout.txt
_goals/convex-backend-runtime-2026-10-02/qa/task03b2b1/history/cycle2-final/candidate/qa/checks/history-native-codec-required-metadata/scoped-lint.stdout.txt
_goals/convex-backend-runtime-2026-10-02/qa/task03b2b1/history/cycle2-final/candidate/qa/checks/history-native-codec-required-metadata/baseline-commands.json
_goals/convex-backend-runtime-2026-10-02/qa/task03b2b1/history/cycle2-final/candidate/qa/checks/history-native-codec-required-metadata/scoped-types.stdout.txt
_goals/convex-backend-runtime-2026-10-02/qa/task03b2b1/history/cycle2-final/candidate/qa/checks/history-native-codec-required-metadata/backend-types.stderr.txt
_goals/convex-backend-runtime-2026-10-02/qa/task03b2b1/history/cycle2-final/candidate/qa/checks/baseline-diagnostic.py.text
_goals/convex-backend-runtime-2026-10-02/qa/task03b2b1/history/cycle2-final/candidate/qa/checks/root-types-diagnostic.stdout.txt
_goals/convex-backend-runtime-2026-10-02/qa/task03b2b1/history/cycle2-final/candidate/qa/checks/baseline-root-lint-types.stderr.txt
_goals/convex-backend-runtime-2026-10-02/qa/task03b2b1/history/cycle2-final/candidate/qa/checks/commands.json
_goals/convex-backend-runtime-2026-10-02/qa/task03b2b1/history/cycle2-final/candidate/qa/checks/catalog.stdout.txt
_goals/convex-backend-runtime-2026-10-02/qa/task03b2b1/history/cycle2-final/candidate/qa/checks/backend-types.stdout.txt
_goals/convex-backend-runtime-2026-10-02/qa/task03c2-live-fixture/history/cycle2-final/candidate/public/README.md
_goals/convex-backend-runtime-2026-10-02/qa/task03c2-live-fixture/history/cycle2-final/candidate/public/private-file-inventory.json
_goals/convex-backend-runtime-2026-10-02/qa/task03b2b1/history/cycle2-final/candidate/qa/checks/history-initial/node-version.stderr.txt
_goals/convex-backend-runtime-2026-10-02/qa/task03b2b1/history/cycle2-final/candidate/qa/checks/history-initial/discovery.stderr.txt
_goals/convex-backend-runtime-2026-10-02/qa/task03b2b1/history/cycle2-final/candidate/qa/checks/history-initial/npm-version.stderr.txt
_goals/convex-backend-runtime-2026-10-02/qa/task03b2b1/history/cycle2-final/candidate/qa/checks/history-initial/diff-check.stdout.txt
_goals/convex-backend-runtime-2026-10-02/qa/task03b2b1/history/cycle2-final/candidate/qa/checks/history-initial/tests.stdout.txt
_goals/convex-backend-runtime-2026-10-02/qa/task03b2b1/history/cycle2-final/candidate/qa/checks/history-initial/root-types-diagnostic.stdout.txt
_goals/convex-backend-runtime-2026-10-02/qa/task03b2b1/history/cycle2-final/candidate/qa/checks/history-initial/commands.json
_goals/convex-backend-runtime-2026-10-02/qa/task03b2b1/history/cycle2-final/candidate/qa/checks/history-initial/catalog.stdout.txt
_goals/convex-backend-runtime-2026-10-02/qa/task03b2b1/history/cycle2-final/candidate/qa/checks/history-initial/backend-types.stdout.txt
_goals/convex-backend-runtime-2026-10-02/qa/task03b2b1/history/cycle2-final/candidate/qa/checks/history-initial/diff-check.stderr.txt
_goals/convex-backend-runtime-2026-10-02/qa/task03b2b1/history/cycle2-final/candidate/qa/checks/history-initial/catalog.stderr.txt
_goals/convex-backend-runtime-2026-10-02/qa/task03b2b1/history/cycle2-final/candidate/qa/checks/history-initial/tests.stderr.txt
_goals/convex-backend-runtime-2026-10-02/qa/task03b2b1/history/cycle2-final/candidate/qa/checks/history-initial/scoped-types.stderr.txt
_goals/convex-backend-runtime-2026-10-02/qa/task03b2b1/history/cycle2-final/candidate/qa/checks/history-initial/root-types-diagnostic.stderr.txt
_goals/convex-backend-runtime-2026-10-02/qa/task03b2b1/history/cycle2-final/candidate/qa/checks/history-initial/tests-final.json
_goals/convex-backend-runtime-2026-10-02/qa/task03b2b1/history/cycle2-final/candidate/qa/checks/history-initial/node-version.stdout.txt
_goals/convex-backend-runtime-2026-10-02/qa/task03b2b1/history/cycle2-final/candidate/qa/checks/history-initial/root-lint-types-diagnostic.stderr.txt
_goals/convex-backend-runtime-2026-10-02/qa/task03b2b1/history/cycle2-final/candidate/qa/checks/history-initial/root-lint-types-diagnostic.stdout.txt
_goals/convex-backend-runtime-2026-10-02/qa/task03b2b1/history/cycle2-final/candidate/qa/checks/history-initial/discovery.stdout.txt
_goals/convex-backend-runtime-2026-10-02/qa/task03b2b1/history/cycle2-final/candidate/qa/checks/history-initial/scoped-lint.stderr.txt
_goals/convex-backend-runtime-2026-10-02/qa/task03b2b1/history/cycle2-final/candidate/qa/checks/history-initial/npm-version.stdout.txt
_goals/convex-backend-runtime-2026-10-02/qa/task03b2b1/history/cycle2-final/candidate/qa/checks/history-initial/scoped-lint.stdout.txt
_goals/convex-backend-runtime-2026-10-02/qa/task03b2b1/history/cycle2-final/candidate/qa/checks/history-initial/scoped-types.stdout.txt
_goals/convex-backend-runtime-2026-10-02/qa/task03b2b1/history/cycle2-final/candidate/qa/checks/history-initial/backend-types.stderr.txt
_goals/convex-backend-runtime-2026-10-02/qa/task03c2-live-fixture/history/cycle2-final/candidate/private/work/backend-runtime/task03c2-live-fixture/run-checks-cycle2.py.text
_goals/convex-backend-runtime-2026-10-02/qa/task03c2-live-fixture/history/cycle2-final/candidate/private/work/backend-runtime/task03c2-live-fixture/archive-preservation-initial.json
_goals/convex-backend-runtime-2026-10-02/qa/task03c2-live-fixture/history/cycle2-final/candidate/private/work/backend-runtime/task03c2-live-fixture/finalize-cycle2.py.text
_goals/convex-backend-runtime-2026-10-02/qa/task03c2-live-fixture/history/cycle2-final/candidate/private/work/backend-runtime/task03c2-live-fixture/rewrite-client-cycle2.py.text
_goals/convex-backend-runtime-2026-10-02/qa/task03b2b1/history/cycle2-final/candidate/qa/checks/baseline-root-types.stderr.txt
_goals/convex-backend-runtime-2026-10-02/qa/task03b2b1/history/cycle2-final/candidate/qa/checks/history-before-inserted-witnesses/baseline-root-types.stderr.txt
_goals/convex-backend-runtime-2026-10-02/qa/task03b2b1/history/cycle2-final/candidate/qa/checks/history-before-inserted-witnesses/root-types-diagnostic.stderr.txt
_goals/convex-backend-runtime-2026-10-02/qa/task03b2b1/history/cycle2-final/candidate/qa/checks/history-before-inserted-witnesses/tests-final.json
_goals/convex-backend-runtime-2026-10-02/qa/task03b2b1/history/cycle2-final/candidate/qa/checks/history-before-inserted-witnesses/node-version.stderr.txt
_goals/convex-backend-runtime-2026-10-02/qa/task03b2b1/history/cycle2-final/candidate/qa/checks/history-before-inserted-witnesses/node-version.stdout.txt
_goals/convex-backend-runtime-2026-10-02/qa/task03b2b1/history/cycle2-final/candidate/qa/checks/history-before-inserted-witnesses/discovery.stderr.txt
_goals/convex-backend-runtime-2026-10-02/qa/task03b2b1/history/cycle2-final/candidate/qa/checks/history-before-inserted-witnesses/root-lint-types-diagnostic.stderr.txt
_goals/convex-backend-runtime-2026-10-02/qa/task03b2b1/history/cycle2-final/candidate/qa/checks/history-before-inserted-witnesses/npm-version.stderr.txt
_goals/convex-backend-runtime-2026-10-02/qa/task03b2b1/history/cycle2-final/candidate/qa/checks/history-before-inserted-witnesses/root-lint-types-diagnostic.stdout.txt
_goals/convex-backend-runtime-2026-10-02/qa/task03b2b1/history/cycle2-final/candidate/qa/checks/history-before-inserted-witnesses/diff-check.stdout.txt
_goals/convex-backend-runtime-2026-10-02/qa/task03b2b1/history/cycle2-final/candidate/qa/checks/history-before-inserted-witnesses/discovery.stdout.txt
_goals/convex-backend-runtime-2026-10-02/qa/task03b2b1/history/cycle2-final/candidate/qa/checks/history-before-inserted-witnesses/tests.stdout.txt
_goals/convex-backend-runtime-2026-10-02/qa/task03b2b1/history/cycle2-final/candidate/qa/checks/history-before-inserted-witnesses/scoped-lint.stderr.txt
_goals/convex-backend-runtime-2026-10-02/qa/task03b2b1/history/cycle2-final/candidate/qa/checks/history-before-inserted-witnesses/root-types-diagnostic.stdout.txt
_goals/convex-backend-runtime-2026-10-02/qa/task03b2b1/history/cycle2-final/candidate/qa/checks/history-before-inserted-witnesses/npm-version.stdout.txt
_goals/convex-backend-runtime-2026-10-02/qa/task03b2b1/history/cycle2-final/candidate/qa/checks/history-before-inserted-witnesses/baseline-root-lint-types.stderr.txt
_goals/convex-backend-runtime-2026-10-02/qa/task03b2b1/history/cycle2-final/candidate/qa/checks/history-before-inserted-witnesses/scoped-lint.stdout.txt
_goals/convex-backend-runtime-2026-10-02/qa/task03b2b1/history/cycle2-final/candidate/qa/checks/history-before-inserted-witnesses/commands.json
_goals/convex-backend-runtime-2026-10-02/qa/task03b2b1/history/cycle2-final/candidate/qa/checks/history-before-inserted-witnesses/baseline-commands.json
_goals/convex-backend-runtime-2026-10-02/qa/task03b2b1/history/cycle2-final/candidate/qa/checks/history-before-inserted-witnesses/catalog.stdout.txt
_goals/convex-backend-runtime-2026-10-02/qa/task03b2b1/history/cycle2-final/candidate/qa/checks/history-before-inserted-witnesses/scoped-types.stdout.txt
_goals/convex-backend-runtime-2026-10-02/qa/task03b2b1/history/cycle2-final/candidate/qa/checks/history-before-inserted-witnesses/backend-types.stdout.txt
_goals/convex-backend-runtime-2026-10-02/qa/task03b2b1/history/cycle2-final/candidate/qa/checks/history-before-inserted-witnesses/backend-types.stderr.txt
_goals/convex-backend-runtime-2026-10-02/qa/task03b2b1/history/cycle2-final/candidate/qa/checks/history-before-inserted-witnesses/diff-check.stderr.txt
_goals/convex-backend-runtime-2026-10-02/qa/task03b2b1/history/cycle2-final/candidate/qa/checks/baseline-root-types.stdout.txt
_goals/convex-backend-runtime-2026-10-02/qa/task03b2b1/history/cycle2-final/candidate/qa/checks/history-before-inserted-witnesses/baseline-root-lint-types.stdout.txt
_goals/convex-backend-runtime-2026-10-02/qa/task03b2b1/history/cycle2-final/candidate/qa/checks/catalog.stderr.txt
_goals/convex-backend-runtime-2026-10-02/qa/task03b2b1/history/cycle2-final/candidate/qa/checks/history-before-inserted-witnesses/baseline-root-types.stdout.txt
_goals/convex-backend-runtime-2026-10-02/qa/task03b2b1/history/cycle2-final/candidate/qa/checks/tests.stderr.txt
_goals/convex-backend-runtime-2026-10-02/qa/task03b2b1/history/cycle2-final/candidate/qa/checks/history-before-inserted-witnesses/catalog.stderr.txt
_goals/convex-backend-runtime-2026-10-02/qa/task03b2b1/history/cycle2-final/candidate/qa/checks/history-before-inserted-witnesses/tests.stderr.txt
_goals/convex-backend-runtime-2026-10-02/qa/task03c2-live-harness-review-2.md
_goals/convex-backend-runtime-2026-10-02/qa/integration-target.json
_goals/convex-backend-runtime-2026-10-02/qa/task02a-review-1.md
_goals/convex-backend-runtime-2026-10-02/qa/task03b2b1/history/cycle2-final/candidate/qa/checks/history-before-inserted-witnesses/scoped-types.stderr.txt
_goals/convex-backend-runtime-2026-10-02/qa/task03c2-live-fixture/history/cycle2-final/candidate/public/history/cycle1/independent/client-types.txt
_goals/convex-backend-runtime-2026-10-02/qa/task03c2-live-fixture/history/cycle2-final/candidate/public/history/cycle1/independent/git-before.txt
_goals/convex-backend-runtime-2026-10-02/qa/task03c2-live-fixture/history/cycle2-final/candidate/public/history/cycle1/independent/actual-client-prep.mjs.text
_goals/convex-backend-runtime-2026-10-02/qa/task03c2-live-fixture/history/cycle2-final/candidate/public/history/cycle1/independent/commands.json
_goals/convex-backend-runtime-2026-10-02/qa/task03c2-live-fixture/history/cycle2-final/candidate/public/history/cycle1/independent/manifest.original.json
_goals/convex-backend-runtime-2026-10-02/qa/task03c2-live-fixture/history/cycle2-final/candidate/public/history/cycle1/independent/preservation.json
_goals/convex-backend-runtime-2026-10-02/qa/task03c2-live-fixture/history/cycle2-final/candidate/public/history/cycle1/independent/after-candidate.json
_goals/convex-backend-runtime-2026-10-02/qa/task03c2-live-fixture/history/cycle2-final/candidate/public/history/cycle1/independent/packed-offline.mjs.text
_goals/convex-backend-runtime-2026-10-02/qa/task03c2-live-fixture/history/cycle2-final/candidate/public/history/cycle1/independent/judgment.md
_goals/convex-backend-runtime-2026-10-02/qa/task03c2-live-fixture/history/cycle2-final/candidate/public/history/cycle1/independent/identity.json
_goals/convex-backend-runtime-2026-10-02/qa/task03c2-live-fixture/history/cycle2-final/candidate/public/history/cycle1/independent/run.py.text
_goals/convex-backend-runtime-2026-10-02/qa/task03c2-live-fixture/history/cycle2-final/candidate/public/history/cycle1/independent/backend-types.txt
_goals/convex-backend-runtime-2026-10-02/qa/task03c2-live-fixture/history/cycle2-final/candidate/public/history/cycle1/independent/private-selector-lint.json
_goals/convex-backend-runtime-2026-10-02/qa/task03c2-live-fixture/history/cycle2-final/candidate/public/history/cycle1/independent/case-discovery.json
_goals/convex-backend-runtime-2026-10-02/qa/task03c2-live-fixture/history/cycle2-final/candidate/private/work/backend-runtime/task03c2-live-fixture/offline-cycle2/descendant-539e62f6-b065-46e8-8d17-0f55dedcb9fc.pid
_goals/convex-backend-runtime-2026-10-02/qa/task03c2-live-fixture/history/cycle2-final/candidate/private/work/backend-runtime/task03c2-live-fixture/offline-cycle2/descendant-a85a4aef-e8d2-4dc4-86e5-82f8c910bf63.pid
_goals/convex-backend-runtime-2026-10-02/qa/task03c2-live-fixture/history/cycle2-final/candidate/private/work/backend-runtime/task03c2-live-fixture/offline-cycle2/process-child.mjs.text
_goals/convex-backend-runtime-2026-10-02/qa/task03c2-live-fixture/history/cycle2-final/candidate/private/work/backend-runtime/task03c2-live-fixture/offline-cycle2/descendant-fdef0569-9fb0-43b3-a1be-973500a697e5.pid
_goals/convex-backend-runtime-2026-10-02/qa/task03c2-live-fixture/history/cycle2-final/candidate/private/work/backend-runtime/task03c2-live-fixture/offline-cycle2/descendant-b00449ed-b158-40c9-9e64-f38b0d42487e.pid
_goals/convex-backend-runtime-2026-10-02/qa/task03c2-live-fixture/history/cycle2-final/candidate/private/work/backend-runtime/task03c2-live-fixture/offline-cycle2/descendant-766be8e1-f3c1-4ef9-ae73-b0feb110350d.pid
_goals/convex-backend-runtime-2026-10-02/qa/task03c2-live-fixture/history/cycle2-final/candidate/private/work/backend-runtime/task03c2-live-fixture/offline-cycle2/intercept-child.mjs.text
_goals/convex-backend-runtime-2026-10-02/qa/task03c2-live-fixture/history/cycle2-final/candidate/private/work/backend-runtime/task03c2-live-fixture/verify-cycle2.py.text
_goals/convex-backend-runtime-2026-10-02/qa/task03c2-live-fixture/history/cycle2-final/candidate/private/work/backend-runtime/task03c2-live-fixture/eslint.config.mjs.text
_goals/convex-backend-runtime-2026-10-02/qa/task03c2-live-fixture/history/cycle2-final/candidate/private/work/backend-runtime/task03c2-live-fixture/bound-client-cycle2.mjs.text
_goals/convex-backend-runtime-2026-10-02/qa/task03c2-live-fixture/history/cycle2-final/preservation-manifest.json
_goals/convex-backend-runtime-2026-10-02/qa/task03b2d/tsconfig.scoped.json
_goals/convex-backend-runtime-2026-10-02/qa/task03c2-live-fixture/history/cycle1/independent/client-types.txt
_goals/convex-backend-runtime-2026-10-02/qa/task03c2-live-fixture/history/cycle1/independent/git-before.txt
_goals/convex-backend-runtime-2026-10-02/qa/task03c2-live-fixture/history/cycle1/independent/actual-client-prep.mjs.text
_goals/convex-backend-runtime-2026-10-02/qa/task03c2-live-fixture/history/cycle1/independent/commands.json
_goals/convex-backend-runtime-2026-10-02/qa/task03c2-live-fixture/history/cycle1/independent/manifest.original.json
_goals/convex-backend-runtime-2026-10-02/qa/task03c2-live-fixture/history/cycle1/independent/preservation.json
_goals/convex-backend-runtime-2026-10-02/qa/task03c2-live-fixture/history/cycle1/independent/after-candidate.json
_goals/convex-backend-runtime-2026-10-02/qa/task03c2-live-fixture/history/cycle1/independent/packed-offline.mjs.text
_goals/convex-backend-runtime-2026-10-02/qa/task03c2-live-fixture/history/cycle1/independent/judgment.md
_goals/convex-backend-runtime-2026-10-02/qa/task03c2-live-fixture/history/cycle1/independent/identity.json
_goals/convex-backend-runtime-2026-10-02/qa/task03c2-live-fixture/history/cycle1/independent/run.py.text
_goals/convex-backend-runtime-2026-10-02/qa/task03c2-live-fixture/history/cycle1/independent/backend-types.txt
_goals/convex-backend-runtime-2026-10-02/qa/task03c2-live-fixture/history/cycle1/independent/private-selector-lint.json
_goals/convex-backend-runtime-2026-10-02/qa/task03c2-live-fixture/history/cycle1/independent/case-discovery.json
_goals/convex-backend-runtime-2026-10-02/qa/task03c2-live-fixture/history/cycle1/independent/check.py.text
_goals/convex-backend-runtime-2026-10-02/qa/task03c2-live-fixture/history/cycle1/independent/packed-offline.json
_goals/convex-backend-runtime-2026-10-02/qa/task03c2-live-fixture/history/cycle1/independent/prepare-replay.py.text
_goals/convex-backend-runtime-2026-10-02/qa/task03c2-live-fixture/history/cycle1/independent/private-selector-lint-command.json
_goals/convex-backend-runtime-2026-10-02/qa/task03c2-live-fixture/history/cycle1/independent/git-after.txt
_goals/convex-backend-runtime-2026-10-02/qa/task03c2-live-fixture/history/cycle1/independent/operator-denial-predicate.json
_goals/convex-backend-runtime-2026-10-02/qa/task03c2-live-fixture/history/cycle1/independent/before-candidate.json
_goals/convex-backend-runtime-2026-10-02/qa/task03c2-live-fixture/history/cycle1/independent/scoped-house-lint.txt
_goals/convex-backend-runtime-2026-10-02/qa/task03c2-live-fixture/history/cycle1/independent/integrity.json
_goals/convex-backend-runtime-2026-10-02/qa/task03c2-live-fixture/history/cycle1/independent/client-prep-94cc01fd-b449-4d55-880d-57c20642a7dc.json
_goals/convex-backend-runtime-2026-10-02/qa/task03c2-live-fixture/history/cycle1/independent/client-prep-interception.json
_goals/convex-backend-runtime-2026-10-02/qa/task03c2-live-fixture/history/cycle2-final/candidate/public/history/cycle1/independent/check.py.text
_goals/convex-backend-runtime-2026-10-02/qa/task03c2-live-fixture/history/cycle2-final/candidate/public/history/cycle1/independent/packed-offline.json
_goals/convex-backend-runtime-2026-10-02/qa/task03c2-live-fixture/history/cycle2-final/candidate/public/history/cycle1/independent/prepare-replay.py.text
_goals/convex-backend-runtime-2026-10-02/qa/task03c2-live-fixture/history/cycle2-final/candidate/public/history/cycle1/independent/private-selector-lint-command.json
_goals/convex-backend-runtime-2026-10-02/qa/task03c2-live-fixture/history/cycle2-final/candidate/public/history/cycle1/independent/git-after.txt
_goals/convex-backend-runtime-2026-10-02/qa/task03c2-live-fixture/history/cycle2-final/candidate/public/history/cycle1/independent/operator-denial-predicate.json
_goals/convex-backend-runtime-2026-10-02/qa/task03c2-live-fixture/history/cycle2-final/candidate/public/history/cycle1/independent/before-candidate.json
_goals/convex-backend-runtime-2026-10-02/qa/task03c2-live-fixture/history/cycle2-final/candidate/public/history/cycle1/independent/scoped-house-lint.txt
_goals/convex-backend-runtime-2026-10-02/qa/task03c2-live-fixture/history/cycle2-final/candidate/public/history/cycle1/independent/integrity.json
_goals/convex-backend-runtime-2026-10-02/qa/task03c2-live-fixture/history/cycle2-final/candidate/public/history/cycle1/independent/client-prep-94cc01fd-b449-4d55-880d-57c20642a7dc.json
_goals/convex-backend-runtime-2026-10-02/qa/task03c2-live-fixture/history/cycle2-final/candidate/public/history/cycle1/independent/client-prep-interception.json
_goals/convex-backend-runtime-2026-10-02/qa/task03c2-live-fixture/history/cycle1/candidate/client-tsconfig.json
_goals/convex-backend-runtime-2026-10-02/qa/task03c2-live-fixture/history/cycle2-final/candidate/public/history/cycle1/candidate/client-tsconfig.json
_goals/convex-backend-runtime-2026-10-02/qa/task03c2-live-fixture/history/cycle1/candidate/fixture/package.json
_goals/convex-backend-runtime-2026-10-02/qa/task03c2-live-fixture/history/cycle2-final/candidate/public/history/cycle1/candidate/fixture/package.json
_goals/convex-backend-runtime-2026-10-02/qa/task03c2-live-fixture/history/cycle1/candidate/fixture/convex.json
_goals/convex-backend-runtime-2026-10-02/qa/task03c2-live-fixture/history/cycle2-final/candidate/public/history/cycle1/candidate/fixture/convex.json
_goals/convex-backend-runtime-2026-10-02/qa/task03c2-live-fixture/history/cycle1/candidate/fixture/convex/runtimeAuthSchema.ts.text
_goals/convex-backend-runtime-2026-10-02/qa/task03c2-live-fixture/history/cycle1/candidate/fixture/convex/tsconfig.json
_goals/convex-backend-runtime-2026-10-02/qa/task03c2-live-fixture/history/cycle1/candidate/fixture/convex/auth.config.ts.text
_goals/convex-backend-runtime-2026-10-02/qa/task03c2-live-fixture/history/cycle1/candidate/fixture/convex/runtimeMemorySchema.ts.text
_goals/convex-backend-runtime-2026-10-02/qa/task03c2-live-fixture/history/cycle1/candidate/fixture/convex/sessions.ts.text
_goals/convex-backend-runtime-2026-10-02/qa/task03c2-live-fixture/history/cycle1/candidate/fixture/convex/runtimeMetadataAuth.ts.text
_goals/convex-backend-runtime-2026-10-02/qa/task03c2-live-fixture/history/cycle1/candidate/fixture/convex/runtimeAuth.ts.text
_goals/convex-backend-runtime-2026-10-02/qa/task03c2-live-fixture/history/cycle1/candidate/fixture/convex/_generated/server.d.ts.text
_goals/convex-backend-runtime-2026-10-02/qa/task03c2-live-fixture/history/cycle1/candidate/fixture/convex/_generated/dataModel.d.ts.text
_goals/convex-backend-runtime-2026-10-02/qa/task03c2-live-fixture/history/cycle1/candidate/fixture/convex/_generated/server.js.text
_goals/convex-backend-runtime-2026-10-02/qa/task03c2-live-fixture/history/cycle1/candidate/fixture/convex/immutable.ts.text
_goals/convex-backend-runtime-2026-10-02/qa/task03c2-live-fixture/history/cycle1/candidate/fixture/convex/mutable.ts.text
_goals/convex-backend-runtime-2026-10-02/qa/task03c2-live-fixture/history/cycle2-final/candidate/public/history/cycle1/candidate/fixture/convex/runtimeAuthSchema.ts.text
_goals/convex-backend-runtime-2026-10-02/qa/task03c2-live-fixture/history/cycle1/candidate/fixture/convex/users.ts.text
_goals/convex-backend-runtime-2026-10-02/qa/task03c2-live-fixture/history/cycle2-final/candidate/public/history/cycle1/candidate/fixture/convex/tsconfig.json
_goals/convex-backend-runtime-2026-10-02/qa/task03c2-live-fixture/history/cycle1/candidate/fixture/convex/schema.ts.text
_goals/convex-backend-runtime-2026-10-02/qa/task03c2-live-fixture/history/cycle2-final/candidate/public/history/cycle1/candidate/fixture/convex/auth.config.ts.text
_goals/convex-backend-runtime-2026-10-02/qa/task03c2-live-fixture/history/cycle2-final/candidate/public/history/cycle1/candidate/fixture/convex/runtimeMemorySchema.ts.text
_goals/convex-backend-runtime-2026-10-02/qa/task03c2-live-fixture/history/cycle2-final/candidate/public/history/cycle1/candidate/fixture/convex/sessions.ts.text
_goals/convex-backend-runtime-2026-10-02/qa/task03c2-live-fixture/history/cycle2-final/candidate/public/history/cycle1/candidate/fixture/convex/runtimeMetadataAuth.ts.text
_goals/convex-backend-runtime-2026-10-02/qa/task03c2-live-fixture/history/cycle2-final/candidate/public/history/cycle1/candidate/fixture/convex/runtimeAuth.ts.text
_goals/convex-backend-runtime-2026-10-02/qa/task03c2-live-fixture/history/cycle1/candidate/fixture/src/auth/verified.ts.text
_goals/convex-backend-runtime-2026-10-02/qa/task03c2-live-fixture/history/cycle2-final/candidate/public/history/cycle1/candidate/fixture/convex/_generated/server.d.ts.text
_goals/convex-backend-runtime-2026-10-02/qa/task03c2-live-fixture/history/cycle2-final/candidate/public/history/cycle1/candidate/fixture/convex/_generated/dataModel.d.ts.text
_goals/convex-backend-runtime-2026-10-02/qa/task03c2-live-fixture/history/cycle2-final/candidate/public/history/cycle1/candidate/fixture/convex/_generated/server.js.text
_goals/convex-backend-runtime-2026-10-02/qa/task03c2-live-fixture/history/cycle1/candidate/archive-preservation.json
_goals/convex-backend-runtime-2026-10-02/qa/task03c2-live-fixture/history/cycle2-final/candidate/public/history/cycle1/candidate/fixture/convex/immutable.ts.text
_goals/convex-backend-runtime-2026-10-02/qa/task03c2-live-fixture/history/cycle1/candidate/sdk-provenance.json
_goals/convex-backend-runtime-2026-10-02/qa/task03c2-live-fixture/history/cycle2-final/candidate/public/history/cycle1/candidate/fixture/convex/mutable.ts.text
_goals/convex-backend-runtime-2026-10-02/qa/task03c2-live-fixture/history/cycle1/candidate/source-freeze.json
_goals/convex-backend-runtime-2026-10-02/qa/task03c2-live-fixture/history/cycle2-final/candidate/public/history/cycle1/candidate/fixture/convex/users.ts.text
_goals/convex-backend-runtime-2026-10-02/qa/task03c2-live-fixture/history/cycle2-final/candidate/public/history/cycle1/candidate/fixture/convex/schema.ts.text
_goals/convex-backend-runtime-2026-10-02/qa/task03c2-live-fixture/history/cycle2-final/candidate/public/history/cycle1/candidate/fixture/src/auth/verified.ts.text
_goals/convex-backend-runtime-2026-10-02/qa/task03b2d/compiler-compatibility/independent/equivalence.cjs.text
_goals/convex-backend-runtime-2026-10-02/qa/task03c2-live-fixture/history/cycle2-final/candidate/public/history/cycle1/candidate/archive-preservation.json
_goals/convex-backend-runtime-2026-10-02/qa/task03c2-live-fixture/history/cycle2-final/candidate/public/history/cycle1/candidate/sdk-provenance.json
_goals/convex-backend-runtime-2026-10-02/qa/task03c2-live-fixture/history/cycle2-final/candidate/public/history/cycle1/candidate/source-freeze.json
_goals/convex-backend-runtime-2026-10-02/qa/task03b2d/compiler-compatibility/independent/final-source-verification.json
_goals/convex-backend-runtime-2026-10-02/qa/task03c2-live-fixture/history/cycle1/candidate/scripts/deploy.mjs.text
_goals/convex-backend-runtime-2026-10-02/qa/task03c2-a/independent-cycle1/final-source-verification.json
_goals/convex-backend-runtime-2026-10-02/qa/task03c2-a/independent-cycle1/tsconfig.scoped.json
_goals/convex-backend-runtime-2026-10-02/qa/task03c2-a/independent-cycle1/executor-browser-correction.diff
_goals/convex-backend-runtime-2026-10-02/qa/task03c2-a/independent-cycle1/jest.scoped.cjs.text
_goals/convex-backend-runtime-2026-10-02/qa/task03c2-a/independent-cycle1/final-probes.py.text
_goals/convex-backend-runtime-2026-10-02/qa/task03c2-a/independent-cycle1/run-checks.py.text
_goals/convex-backend-runtime-2026-10-02/qa/task03c2-a/independent-cycle1/tests.json
_goals/convex-backend-runtime-2026-10-02/qa/task03c2-a/independent-cycle1/public-contracts-guarded.mjs.text
_goals/convex-backend-runtime-2026-10-02/qa/task03c2-a/independent-cycle1/browser-outcomes.json
_goals/convex-backend-runtime-2026-10-02/qa/task03c2-a/independent-cycle1/commands.json
_goals/convex-backend-runtime-2026-10-02/qa/task03c2-a/independent-cycle1/adversarial-browser-outcomes.json
_goals/convex-backend-runtime-2026-10-02/qa/task03c2-a/independent-cycle1/browser-input-verification.json
_goals/convex-backend-runtime-2026-10-02/qa/task03c2-a/independent-cycle1/executor-source-boundary.initial.cjs.text
_goals/convex-backend-runtime-2026-10-02/qa/task03c2-a/independent-cycle1/report.md
_goals/convex-backend-runtime-2026-10-02/qa/task03c2-a/independent-cycle1/reviewed-source.diff
_goals/convex-backend-runtime-2026-10-02/qa/task03c2-a/independent-cycle1/executor-commands.initial.json
_goals/convex-backend-runtime-2026-10-02/qa/task03c2-a/independent-cycle1/executor-commands.json
_goals/convex-backend-runtime-2026-10-02/qa/task03c2-a/independent-cycle1/source-verification.json
_goals/convex-backend-runtime-2026-10-02/qa/task03c2-a/independent-cycle1/public-contracts.mjs.text
_goals/convex-backend-runtime-2026-10-02/qa/task03c2-a/independent-cycle1/adversarial-browser-probe.mjs.text
_goals/convex-backend-runtime-2026-10-02/qa/task03c2-a/independent-cycle1/copy-provenance.json
_goals/convex-backend-runtime-2026-10-02/qa/task03c2-a/independent-cycle1/run-build-contracts.py.text
_goals/convex-backend-runtime-2026-10-02/qa/task03c2-a/independent-cycle1/executor-packed-browser-contract.initial.mjs.text
_goals/convex-backend-runtime-2026-10-02/qa/task03c2-a/independent-cycle1/adversarial-browser-metafile.json
_goals/convex-backend-runtime-2026-10-02/qa/task03c2-a/independent-cycle1/browser-metafile.json
_goals/convex-backend-runtime-2026-10-02/qa/task03c2-a/independent-cycle1/prepare.py.text
_goals/convex-backend-runtime-2026-10-02/qa/task03c2-a/independent-cycle1/method-verification.json
_goals/convex-backend-runtime-2026-10-02/qa/task03c2-a/independent-cycle1/evidence-manifest.original.json
_goals/convex-backend-runtime-2026-10-02/qa/task03c2-a/independent-cycle1/packed-browser-contract.mjs.text
_goals/convex-backend-runtime-2026-10-02/qa/task03c2-a/independent-cycle1/methods.cjs.text
_goals/convex-backend-runtime-2026-10-02/qa/task03c2-a/independent-cycle1/base-github-verification.json
_goals/convex-backend-runtime-2026-10-02/qa/task03c2-a/tsconfig.scoped.json
_goals/convex-backend-runtime-2026-10-02/qa/task03c2-a/tests.initial.json
_goals/convex-backend-runtime-2026-10-02/qa/task03c2-a/source-boundary.initial.cjs.text
_goals/convex-backend-runtime-2026-10-02/qa/task03c2-a/run-build.py
_goals/convex-backend-runtime-2026-10-02/qa/task03c2-a/tests.json
_goals/convex-backend-runtime-2026-10-02/qa/task03c2-a/source-freeze.json
_goals/convex-backend-runtime-2026-10-02/qa/task03c2-a/browser-outcomes.json
_goals/convex-backend-runtime-2026-10-02/qa/task03c2-a/source-boundary.initial.json
_goals/convex-backend-runtime-2026-10-02/qa/task03c2-a/commands.json
_goals/convex-backend-runtime-2026-10-02/qa/task03c2-a/contracts.md
_goals/convex-backend-runtime-2026-10-02/qa/task03c2-a/run-checks.py
_goals/convex-backend-runtime-2026-10-02/qa/task03c2-a/report.md
_goals/convex-backend-runtime-2026-10-02/qa/task03c2-a/packed-browser-contract.mjs
_goals/convex-backend-runtime-2026-10-02/qa/task03c2-a/commands.initial.json
_goals/convex-backend-runtime-2026-10-02/qa/task03c2-a/source-boundary.json
_goals/convex-backend-runtime-2026-10-02/qa/task03c2-a/before.json
_goals/convex-backend-runtime-2026-10-02/qa/task03c2-a/browser-metafile.json
_goals/convex-backend-runtime-2026-10-02/qa/task03c2-a/jest.scoped.cjs
_goals/convex-backend-runtime-2026-10-02/qa/task03c2-a/snapshot-provenance.json
_goals/convex-backend-runtime-2026-10-02/qa/task03c2-a/packed-browser-contract.initial.mjs.text
_goals/convex-backend-runtime-2026-10-02/qa/task03c2-a/source-boundary.cjs
_goals/convex-backend-runtime-2026-10-02/qa/task03c2-a/run-final-checks.py
_goals/convex-backend-runtime-2026-10-02/qa/task03c2-a-review-1.md
_goals/convex-backend-runtime-2026-10-02/qa/task03b2d/compiler-compatibility/source-freeze.json
_goals/convex-backend-runtime-2026-10-02/qa/task03b2d/compiler-compatibility/finalize.py
_goals/convex-backend-runtime-2026-10-02/qa/task03c2-live-fixture/history/cycle1/candidate/scripts/client.ts.text
_goals/convex-backend-runtime-2026-10-02/qa/task03b2d/compiler-compatibility/commands.json
_goals/convex-backend-runtime-2026-10-02/qa/task03b2d/compiler-compatibility/run-checks.py
_goals/convex-backend-runtime-2026-10-02/qa/task03c2-live-fixture/history/cycle1/candidate/scripts/cleanup.mjs.text
_goals/convex-backend-runtime-2026-10-02/qa/task03b2d/compiler-compatibility/report.md
_goals/convex-backend-runtime-2026-10-02/qa/task03c2-live-fixture/history/cycle1/candidate/scripts/operator.mjs.text
_goals/convex-backend-runtime-2026-10-02/qa/task03b2d/compiler-compatibility/preservation.json
_goals/convex-backend-runtime-2026-10-02/qa/task03c2-live-fixture/history/cycle1/candidate/scripts/guard-check.mjs.text
_goals/convex-backend-runtime-2026-10-02/qa/task03b2d/compiler-compatibility/change.patch
_goals/convex-backend-runtime-2026-10-02/qa/task03c2-live-fixture/history/cycle1/candidate/scripts/reactive-transport.mjs.text
_goals/convex-backend-runtime-2026-10-02/qa/task03b2d/compiler-compatibility/before.json
_goals/convex-backend-runtime-2026-10-02/qa/task03c2-live-fixture/history/cycle1/candidate/scripts/client-prep.ts.text
_goals/convex-backend-runtime-2026-10-02/qa/task03c2-live-fixture/history/cycle1/candidate/scripts/guard.mjs.text
_goals/convex-backend-runtime-2026-10-02/qa/task03c2-live-fixture/history/cycle1/candidate/scripts/create.mjs.text
_goals/convex-backend-runtime-2026-10-02/qa/task03c2-live-fixture/history/cycle1/candidate/scripts/qualify.mjs.text
_goals/convex-backend-runtime-2026-10-02/qa/task03c2-live-fixture/history/cycle1/candidate/scripts/reactive-transport.d.mts.text
_goals/convex-backend-runtime-2026-10-02/qa/task03c2-live-fixture/history/cycle1/candidate/scripts/entrypoint-check.mjs.text
_goals/convex-backend-runtime-2026-10-02/qa/task03c2-live-fixture/history/cycle1/candidate/scripts/key-check.mjs.text
_goals/convex-backend-runtime-2026-10-02/qa/task03c2-live-fixture/history/cycle1/candidate/scripts/guard.d.mts.text
_goals/convex-backend-runtime-2026-10-02/qa/task03c2-live-fixture/history/cycle1/candidate/scripts/operator.d.mts.text
_goals/convex-backend-runtime-2026-10-02/qa/task03c2-live-fixture/history/cycle1/candidate/report.md
_goals/convex-backend-runtime-2026-10-02/qa/task03b2d/compiler-compatibility/independent/receipt-manifest.json
_goals/convex-backend-runtime-2026-10-02/qa/task03b2d/compiler-compatibility/independent/tests.command.json
_goals/convex-backend-runtime-2026-10-02/qa/task03b2d/compiler-compatibility/independent/tests.json
_goals/convex-backend-runtime-2026-10-02/qa/task03b2d/compiler-compatibility/independent/diff-check.command.json
_goals/convex-backend-runtime-2026-10-02/qa/task03b2d/compiler-compatibility/independent/commands.json
_goals/convex-backend-runtime-2026-10-02/qa/task03c2-live-fixture/history/cycle2-final/candidate/public/history/cycle1/candidate/scripts/deploy.mjs.text
_goals/convex-backend-runtime-2026-10-02/qa/task03c2-live-fixture/history/cycle2-final/candidate/public/history/cycle1/candidate/scripts/client.ts.text
_goals/convex-backend-runtime-2026-10-02/qa/task03c2-live-fixture/history/cycle2-final/candidate/public/history/cycle1/candidate/scripts/cleanup.mjs.text
_goals/convex-backend-runtime-2026-10-02/qa/task03c2-live-fixture/history/cycle2-final/candidate/public/history/cycle1/candidate/scripts/operator.mjs.text
_goals/convex-backend-runtime-2026-10-02/qa/task03c2-live-fixture/history/cycle2-final/candidate/public/history/cycle1/candidate/scripts/guard-check.mjs.text
_goals/convex-backend-runtime-2026-10-02/qa/task03c2-live-fixture/history/cycle2-final/candidate/public/history/cycle1/candidate/scripts/reactive-transport.mjs.text
_goals/convex-backend-runtime-2026-10-02/qa/task03c2-live-fixture/history/cycle2-final/candidate/public/history/cycle1/candidate/scripts/client-prep.ts.text
_goals/convex-backend-runtime-2026-10-02/qa/task03c2-live-fixture/history/cycle2-final/candidate/public/history/cycle1/candidate/scripts/guard.mjs.text
_goals/convex-backend-runtime-2026-10-02/qa/task03c2-live-fixture/history/cycle2-final/candidate/public/history/cycle1/candidate/scripts/create.mjs.text
_goals/convex-backend-runtime-2026-10-02/qa/task03c2-live-fixture/history/cycle2-final/candidate/public/history/cycle1/candidate/scripts/qualify.mjs.text
_goals/convex-backend-runtime-2026-10-02/qa/task03c2-live-fixture/history/cycle2-final/candidate/public/history/cycle1/candidate/scripts/reactive-transport.d.mts.text
_goals/convex-backend-runtime-2026-10-02/qa/task03c2-live-fixture/history/cycle2-final/candidate/public/history/cycle1/candidate/scripts/entrypoint-check.mjs.text
_goals/convex-backend-runtime-2026-10-02/qa/task03c2-live-fixture/history/cycle2-final/candidate/public/history/cycle1/candidate/scripts/key-check.mjs.text
_goals/convex-backend-runtime-2026-10-02/qa/task03c2-live-fixture/history/cycle2-final/candidate/public/history/cycle1/candidate/scripts/guard.d.mts.text
_goals/convex-backend-runtime-2026-10-02/qa/task03c2-live-fixture/history/cycle2-final/candidate/public/history/cycle1/candidate/scripts/operator.d.mts.text
_goals/convex-backend-runtime-2026-10-02/qa/task03c2-live-fixture/history/cycle2-final/candidate/public/history/cycle1/candidate/report.md
_goals/convex-backend-runtime-2026-10-02/qa/task03b2d/compiler-compatibility/independent/catalog/public-path-inventory.json
_goals/convex-backend-runtime-2026-10-02/qa/task03b2d/compiler-compatibility/independent/catalog/public-path-inventory.md
_goals/convex-backend-runtime-2026-10-02/qa/task03b2d/compiler-compatibility/independent/before-verification.json
_goals/convex-backend-runtime-2026-10-02/qa/task03b2d/compiler-compatibility/independent/provenance.json
_goals/convex-backend-runtime-2026-10-02/qa/task03b2d/compiler-compatibility/independent/equivalence.command.json
_goals/convex-backend-runtime-2026-10-02/qa/task03b2d/compiler-compatibility/independent/original-ci-backend-excerpt.txt
_goals/convex-backend-runtime-2026-10-02/qa/task03b2d/compiler-compatibility/independent/equivalence.json
_goals/convex-backend-runtime-2026-10-02/qa/task03b2d/compiler-compatibility/independent/outcomes.json
_goals/convex-backend-runtime-2026-10-02/qa/task03b2d/compiler-compatibility/independent/backend-types.command.json
_goals/convex-backend-runtime-2026-10-02/qa/task03b2d/compiler-compatibility/independent/review-checks.py
_goals/convex-backend-runtime-2026-10-02/qa/task03b2d/compiler-compatibility/independent/after-verification.json
_goals/convex-backend-runtime-2026-10-02/qa/task03b2d/compiler-compatibility/independent/judgment.md
_goals/convex-backend-runtime-2026-10-02/qa/task03b2d/compiler-compatibility/independent/copy-provenance.json
_goals/convex-backend-runtime-2026-10-02/qa/task03b2d/compiler-compatibility/independent/scoped-types.command.json
_goals/convex-backend-runtime-2026-10-02/qa/task03b2d/compiler-compatibility/independent/discovery.command.json
_goals/convex-backend-runtime-2026-10-02/qa/task03b2d/compiler-compatibility/independent/lint.command.json
_goals/convex-backend-runtime-2026-10-02/qa/task03b2d/compiler-compatibility/independent/catalog.command.json
_goals/convex-backend-runtime-2026-10-02/qa/task03b2d/compiler-compatibility/independent/original-judgments-preservation.json
_goals/convex-backend-runtime-2026-10-02/qa/task03b2d/independent/tests.json
_goals/convex-backend-runtime-2026-10-02/qa/task03b2d/independent/commands.json
_goals/convex-backend-runtime-2026-10-02/qa/task03b2d/independent/provenance.json
_goals/convex-backend-runtime-2026-10-02/qa/task03b2d/independent/hashes.json
_goals/convex-backend-runtime-2026-10-02/qa/task03b2d/independent/original-28-probes.json
_goals/convex-backend-runtime-2026-10-02/qa/task03b2d/independent/extended.json
_goals/convex-backend-runtime-2026-10-02/qa/task03b2d/independent/final-verification.json
_goals/convex-backend-runtime-2026-10-02/qa/task03b2d/source-freeze.json
_goals/convex-backend-runtime-2026-10-02/qa/task03b2d/contracts.md
_goals/convex-backend-runtime-2026-10-02/qa/task03b2d/catalog/public-path-inventory.json
_goals/convex-backend-runtime-2026-10-02/qa/task03b2d/catalog/public-path-inventory.md
_goals/convex-backend-runtime-2026-10-02/qa/task03b2d/path-closure.json
_goals/convex-backend-runtime-2026-10-02/qa/task03b2d/report.md
_goals/convex-backend-runtime-2026-10-02/qa/task03b2d/integration-staging.json
_goals/convex-backend-runtime-2026-10-02/qa/task03b2d/dependency-provenance.json
_goals/convex-backend-runtime-2026-10-02/qa/task03c2-live-fixture/history/cycle2-final/candidate/public/history/cycle1/candidate/evidence/initial-failures.json
_goals/convex-backend-runtime-2026-10-02/qa/task03c2-live-fixture/history/cycle2-final/candidate/public/history/cycle1/candidate/evidence/entrypoints-review-candidate.txt
_goals/convex-backend-runtime-2026-10-02/qa/task03c2-live-fixture/history/cycle2-final/candidate/public/history/cycle1/candidate/evidence/guards-50daf6ce-f3dc-4040-bdff-699fb7b61e7b.json
_goals/convex-backend-runtime-2026-10-02/qa/task03c2-live-fixture/history/cycle2-final/candidate/public/history/cycle1/candidate/evidence/client-prep-f4d1c1de-133e-487f-a35e-1e876753309b.json
_goals/convex-backend-runtime-2026-10-02/qa/task03c2-live-fixture/history/cycle2-final/candidate/public/history/cycle1/candidate/evidence/guards-review-candidate.txt
_goals/convex-backend-runtime-2026-10-02/qa/task03c2-live-fixture/history/cycle2-final/candidate/public/history/cycle1/candidate/evidence/client-prep-cf3dfc1a-4728-4c48-916c-8c414a1b0f0a.json
_goals/convex-backend-runtime-2026-10-02/qa/task03c2-live-fixture/history/cycle2-final/candidate/public/history/cycle1/candidate/evidence/commands.json
_goals/convex-backend-runtime-2026-10-02/qa/task03c2-live-fixture/history/cycle2-final/candidate/public/history/cycle1/candidate/evidence/scoped-lint-final.txt
_goals/convex-backend-runtime-2026-10-02/qa/task03c2-live-fixture/history/cycle2-final/candidate/public/history/cycle1/candidate/evidence/key-match-review-candidate.txt
_goals/convex-backend-runtime-2026-10-02/qa/task03c2-live-fixture/history/cycle2-final/candidate/public/history/cycle1/candidate/evidence/commands-review-candidate.json
_goals/convex-backend-runtime-2026-10-02/qa/task03c2-live-fixture/history/cycle2-final/candidate/public/history/cycle1/candidate/evidence/backend-types-final.txt
_goals/convex-backend-runtime-2026-10-02/qa/task03c2-live-fixture/history/cycle2-final/candidate/public/history/cycle1/candidate/evidence/guards-4f8ccb77-3169-459b-9645-f21b534f02a8.json
_goals/convex-backend-runtime-2026-10-02/qa/task03c2-live-fixture/history/cycle2-final/candidate/public/history/cycle1/candidate/evidence/backend-types-review-candidate.txt
_goals/convex-backend-runtime-2026-10-02/qa/task03c2-live-fixture/history/cycle2-final/candidate/public/history/cycle1/candidate/evidence/entrypoints-b00b0c2d-e90d-4065-9f84-a3917f8ea44c.json
_goals/convex-backend-runtime-2026-10-02/qa/task03c2-live-fixture/history/cycle2-final/candidate/public/history/cycle1/candidate/evidence/key-match-b309855e-8a15-49b4-ab07-99d1e6c894d8.json
_goals/convex-backend-runtime-2026-10-02/qa/task03c2-live-fixture/history/cycle2-final/candidate/public/history/cycle1/candidate/evidence/client-prep-final.txt
_goals/convex-backend-runtime-2026-10-02/qa/task03c2-live-fixture/history/cycle2-final/candidate/public/history/cycle1/candidate/evidence/client-prep-64375a53-3a19-4837-a4a2-6bfe3411cc86.json
_goals/convex-backend-runtime-2026-10-02/qa/task03c2-live-fixture/history/cycle2-final/candidate/public/history/cycle1/candidate/evidence/hygiene-review-candidate.json
_goals/convex-backend-runtime-2026-10-02/qa/task03c2-live-fixture/history/cycle2-final/candidate/public/history/cycle1/candidate/evidence/provenance-final.json
_goals/convex-backend-runtime-2026-10-02/qa/task03c2-live-fixture/history/cycle2-final/candidate/public/history/cycle1/candidate/evidence/client-prep-review-candidate.txt
_goals/convex-backend-runtime-2026-10-02/qa/task03c2-live-fixture/history/cycle2-final/candidate/public/history/cycle1/candidate/evidence/node-review-candidate.txt
_goals/convex-backend-runtime-2026-10-02/qa/task03c2-live-fixture/history/cycle2-final/candidate/public/history/cycle1/candidate/evidence/client-types-review-candidate.txt
_goals/convex-backend-runtime-2026-10-02/qa/task03c2-live-fixture/history/cycle2-final/candidate/public/history/cycle1/candidate/evidence/guards-ee4ef58d-b7eb-4ccf-873b-738d80a4727b.json
_goals/convex-backend-runtime-2026-10-02/qa/task03c2-live-fixture/history/cycle2-final/candidate/public/history/cycle1/candidate/evidence/client-types-final.txt
_goals/convex-backend-runtime-2026-10-02/qa/task03c2-live-fixture/history/cycle2-final/candidate/public/history/cycle1/candidate/evidence/guards-final.txt
_goals/convex-backend-runtime-2026-10-02/qa/task03c2-live-fixture/history/cycle2-final/candidate/public/history/cycle1/candidate/evidence/entrypoints-4683ff0a-7a19-42e4-a1bb-248605af5a50.json
_goals/convex-backend-runtime-2026-10-02/qa/task03c2-live-fixture/history/cycle2-final/candidate/public/history/cycle1/candidate/evidence/scoped-lint-review-candidate.txt
_goals/convex-backend-runtime-2026-10-02/qa/task03c2-live-fixture/history/cycle2-final/candidate/public/history/cycle1/candidate/evidence/npm12-review-candidate.txt
_goals/convex-backend-runtime-2026-10-02/qa/task03c2-live-fixture/history/cycle2-final/candidate/public/history/cycle1/candidate/project-request.json
_goals/convex-backend-runtime-2026-10-02/qa/task03c2-live-fixture/history/cycle2-final/candidate/public/history/cycle1/candidate/source-provenance.json
_goals/convex-backend-runtime-2026-10-02/qa/task03c2-live-fixture/history/cycle2-final/candidate/public/history/cycle1/candidate/service-outcomes.json
_goals/convex-backend-runtime-2026-10-02/qa/task03c2-live-fixture/history/cycle2-final/candidate/public/history/cycle1/candidate/README.md
_goals/convex-backend-runtime-2026-10-02/qa/task03c2-live-fixture/history/cycle2-final/candidate/public/history/cycle1/preservation-manifest.json
_goals/convex-backend-runtime-2026-10-02/qa/task03b2d/main-integration/commands.json
_goals/convex-backend-runtime-2026-10-02/qa/task03b2d/checks/tests-initial.json
_goals/convex-backend-runtime-2026-10-02/qa/task03b2d/checks/commands.json
_goals/convex-backend-runtime-2026-10-02/qa/task03b2d/checks/run-checks.py
_goals/convex-backend-runtime-2026-10-02/qa/task03b2d/checks/tests-final.json
_goals/convex-backend-runtime-2026-10-02/qa/task03b2d/main-integration/adjustment/tests.json
_goals/convex-backend-runtime-2026-10-02/qa/task03b2d/main-integration/adjustment/commands.json
_goals/convex-backend-runtime-2026-10-02/qa/task03b2d/main-integration/adjustment/run-checks.py
_goals/convex-backend-runtime-2026-10-02/qa/task03b2d/main-integration/adjustment/report.md
_goals/convex-backend-runtime-2026-10-02/qa/task03b2d/main-integration/adjustment/before.json
_goals/convex-backend-runtime-2026-10-02/qa/task03b2d/main-integration/adjustment/test-adjustment-freeze.json
_goals/convex-backend-runtime-2026-10-02/qa/task03b2d/compiler-compatibility/tests.json
_goals/convex-backend-runtime-2026-10-02/qa/task03c2-live-fixture/history/cycle1/candidate/evidence/node-review-candidate.txt
_goals/convex-backend-runtime-2026-10-02/qa/task03c2-live-fixture/history/cycle1/candidate/evidence/client-types-review-candidate.txt
_goals/convex-backend-runtime-2026-10-02/qa/task03c2-live-fixture/history/cycle1/candidate/evidence/guards-ee4ef58d-b7eb-4ccf-873b-738d80a4727b.json
_goals/convex-backend-runtime-2026-10-02/qa/task03c2-live-fixture/history/cycle1/candidate/evidence/client-types-final.txt
_goals/convex-backend-runtime-2026-10-02/qa/task03c2-live-fixture/history/cycle1/candidate/evidence/guards-final.txt
_goals/convex-backend-runtime-2026-10-02/qa/task03c2-live-fixture/history/cycle1/candidate/evidence/entrypoints-4683ff0a-7a19-42e4-a1bb-248605af5a50.json
_goals/convex-backend-runtime-2026-10-02/qa/task03c2-live-fixture/history/cycle1/candidate/evidence/scoped-lint-review-candidate.txt
_goals/convex-backend-runtime-2026-10-02/qa/task03c2-live-fixture/history/cycle1/candidate/evidence/npm12-review-candidate.txt
_goals/convex-backend-runtime-2026-10-02/qa/task03c2-live-fixture/history/cycle1/candidate/project-request.json
_goals/convex-backend-runtime-2026-10-02/qa/task03c2-live-fixture/history/cycle1/candidate/source-provenance.json
_goals/convex-backend-runtime-2026-10-02/qa/task03c2-live-fixture/history/cycle1/candidate/file-inventory.json
_goals/convex-backend-runtime-2026-10-02/qa/task03c2-live-fixture/history/cycle1/candidate/service-outcomes.json
_goals/convex-backend-runtime-2026-10-02/qa/task03c2-live-fixture/history/cycle1/candidate/README.md
_goals/convex-backend-runtime-2026-10-02/qa/task03c2-live-fixture/history/cycle1/candidate/private-file-inventory.json
_goals/convex-backend-runtime-2026-10-02/qa/task03c2-live-fixture/history/cycle1/preservation-manifest.json
_goals/convex-backend-runtime-2026-10-02/qa/task03c2-live-fixture/README.md
_goals/convex-backend-runtime-2026-10-02/qa/task03c2-live-fixture/private-file-inventory.json
_goals/convex-backend-runtime-2026-10-02/qa/task03c2-live-fixture/history/cycle1/candidate/evidence/guards-4f8ccb77-3169-459b-9645-f21b534f02a8.json
_goals/convex-backend-runtime-2026-10-02/qa/task03c2-live-fixture/history/cycle1/candidate/evidence/backend-types-review-candidate.txt
_goals/convex-backend-runtime-2026-10-02/qa/task03c2-live-fixture/history/cycle1/candidate/evidence/entrypoints-b00b0c2d-e90d-4065-9f84-a3917f8ea44c.json
_goals/convex-backend-runtime-2026-10-02/qa/task03c2-live-fixture/history/cycle1/candidate/evidence/key-match-b309855e-8a15-49b4-ab07-99d1e6c894d8.json
_goals/convex-backend-runtime-2026-10-02/qa/task03c2-live-fixture/history/cycle1/candidate/evidence/client-prep-final.txt
_goals/convex-backend-runtime-2026-10-02/qa/task03c2-live-fixture/history/cycle1/candidate/evidence/client-prep-64375a53-3a19-4837-a4a2-6bfe3411cc86.json
_goals/convex-backend-runtime-2026-10-02/qa/task03c2-live-fixture/history/cycle1/candidate/evidence/hygiene-review-candidate.json
_goals/convex-backend-runtime-2026-10-02/qa/task03c2-live-fixture/history/cycle1/candidate/evidence/provenance-final.json
_goals/convex-backend-runtime-2026-10-02/qa/task03c2-live-fixture/history/cycle1/candidate/evidence/client-prep-review-candidate.txt
_goals/convex-backend-runtime-2026-10-02/qa/task03c2-live-fixture/history/cycle1/candidate/evidence/commands.json
_goals/convex-backend-runtime-2026-10-02/qa/task03c2-live-fixture/history/cycle1/candidate/evidence/scoped-lint-final.txt
_goals/convex-backend-runtime-2026-10-02/qa/task03c2-live-fixture/history/cycle1/candidate/evidence/key-match-review-candidate.txt
_goals/convex-backend-runtime-2026-10-02/qa/task03c2-live-fixture/history/cycle1/candidate/evidence/commands-review-candidate.json
_goals/convex-backend-runtime-2026-10-02/qa/task03c2-live-fixture/history/cycle1/candidate/evidence/backend-types-final.txt
_goals/convex-backend-runtime-2026-10-02/qa/task03c2-live-fixture/history/cycle1/candidate/evidence/client-prep-f4d1c1de-133e-487f-a35e-1e876753309b.json
_goals/convex-backend-runtime-2026-10-02/qa/task03c2-live-fixture/history/cycle1/candidate/evidence/guards-review-candidate.txt
_goals/convex-backend-runtime-2026-10-02/qa/task03c2-live-fixture/history/cycle1/candidate/evidence/client-prep-cf3dfc1a-4728-4c48-916c-8c414a1b0f0a.json
_goals/convex-backend-runtime-2026-10-02/qa/task03c2-live-fixture/history/cycle1/candidate/evidence/entrypoints-review-candidate.txt
_goals/convex-backend-runtime-2026-10-02/qa/task03c2-live-fixture/history/cycle1/candidate/evidence/guards-50daf6ce-f3dc-4040-bdff-699fb7b61e7b.json
_goals/convex-backend-runtime-2026-10-02/qa/task03c2-live-fixture/history/cycle1/candidate/evidence/initial-failures.json
_goals/convex-backend-runtime-2026-10-02/qa/ci-followups/lint-followup.json
_goals/convex-backend-runtime-2026-10-02/qa/ci-followups/initial-security-checks.json
_goals/convex-backend-runtime-2026-10-02/qa/ci-followups/sdk-metadata-checks-latest.json
_goals/convex-backend-runtime-2026-10-02/qa/ci-followups/post-archive-rename-checks.json
_goals/convex-backend-runtime-2026-10-02/qa/ci-followups/worker-closure-checks.json
_goals/convex-backend-runtime-2026-10-02/qa/ci-followups/archive-source-rename.json
_goals/convex-backend-runtime-2026-10-02/qa/ci-followups/runner-semantic-equivalence.json
_goals/convex-backend-runtime-2026-10-02/qa/ci-followups/sdk-metadata-live-ci-failure-summary.json
_goals/convex-backend-runtime-2026-10-02/qa/ci-followups/sdk-metadata-checks.json
_goals/convex-backend-runtime-2026-10-02/qa/ci-followups/metadata-closure-diagnostics.json
_goals/convex-backend-runtime-2026-10-02/qa/ci-followups/sdk-metadata-ci-lint-diagnostics.json
_goals/convex-backend-runtime-2026-10-02/qa/ci-followups/sdk-metadata-root-lint-source-context.json
_goals/convex-backend-runtime-2026-10-02/qa/ci-followups/post-security-commit-annotations.json
_goals/convex-backend-runtime-2026-10-02/qa/ci-followups/reviewed-foundations-checks.json
_goals/convex-backend-runtime-2026-10-02/qa/ci-followups/sdk-metadata-root-lint-rerun.json
_goals/convex-backend-runtime-2026-10-02/qa/ci-followups/sdk-metadata-root-lint.json
_goals/convex-backend-runtime-2026-10-02/qa/ci-followups/compiler-followup-failures.json
_goals/convex-backend-runtime-2026-10-02/qa/ci-followups/worker-closure-failures.json
_goals/convex-backend-runtime-2026-10-02/qa/ci-followups/compiler-followup-checks.json
_goals/convex-backend-runtime-2026-10-02/qa/ci-followups/metadata-closure-checks.json
_goals/convex-backend-runtime-2026-10-02/qa/ci-followups/sdk-metadata-checks-2026-10-03T1235Z.json
_goals/convex-backend-runtime-2026-10-02/qa/ci-followups/commit-formatting.json
_goals/convex-backend-runtime-2026-10-02/qa/task03b2d/main-integration/independent-test-review/lint.command.json
_goals/convex-backend-runtime-2026-10-02/qa/task03b2d/main-integration/independent-test-review/contract-probes.command.json
_goals/convex-backend-runtime-2026-10-02/qa/task03b2d/main-integration/independent-test-review/catalog.command.json
_goals/convex-backend-runtime-2026-10-02/qa/task03b2d/main-integration/independent-test-review/contract-probes.json
_goals/convex-backend-runtime-2026-10-02/qa/task03b2d/inventory.mjs
_goals/convex-backend-runtime-2026-10-02/qa/task03b2d/jest.scoped.cjs
_goals/convex-backend-runtime-2026-10-02/qa/task03a/contracts.md
_goals/convex-backend-runtime-2026-10-02/qa/task03a/report.md
_goals/convex-backend-runtime-2026-10-02/qa/task03a/fix-history.md
_goals/convex-backend-runtime-2026-10-02/qa/task03a/public-path-inventory.json
_goals/convex-backend-runtime-2026-10-02/qa/task03a/task03b-handoff.md
_goals/convex-backend-runtime-2026-10-02/qa/task03a/cycle3-checks.mjs
_goals/convex-backend-runtime-2026-10-02/qa/task03a/commit-formatting.json
_goals/convex-backend-runtime-2026-10-02/qa/task03a/public-path-inventory.md
_goals/convex-backend-runtime-2026-10-02/qa/task03a/inventory.mjs
_goals/convex-backend-runtime-2026-10-02/qa/ci-followups/qa-only-ci-20261003/6e989592-jobs.command.json
_goals/convex-backend-runtime-2026-10-02/qa/task03a/reproduction/cycle2-checks.mjs
_goals/convex-backend-runtime-2026-10-02/qa/task03a/reproduction/tsconfig.root.json
_goals/convex-backend-runtime-2026-10-02/qa/ci-followups/qa-only-ci-20261003/summary.json
_goals/convex-backend-runtime-2026-10-02/qa/task03a/reproduction/checks.mjs
_goals/convex-backend-runtime-2026-10-02/qa/ci-followups/qa-only-ci-20261003/a1dcb487-run.command.json
_goals/convex-backend-runtime-2026-10-02/qa/task03a/reproduction/inventory.mjs
_goals/convex-backend-runtime-2026-10-02/qa/ci-followups/qa-only-ci-20261003/a1dcb487-jobs.command.json
_goals/convex-backend-runtime-2026-10-02/qa/task03a/reproduction/tsconfig.backend.json
_goals/convex-backend-runtime-2026-10-02/qa/task03a/history/cycle2/public-path-inventory.json
_goals/convex-backend-runtime-2026-10-02/qa/task03b2d/main-integration/independent-test-review/cleanup-probes.cjs.text
_goals/convex-backend-runtime-2026-10-02/qa/task03b2d/main-integration/independent-test-review/tests.command.json
_goals/convex-backend-runtime-2026-10-02/qa/task03b2d/main-integration/independent-test-review/contract-probes-harness-note.txt
_goals/convex-backend-runtime-2026-10-02/qa/task03b2d/main-integration/independent-test-review/tests.json
_goals/convex-backend-runtime-2026-10-02/qa/task03b2d/main-integration/independent-test-review/run.py
_goals/convex-backend-runtime-2026-10-02/qa/task03b2d/main-integration/independent-test-review/diff-check.command.json
_goals/convex-backend-runtime-2026-10-02/qa/task03b2d/main-integration/independent-test-review/commands.json
_goals/convex-backend-runtime-2026-10-02/qa/task03a/history/cycle2/public-path-inventory.md
_goals/convex-backend-runtime-2026-10-02/qa/task03b2d/main-integration/independent-test-review/catalog/public-path-inventory.json
_goals/convex-backend-runtime-2026-10-02/qa/task03b2d/main-integration/independent-test-review/catalog/public-path-inventory.md
_goals/convex-backend-runtime-2026-10-02/qa/task03b2d/main-integration/independent-test-review/before-verification.json
_goals/convex-backend-runtime-2026-10-02/qa/task03b2d/main-integration/independent-test-review/provenance.json
_goals/convex-backend-runtime-2026-10-02/qa/task03b2d/main-integration/independent-test-review/contract-probes.initial.command.json
_goals/convex-backend-runtime-2026-10-02/qa/task03b2d/main-integration/independent-test-review/cleanup-probes.json
_goals/convex-backend-runtime-2026-10-02/qa/task03b2d/main-integration/independent-test-review/after-verification.json
_goals/convex-backend-runtime-2026-10-02/qa/task03b2d/main-integration/independent-test-review/judgment.md
_goals/convex-backend-runtime-2026-10-02/qa/task03b2d/main-integration/independent-test-review/discovery.command.json
_goals/convex-backend-runtime-2026-10-02/qa/task03b2d/main-integration/independent-test-review/contract-probes.cjs.text
_goals/convex-backend-runtime-2026-10-02/qa/task03b2d/main-integration/independent-test-review/cleanup-probes.command.json
_goals/convex-backend-runtime-2026-10-02/qa/task03b2d/main-integration/independent-test-review/types.command.json
_goals/convex-backend-runtime-2026-10-02/qa/task03a/tsconfig.authority-root.json
_goals/convex-backend-runtime-2026-10-02/qa/task03a/tsconfig.authority-backend.json
_goals/convex-backend-runtime-2026-10-02/qa/task03a/cycle3-grant-generation-checks.mjs
_goals/convex-backend-runtime-2026-10-02/qa/task03a/tsconfig.policy-tests.json
_goals/convex-backend-runtime-2026-10-02/qa/task03b2d/history/open-review-1/qa/tsconfig.scoped.json
_goals/convex-backend-runtime-2026-10-02/qa/task03b2d/history/open-review-1/qa/source-freeze.json
_goals/convex-backend-runtime-2026-10-02/qa/task03b2d/history/open-review-1/qa/contracts.md
_goals/convex-backend-runtime-2026-10-02/qa/ci-followups/history/metadata-cycle3-pre-lint/artifact-hashes.json
_goals/convex-backend-runtime-2026-10-02/qa/ci-followups/history/metadata-cycle3-pre-lint/provenance.json
_goals/convex-backend-runtime-2026-10-02/qa/ci-followups/history/metadata-cycle3-pre-lint/verify.mjs.text
_goals/convex-backend-runtime-2026-10-02/qa/ci-followups/history/metadata-cycle3-pre-lint/freeze.json
_goals/convex-backend-runtime-2026-10-02/qa/task03b2d/history/open-review-1/qa/jest.scoped.cjs
_goals/convex-backend-runtime-2026-10-02/qa/task03b2d/history/open-review-1/qa/catalog/public-path-inventory.json
_goals/convex-backend-runtime-2026-10-02/qa/task03b2d/history/open-review-1/qa/catalog/public-path-inventory.md
_goals/convex-backend-runtime-2026-10-02/qa/task03b2d/history/open-review-1/qa/path-closure.json
_goals/convex-backend-runtime-2026-10-02/qa/task03b2d/history/open-review-1/qa/report.md
_goals/convex-backend-runtime-2026-10-02/qa/task03b2d/history/open-review-1/qa/dependency-provenance.json
_goals/convex-backend-runtime-2026-10-02/qa/task03b2d/history/open-review-1/qa/inventory.mjs
_goals/convex-backend-runtime-2026-10-02/qa/task03a/history/cycle3-pre-grant-invariant/public-path-inventory.json
_goals/convex-backend-runtime-2026-10-02/qa/task03a/history/cycle3-pre-grant-invariant/public-path-inventory.md
_goals/convex-backend-runtime-2026-10-02/qa/task03a/history/cycle3-pre-grant-invariant/runtimeAuth.source.txt
_goals/convex-backend-runtime-2026-10-02/qa/task03a/history/cycle3-pre-grant-invariant/historical-qualification.json
_goals/convex-backend-runtime-2026-10-02/qa/task03b2d/history/open-review-1/preservation.json
_goals/convex-backend-runtime-2026-10-02/qa/task03b2d/history/open-review-1/qa/checks/tests-initial.json
_goals/convex-backend-runtime-2026-10-02/qa/task03b2d/history/open-review-1/qa/checks/commands.json
_goals/convex-backend-runtime-2026-10-02/qa/task03b2d/history/open-review-1/qa/checks/run-checks.py
_goals/convex-backend-runtime-2026-10-02/qa/task03b2d/history/open-review-1/qa/checks/tests-final.json
_goals/convex-backend-runtime-2026-10-02/qa/task03a/checks/commands.json
_goals/convex-backend-runtime-2026-10-02/qa/task03a/checks/cycle2-inventory-policy-fix/commands.json
_goals/convex-backend-runtime-2026-10-02/qa/task03a/checks/cycle2-inventory-policy-fix/preserved-boundaries.json
_goals/convex-backend-runtime-2026-10-02/qa/task03a/checks/cycle3-grant-generation-fix/historical-qualification.json
_goals/convex-backend-runtime-2026-10-02/qa/task03b2d/history/open-review-1/source/convex-dev/graphSync.ts.text
_goals/convex-backend-runtime-2026-10-02/qa/task03a/checks/cycle3-grant-generation-fix/commands.json
_goals/convex-backend-runtime-2026-10-02/qa/task03b2d/history/open-review-1/source/convex-dev/runtimeWorkerAuth.ts.text
_goals/convex-backend-runtime-2026-10-02/qa/task03b2d/history/open-review-1/source/convex-dev/governance.ts.text
_goals/convex-backend-runtime-2026-10-02/qa/task03b2d/history/open-review-1/source/convex-dev/admin.ts.text
_goals/convex-backend-runtime-2026-10-02/qa/task03b2d/history/open-review-1/source/convex-dev/schema.ts.text
_goals/convex-backend-runtime-2026-10-02/qa/task03b2d/history/open-review-1/independent/adversarial.json
_goals/convex-backend-runtime-2026-10-02/qa/task03b2d/history/open-review-1/independent/tests/unit/runtimeWorkerAuth/judge-adversarial.test.ts.text
_goals/convex-backend-runtime-2026-10-02/qa/task03b2d/history/open-review-1/source/tests/unit/runtimeWorkerAuth/admin-catalog.test.ts.text
_goals/convex-backend-runtime-2026-10-02/qa/task03b2d/history/open-review-1/source/tests/unit/runtimeWorkerAuth/graph.test.ts.text
_goals/convex-backend-runtime-2026-10-02/qa/task03b2d/history/open-review-1/source/tests/unit/runtimeWorkerAuth/governance.test.ts.text
_goals/convex-backend-runtime-2026-10-02/qa/task03b2d/history/open-review-1/source/tests/unit/runtimeWorkerAuth/fixture.ts.text
_goals/convex-backend-runtime-2026-10-02/qa/task03a/checks/cycle3-inventory-portability-fix/commands.json
_goals/convex-backend-runtime-2026-10-02/qa/task03a/checks/cycle3-inventory-portability-fix/historical-qualification.json
