(node:19770) ExperimentalWarning: VM Modules is an experimental feature and might change at any time
(Use `node --trace-warnings ...` to show where the warning was created)
FAIL tests/unit/runtimeArtifactAuth/handlers.test.ts (8.969 s)
  ● Console

    console.error
      ◇ injected env (0) from .env.test

      13 | import dotenv from "dotenv";
      14 | import { resolve } from "path";
    > 15 |
         | ^
      16 | // Load .env.test first (test defaults)
      17 | dotenv.config({ path: resolve(process.cwd(), ".env.test") });
      18 |

      at se (node_modules/dotenv/dist/index.cjs:7:155)
      at Object.ce [as configDotenv] (node_modules/dotenv/dist/index.cjs:7:1059)
      at Object.ae [as config] (node_modules/dotenv/dist/index.cjs:7:1168)
      at tests/env.ts:15:8

    console.error
      ◇ injected env (0) from .env.local

      15 |
      16 | // Load .env.test first (test defaults)
    > 17 | dotenv.config({ path: resolve(process.cwd(), ".env.test") });
         |        ^
      18 |
      19 | // Load .env.local second with override=true (local development overrides for test defaults AND system env vars)
      20 | dotenv.config({ path: resolve(process.cwd(), ".env.local"), override: true });

      at se (node_modules/dotenv/dist/index.cjs:7:155)
      at Object.ce [as configDotenv] (node_modules/dotenv/dist/index.cjs:7:1059)
      at Object.ae [as config] (node_modules/dotenv/dist/index.cjs:7:1168)
      at tests/env.ts:17:8

    console.log
      
      🧪 Testing against MANAGED Convex: https://example.convex.cloud

      at tests/env.ts:62:17

    console.log
         Note: Vector search fully supported in managed mode

      at tests/env.ts:63:17

    console.log
      
      📊 Graph database testing DISABLED (no graph DB URIs configured)

      at tests/env.ts:121:13

    console.log
         To enable: Set NEO4J_URI and/or MEMGRAPH_URI in .env.local

      at tests/env.ts:122:13

    console.log
         See: https://docs.cortexmemory.dev/advanced-topics/graph-database-integration

      at tests/env.ts:123:13

  ● native artifacts:create › preserves the admitted text operation's actual outcome

    ConvexError: {"version":1,"code":"BACKEND_OPERATION_FAILED","message":"Artifact operation failed.","retryable":false,"outcome":"not_committed"}

      82 | }
      83 | function backendFailure(): ConvexError<Value> {
    > 84 |   return new ConvexError({ version: 1, code: "BACKEND_OPERATION_FAILED", message: "Artifact operation failed.",
         |          ^
      85 |     retryable: false, outcome: "not_committed" });
      86 | }
      87 | function ordinaryAuthorityDenial(error: unknown): boolean {

      at backendFailure (convex-dev/runtimeArtifactAuth.ts:84:10)
      at artifactHandler (convex-dev/runtimeArtifactAuth.ts:133:11)
      at Database.transaction (tests/unit/runtimeArtifactAuth/fixture.ts:91:18)
      at Object.<anonymous> (tests/unit/runtimeArtifactAuth/handlers.test.ts:14:49)

  ● native artifacts:update › preserves the admitted text operation's actual outcome

    ConvexError: {"version":1,"code":"BACKEND_OPERATION_FAILED","message":"Artifact operation failed.","retryable":false,"outcome":"not_committed"}

      82 | }
      83 | function backendFailure(): ConvexError<Value> {
    > 84 |   return new ConvexError({ version: 1, code: "BACKEND_OPERATION_FAILED", message: "Artifact operation failed.",
         |          ^
      85 |     retryable: false, outcome: "not_committed" });
      86 | }
      87 | function ordinaryAuthorityDenial(error: unknown): boolean {

      at backendFailure (convex-dev/runtimeArtifactAuth.ts:84:10)
      at artifactHandler (convex-dev/runtimeArtifactAuth.ts:133:11)
      at Database.transaction (tests/unit/runtimeArtifactAuth/fixture.ts:91:18)
      at Object.<anonymous> (tests/unit/runtimeArtifactAuth/handlers.test.ts:14:49)

  ● native artifacts:deleteArtifact › preserves the admitted text operation's actual outcome

    ConvexError: {"version":1,"code":"BACKEND_OPERATION_FAILED","message":"Artifact operation failed.","retryable":false,"outcome":"not_committed"}

      82 | }
      83 | function backendFailure(): ConvexError<Value> {
    > 84 |   return new ConvexError({ version: 1, code: "BACKEND_OPERATION_FAILED", message: "Artifact operation failed.",
         |          ^
      85 |     retryable: false, outcome: "not_committed" });
      86 | }
      87 | function ordinaryAuthorityDenial(error: unknown): boolean {

      at backendFailure (convex-dev/runtimeArtifactAuth.ts:84:10)
      at artifactHandler (convex-dev/runtimeArtifactAuth.ts:133:11)
      at Database.transaction (tests/unit/runtimeArtifactAuth/fixture.ts:91:18)
      at Object.<anonymous> (tests/unit/runtimeArtifactAuth/handlers.test.ts:14:49)

  ● native artifacts:undo › preserves the admitted text operation's actual outcome

    ConvexError: {"version":1,"code":"BACKEND_OPERATION_FAILED","message":"Artifact operation failed.","retryable":false,"outcome":"not_committed"}

      82 | }
      83 | function backendFailure(): ConvexError<Value> {
    > 84 |   return new ConvexError({ version: 1, code: "BACKEND_OPERATION_FAILED", message: "Artifact operation failed.",
         |          ^
      85 |     retryable: false, outcome: "not_committed" });
      86 | }
      87 | function ordinaryAuthorityDenial(error: unknown): boolean {

      at backendFailure (convex-dev/runtimeArtifactAuth.ts:84:10)
      at artifactHandler (convex-dev/runtimeArtifactAuth.ts:133:11)
      at Database.transaction (tests/unit/runtimeArtifactAuth/fixture.ts:91:18)
      at Object.<anonymous> (tests/unit/runtimeArtifactAuth/handlers.test.ts:14:49)

  ● native artifacts:redo › preserves the admitted text operation's actual outcome

    ConvexError: {"version":1,"code":"BACKEND_OPERATION_FAILED","message":"Artifact operation failed.","retryable":false,"outcome":"not_committed"}

      82 | }
      83 | function backendFailure(): ConvexError<Value> {
    > 84 |   return new ConvexError({ version: 1, code: "BACKEND_OPERATION_FAILED", message: "Artifact operation failed.",
         |          ^
      85 |     retryable: false, outcome: "not_committed" });
      86 | }
      87 | function ordinaryAuthorityDenial(error: unknown): boolean {

      at backendFailure (convex-dev/runtimeArtifactAuth.ts:84:10)
      at artifactHandler (convex-dev/runtimeArtifactAuth.ts:133:11)
      at Database.transaction (tests/unit/runtimeArtifactAuth/fixture.ts:91:18)
      at Object.<anonymous> (tests/unit/runtimeArtifactAuth/handlers.test.ts:14:49)

  ● native artifacts:setStreamingState › preserves the admitted text operation's actual outcome

    ConvexError: {"version":1,"code":"BACKEND_OPERATION_FAILED","message":"Artifact operation failed.","retryable":false,"outcome":"not_committed"}

      82 | }
      83 | function backendFailure(): ConvexError<Value> {
    > 84 |   return new ConvexError({ version: 1, code: "BACKEND_OPERATION_FAILED", message: "Artifact operation failed.",
         |          ^
      85 |     retryable: false, outcome: "not_committed" });
      86 | }
      87 | function ordinaryAuthorityDenial(error: unknown): boolean {

      at backendFailure (convex-dev/runtimeArtifactAuth.ts:84:10)
      at artifactHandler (convex-dev/runtimeArtifactAuth.ts:133:11)
      at Database.transaction (tests/unit/runtimeArtifactAuth/fixture.ts:91:18)
      at Object.<anonymous> (tests/unit/runtimeArtifactAuth/handlers.test.ts:14:49)

  ● native artifacts:purgeVersions › preserves the admitted text operation's actual outcome

    ConvexError: {"version":1,"code":"BACKEND_OPERATION_FAILED","message":"Artifact operation failed.","retryable":false,"outcome":"not_committed"}

      82 | }
      83 | function backendFailure(): ConvexError<Value> {
    > 84 |   return new ConvexError({ version: 1, code: "BACKEND_OPERATION_FAILED", message: "Artifact operation failed.",
         |          ^
      85 |     retryable: false, outcome: "not_committed" });
      86 | }
      87 | function ordinaryAuthorityDenial(error: unknown): boolean {

      at backendFailure (convex-dev/runtimeArtifactAuth.ts:84:10)
      at artifactHandler (convex-dev/runtimeArtifactAuth.ts:133:11)
      at Database.transaction (tests/unit/runtimeArtifactAuth/fixture.ts:91:18)
      at Object.<anonymous> (tests/unit/runtimeArtifactAuth/handlers.test.ts:14:49)

  ● native artifacts:get › preserves the admitted text operation's actual outcome

    ConvexError: {"version":1,"code":"BACKEND_OPERATION_FAILED","message":"Artifact operation failed.","retryable":false,"outcome":"not_committed"}

      82 | }
      83 | function backendFailure(): ConvexError<Value> {
    > 84 |   return new ConvexError({ version: 1, code: "BACKEND_OPERATION_FAILED", message: "Artifact operation failed.",
         |          ^
      85 |     retryable: false, outcome: "not_committed" });
      86 | }
      87 | function ordinaryAuthorityDenial(error: unknown): boolean {

      at backendFailure (convex-dev/runtimeArtifactAuth.ts:84:10)
      at artifactHandler (convex-dev/runtimeArtifactAuth.ts:133:11)
      at Database.transaction (tests/unit/runtimeArtifactAuth/fixture.ts:91:18)
      at Object.<anonymous> (tests/unit/runtimeArtifactAuth/handlers.test.ts:14:49)

  ● native artifacts:getByConversation › preserves the admitted text operation's actual outcome

    ConvexError: {"version":1,"code":"BACKEND_OPERATION_FAILED","message":"Artifact operation failed.","retryable":false,"outcome":"not_committed"}

      82 | }
      83 | function backendFailure(): ConvexError<Value> {
    > 84 |   return new ConvexError({ version: 1, code: "BACKEND_OPERATION_FAILED", message: "Artifact operation failed.",
         |          ^
      85 |     retryable: false, outcome: "not_committed" });
      86 | }
      87 | function ordinaryAuthorityDenial(error: unknown): boolean {

      at backendFailure (convex-dev/runtimeArtifactAuth.ts:84:10)
      at artifactHandler (convex-dev/runtimeArtifactAuth.ts:133:11)
      at Database.transaction (tests/unit/runtimeArtifactAuth/fixture.ts:91:18)
      at Object.<anonymous> (tests/unit/runtimeArtifactAuth/handlers.test.ts:14:49)

  ● native artifacts:list › preserves the admitted text operation's actual outcome

    ConvexError: {"version":1,"code":"BACKEND_OPERATION_FAILED","message":"Artifact operation failed.","retryable":false,"outcome":"not_committed"}

      82 | }
      83 | function backendFailure(): ConvexError<Value> {
    > 84 |   return new ConvexError({ version: 1, code: "BACKEND_OPERATION_FAILED", message: "Artifact operation failed.",
         |          ^
      85 |     retryable: false, outcome: "not_committed" });
      86 | }
      87 | function ordinaryAuthorityDenial(error: unknown): boolean {

      at backendFailure (convex-dev/runtimeArtifactAuth.ts:84:10)
      at artifactHandler (convex-dev/runtimeArtifactAuth.ts:133:11)
      at Database.transaction (tests/unit/runtimeArtifactAuth/fixture.ts:91:18)
      at Object.<anonymous> (tests/unit/runtimeArtifactAuth/handlers.test.ts:14:49)

  ● native artifacts:count › preserves the admitted text operation's actual outcome

    ConvexError: {"version":1,"code":"BACKEND_OPERATION_FAILED","message":"Artifact operation failed.","retryable":false,"outcome":"not_committed"}

      82 | }
      83 | function backendFailure(): ConvexError<Value> {
    > 84 |   return new ConvexError({ version: 1, code: "BACKEND_OPERATION_FAILED", message: "Artifact operation failed.",
         |          ^
      85 |     retryable: false, outcome: "not_committed" });
      86 | }
      87 | function ordinaryAuthorityDenial(error: unknown): boolean {

      at backendFailure (convex-dev/runtimeArtifactAuth.ts:84:10)
      at artifactHandler (convex-dev/runtimeArtifactAuth.ts:133:11)
      at Database.transaction (tests/unit/runtimeArtifactAuth/fixture.ts:91:18)
      at Object.<anonymous> (tests/unit/runtimeArtifactAuth/handlers.test.ts:14:49)

  ● native artifacts:getVersion › preserves the admitted text operation's actual outcome

    ConvexError: {"version":1,"code":"BACKEND_OPERATION_FAILED","message":"Artifact operation failed.","retryable":false,"outcome":"not_committed"}

      82 | }
      83 | function backendFailure(): ConvexError<Value> {
    > 84 |   return new ConvexError({ version: 1, code: "BACKEND_OPERATION_FAILED", message: "Artifact operation failed.",
         |          ^
      85 |     retryable: false, outcome: "not_committed" });
      86 | }
      87 | function ordinaryAuthorityDenial(error: unknown): boolean {

      at backendFailure (convex-dev/runtimeArtifactAuth.ts:84:10)
      at artifactHandler (convex-dev/runtimeArtifactAuth.ts:133:11)
      at Database.transaction (tests/unit/runtimeArtifactAuth/fixture.ts:91:18)
      at Object.<anonymous> (tests/unit/runtimeArtifactAuth/handlers.test.ts:14:49)

  ● native artifacts:getHistory › preserves the admitted text operation's actual outcome

    ConvexError: {"version":1,"code":"BACKEND_OPERATION_FAILED","message":"Artifact operation failed.","retryable":false,"outcome":"not_committed"}

      82 | }
      83 | function backendFailure(): ConvexError<Value> {
    > 84 |   return new ConvexError({ version: 1, code: "BACKEND_OPERATION_FAILED", message: "Artifact operation failed.",
         |          ^
      85 |     retryable: false, outcome: "not_committed" });
      86 | }
      87 | function ordinaryAuthorityDenial(error: unknown): boolean {

      at backendFailure (convex-dev/runtimeArtifactAuth.ts:84:10)
      at artifactHandler (convex-dev/runtimeArtifactAuth.ts:133:11)
      at Database.transaction (tests/unit/runtimeArtifactAuth/fixture.ts:91:18)
      at Object.<anonymous> (tests/unit/runtimeArtifactAuth/handlers.test.ts:14:49)

  ● native artifacts:startStreaming › preserves the admitted text operation's actual outcome

    ConvexError: {"version":1,"code":"BACKEND_OPERATION_FAILED","message":"Artifact operation failed.","retryable":false,"outcome":"not_committed"}

      82 | }
      83 | function backendFailure(): ConvexError<Value> {
    > 84 |   return new ConvexError({ version: 1, code: "BACKEND_OPERATION_FAILED", message: "Artifact operation failed.",
         |          ^
      85 |     retryable: false, outcome: "not_committed" });
      86 | }
      87 | function ordinaryAuthorityDenial(error: unknown): boolean {

      at backendFailure (convex-dev/runtimeArtifactAuth.ts:84:10)
      at artifactHandler (convex-dev/runtimeArtifactAuth.ts:133:11)
      at Database.transaction (tests/unit/runtimeArtifactAuth/fixture.ts:91:18)
      at Object.<anonymous> (tests/unit/runtimeArtifactAuth/handlers.test.ts:14:49)

  ● native artifacts:appendContent › preserves the admitted text operation's actual outcome

    ConvexError: {"version":1,"code":"BACKEND_OPERATION_FAILED","message":"Artifact operation failed.","retryable":false,"outcome":"not_committed"}

      82 | }
      83 | function backendFailure(): ConvexError<Value> {
    > 84 |   return new ConvexError({ version: 1, code: "BACKEND_OPERATION_FAILED", message: "Artifact operation failed.",
         |          ^
      85 |     retryable: false, outcome: "not_committed" });
      86 | }
      87 | function ordinaryAuthorityDenial(error: unknown): boolean {

      at backendFailure (convex-dev/runtimeArtifactAuth.ts:84:10)
      at artifactHandler (convex-dev/runtimeArtifactAuth.ts:133:11)
      at Database.transaction (tests/unit/runtimeArtifactAuth/fixture.ts:91:18)
      at Object.<anonymous> (tests/unit/runtimeArtifactAuth/handlers.test.ts:14:49)

  ● native artifacts:pauseStreaming › preserves the admitted text operation's actual outcome

    ConvexError: {"version":1,"code":"BACKEND_OPERATION_FAILED","message":"Artifact operation failed.","retryable":false,"outcome":"not_committed"}

      82 | }
      83 | function backendFailure(): ConvexError<Value> {
    > 84 |   return new ConvexError({ version: 1, code: "BACKEND_OPERATION_FAILED", message: "Artifact operation failed.",
         |          ^
      85 |     retryable: false, outcome: "not_committed" });
      86 | }
      87 | function ordinaryAuthorityDenial(error: unknown): boolean {

      at backendFailure (convex-dev/runtimeArtifactAuth.ts:84:10)
      at artifactHandler (convex-dev/runtimeArtifactAuth.ts:133:11)
      at Database.transaction (tests/unit/runtimeArtifactAuth/fixture.ts:91:18)
      at Object.<anonymous> (tests/unit/runtimeArtifactAuth/handlers.test.ts:14:49)

  ● native artifacts:resumeStreaming › preserves the admitted text operation's actual outcome

    ConvexError: {"version":1,"code":"BACKEND_OPERATION_FAILED","message":"Artifact operation failed.","retryable":false,"outcome":"not_committed"}

      82 | }
      83 | function backendFailure(): ConvexError<Value> {
    > 84 |   return new ConvexError({ version: 1, code: "BACKEND_OPERATION_FAILED", message: "Artifact operation failed.",
         |          ^
      85 |     retryable: false, outcome: "not_committed" });
      86 | }
      87 | function ordinaryAuthorityDenial(error: unknown): boolean {

      at backendFailure (convex-dev/runtimeArtifactAuth.ts:84:10)
      at artifactHandler (convex-dev/runtimeArtifactAuth.ts:133:11)
      at Database.transaction (tests/unit/runtimeArtifactAuth/fixture.ts:91:18)
      at Object.<anonymous> (tests/unit/runtimeArtifactAuth/handlers.test.ts:14:49)

  ● native artifacts:cancelStreaming › preserves the admitted text operation's actual outcome

    ConvexError: {"version":1,"code":"BACKEND_OPERATION_FAILED","message":"Artifact operation failed.","retryable":false,"outcome":"not_committed"}

      82 | }
      83 | function backendFailure(): ConvexError<Value> {
    > 84 |   return new ConvexError({ version: 1, code: "BACKEND_OPERATION_FAILED", message: "Artifact operation failed.",
         |          ^
      85 |     retryable: false, outcome: "not_committed" });
      86 | }
      87 | function ordinaryAuthorityDenial(error: unknown): boolean {

      at backendFailure (convex-dev/runtimeArtifactAuth.ts:84:10)
      at artifactHandler (convex-dev/runtimeArtifactAuth.ts:133:11)
      at Database.transaction (tests/unit/runtimeArtifactAuth/fixture.ts:91:18)
      at Object.<anonymous> (tests/unit/runtimeArtifactAuth/handlers.test.ts:14:49)

  ● native artifacts:finalizeStreaming › preserves the admitted text operation's actual outcome

    ConvexError: {"version":1,"code":"BACKEND_OPERATION_FAILED","message":"Artifact operation failed.","retryable":false,"outcome":"not_committed"}

      82 | }
      83 | function backendFailure(): ConvexError<Value> {
    > 84 |   return new ConvexError({ version: 1, code: "BACKEND_OPERATION_FAILED", message: "Artifact operation failed.",
         |          ^
      85 |     retryable: false, outcome: "not_committed" });
      86 | }
      87 | function ordinaryAuthorityDenial(error: unknown): boolean {

      at backendFailure (convex-dev/runtimeArtifactAuth.ts:84:10)
      at artifactHandler (convex-dev/runtimeArtifactAuth.ts:133:11)
      at Database.transaction (tests/unit/runtimeArtifactAuth/fixture.ts:91:18)
      at Object.<anonymous> (tests/unit/runtimeArtifactAuth/handlers.test.ts:14:49)

  ● native artifacts:setStreamingError › preserves the admitted text operation's actual outcome

    ConvexError: {"version":1,"code":"BACKEND_OPERATION_FAILED","message":"Artifact operation failed.","retryable":false,"outcome":"not_committed"}

      82 | }
      83 | function backendFailure(): ConvexError<Value> {
    > 84 |   return new ConvexError({ version: 1, code: "BACKEND_OPERATION_FAILED", message: "Artifact operation failed.",
         |          ^
      85 |     retryable: false, outcome: "not_committed" });
      86 | }
      87 | function ordinaryAuthorityDenial(error: unknown): boolean {

      at backendFailure (convex-dev/runtimeArtifactAuth.ts:84:10)
      at artifactHandler (convex-dev/runtimeArtifactAuth.ts:133:11)
      at Database.transaction (tests/unit/runtimeArtifactAuth/fixture.ts:91:18)
      at Object.<anonymous> (tests/unit/runtimeArtifactAuth/handlers.test.ts:14:49)

  ● native artifacts:retryFromError › preserves the admitted text operation's actual outcome

    ConvexError: {"version":1,"code":"BACKEND_OPERATION_FAILED","message":"Artifact operation failed.","retryable":false,"outcome":"not_committed"}

      82 | }
      83 | function backendFailure(): ConvexError<Value> {
    > 84 |   return new ConvexError({ version: 1, code: "BACKEND_OPERATION_FAILED", message: "Artifact operation failed.",
         |          ^
      85 |     retryable: false, outcome: "not_committed" });
      86 | }
      87 | function ordinaryAuthorityDenial(error: unknown): boolean {

      at backendFailure (convex-dev/runtimeArtifactAuth.ts:84:10)
      at artifactHandler (convex-dev/runtimeArtifactAuth.ts:133:11)
      at Database.transaction (tests/unit/runtimeArtifactAuth/fixture.ts:91:18)
      at Object.<anonymous> (tests/unit/runtimeArtifactAuth/handlers.test.ts:14:49)

  ● independent03A resource and lifecycle boundary › foreign same ID inserted first is never hydrated or written

    ConvexError: {"version":1,"code":"BACKEND_OPERATION_FAILED","message":"Artifact operation failed.","retryable":false,"outcome":"not_committed"}

      82 | }
      83 | function backendFailure(): ConvexError<Value> {
    > 84 |   return new ConvexError({ version: 1, code: "BACKEND_OPERATION_FAILED", message: "Artifact operation failed.",
         |          ^
      85 |     retryable: false, outcome: "not_committed" });
      86 | }
      87 | function ordinaryAuthorityDenial(error: unknown): boolean {

      at backendFailure (convex-dev/runtimeArtifactAuth.ts:84:10)
      at artifactHandler (convex-dev/runtimeArtifactAuth.ts:133:11)
      at Database.transaction (tests/unit/runtimeArtifactAuth/fixture.ts:91:18)
      at Object.<anonymous> (tests/unit/runtimeArtifactAuth/handlers.test.ts:44:5)

  ● independent03A resource and lifecycle boundary › own excludes another principal before hydration, pagination and count

    ConvexError: {"version":1,"code":"BACKEND_OPERATION_FAILED","message":"Artifact operation failed.","retryable":false,"outcome":"not_committed"}

      82 | }
      83 | function backendFailure(): ConvexError<Value> {
    > 84 |   return new ConvexError({ version: 1, code: "BACKEND_OPERATION_FAILED", message: "Artifact operation failed.",
         |          ^
      85 |     retryable: false, outcome: "not_committed" });
      86 | }
      87 | function ordinaryAuthorityDenial(error: unknown): boolean {

      at backendFailure (convex-dev/runtimeArtifactAuth.ts:84:10)
      at artifactHandler (convex-dev/runtimeArtifactAuth.ts:133:11)
      at Database.transaction (tests/unit/runtimeArtifactAuth/fixture.ts:91:18)
      at Object.<anonymous> (tests/unit/runtimeArtifactAuth/handlers.test.ts:51:12)

  ● independent03A resource and lifecycle boundary › caller ownership, participants and nested metadata do not grant privilege

    ConvexError: {"version":1,"code":"BACKEND_OPERATION_FAILED","message":"Artifact operation failed.","retryable":false,"outcome":"not_committed"}

      82 | }
      83 | function backendFailure(): ConvexError<Value> {
    > 84 |   return new ConvexError({ version: 1, code: "BACKEND_OPERATION_FAILED", message: "Artifact operation failed.",
         |          ^
      85 |     retryable: false, outcome: "not_committed" });
      86 | }
      87 | function ordinaryAuthorityDenial(error: unknown): boolean {

      at backendFailure (convex-dev/runtimeArtifactAuth.ts:84:10)
      at artifactHandler (convex-dev/runtimeArtifactAuth.ts:133:11)
      at Database.transaction (tests/unit/runtimeArtifactAuth/fixture.ts:91:18)
      at Object.<anonymous> (tests/unit/runtimeArtifactAuth/handlers.test.ts:57:41)

  ● independent03A resource and lifecycle boundary › wrong tenant and space and ambiguous omission deny

    expect(received).rejects.toMatchObject(expected)

    - Expected  - 1
    + Received  + 1

      Object {
        "data": Object {
    -     "code": "FORBIDDEN",
    +     "code": "BACKEND_OPERATION_FAILED",
        },
      }

      65 |     const f = fixture(); f.row();
      66 |     for (const args of [{ tenantId: "foreign" }, { memorySpaceId: "foreign-space" }]) {
    > 67 |       await expect(f.invoke("count", args)).rejects.toMatchObject({ data: { code: "FORBIDDEN" } });
         |                                                     ^
      68 |     }
      69 |     f.db.add("runtimeAuthScopes", { tenantId: "tenant-a", memorySpaceId: "space-b", epoch: 1 });
      70 |     f.db.add("runtimeAuthGrants", { ...f.grant, _id: "runtimeAuthGrants:second", memorySpaceId: "space-b" });

      at Object.toMatchObject (node_modules/expect/build/index.js:2155:20)
      at Object.<anonymous> (tests/unit/runtimeArtifactAuth/handlers.test.ts:67:53)

  ● independent03A resource and lifecycle boundary › exact scoped collision returns opaque conflict without inspecting foreign ownership

    expect(received).rejects.toMatchObject(expected)

    - Expected  - 1
    + Received  + 1

      Object {
        "data": Object {
    -     "code": "FORBIDDEN",
    +     "code": "BACKEND_OPERATION_FAILED",
        },
      }

      74 |   test("exact scoped collision returns opaque conflict without inspecting foreign ownership", async () => {
      75 |     const f = fixture(); const foreign = f.row({ ownerPrincipalId: "foreign-owner", content: "secret" });
    > 76 |     await expect(f.invoke("create", { artifactId: "artifact-a", memorySpaceId: "space-a", content: "manual" })).rejects.toMatchObject({ data: { code: "FORBIDDEN" } });
         |                                                                                                                         ^
      77 |     expect(f.db.writes).toEqual([]); expect(f.db.rows("artifacts")[0]._id).toBe(foreign._id);
      78 |     expect(f.db.reads.filter((event) => event.table === "artifacts")[0].filters).toEqual([
      79 |       ["tenantId", "tenant-a"], ["memorySpaceId", "space-a"], ["artifactId", "artifact-a"]]);

      at Object.toMatchObject (node_modules/expect/build/index.js:2155:20)
      at Object.<anonymous> (tests/unit/runtimeArtifactAuth/handlers.test.ts:76:121)

  ● independent03A resource and lifecycle boundary › unowned legacy row is denied without adoption

    ConvexError: {"version":1,"code":"BACKEND_OPERATION_FAILED","message":"Artifact operation failed.","retryable":false,"outcome":"not_committed"}

      82 | }
      83 | function backendFailure(): ConvexError<Value> {
    > 84 |   return new ConvexError({ version: 1, code: "BACKEND_OPERATION_FAILED", message: "Artifact operation failed.",
         |          ^
      85 |     retryable: false, outcome: "not_committed" });
      86 | }
      87 | function ordinaryAuthorityDenial(error: unknown): boolean {

      at backendFailure (convex-dev/runtimeArtifactAuth.ts:84:10)
      at artifactHandler (convex-dev/runtimeArtifactAuth.ts:133:11)
      at Database.transaction (tests/unit/runtimeArtifactAuth/fixture.ts:91:18)
      at Object.<anonymous> (tests/unit/runtimeArtifactAuth/handlers.test.ts:83:12)

  ● independent03A resource and lifecycle boundary › space grant admits explicit cross-principal text reads

    ConvexError: {"version":1,"code":"BACKEND_OPERATION_FAILED","message":"Artifact operation failed.","retryable":false,"outcome":"not_committed"}

      82 | }
      83 | function backendFailure(): ConvexError<Value> {
    > 84 |   return new ConvexError({ version: 1, code: "BACKEND_OPERATION_FAILED", message: "Artifact operation failed.",
         |          ^
      85 |     retryable: false, outcome: "not_committed" });
      86 | }
      87 | function ordinaryAuthorityDenial(error: unknown): boolean {

      at backendFailure (convex-dev/runtimeArtifactAuth.ts:84:10)
      at artifactHandler (convex-dev/runtimeArtifactAuth.ts:133:11)
      at Database.transaction (tests/unit/runtimeArtifactAuth/fixture.ts:91:18)
      at Object.<anonymous> (tests/unit/runtimeArtifactAuth/handlers.test.ts:89:13)

  ● independent03A resource and lifecycle boundary › initially ineligible READ yields only a safe write receipt

    ConvexError: {"version":1,"code":"BACKEND_OPERATION_FAILED","message":"Artifact operation failed.","retryable":false,"outcome":"not_committed"}

      82 | }
      83 | function backendFailure(): ConvexError<Value> {
    > 84 |   return new ConvexError({ version: 1, code: "BACKEND_OPERATION_FAILED", message: "Artifact operation failed.",
         |          ^
      85 |     retryable: false, outcome: "not_committed" });
      86 | }
      87 | function ordinaryAuthorityDenial(error: unknown): boolean {

      at backendFailure (convex-dev/runtimeArtifactAuth.ts:84:10)
      at artifactHandler (convex-dev/runtimeArtifactAuth.ts:133:11)
      at Database.transaction (tests/unit/runtimeArtifactAuth/fixture.ts:91:18)
      at Object.<anonymous> (tests/unit/runtimeArtifactAuth/handlers.test.ts:93:12)

  ● independent03A resource and lifecycle boundary › admitted read revoked after effect denies and rolls back

    expect(received).rejects.toMatchObject(expected)

    - Expected  - 1
    + Received  + 1

      Object {
        "data": Object {
    -     "code": "FORBIDDEN",
    +     "code": "BACKEND_OPERATION_FAILED",
        },
      }

       97 |     const f = fixture(); f.row();
       98 |     f.db.hook = (event) => { if (event.action === "patch") f.grant.capabilities = f.grant.capabilities.filter((item: string) => item !== capability); };
    >  99 |     await expect(f.invoke("update", { artifactId: "artifact-a", content: "do not commit" })).rejects.toMatchObject({ data: { code: "FORBIDDEN" } });
          |                                                                                                      ^
      100 |     expect(f.db.rows("artifacts")[0].content).toBe("first"); expect(f.db.writes).toEqual([]);
      101 |   });
      102 |   test("expiry after the last control await blocks delivery", async () => {

      at Object.toMatchObject (node_modules/expect/build/index.js:2155:20)
      at tests/unit/runtimeArtifactAuth/handlers.test.ts:99:102

  ● independent03A resource and lifecycle boundary › admitted write revoked after effect denies and rolls back

    expect(received).rejects.toMatchObject(expected)

    - Expected  - 1
    + Received  + 1

      Object {
        "data": Object {
    -     "code": "FORBIDDEN",
    +     "code": "BACKEND_OPERATION_FAILED",
        },
      }

       97 |     const f = fixture(); f.row();
       98 |     f.db.hook = (event) => { if (event.action === "patch") f.grant.capabilities = f.grant.capabilities.filter((item: string) => item !== capability); };
    >  99 |     await expect(f.invoke("update", { artifactId: "artifact-a", content: "do not commit" })).rejects.toMatchObject({ data: { code: "FORBIDDEN" } });
          |                                                                                                      ^
      100 |     expect(f.db.rows("artifacts")[0].content).toBe("first"); expect(f.db.writes).toEqual([]);
      101 |   });
      102 |   test("expiry after the last control await blocks delivery", async () => {

      at Object.toMatchObject (node_modules/expect/build/index.js:2155:20)
      at tests/unit/runtimeArtifactAuth/handlers.test.ts:99:102

  ● independent03A resource and lifecycle boundary › expiry after the last control await blocks delivery

    ConvexError: {"version":1,"code":"BACKEND_OPERATION_FAILED","message":"Artifact operation failed.","retryable":false,"outcome":"not_committed"}

      82 | }
      83 | function backendFailure(): ConvexError<Value> {
    > 84 |   return new ConvexError({ version: 1, code: "BACKEND_OPERATION_FAILED", message: "Artifact operation failed.",
         |          ^
      85 |     retryable: false, outcome: "not_committed" });
      86 | }
      87 | function ordinaryAuthorityDenial(error: unknown): boolean {

      at backendFailure (convex-dev/runtimeArtifactAuth.ts:84:10)
      at artifactHandler (convex-dev/runtimeArtifactAuth.ts:133:11)
      at Database.transaction (tests/unit/runtimeArtifactAuth/fixture.ts:91:18)
      at Object.<anonymous> (tests/unit/runtimeArtifactAuth/handlers.test.ts:103:49)

  ● independent03A resource and lifecycle boundary › canonical resource tombstones block update and retained IDs cannot resurrect

    ConvexError: {"version":1,"code":"BACKEND_OPERATION_FAILED","message":"Artifact operation failed.","retryable":false,"outcome":"not_committed"}

      82 | }
      83 | function backendFailure(): ConvexError<Value> {
    > 84 |   return new ConvexError({ version: 1, code: "BACKEND_OPERATION_FAILED", message: "Artifact operation failed.",
         |          ^
      85 |     retryable: false, outcome: "not_committed" });
      86 | }
      87 | function ordinaryAuthorityDenial(error: unknown): boolean {

      at backendFailure (convex-dev/runtimeArtifactAuth.ts:84:10)
      at artifactHandler (convex-dev/runtimeArtifactAuth.ts:133:11)
      at Database.transaction (tests/unit/runtimeArtifactAuth/fixture.ts:91:18)
      at Object.<anonymous> (tests/unit/runtimeArtifactAuth/handlers.test.ts:118:35)

  ● independent03A resource and lifecycle boundary › update rejects retained file history before effects

    expect(received).rejects.toMatchObject(expected)

    - Expected  - 1
    + Received  + 1

      Object {
        "data": Object {
    -     "code": "CAPABILITY_NOT_READY",
    +     "code": "BACKEND_OPERATION_FAILED",
        },
      }

      123 |   test.each(["update", "undo", "redo", "purgeVersions", "deleteArtifact", "get", "getHistory"])("%s rejects retained file history before effects", async (name) => {
      124 |     const f = fixture(); const row = f.row(); row.versionHistory[0].fileRef = { storageId: "_storage:foreign", mimeType: "image/png", size: 2 };
    > 125 |     await expect(f.invoke(name, { artifactId: "artifact-a", keepLatest: 1 })).rejects.toMatchObject({ data: { code: "CAPABILITY_NOT_READY" } });
          |                                                                                       ^
      126 |     expect(f.db.writes).toEqual([]);
      127 |   });
      128 |   test("bulk list and count preflight every linked candidate before delivery", async () => {

      at Object.toMatchObject (node_modules/expect/build/index.js:2155:20)
      at tests/unit/runtimeArtifactAuth/handlers.test.ts:125:87

  ● independent03A resource and lifecycle boundary › undo rejects retained file history before effects

    expect(received).rejects.toMatchObject(expected)

    - Expected  - 1
    + Received  + 1

      Object {
        "data": Object {
    -     "code": "CAPABILITY_NOT_READY",
    +     "code": "BACKEND_OPERATION_FAILED",
        },
      }

      123 |   test.each(["update", "undo", "redo", "purgeVersions", "deleteArtifact", "get", "getHistory"])("%s rejects retained file history before effects", async (name) => {
      124 |     const f = fixture(); const row = f.row(); row.versionHistory[0].fileRef = { storageId: "_storage:foreign", mimeType: "image/png", size: 2 };
    > 125 |     await expect(f.invoke(name, { artifactId: "artifact-a", keepLatest: 1 })).rejects.toMatchObject({ data: { code: "CAPABILITY_NOT_READY" } });
          |                                                                                       ^
      126 |     expect(f.db.writes).toEqual([]);
      127 |   });
      128 |   test("bulk list and count preflight every linked candidate before delivery", async () => {

      at Object.toMatchObject (node_modules/expect/build/index.js:2155:20)
      at tests/unit/runtimeArtifactAuth/handlers.test.ts:125:87

  ● independent03A resource and lifecycle boundary › redo rejects retained file history before effects

    expect(received).rejects.toMatchObject(expected)

    - Expected  - 1
    + Received  + 1

      Object {
        "data": Object {
    -     "code": "CAPABILITY_NOT_READY",
    +     "code": "BACKEND_OPERATION_FAILED",
        },
      }

      123 |   test.each(["update", "undo", "redo", "purgeVersions", "deleteArtifact", "get", "getHistory"])("%s rejects retained file history before effects", async (name) => {
      124 |     const f = fixture(); const row = f.row(); row.versionHistory[0].fileRef = { storageId: "_storage:foreign", mimeType: "image/png", size: 2 };
    > 125 |     await expect(f.invoke(name, { artifactId: "artifact-a", keepLatest: 1 })).rejects.toMatchObject({ data: { code: "CAPABILITY_NOT_READY" } });
          |                                                                                       ^
      126 |     expect(f.db.writes).toEqual([]);
      127 |   });
      128 |   test("bulk list and count preflight every linked candidate before delivery", async () => {

      at Object.toMatchObject (node_modules/expect/build/index.js:2155:20)
      at tests/unit/runtimeArtifactAuth/handlers.test.ts:125:87

  ● independent03A resource and lifecycle boundary › purgeVersions rejects retained file history before effects

    expect(received).rejects.toMatchObject(expected)

    - Expected  - 1
    + Received  + 1

      Object {
        "data": Object {
    -     "code": "CAPABILITY_NOT_READY",
    +     "code": "BACKEND_OPERATION_FAILED",
        },
      }

      123 |   test.each(["update", "undo", "redo", "purgeVersions", "deleteArtifact", "get", "getHistory"])("%s rejects retained file history before effects", async (name) => {
      124 |     const f = fixture(); const row = f.row(); row.versionHistory[0].fileRef = { storageId: "_storage:foreign", mimeType: "image/png", size: 2 };
    > 125 |     await expect(f.invoke(name, { artifactId: "artifact-a", keepLatest: 1 })).rejects.toMatchObject({ data: { code: "CAPABILITY_NOT_READY" } });
          |                                                                                       ^
      126 |     expect(f.db.writes).toEqual([]);
      127 |   });
      128 |   test("bulk list and count preflight every linked candidate before delivery", async () => {

      at Object.toMatchObject (node_modules/expect/build/index.js:2155:20)
      at tests/unit/runtimeArtifactAuth/handlers.test.ts:125:87

  ● independent03A resource and lifecycle boundary › deleteArtifact rejects retained file history before effects

    expect(received).rejects.toMatchObject(expected)

    - Expected  - 1
    + Received  + 1

      Object {
        "data": Object {
    -     "code": "CAPABILITY_NOT_READY",
    +     "code": "BACKEND_OPERATION_FAILED",
        },
      }

      123 |   test.each(["update", "undo", "redo", "purgeVersions", "deleteArtifact", "get", "getHistory"])("%s rejects retained file history before effects", async (name) => {
      124 |     const f = fixture(); const row = f.row(); row.versionHistory[0].fileRef = { storageId: "_storage:foreign", mimeType: "image/png", size: 2 };
    > 125 |     await expect(f.invoke(name, { artifactId: "artifact-a", keepLatest: 1 })).rejects.toMatchObject({ data: { code: "CAPABILITY_NOT_READY" } });
          |                                                                                       ^
      126 |     expect(f.db.writes).toEqual([]);
      127 |   });
      128 |   test("bulk list and count preflight every linked candidate before delivery", async () => {

      at Object.toMatchObject (node_modules/expect/build/index.js:2155:20)
      at tests/unit/runtimeArtifactAuth/handlers.test.ts:125:87

  ● independent03A resource and lifecycle boundary › get rejects retained file history before effects

    expect(received).rejects.toMatchObject(expected)

    - Expected  - 1
    + Received  + 1

      Object {
        "data": Object {
    -     "code": "CAPABILITY_NOT_READY",
    +     "code": "BACKEND_OPERATION_FAILED",
        },
      }

      123 |   test.each(["update", "undo", "redo", "purgeVersions", "deleteArtifact", "get", "getHistory"])("%s rejects retained file history before effects", async (name) => {
      124 |     const f = fixture(); const row = f.row(); row.versionHistory[0].fileRef = { storageId: "_storage:foreign", mimeType: "image/png", size: 2 };
    > 125 |     await expect(f.invoke(name, { artifactId: "artifact-a", keepLatest: 1 })).rejects.toMatchObject({ data: { code: "CAPABILITY_NOT_READY" } });
          |                                                                                       ^
      126 |     expect(f.db.writes).toEqual([]);
      127 |   });
      128 |   test("bulk list and count preflight every linked candidate before delivery", async () => {

      at Object.toMatchObject (node_modules/expect/build/index.js:2155:20)
      at tests/unit/runtimeArtifactAuth/handlers.test.ts:125:87

  ● independent03A resource and lifecycle boundary › getHistory rejects retained file history before effects

    expect(received).rejects.toMatchObject(expected)

    - Expected  - 1
    + Received  + 1

      Object {
        "data": Object {
    -     "code": "CAPABILITY_NOT_READY",
    +     "code": "BACKEND_OPERATION_FAILED",
        },
      }

      123 |   test.each(["update", "undo", "redo", "purgeVersions", "deleteArtifact", "get", "getHistory"])("%s rejects retained file history before effects", async (name) => {
      124 |     const f = fixture(); const row = f.row(); row.versionHistory[0].fileRef = { storageId: "_storage:foreign", mimeType: "image/png", size: 2 };
    > 125 |     await expect(f.invoke(name, { artifactId: "artifact-a", keepLatest: 1 })).rejects.toMatchObject({ data: { code: "CAPABILITY_NOT_READY" } });
          |                                                                                       ^
      126 |     expect(f.db.writes).toEqual([]);
      127 |   });
      128 |   test("bulk list and count preflight every linked candidate before delivery", async () => {

      at Object.toMatchObject (node_modules/expect/build/index.js:2155:20)
      at tests/unit/runtimeArtifactAuth/handlers.test.ts:125:87

  ● independent03A resource and lifecycle boundary › bulk list and count preflight every linked candidate before delivery

    expect(received).rejects.toMatchObject(expected)

    - Expected  - 1
    + Received  + 1

      Object {
        "data": Object {
    -     "code": "FORBIDDEN",
    +     "code": "BACKEND_OPERATION_FAILED",
        },
      }

      129 |     const f = fixture(); f.conversation(); f.row({ artifactId: "first", conversationRef: { conversationId: "conversation-a", messageId: "message-a" } });
      130 |     f.row({ artifactId: "second", conversationRef: { conversationId: "conversation-a", messageId: "missing" } });
    > 131 |     for (const name of ["list", "count"]) await expect(f.invoke(name, {})).rejects.toMatchObject({ data: { code: "FORBIDDEN" } });
          |                                                                                    ^
      132 |     expect(f.db.writes).toEqual([]);
      133 |   });
      134 |   test("getByConversation requires a real canonical owner and exact anchor", async () => {

      at Object.toMatchObject (node_modules/expect/build/index.js:2155:20)
      at Object.<anonymous> (tests/unit/runtimeArtifactAuth/handlers.test.ts:131:84)

  ● independent03A resource and lifecycle boundary › getByConversation requires a real canonical owner and exact anchor

    expect(received).rejects.toMatchObject(expected)

    - Expected  - 1
    + Received  + 1

      Object {
        "data": Object {
    -     "code": "CAPABILITY_NOT_READY",
    +     "code": "BACKEND_OPERATION_FAILED",
        },
      }

      134 |   test("getByConversation requires a real canonical owner and exact anchor", async () => {
      135 |     const f = fixture(); f.conversation({ ownerPrincipalId: undefined }); f.row({ conversationRef: { conversationId: "conversation-a" } });
    > 136 |     await expect(f.invoke("getByConversation", { conversationId: "conversation-a" })).rejects.toMatchObject({ data: { code: "CAPABILITY_NOT_READY" } });
          |                                                                                               ^
      137 |     expect(f.db.reads.filter((event) => event.table === "conversations").flatMap((event) => event.ids)).toEqual([]);
      138 |   });
      139 |   test("earlier linked controls remain pinned through later list candidates", async () => {

      at Object.toMatchObject (node_modules/expect/build/index.js:2155:20)
      at Object.<anonymous> (tests/unit/runtimeArtifactAuth/handlers.test.ts:136:95)

  ● independent03A resource and lifecycle boundary › earlier linked controls remain pinned through later list candidates

    expect(received).rejects.toMatchObject(expected)

    - Expected  - 1
    + Received  + 1

      Object {
        "data": Object {
    -     "code": "FORBIDDEN",
    +     "code": "BACKEND_OPERATION_FAILED",
        },
      }

      145 |         tenantId: "tenant-a", memorySpaceId: "space-a", resourceType: "conversation", resourceId: conversation.conversationId, deletedAt: 1 });
      146 |     };
    > 147 |     await expect(f.invoke("list", {})).rejects.toMatchObject({ data: { code: "FORBIDDEN" } });
          |                                                ^
      148 |   });
      149 |   test("full canonical snapshot detects stale version, owner and linked anchor after awaits", async () => {
      150 |     for (const mutation of ["version", "owner", "anchor"] as const) {

      at Object.toMatchObject (node_modules/expect/build/index.js:2155:20)
      at Object.<anonymous> (tests/unit/runtimeArtifactAuth/handlers.test.ts:147:48)

  ● independent03A resource and lifecycle boundary › full canonical snapshot detects stale version, owner and linked anchor after awaits

    expect(received).rejects.toMatchObject(expected)

    - Expected  - 1
    + Received  + 1

      Object {
        "data": Object {
    -     "code": "FORBIDDEN",
    +     "code": "BACKEND_OPERATION_FAILED",
        },
      }

      156 |         if (mutation === "anchor") conversation.messages[0].content = "replaced source";
      157 |       } };
    > 158 |       await expect(f.invoke("update", { artifactId: "artifact-a", content: "stale" })).rejects.toMatchObject({ data: { code: "FORBIDDEN" } });
          |                                                                                                ^
      159 |       expect(f.db.writes).toEqual([]);
      160 |     }
      161 |   });

      at Object.toMatchObject (node_modules/expect/build/index.js:2155:20)
      at Object.<anonymous> (tests/unit/runtimeArtifactAuth/handlers.test.ts:158:96)

  ● independent03A resource and lifecycle boundary › version safe integer overflow and malformed history deny before mutation

    expect(received).rejects.toMatchObject(expected)

    - Expected  - 1
    + Received  + 1

      Object {
        "data": Object {
    -     "code": "INVALID_ARGUMENT",
    +     "code": "BACKEND_OPERATION_FAILED",
        },
      }

      163 |     const f = fixture(); f.row({ version: Number.MAX_SAFE_INTEGER, versionPointer: Number.MAX_SAFE_INTEGER,
      164 |       versionHistory: [{ version: Number.MAX_SAFE_INTEGER, content: "first", timestamp: 1, changeType: "create" }] });
    > 165 |     await expect(f.invoke("update", { artifactId: "artifact-a", content: "overflow" })).rejects.toMatchObject({ data: { code: "INVALID_ARGUMENT" } }); expect(f.db.writes).toEqual([]);
          |                                                                                                 ^
      166 |     f.db.rows("artifacts")[0].versionHistory.push({ version: 1, timestamp: 2, changeType: "update" });
      167 |     await expect(f.invoke("get", { artifactId: "artifact-a" })).rejects.toMatchObject({ data: { code: "INVALID_VERSION_STATE" } });
      168 |   });

      at Object.toMatchObject (node_modules/expect/build/index.js:2155:20)
      at Object.<anonymous> (tests/unit/runtimeArtifactAuth/handlers.test.ts:165:97)

  ● independent03A resource and lifecycle boundary › undo/redo preserve gaps; branching discards only future text versions

    ConvexError: {"version":1,"code":"BACKEND_OPERATION_FAILED","message":"Artifact operation failed.","retryable":false,"outcome":"not_committed"}

      82 | }
      83 | function backendFailure(): ConvexError<Value> {
    > 84 |   return new ConvexError({ version: 1, code: "BACKEND_OPERATION_FAILED", message: "Artifact operation failed.",
         |          ^
      85 |     retryable: false, outcome: "not_committed" });
      86 | }
      87 | function ordinaryAuthorityDenial(error: unknown): boolean {

      at backendFailure (convex-dev/runtimeArtifactAuth.ts:84:10)
      at artifactHandler (convex-dev/runtimeArtifactAuth.ts:133:11)
      at Database.transaction (tests/unit/runtimeArtifactAuth/fixture.ts:91:18)
      at Object.<anonymous> (tests/unit/runtimeArtifactAuth/handlers.test.ts:178:13)

  ● retained admission and transactional source witnesses › an initially unavailable READ is never newly adopted after a write

    ConvexError: {"version":1,"code":"BACKEND_OPERATION_FAILED","message":"Artifact operation failed.","retryable":false,"outcome":"not_committed"}

      82 | }
      83 | function backendFailure(): ConvexError<Value> {
    > 84 |   return new ConvexError({ version: 1, code: "BACKEND_OPERATION_FAILED", message: "Artifact operation failed.",
         |          ^
      85 |     retryable: false, outcome: "not_committed" });
      86 | }
      87 | function ordinaryAuthorityDenial(error: unknown): boolean {

      at backendFailure (convex-dev/runtimeArtifactAuth.ts:84:10)
      at artifactHandler (convex-dev/runtimeArtifactAuth.ts:133:11)
      at Database.transaction (tests/unit/runtimeArtifactAuth/fixture.ts:91:18)
      at Object.<anonymous> (tests/unit/runtimeArtifactAuth/handlers.test.ts:202:12)

  ● retained admission and transactional source witnesses › late principal control failure rolls back the admitted text mutation

    expect(received).rejects.toMatchObject(expected)

    - Expected  - 1
    + Received  + 1

      Object {
        "data": Object {
    -     "code": "FORBIDDEN",
    +     "code": "BACKEND_OPERATION_FAILED",
        },
      }

      211 |       if (control === "resource") f.db.add("runtimeAuthTombstones", { tenantId: "tenant-a", memorySpaceId: "space-a", resourceType: "artifact", resourceId: "artifact-a", deletedAt: 1 });
      212 |     };
    > 213 |     await expect(f.invoke("update", { artifactId: "artifact-a", content: "unsafe" })).rejects.toMatchObject({ data: { code: "FORBIDDEN" } });
          |                                                                                               ^
      214 |     expect(f.db.rows("artifacts")[0].content).toBe("first"); expect(f.db.writes).toEqual([]); expect(f.db.attempts).toHaveLength(1);
      215 |   });
      216 |   test("never adopt changed inserted payload after effects", async () => {

      at Object.toMatchObject (node_modules/expect/build/index.js:2155:20)
      at tests/unit/runtimeArtifactAuth/handlers.test.ts:213:95

  ● retained admission and transactional source witnesses › late membership control failure rolls back the admitted text mutation

    expect(received).rejects.toMatchObject(expected)

    - Expected  - 1
    + Received  + 1

      Object {
        "data": Object {
    -     "code": "FORBIDDEN",
    +     "code": "BACKEND_OPERATION_FAILED",
        },
      }

      211 |       if (control === "resource") f.db.add("runtimeAuthTombstones", { tenantId: "tenant-a", memorySpaceId: "space-a", resourceType: "artifact", resourceId: "artifact-a", deletedAt: 1 });
      212 |     };
    > 213 |     await expect(f.invoke("update", { artifactId: "artifact-a", content: "unsafe" })).rejects.toMatchObject({ data: { code: "FORBIDDEN" } });
          |                                                                                               ^
      214 |     expect(f.db.rows("artifacts")[0].content).toBe("first"); expect(f.db.writes).toEqual([]); expect(f.db.attempts).toHaveLength(1);
      215 |   });
      216 |   test("never adopt changed inserted payload after effects", async () => {

      at Object.toMatchObject (node_modules/expect/build/index.js:2155:20)
      at tests/unit/runtimeArtifactAuth/handlers.test.ts:213:95

  ● retained admission and transactional source witnesses › late scope control failure rolls back the admitted text mutation

    expect(received).rejects.toMatchObject(expected)

    - Expected  - 1
    + Received  + 1

      Object {
        "data": Object {
    -     "code": "FORBIDDEN",
    +     "code": "BACKEND_OPERATION_FAILED",
        },
      }

      211 |       if (control === "resource") f.db.add("runtimeAuthTombstones", { tenantId: "tenant-a", memorySpaceId: "space-a", resourceType: "artifact", resourceId: "artifact-a", deletedAt: 1 });
      212 |     };
    > 213 |     await expect(f.invoke("update", { artifactId: "artifact-a", content: "unsafe" })).rejects.toMatchObject({ data: { code: "FORBIDDEN" } });
          |                                                                                               ^
      214 |     expect(f.db.rows("artifacts")[0].content).toBe("first"); expect(f.db.writes).toEqual([]); expect(f.db.attempts).toHaveLength(1);
      215 |   });
      216 |   test("never adopt changed inserted payload after effects", async () => {

      at Object.toMatchObject (node_modules/expect/build/index.js:2155:20)
      at tests/unit/runtimeArtifactAuth/handlers.test.ts:213:95

  ● retained admission and transactional source witnesses › late resource control failure rolls back the admitted text mutation

    expect(received).rejects.toMatchObject(expected)

    - Expected  - 1
    + Received  + 1

      Object {
        "data": Object {
    -     "code": "FORBIDDEN",
    +     "code": "BACKEND_OPERATION_FAILED",
        },
      }

      211 |       if (control === "resource") f.db.add("runtimeAuthTombstones", { tenantId: "tenant-a", memorySpaceId: "space-a", resourceType: "artifact", resourceId: "artifact-a", deletedAt: 1 });
      212 |     };
    > 213 |     await expect(f.invoke("update", { artifactId: "artifact-a", content: "unsafe" })).rejects.toMatchObject({ data: { code: "FORBIDDEN" } });
          |                                                                                               ^
      214 |     expect(f.db.rows("artifacts")[0].content).toBe("first"); expect(f.db.writes).toEqual([]); expect(f.db.attempts).toHaveLength(1);
      215 |   });
      216 |   test("never adopt changed inserted payload after effects", async () => {

      at Object.toMatchObject (node_modules/expect/build/index.js:2155:20)
      at tests/unit/runtimeArtifactAuth/handlers.test.ts:213:95

  ● retained admission and transactional source witnesses › never adopt changed inserted payload after effects

    expect(received).rejects.toMatchObject(expected)

    - Expected  - 1
    + Received  + 1

      Object {
        "data": Object {
    -     "code": "FORBIDDEN",
    +     "code": "BACKEND_OPERATION_FAILED",
        },
      }

      216 |   test("never adopt changed inserted payload after effects", async () => {
      217 |     const f = fixture(); f.db.hook = (event) => { if (event.action === "insert" && event.table === "artifacts") f.db.rows("artifacts")[0].content = "changed after insert"; };
    > 218 |     await expect(f.invoke("create", { memorySpaceId: "space-a", content: "expected" })).rejects.toMatchObject({ data: { code: "FORBIDDEN" } });
          |                                                                                                 ^
      219 |     expect(f.db.rows("artifacts")).toEqual([]); expect(f.db.writes).toEqual([]);
      220 |   });
      221 |   test("linked anchor changed after effect is denied with full rollback", async () => {

      at Object.toMatchObject (node_modules/expect/build/index.js:2155:20)
      at Object.<anonymous> (tests/unit/runtimeArtifactAuth/handlers.test.ts:218:97)

  ● retained admission and transactional source witnesses › linked anchor changed after effect is denied with full rollback

    expect(received).rejects.toMatchObject(expected)

    - Expected  - 1
    + Received  + 1

      Object {
        "data": Object {
    -     "code": "FORBIDDEN",
    +     "code": "BACKEND_OPERATION_FAILED",
        },
      }

      222 |     const f = fixture(); const conversation = f.conversation(); f.row({ conversationRef: { conversationId: "conversation-a", messageId: "message-a" } });
      223 |     f.db.hook = (event) => { if (event.action === "patch") conversation.messages[0].id = "replacement"; };
    > 224 |     await expect(f.invoke("update", { artifactId: "artifact-a", content: "unsafe" })).rejects.toMatchObject({ data: { code: "FORBIDDEN" } });
          |                                                                                               ^
      225 |     expect(f.db.rows("artifacts")[0].content).toBe("first"); expect(f.db.writes).toEqual([]);
      226 |   });
      227 |   test("file-bearing current row is rejected by all applicable selected public APIs before effects", async () => {

      at Object.toMatchObject (node_modules/expect/build/index.js:2155:20)
      at Object.<anonymous> (tests/unit/runtimeArtifactAuth/handlers.test.ts:224:95)

  ● retained admission and transactional source witnesses › file-bearing current row is rejected by all applicable selected public APIs before effects

    expect(received).rejects.toMatchObject(expected)

    - Expected  - 1
    + Received  + 1

      Object {
        "data": Object {
    -     "code": "CAPABILITY_NOT_READY",
    +     "code": "BACKEND_OPERATION_FAILED",
        },
      }

      228 |     for (const name of selected.filter((name) => name !== "create")) {
      229 |       const f = happyCase(name); f.db.rows("artifacts")[0].fileRef = { storageId: "_storage:foreign", mimeType: "image/png", size: 1 };
    > 230 |       await expect(f.invoke(name, f.args)).rejects.toMatchObject({ data: { code: "CAPABILITY_NOT_READY" } });
          |                                                    ^
      231 |       expect(f.db.attempts).toEqual([]);
      232 |     }
      233 |   });

      at Object.toMatchObject (node_modules/expect/build/index.js:2155:20)
      at Object.<anonymous> (tests/unit/runtimeArtifactAuth/handlers.test.ts:230:52)

  ● retained admission and transactional source witnesses › canonical memory source owner and lifecycle are required

    ConvexError: {"version":1,"code":"BACKEND_OPERATION_FAILED","message":"Artifact operation failed.","retryable":false,"outcome":"not_committed"}

      82 | }
      83 | function backendFailure(): ConvexError<Value> {
    > 84 |   return new ConvexError({ version: 1, code: "BACKEND_OPERATION_FAILED", message: "Artifact operation failed.",
         |          ^
      85 |     retryable: false, outcome: "not_committed" });
      86 | }
      87 | function ordinaryAuthorityDenial(error: unknown): boolean {

      at backendFailure (convex-dev/runtimeArtifactAuth.ts:84:10)
      at artifactHandler (convex-dev/runtimeArtifactAuth.ts:133:11)
      at Database.transaction (tests/unit/runtimeArtifactAuth/fixture.ts:91:18)
      at Object.<anonymous> (tests/unit/runtimeArtifactAuth/handlers.test.ts:238:13)

  ● retained admission and transactional source witnesses › completed streaming keeps version history; cancellation and retry preserve selected content behavior

    ConvexError: {"version":1,"code":"BACKEND_OPERATION_FAILED","message":"Artifact operation failed.","retryable":false,"outcome":"not_committed"}

      82 | }
      83 | function backendFailure(): ConvexError<Value> {
    > 84 |   return new ConvexError({ version: 1, code: "BACKEND_OPERATION_FAILED", message: "Artifact operation failed.",
         |          ^
      85 |     retryable: false, outcome: "not_committed" });
      86 | }
      87 | function ordinaryAuthorityDenial(error: unknown): boolean {

      at backendFailure (convex-dev/runtimeArtifactAuth.ts:84:10)
      at artifactHandler (convex-dev/runtimeArtifactAuth.ts:133:11)
      at Database.transaction (tests/unit/runtimeArtifactAuth/fixture.ts:91:18)
      at Object.<anonymous> (tests/unit/runtimeArtifactAuth/handlers.test.ts:244:21)

  ● pre-hydration source and resource control checks › retained artifact control prevents payload hydration and list/count exclude it before processing

    expect(received).rejects.toMatchObject(expected)

    - Expected  - 1
    + Received  + 1

      Object {
        "data": Object {
    -     "code": "FORBIDDEN",
    +     "code": "BACKEND_OPERATION_FAILED",
        },
      }

      256 |   test("retained artifact control prevents payload hydration and list/count exclude it before processing", async () => {
      257 |     const f = fixture(); const row = f.row(); f.db.add("runtimeAuthTombstones", { tenantId: "tenant-a", memorySpaceId: "space-a", resourceType: "artifact", resourceId: "artifact-a", deletedAt: 1 });
    > 258 |     await expect(f.invoke("get", { artifactId: "artifact-a" })).rejects.toMatchObject({ data: { code: "FORBIDDEN" } });
          |                                                                         ^
      259 |     expect(f.db.reads.filter((event) => event.table === "artifacts")).toEqual([]);
      260 |     expect(await f.invoke("count", {})).toBe(0); expect((await f.invoke("list", {})).artifacts).toEqual([]);
      261 |     expect(f.db.reads.filter((event) => event.table === "artifacts").every((event) => !event.ids.includes(row._id))).toBe(true);

      at Object.toMatchObject (node_modules/expect/build/index.js:2155:20)
      at Object.<anonymous> (tests/unit/runtimeArtifactAuth/handlers.test.ts:258:73)

  ● pre-hydration source and resource control checks › independent linked READ is required before private canonical source hydration

    expect(received).rejects.toMatchObject(expected)

    - Expected  - 1
    + Received  + 1

      Object {
        "data": Object {
    -     "code": "FORBIDDEN",
    +     "code": "BACKEND_OPERATION_FAILED",
        },
      }

      263 |   test("independent linked READ is required before private canonical source hydration", async () => {
      264 |     const f = fixture(["write"]); f.conversation(); f.row({ conversationRef: { conversationId: "conversation-a", messageId: "message-a" } });
    > 265 |     await expect(f.invoke("update", { artifactId: "artifact-a", content: "unsafe" })).rejects.toMatchObject({ data: { code: "FORBIDDEN" } });
          |                                                                                               ^
      266 |     expect(f.db.reads.filter((event) => event.table === "conversations")).toEqual([]); expect(f.db.attempts).toEqual([]);
      267 |   });
      268 |   test("canonical source tombstone denies before message payload hydration", async () => {

      at Object.toMatchObject (node_modules/expect/build/index.js:2155:20)
      at Object.<anonymous> (tests/unit/runtimeArtifactAuth/handlers.test.ts:265:95)

  ● pre-hydration source and resource control checks › canonical source tombstone denies before message payload hydration

    expect(received).rejects.toMatchObject(expected)

    - Expected  - 1
    + Received  + 1

      Object {
        "data": Object {
    -     "code": "FORBIDDEN",
    +     "code": "BACKEND_OPERATION_FAILED",
        },
      }

      269 |     const f = fixture(); f.conversation(); f.row({ conversationRef: { conversationId: "conversation-a", messageId: "message-a" } });
      270 |     f.db.add("runtimeAuthTombstones", { tenantId: "tenant-a", memorySpaceId: "space-a", resourceType: "conversation", resourceId: "conversation-a", deletedAt: 1 });
    > 271 |     await expect(f.invoke("getByConversation", { conversationId: "conversation-a" })).rejects.toMatchObject({ data: { code: "FORBIDDEN" } });
          |                                                                                               ^
      272 |     expect(f.db.reads.filter((event) => event.table === "conversations")).toEqual([]); expect(f.db.attempts).toEqual([]);
      273 |   });
      274 | });

      at Object.toMatchObject (node_modules/expect/build/index.js:2155:20)
      at Object.<anonymous> (tests/unit/runtimeArtifactAuth/handlers.test.ts:271:95)

  ● cycle2 retained create admission and immutable repeated sources › create same-grant-capability after insert rejects with reached injection and rollback

    expect(received).rejects.toMatchObject(expected)

    - Expected  - 1
    + Received  + 1

      Object {
        "data": Object {
    -     "code": "FORBIDDEN",
    +     "code": "BACKEND_OPERATION_FAILED",
        },
      }

      288 |     } };
      289 |     await expect(f.invoke("create", { artifactId: "created", memorySpaceId: "space-a", content: "rollback" }))
    > 290 |       .rejects.toMatchObject({ data: { code: "FORBIDDEN" } });
          |                ^
      291 |     expect(injections).toBe(1); expect(f.db.attempts).toHaveLength(1);
      292 |     expect(f.db.attempts[0]).toMatchObject({ action: "insert", table: "artifacts" });
      293 |     expect(f.db.rows("artifacts")).toEqual([]); expect(f.db.writes).toEqual([]);

      at Object.toMatchObject (node_modules/expect/build/index.js:2155:20)
      at tests/unit/runtimeArtifactAuth/handlers.test.ts:290:16

  ● cycle2 retained create admission and immutable repeated sources › create distinct-grant-revocation after insert rejects with reached injection and rollback

    expect(received).rejects.toMatchObject(expected)

    - Expected  - 1
    + Received  + 1

      Object {
        "data": Object {
    -     "code": "FORBIDDEN",
    +     "code": "BACKEND_OPERATION_FAILED",
        },
      }

      288 |     } };
      289 |     await expect(f.invoke("create", { artifactId: "created", memorySpaceId: "space-a", content: "rollback" }))
    > 290 |       .rejects.toMatchObject({ data: { code: "FORBIDDEN" } });
          |                ^
      291 |     expect(injections).toBe(1); expect(f.db.attempts).toHaveLength(1);
      292 |     expect(f.db.attempts[0]).toMatchObject({ action: "insert", table: "artifacts" });
      293 |     expect(f.db.rows("artifacts")).toEqual([]); expect(f.db.writes).toEqual([]);

      at Object.toMatchObject (node_modules/expect/build/index.js:2155:20)
      at tests/unit/runtimeArtifactAuth/handlers.test.ts:290:16

  ● cycle2 retained create admission and immutable repeated sources › create initially absent READ remains a safe receipt after later READ availability

    ConvexError: {"version":1,"code":"BACKEND_OPERATION_FAILED","message":"Artifact operation failed.","retryable":false,"outcome":"not_committed"}

      82 | }
      83 | function backendFailure(): ConvexError<Value> {
    > 84 |   return new ConvexError({ version: 1, code: "BACKEND_OPERATION_FAILED", message: "Artifact operation failed.",
         |          ^
      85 |     retryable: false, outcome: "not_committed" });
      86 | }
      87 | function ordinaryAuthorityDenial(error: unknown): boolean {

      at backendFailure (convex-dev/runtimeArtifactAuth.ts:84:10)
      at artifactHandler (convex-dev/runtimeArtifactAuth.ts:133:11)
      at Database.transaction (tests/unit/runtimeArtifactAuth/fixture.ts:91:18)
      at Object.<anonymous> (tests/unit/runtimeArtifactAuth/handlers.test.ts:298:12)

  ● cycle2 retained create admission and immutable repeated sources › initial resource READ owner denial retains the independent scope pin, lateRevocation=false

    ConvexError: {"version":1,"code":"BACKEND_OPERATION_FAILED","message":"Artifact operation failed.","retryable":false,"outcome":"not_committed"}

      82 | }
      83 | function backendFailure(): ConvexError<Value> {
    > 84 |   return new ConvexError({ version: 1, code: "BACKEND_OPERATION_FAILED", message: "Artifact operation failed.",
         |          ^
      85 |     retryable: false, outcome: "not_committed" });
      86 | }
      87 | function ordinaryAuthorityDenial(error: unknown): boolean {

      at backendFailure (convex-dev/runtimeArtifactAuth.ts:84:10)
      at artifactHandler (convex-dev/runtimeArtifactAuth.ts:133:11)
      at Database.transaction (tests/unit/runtimeArtifactAuth/fixture.ts:91:18)
      at tests/unit/runtimeArtifactAuth/handlers.test.ts:313:14

  ● cycle2 retained create admission and immutable repeated sources › initial resource READ owner denial retains the independent scope pin, lateRevocation=true

    expect(received).rejects.toMatchObject(expected)

    - Expected  - 1
    + Received  + 1

      Object {
        "data": Object {
    -     "code": "FORBIDDEN",
    +     "code": "BACKEND_OPERATION_FAILED",
        },
      }

      308 |     const operation = f.invoke("update", { artifactId: "artifact-a", content: "new manual content" });
      309 |     if (revoke) {
    > 310 |       await expect(operation).rejects.toMatchObject({ data: { code: "FORBIDDEN" } });
          |                                       ^
      311 |       expect(injections).toBe(1); expect(f.db.rows("artifacts")[0].content).toBe("first"); expect(f.db.writes).toEqual([]);
      312 |     } else {
      313 |       expect(await operation).toEqual({ success: true, artifactId: "artifact-a" });

      at Object.toMatchObject (node_modules/expect/build/index.js:2155:20)
      at tests/unit/runtimeArtifactAuth/handlers.test.ts:310:39

  ● cycle2 retained create admission and immutable repeated sources › repeated conversation preserves every first source/anchor witness for change=none

    ConvexError: {"version":1,"code":"BACKEND_OPERATION_FAILED","message":"Artifact operation failed.","retryable":false,"outcome":"not_committed"}

      82 | }
      83 | function backendFailure(): ConvexError<Value> {
    > 84 |   return new ConvexError({ version: 1, code: "BACKEND_OPERATION_FAILED", message: "Artifact operation failed.",
         |          ^
      85 |     retryable: false, outcome: "not_committed" });
      86 | }
      87 | function ordinaryAuthorityDenial(error: unknown): boolean {

      at backendFailure (convex-dev/runtimeArtifactAuth.ts:84:10)
      at artifactHandler (convex-dev/runtimeArtifactAuth.ts:133:11)
      at Database.transaction (tests/unit/runtimeArtifactAuth/fixture.ts:91:18)
      at tests/unit/runtimeArtifactAuth/handlers.test.ts:345:26

  ● cycle2 retained create admission and immutable repeated sources › repeated conversation preserves every first source/anchor witness for change=anchor

    expect(received).toBe(expected) // Object.is equality

    Expected: 2
    Received: 0

      348 |           await expect(f.invoke("list", {})).rejects.toBeDefined();
      349 |         }
    > 350 |         expect(sourceQueries).toBe(2); expect(injections).toBe(change === "none" ? 0 : 1);
          |                               ^
      351 |         expect(f.db.attempts).toEqual([]); expect(f.db.writes).toEqual([]);
      352 |         if (["isDeleted", "deletedAt", "tombstonedAt"].includes(change)) {
      353 |           expect(f.db.reads.filter((event) => event.table === table)[1].ids).toEqual([]);

      at tests/unit/runtimeArtifactAuth/handlers.test.ts:350:31

  ● cycle2 retained create admission and immutable repeated sources › repeated conversation preserves every first source/anchor witness for change=content

    expect(received).toBe(expected) // Object.is equality

    Expected: 2
    Received: 0

      348 |           await expect(f.invoke("list", {})).rejects.toBeDefined();
      349 |         }
    > 350 |         expect(sourceQueries).toBe(2); expect(injections).toBe(change === "none" ? 0 : 1);
          |                               ^
      351 |         expect(f.db.attempts).toEqual([]); expect(f.db.writes).toEqual([]);
      352 |         if (["isDeleted", "deletedAt", "tombstonedAt"].includes(change)) {
      353 |           expect(f.db.reads.filter((event) => event.table === table)[1].ids).toEqual([]);

      at tests/unit/runtimeArtifactAuth/handlers.test.ts:350:31

  ● cycle2 retained create admission and immutable repeated sources › repeated conversation preserves every first source/anchor witness for change=version

    expect(received).toBe(expected) // Object.is equality

    Expected: 2
    Received: 0

      348 |           await expect(f.invoke("list", {})).rejects.toBeDefined();
      349 |         }
    > 350 |         expect(sourceQueries).toBe(2); expect(injections).toBe(change === "none" ? 0 : 1);
          |                               ^
      351 |         expect(f.db.attempts).toEqual([]); expect(f.db.writes).toEqual([]);
      352 |         if (["isDeleted", "deletedAt", "tombstonedAt"].includes(change)) {
      353 |           expect(f.db.reads.filter((event) => event.table === table)[1].ids).toEqual([]);

      at tests/unit/runtimeArtifactAuth/handlers.test.ts:350:31

  ● cycle2 retained create admission and immutable repeated sources › repeated conversation preserves every first source/anchor witness for change=owner

    expect(received).toBe(expected) // Object.is equality

    Expected: 2
    Received: 0

      348 |           await expect(f.invoke("list", {})).rejects.toBeDefined();
      349 |         }
    > 350 |         expect(sourceQueries).toBe(2); expect(injections).toBe(change === "none" ? 0 : 1);
          |                               ^
      351 |         expect(f.db.attempts).toEqual([]); expect(f.db.writes).toEqual([]);
      352 |         if (["isDeleted", "deletedAt", "tombstonedAt"].includes(change)) {
      353 |           expect(f.db.reads.filter((event) => event.table === table)[1].ids).toEqual([]);

      at tests/unit/runtimeArtifactAuth/handlers.test.ts:350:31

  ● cycle2 retained create admission and immutable repeated sources › repeated conversation preserves every first source/anchor witness for change=isDeleted

    expect(received).toBe(expected) // Object.is equality

    Expected: 2
    Received: 0

      348 |           await expect(f.invoke("list", {})).rejects.toBeDefined();
      349 |         }
    > 350 |         expect(sourceQueries).toBe(2); expect(injections).toBe(change === "none" ? 0 : 1);
          |                               ^
      351 |         expect(f.db.attempts).toEqual([]); expect(f.db.writes).toEqual([]);
      352 |         if (["isDeleted", "deletedAt", "tombstonedAt"].includes(change)) {
      353 |           expect(f.db.reads.filter((event) => event.table === table)[1].ids).toEqual([]);

      at tests/unit/runtimeArtifactAuth/handlers.test.ts:350:31

  ● cycle2 retained create admission and immutable repeated sources › repeated conversation preserves every first source/anchor witness for change=deletedAt

    expect(received).toBe(expected) // Object.is equality

    Expected: 2
    Received: 0

      348 |           await expect(f.invoke("list", {})).rejects.toBeDefined();
      349 |         }
    > 350 |         expect(sourceQueries).toBe(2); expect(injections).toBe(change === "none" ? 0 : 1);
          |                               ^
      351 |         expect(f.db.attempts).toEqual([]); expect(f.db.writes).toEqual([]);
      352 |         if (["isDeleted", "deletedAt", "tombstonedAt"].includes(change)) {
      353 |           expect(f.db.reads.filter((event) => event.table === table)[1].ids).toEqual([]);

      at tests/unit/runtimeArtifactAuth/handlers.test.ts:350:31

  ● cycle2 retained create admission and immutable repeated sources › repeated conversation preserves every first source/anchor witness for change=tombstonedAt

    expect(received).toBe(expected) // Object.is equality

    Expected: 2
    Received: 0

      348 |           await expect(f.invoke("list", {})).rejects.toBeDefined();
      349 |         }
    > 350 |         expect(sourceQueries).toBe(2); expect(injections).toBe(change === "none" ? 0 : 1);
          |                               ^
      351 |         expect(f.db.attempts).toEqual([]); expect(f.db.writes).toEqual([]);
      352 |         if (["isDeleted", "deletedAt", "tombstonedAt"].includes(change)) {
      353 |           expect(f.db.reads.filter((event) => event.table === table)[1].ids).toEqual([]);

      at tests/unit/runtimeArtifactAuth/handlers.test.ts:350:31

  ● cycle2 retained create admission and immutable repeated sources › conversation foreign ID/owner inserted first never hydrates

    ConvexError: {"version":1,"code":"BACKEND_OPERATION_FAILED","message":"Artifact operation failed.","retryable":false,"outcome":"not_committed"}

      82 | }
      83 | function backendFailure(): ConvexError<Value> {
    > 84 |   return new ConvexError({ version: 1, code: "BACKEND_OPERATION_FAILED", message: "Artifact operation failed.",
         |          ^
      85 |     retryable: false, outcome: "not_committed" });
      86 | }
      87 | function ordinaryAuthorityDenial(error: unknown): boolean {

      at backendFailure (convex-dev/runtimeArtifactAuth.ts:84:10)
      at artifactHandler (convex-dev/runtimeArtifactAuth.ts:133:11)
      at Database.transaction (tests/unit/runtimeArtifactAuth/fixture.ts:91:18)
      at Object.<anonymous> (tests/unit/runtimeArtifactAuth/handlers.test.ts:379:15)

  ● cycle2 retained create admission and immutable repeated sources › repeated memory preserves every first source/anchor witness for change=none

    ConvexError: {"version":1,"code":"BACKEND_OPERATION_FAILED","message":"Artifact operation failed.","retryable":false,"outcome":"not_committed"}

      82 | }
      83 | function backendFailure(): ConvexError<Value> {
    > 84 |   return new ConvexError({ version: 1, code: "BACKEND_OPERATION_FAILED", message: "Artifact operation failed.",
         |          ^
      85 |     retryable: false, outcome: "not_committed" });
      86 | }
      87 | function ordinaryAuthorityDenial(error: unknown): boolean {

      at backendFailure (convex-dev/runtimeArtifactAuth.ts:84:10)
      at artifactHandler (convex-dev/runtimeArtifactAuth.ts:133:11)
      at Database.transaction (tests/unit/runtimeArtifactAuth/fixture.ts:91:18)
      at tests/unit/runtimeArtifactAuth/handlers.test.ts:345:26

  ● cycle2 retained create admission and immutable repeated sources › repeated memory preserves every first source/anchor witness for change=anchor

    expect(received).toBe(expected) // Object.is equality

    Expected: 2
    Received: 0

      348 |           await expect(f.invoke("list", {})).rejects.toBeDefined();
      349 |         }
    > 350 |         expect(sourceQueries).toBe(2); expect(injections).toBe(change === "none" ? 0 : 1);
          |                               ^
      351 |         expect(f.db.attempts).toEqual([]); expect(f.db.writes).toEqual([]);
      352 |         if (["isDeleted", "deletedAt", "tombstonedAt"].includes(change)) {
      353 |           expect(f.db.reads.filter((event) => event.table === table)[1].ids).toEqual([]);

      at tests/unit/runtimeArtifactAuth/handlers.test.ts:350:31

  ● cycle2 retained create admission and immutable repeated sources › repeated memory preserves every first source/anchor witness for change=content

    expect(received).toBe(expected) // Object.is equality

    Expected: 2
    Received: 0

      348 |           await expect(f.invoke("list", {})).rejects.toBeDefined();
      349 |         }
    > 350 |         expect(sourceQueries).toBe(2); expect(injections).toBe(change === "none" ? 0 : 1);
          |                               ^
      351 |         expect(f.db.attempts).toEqual([]); expect(f.db.writes).toEqual([]);
      352 |         if (["isDeleted", "deletedAt", "tombstonedAt"].includes(change)) {
      353 |           expect(f.db.reads.filter((event) => event.table === table)[1].ids).toEqual([]);

      at tests/unit/runtimeArtifactAuth/handlers.test.ts:350:31

  ● cycle2 retained create admission and immutable repeated sources › repeated memory preserves every first source/anchor witness for change=version

    expect(received).toBe(expected) // Object.is equality

    Expected: 2
    Received: 0

      348 |           await expect(f.invoke("list", {})).rejects.toBeDefined();
      349 |         }
    > 350 |         expect(sourceQueries).toBe(2); expect(injections).toBe(change === "none" ? 0 : 1);
          |                               ^
      351 |         expect(f.db.attempts).toEqual([]); expect(f.db.writes).toEqual([]);
      352 |         if (["isDeleted", "deletedAt", "tombstonedAt"].includes(change)) {
      353 |           expect(f.db.reads.filter((event) => event.table === table)[1].ids).toEqual([]);

      at tests/unit/runtimeArtifactAuth/handlers.test.ts:350:31

  ● cycle2 retained create admission and immutable repeated sources › repeated memory preserves every first source/anchor witness for change=owner

    expect(received).toBe(expected) // Object.is equality

    Expected: 2
    Received: 0

      348 |           await expect(f.invoke("list", {})).rejects.toBeDefined();
      349 |         }
    > 350 |         expect(sourceQueries).toBe(2); expect(injections).toBe(change === "none" ? 0 : 1);
          |                               ^
      351 |         expect(f.db.attempts).toEqual([]); expect(f.db.writes).toEqual([]);
      352 |         if (["isDeleted", "deletedAt", "tombstonedAt"].includes(change)) {
      353 |           expect(f.db.reads.filter((event) => event.table === table)[1].ids).toEqual([]);

      at tests/unit/runtimeArtifactAuth/handlers.test.ts:350:31

  ● cycle2 retained create admission and immutable repeated sources › repeated memory preserves every first source/anchor witness for change=isDeleted

    expect(received).toBe(expected) // Object.is equality

    Expected: 2
    Received: 0

      348 |           await expect(f.invoke("list", {})).rejects.toBeDefined();
      349 |         }
    > 350 |         expect(sourceQueries).toBe(2); expect(injections).toBe(change === "none" ? 0 : 1);
          |                               ^
      351 |         expect(f.db.attempts).toEqual([]); expect(f.db.writes).toEqual([]);
      352 |         if (["isDeleted", "deletedAt", "tombstonedAt"].includes(change)) {
      353 |           expect(f.db.reads.filter((event) => event.table === table)[1].ids).toEqual([]);

      at tests/unit/runtimeArtifactAuth/handlers.test.ts:350:31

  ● cycle2 retained create admission and immutable repeated sources › repeated memory preserves every first source/anchor witness for change=deletedAt

    expect(received).toBe(expected) // Object.is equality

    Expected: 2
    Received: 0

      348 |           await expect(f.invoke("list", {})).rejects.toBeDefined();
      349 |         }
    > 350 |         expect(sourceQueries).toBe(2); expect(injections).toBe(change === "none" ? 0 : 1);
          |                               ^
      351 |         expect(f.db.attempts).toEqual([]); expect(f.db.writes).toEqual([]);
      352 |         if (["isDeleted", "deletedAt", "tombstonedAt"].includes(change)) {
      353 |           expect(f.db.reads.filter((event) => event.table === table)[1].ids).toEqual([]);

      at tests/unit/runtimeArtifactAuth/handlers.test.ts:350:31

  ● cycle2 retained create admission and immutable repeated sources › repeated memory preserves every first source/anchor witness for change=tombstonedAt

    expect(received).toBe(expected) // Object.is equality

    Expected: 2
    Received: 0

      348 |           await expect(f.invoke("list", {})).rejects.toBeDefined();
      349 |         }
    > 350 |         expect(sourceQueries).toBe(2); expect(injections).toBe(change === "none" ? 0 : 1);
          |                               ^
      351 |         expect(f.db.attempts).toEqual([]); expect(f.db.writes).toEqual([]);
      352 |         if (["isDeleted", "deletedAt", "tombstonedAt"].includes(change)) {
      353 |           expect(f.db.reads.filter((event) => event.table === table)[1].ids).toEqual([]);

      at tests/unit/runtimeArtifactAuth/handlers.test.ts:350:31

  ● cycle2 retained create admission and immutable repeated sources › memory foreign ID/owner inserted first never hydrates

    ConvexError: {"version":1,"code":"BACKEND_OPERATION_FAILED","message":"Artifact operation failed.","retryable":false,"outcome":"not_committed"}

      82 | }
      83 | function backendFailure(): ConvexError<Value> {
    > 84 |   return new ConvexError({ version: 1, code: "BACKEND_OPERATION_FAILED", message: "Artifact operation failed.",
         |          ^
      85 |     retryable: false, outcome: "not_committed" });
      86 | }
      87 | function ordinaryAuthorityDenial(error: unknown): boolean {

      at backendFailure (convex-dev/runtimeArtifactAuth.ts:84:10)
      at artifactHandler (convex-dev/runtimeArtifactAuth.ts:133:11)
      at Database.transaction (tests/unit/runtimeArtifactAuth/fixture.ts:91:18)
      at Object.<anonymous> (tests/unit/runtimeArtifactAuth/handlers.test.ts:379:15)

  ● official Convex native payload witnesses › native int64, bytes and special floats round trip through registered create/get/update with preserved history

    ConvexError: {"version":1,"code":"BACKEND_OPERATION_FAILED","message":"Artifact operation failed.","retryable":false,"outcome":"not_committed"}

      82 | }
      83 | function backendFailure(): ConvexError<Value> {
    > 84 |   return new ConvexError({ version: 1, code: "BACKEND_OPERATION_FAILED", message: "Artifact operation failed.",
         |          ^
      85 |     retryable: false, outcome: "not_committed" });
      86 | }
      87 | function ordinaryAuthorityDenial(error: unknown): boolean {

      at backendFailure (convex-dev/runtimeArtifactAuth.ts:84:10)
      at artifactHandler (convex-dev/runtimeArtifactAuth.ts:133:11)
      at Database.transaction (tests/unit/runtimeArtifactAuth/fixture.ts:91:18)
      at Object.<anonymous> (tests/unit/runtimeArtifactAuth/handlers.test.ts:402:21)

  ● official Convex native payload witnesses › conversation native payload and object-key reorder preserves first source witness

    ConvexError: {"version":1,"code":"BACKEND_OPERATION_FAILED","message":"Artifact operation failed.","retryable":false,"outcome":"not_committed"}

      82 | }
      83 | function backendFailure(): ConvexError<Value> {
    > 84 |   return new ConvexError({ version: 1, code: "BACKEND_OPERATION_FAILED", message: "Artifact operation failed.",
         |          ^
      85 |     retryable: false, outcome: "not_committed" });
      86 | }
      87 | function ordinaryAuthorityDenial(error: unknown): boolean {

      at backendFailure (convex-dev/runtimeArtifactAuth.ts:84:10)
      at artifactHandler (convex-dev/runtimeArtifactAuth.ts:133:11)
      at Database.transaction (tests/unit/runtimeArtifactAuth/fixture.ts:91:18)
      at Object.<anonymous> (tests/unit/runtimeArtifactAuth/handlers.test.ts:433:22)

  ● official Convex native payload witnesses › conversation repeated native bytes change denies without delivery or effects

    expect(received).rejects.toMatchObject(expected)

    - Expected  - 1
    + Received  + 1

      Object {
        "data": Object {
    -     "code": "FORBIDDEN",
    +     "code": "BACKEND_OPERATION_FAILED",
        },
      }

      452 |       } };
      453 |       await expect(f.invoke("list", {}).then((result) => { deliveries += 1; return result; }))
    > 454 |         .rejects.toMatchObject({ data: { code: "FORBIDDEN" } });
          |                  ^
      455 |       expect(queries).toBe(2); expect(injections).toBe(1); expect(deliveries).toBe(0);
      456 |       expect(f.db.attempts).toEqual([]); expect(f.db.writes).toEqual([]);
      457 |     });

      at Object.toMatchObject (node_modules/expect/build/index.js:2155:20)
      at tests/unit/runtimeArtifactAuth/handlers.test.ts:454:18

  ● official Convex native payload witnesses › conversation repeated native int64 change denies without delivery or effects

    expect(received).rejects.toMatchObject(expected)

    - Expected  - 1
    + Received  + 1

      Object {
        "data": Object {
    -     "code": "FORBIDDEN",
    +     "code": "BACKEND_OPERATION_FAILED",
        },
      }

      452 |       } };
      453 |       await expect(f.invoke("list", {}).then((result) => { deliveries += 1; return result; }))
    > 454 |         .rejects.toMatchObject({ data: { code: "FORBIDDEN" } });
          |                  ^
      455 |       expect(queries).toBe(2); expect(injections).toBe(1); expect(deliveries).toBe(0);
      456 |       expect(f.db.attempts).toEqual([]); expect(f.db.writes).toEqual([]);
      457 |     });

      at Object.toMatchObject (node_modules/expect/build/index.js:2155:20)
      at tests/unit/runtimeArtifactAuth/handlers.test.ts:454:18

  ● official Convex native payload witnesses › conversation repeated native NaN-to-Infinity change denies without delivery or effects

    expect(received).rejects.toMatchObject(expected)

    - Expected  - 1
    + Received  + 1

      Object {
        "data": Object {
    -     "code": "FORBIDDEN",
    +     "code": "BACKEND_OPERATION_FAILED",
        },
      }

      452 |       } };
      453 |       await expect(f.invoke("list", {}).then((result) => { deliveries += 1; return result; }))
    > 454 |         .rejects.toMatchObject({ data: { code: "FORBIDDEN" } });
          |                  ^
      455 |       expect(queries).toBe(2); expect(injections).toBe(1); expect(deliveries).toBe(0);
      456 |       expect(f.db.attempts).toEqual([]); expect(f.db.writes).toEqual([]);
      457 |     });

      at Object.toMatchObject (node_modules/expect/build/index.js:2155:20)
      at tests/unit/runtimeArtifactAuth/handlers.test.ts:454:18

  ● official Convex native payload witnesses › conversation repeated native positive-to-negative-Infinity change denies without delivery or effects

    expect(received).rejects.toMatchObject(expected)

    - Expected  - 1
    + Received  + 1

      Object {
        "data": Object {
    -     "code": "FORBIDDEN",
    +     "code": "BACKEND_OPERATION_FAILED",
        },
      }

      452 |       } };
      453 |       await expect(f.invoke("list", {}).then((result) => { deliveries += 1; return result; }))
    > 454 |         .rejects.toMatchObject({ data: { code: "FORBIDDEN" } });
          |                  ^
      455 |       expect(queries).toBe(2); expect(injections).toBe(1); expect(deliveries).toBe(0);
      456 |       expect(f.db.attempts).toEqual([]); expect(f.db.writes).toEqual([]);
      457 |     });

      at Object.toMatchObject (node_modules/expect/build/index.js:2155:20)
      at tests/unit/runtimeArtifactAuth/handlers.test.ts:454:18

  ● official Convex native payload witnesses › conversation repeated native negative-to-positive-zero change denies without delivery or effects

    expect(received).rejects.toMatchObject(expected)

    - Expected  - 1
    + Received  + 1

      Object {
        "data": Object {
    -     "code": "FORBIDDEN",
    +     "code": "BACKEND_OPERATION_FAILED",
        },
      }

      452 |       } };
      453 |       await expect(f.invoke("list", {}).then((result) => { deliveries += 1; return result; }))
    > 454 |         .rejects.toMatchObject({ data: { code: "FORBIDDEN" } });
          |                  ^
      455 |       expect(queries).toBe(2); expect(injections).toBe(1); expect(deliveries).toBe(0);
      456 |       expect(f.db.attempts).toEqual([]); expect(f.db.writes).toEqual([]);
      457 |     });

      at Object.toMatchObject (node_modules/expect/build/index.js:2155:20)
      at tests/unit/runtimeArtifactAuth/handlers.test.ts:454:18

  ● official Convex native payload witnesses › memory native payload and object-key reorder preserves first source witness

    ConvexError: {"version":1,"code":"BACKEND_OPERATION_FAILED","message":"Artifact operation failed.","retryable":false,"outcome":"not_committed"}

      82 | }
      83 | function backendFailure(): ConvexError<Value> {
    > 84 |   return new ConvexError({ version: 1, code: "BACKEND_OPERATION_FAILED", message: "Artifact operation failed.",
         |          ^
      85 |     retryable: false, outcome: "not_committed" });
      86 | }
      87 | function ordinaryAuthorityDenial(error: unknown): boolean {

      at backendFailure (convex-dev/runtimeArtifactAuth.ts:84:10)
      at artifactHandler (convex-dev/runtimeArtifactAuth.ts:133:11)
      at Database.transaction (tests/unit/runtimeArtifactAuth/fixture.ts:91:18)
      at Object.<anonymous> (tests/unit/runtimeArtifactAuth/handlers.test.ts:433:22)

  ● official Convex native payload witnesses › memory repeated native bytes change denies without delivery or effects

    expect(received).rejects.toMatchObject(expected)

    - Expected  - 1
    + Received  + 1

      Object {
        "data": Object {
    -     "code": "FORBIDDEN",
    +     "code": "BACKEND_OPERATION_FAILED",
        },
      }

      452 |       } };
      453 |       await expect(f.invoke("list", {}).then((result) => { deliveries += 1; return result; }))
    > 454 |         .rejects.toMatchObject({ data: { code: "FORBIDDEN" } });
          |                  ^
      455 |       expect(queries).toBe(2); expect(injections).toBe(1); expect(deliveries).toBe(0);
      456 |       expect(f.db.attempts).toEqual([]); expect(f.db.writes).toEqual([]);
      457 |     });

      at Object.toMatchObject (node_modules/expect/build/index.js:2155:20)
      at tests/unit/runtimeArtifactAuth/handlers.test.ts:454:18

  ● official Convex native payload witnesses › memory repeated native int64 change denies without delivery or effects

    expect(received).rejects.toMatchObject(expected)

    - Expected  - 1
    + Received  + 1

      Object {
        "data": Object {
    -     "code": "FORBIDDEN",
    +     "code": "BACKEND_OPERATION_FAILED",
        },
      }

      452 |       } };
      453 |       await expect(f.invoke("list", {}).then((result) => { deliveries += 1; return result; }))
    > 454 |         .rejects.toMatchObject({ data: { code: "FORBIDDEN" } });
          |                  ^
      455 |       expect(queries).toBe(2); expect(injections).toBe(1); expect(deliveries).toBe(0);
      456 |       expect(f.db.attempts).toEqual([]); expect(f.db.writes).toEqual([]);
      457 |     });

      at Object.toMatchObject (node_modules/expect/build/index.js:2155:20)
      at tests/unit/runtimeArtifactAuth/handlers.test.ts:454:18

  ● official Convex native payload witnesses › memory repeated native NaN-to-Infinity change denies without delivery or effects

    expect(received).rejects.toMatchObject(expected)

    - Expected  - 1
    + Received  + 1

      Object {
        "data": Object {
    -     "code": "FORBIDDEN",
    +     "code": "BACKEND_OPERATION_FAILED",
        },
      }

      452 |       } };
      453 |       await expect(f.invoke("list", {}).then((result) => { deliveries += 1; return result; }))
    > 454 |         .rejects.toMatchObject({ data: { code: "FORBIDDEN" } });
          |                  ^
      455 |       expect(queries).toBe(2); expect(injections).toBe(1); expect(deliveries).toBe(0);
      456 |       expect(f.db.attempts).toEqual([]); expect(f.db.writes).toEqual([]);
      457 |     });

      at Object.toMatchObject (node_modules/expect/build/index.js:2155:20)
      at tests/unit/runtimeArtifactAuth/handlers.test.ts:454:18

  ● official Convex native payload witnesses › memory repeated native positive-to-negative-Infinity change denies without delivery or effects

    expect(received).rejects.toMatchObject(expected)

    - Expected  - 1
    + Received  + 1

      Object {
        "data": Object {
    -     "code": "FORBIDDEN",
    +     "code": "BACKEND_OPERATION_FAILED",
        },
      }

      452 |       } };
      453 |       await expect(f.invoke("list", {}).then((result) => { deliveries += 1; return result; }))
    > 454 |         .rejects.toMatchObject({ data: { code: "FORBIDDEN" } });
          |                  ^
      455 |       expect(queries).toBe(2); expect(injections).toBe(1); expect(deliveries).toBe(0);
      456 |       expect(f.db.attempts).toEqual([]); expect(f.db.writes).toEqual([]);
      457 |     });

      at Object.toMatchObject (node_modules/expect/build/index.js:2155:20)
      at tests/unit/runtimeArtifactAuth/handlers.test.ts:454:18

  ● official Convex native payload witnesses › memory repeated native negative-to-positive-zero change denies without delivery or effects

    expect(received).rejects.toMatchObject(expected)

    - Expected  - 1
    + Received  + 1

      Object {
        "data": Object {
    -     "code": "FORBIDDEN",
    +     "code": "BACKEND_OPERATION_FAILED",
        },
      }

      452 |       } };
      453 |       await expect(f.invoke("list", {}).then((result) => { deliveries += 1; return result; }))
    > 454 |         .rejects.toMatchObject({ data: { code: "FORBIDDEN" } });
          |                  ^
      455 |       expect(queries).toBe(2); expect(injections).toBe(1); expect(deliveries).toBe(0);
      456 |       expect(f.db.attempts).toEqual([]); expect(f.db.writes).toEqual([]);
      457 |     });

      at Object.toMatchObject (node_modules/expect/build/index.js:2155:20)
      at tests/unit/runtimeArtifactAuth/handlers.test.ts:454:18

  ● official Convex native payload witnesses › artifact post-effect native bytes change denies and rolls back

    expect(received).rejects.toMatchObject(expected)

    - Expected  - 1
    + Received  + 1

      Object {
        "data": Object {
    -     "code": "FORBIDDEN",
    +     "code": "BACKEND_OPERATION_FAILED",
        },
      }

      462 |       injections += 1; f.db.rows("artifacts")[0].metadata.value = after();
      463 |     } };
    > 464 |     await expect(f.invoke("update", { artifactId: "artifact-a", content: "rollback" })).rejects.toMatchObject({ data: { code: "FORBIDDEN" } });
          |                                                                                                 ^
      465 |     expect(injections).toBe(1); expect(f.db.attempts).toHaveLength(1);
      466 |     expect(f.db.rows("artifacts")[0].content).toBe("first"); expect(f.db.writes).toEqual([]);
      467 |     // The before-value is compared with the official codec by the handler; the

      at Object.toMatchObject (node_modules/expect/build/index.js:2155:20)
      at tests/unit/runtimeArtifactAuth/handlers.test.ts:464:97

  ● official Convex native payload witnesses › artifact post-effect native int64 change denies and rolls back

    expect(received).rejects.toMatchObject(expected)

    - Expected  - 1
    + Received  + 1

      Object {
        "data": Object {
    -     "code": "FORBIDDEN",
    +     "code": "BACKEND_OPERATION_FAILED",
        },
      }

      462 |       injections += 1; f.db.rows("artifacts")[0].metadata.value = after();
      463 |     } };
    > 464 |     await expect(f.invoke("update", { artifactId: "artifact-a", content: "rollback" })).rejects.toMatchObject({ data: { code: "FORBIDDEN" } });
          |                                                                                                 ^
      465 |     expect(injections).toBe(1); expect(f.db.attempts).toHaveLength(1);
      466 |     expect(f.db.rows("artifacts")[0].content).toBe("first"); expect(f.db.writes).toEqual([]);
      467 |     // The before-value is compared with the official codec by the handler; the

      at Object.toMatchObject (node_modules/expect/build/index.js:2155:20)
      at tests/unit/runtimeArtifactAuth/handlers.test.ts:464:97

  ● official Convex native payload witnesses › artifact post-effect native NaN-to-Infinity change denies and rolls back

    expect(received).rejects.toMatchObject(expected)

    - Expected  - 1
    + Received  + 1

      Object {
        "data": Object {
    -     "code": "FORBIDDEN",
    +     "code": "BACKEND_OPERATION_FAILED",
        },
      }

      462 |       injections += 1; f.db.rows("artifacts")[0].metadata.value = after();
      463 |     } };
    > 464 |     await expect(f.invoke("update", { artifactId: "artifact-a", content: "rollback" })).rejects.toMatchObject({ data: { code: "FORBIDDEN" } });
          |                                                                                                 ^
      465 |     expect(injections).toBe(1); expect(f.db.attempts).toHaveLength(1);
      466 |     expect(f.db.rows("artifacts")[0].content).toBe("first"); expect(f.db.writes).toEqual([]);
      467 |     // The before-value is compared with the official codec by the handler; the

      at Object.toMatchObject (node_modules/expect/build/index.js:2155:20)
      at tests/unit/runtimeArtifactAuth/handlers.test.ts:464:97

  ● official Convex native payload witnesses › artifact post-effect native positive-to-negative-Infinity change denies and rolls back

    expect(received).rejects.toMatchObject(expected)

    - Expected  - 1
    + Received  + 1

      Object {
        "data": Object {
    -     "code": "FORBIDDEN",
    +     "code": "BACKEND_OPERATION_FAILED",
        },
      }

      462 |       injections += 1; f.db.rows("artifacts")[0].metadata.value = after();
      463 |     } };
    > 464 |     await expect(f.invoke("update", { artifactId: "artifact-a", content: "rollback" })).rejects.toMatchObject({ data: { code: "FORBIDDEN" } });
          |                                                                                                 ^
      465 |     expect(injections).toBe(1); expect(f.db.attempts).toHaveLength(1);
      466 |     expect(f.db.rows("artifacts")[0].content).toBe("first"); expect(f.db.writes).toEqual([]);
      467 |     // The before-value is compared with the official codec by the handler; the

      at Object.toMatchObject (node_modules/expect/build/index.js:2155:20)
      at tests/unit/runtimeArtifactAuth/handlers.test.ts:464:97

  ● official Convex native payload witnesses › artifact post-effect native negative-to-positive-zero change denies and rolls back

    expect(received).rejects.toMatchObject(expected)

    - Expected  - 1
    + Received  + 1

      Object {
        "data": Object {
    -     "code": "FORBIDDEN",
    +     "code": "BACKEND_OPERATION_FAILED",
        },
      }

      462 |       injections += 1; f.db.rows("artifacts")[0].metadata.value = after();
      463 |     } };
    > 464 |     await expect(f.invoke("update", { artifactId: "artifact-a", content: "rollback" })).rejects.toMatchObject({ data: { code: "FORBIDDEN" } });
          |                                                                                                 ^
      465 |     expect(injections).toBe(1); expect(f.db.attempts).toHaveLength(1);
      466 |     expect(f.db.rows("artifacts")[0].content).toBe("first"); expect(f.db.writes).toEqual([]);
      467 |     // The before-value is compared with the official codec by the handler; the

      at Object.toMatchObject (node_modules/expect/build/index.js:2155:20)
      at tests/unit/runtimeArtifactAuth/handlers.test.ts:464:97

  ● official Convex native payload witnesses › create native codec errors are sanitized and precede effects

    expect(received).rejects.toMatchObject(expected)

    - Expected  - 2
    + Received  + 2

      Object {
        "data": Object {
    -     "code": "INVALID_ARGUMENT",
    -     "message": "Artifact operation denied.",
    +     "code": "BACKEND_OPERATION_FAILED",
    +     "message": "Artifact operation failed.",
        },
      }

      475 |     const operation = f.invoke(name, { artifactId: "artifact-a", memorySpaceId: "space-a", content: "manual",
      476 |       metadata: { privateValue: "never expose this metadata", outOfNativeRange: BigInt("18446744073709551616") } });
    > 477 |     await expect(operation).rejects.toMatchObject({ data: { code: "INVALID_ARGUMENT", message: "Artifact operation denied." } });
          |                                     ^
      478 |     await operation.catch((error) => {
      479 |       expect(String(error)).not.toContain("never expose this metadata"); expect(String(error)).not.toContain("18446744073709551616");
      480 |     });

      at Object.toMatchObject (node_modules/expect/build/index.js:2155:20)
      at tests/unit/runtimeArtifactAuth/handlers.test.ts:477:37

  ● official Convex native payload witnesses › update native codec errors are sanitized and precede effects

    expect(received).rejects.toMatchObject(expected)

    - Expected  - 2
    + Received  + 2

      Object {
        "data": Object {
    -     "code": "INVALID_ARGUMENT",
    -     "message": "Artifact operation denied.",
    +     "code": "BACKEND_OPERATION_FAILED",
    +     "message": "Artifact operation failed.",
        },
      }

      475 |     const operation = f.invoke(name, { artifactId: "artifact-a", memorySpaceId: "space-a", content: "manual",
      476 |       metadata: { privateValue: "never expose this metadata", outOfNativeRange: BigInt("18446744073709551616") } });
    > 477 |     await expect(operation).rejects.toMatchObject({ data: { code: "INVALID_ARGUMENT", message: "Artifact operation denied." } });
          |                                     ^
      478 |     await operation.catch((error) => {
      479 |       expect(String(error)).not.toContain("never expose this metadata"); expect(String(error)).not.toContain("18446744073709551616");
      480 |     });

      at Object.toMatchObject (node_modules/expect/build/index.js:2155:20)
      at tests/unit/runtimeArtifactAuth/handlers.test.ts:477:37

  ● cycle3 private error output admission › absent startStreaming state error contains only a safe typed code and no stored details

    expect(received).rejects.toMatchObject(expected)

    - Expected  - 1
    + Received  + 1

      Object {
        "data": Object {
    -     "code": "FORBIDDEN",
    +     "code": "BACKEND_OPERATION_FAILED",
        },
      }

      511 |       } else {
      512 |         await expect(f.invoke("get", { artifactId: "artifact-a", memorySpaceId: "space-a" }))
    > 513 |           .rejects.toMatchObject({ data: { code: "FORBIDDEN" } });
          |                    ^
      514 |       }
      515 |       const identity = jest.spyOn(f.ctx.auth, "getUserIdentity");
      516 |       let caught: { data?: unknown } | undefined;

      at Object.toMatchObject (node_modules/expect/build/index.js:2155:20)
      at tests/unit/runtimeArtifactAuth/handlers.test.ts:513:20

  ● cycle3 private error output admission › absent appendContent state error contains only a safe typed code and no stored details

    expect(received).rejects.toMatchObject(expected)

    - Expected  - 1
    + Received  + 1

      Object {
        "data": Object {
    -     "code": "FORBIDDEN",
    +     "code": "BACKEND_OPERATION_FAILED",
        },
      }

      511 |       } else {
      512 |         await expect(f.invoke("get", { artifactId: "artifact-a", memorySpaceId: "space-a" }))
    > 513 |           .rejects.toMatchObject({ data: { code: "FORBIDDEN" } });
          |                    ^
      514 |       }
      515 |       const identity = jest.spyOn(f.ctx.auth, "getUserIdentity");
      516 |       let caught: { data?: unknown } | undefined;

      at Object.toMatchObject (node_modules/expect/build/index.js:2155:20)
      at tests/unit/runtimeArtifactAuth/handlers.test.ts:513:20

  ● cycle3 private error output admission › absent pauseStreaming state error contains only a safe typed code and no stored details

    expect(received).rejects.toMatchObject(expected)

    - Expected  - 1
    + Received  + 1

      Object {
        "data": Object {
    -     "code": "FORBIDDEN",
    +     "code": "BACKEND_OPERATION_FAILED",
        },
      }

      511 |       } else {
      512 |         await expect(f.invoke("get", { artifactId: "artifact-a", memorySpaceId: "space-a" }))
    > 513 |           .rejects.toMatchObject({ data: { code: "FORBIDDEN" } });
          |                    ^
      514 |       }
      515 |       const identity = jest.spyOn(f.ctx.auth, "getUserIdentity");
      516 |       let caught: { data?: unknown } | undefined;

      at Object.toMatchObject (node_modules/expect/build/index.js:2155:20)
      at tests/unit/runtimeArtifactAuth/handlers.test.ts:513:20

  ● cycle3 private error output admission › absent resumeStreaming state error contains only a safe typed code and no stored details

    expect(received).rejects.toMatchObject(expected)

    - Expected  - 1
    + Received  + 1

      Object {
        "data": Object {
    -     "code": "FORBIDDEN",
    +     "code": "BACKEND_OPERATION_FAILED",
        },
      }

      511 |       } else {
      512 |         await expect(f.invoke("get", { artifactId: "artifact-a", memorySpaceId: "space-a" }))
    > 513 |           .rejects.toMatchObject({ data: { code: "FORBIDDEN" } });
          |                    ^
      514 |       }
      515 |       const identity = jest.spyOn(f.ctx.auth, "getUserIdentity");
      516 |       let caught: { data?: unknown } | undefined;

      at Object.toMatchObject (node_modules/expect/build/index.js:2155:20)
      at tests/unit/runtimeArtifactAuth/handlers.test.ts:513:20

  ● cycle3 private error output admission › absent cancelStreaming state error contains only a safe typed code and no stored details

    expect(received).rejects.toMatchObject(expected)

    - Expected  - 1
    + Received  + 1

      Object {
        "data": Object {
    -     "code": "FORBIDDEN",
    +     "code": "BACKEND_OPERATION_FAILED",
        },
      }

      511 |       } else {
      512 |         await expect(f.invoke("get", { artifactId: "artifact-a", memorySpaceId: "space-a" }))
    > 513 |           .rejects.toMatchObject({ data: { code: "FORBIDDEN" } });
          |                    ^
      514 |       }
      515 |       const identity = jest.spyOn(f.ctx.auth, "getUserIdentity");
      516 |       let caught: { data?: unknown } | undefined;

      at Object.toMatchObject (node_modules/expect/build/index.js:2155:20)
      at tests/unit/runtimeArtifactAuth/handlers.test.ts:513:20

  ● cycle3 private error output admission › absent finalizeStreaming state error contains only a safe typed code and no stored details

    expect(received).rejects.toMatchObject(expected)

    - Expected  - 1
    + Received  + 1

      Object {
        "data": Object {
    -     "code": "FORBIDDEN",
    +     "code": "BACKEND_OPERATION_FAILED",
        },
      }

      511 |       } else {
      512 |         await expect(f.invoke("get", { artifactId: "artifact-a", memorySpaceId: "space-a" }))
    > 513 |           .rejects.toMatchObject({ data: { code: "FORBIDDEN" } });
          |                    ^
      514 |       }
      515 |       const identity = jest.spyOn(f.ctx.auth, "getUserIdentity");
      516 |       let caught: { data?: unknown } | undefined;

      at Object.toMatchObject (node_modules/expect/build/index.js:2155:20)
      at tests/unit/runtimeArtifactAuth/handlers.test.ts:513:20

  ● cycle3 private error output admission › absent setStreamingError state error contains only a safe typed code and no stored details

    expect(received).rejects.toMatchObject(expected)

    - Expected  - 1
    + Received  + 1

      Object {
        "data": Object {
    -     "code": "FORBIDDEN",
    +     "code": "BACKEND_OPERATION_FAILED",
        },
      }

      511 |       } else {
      512 |         await expect(f.invoke("get", { artifactId: "artifact-a", memorySpaceId: "space-a" }))
    > 513 |           .rejects.toMatchObject({ data: { code: "FORBIDDEN" } });
          |                    ^
      514 |       }
      515 |       const identity = jest.spyOn(f.ctx.auth, "getUserIdentity");
      516 |       let caught: { data?: unknown } | undefined;

      at Object.toMatchObject (node_modules/expect/build/index.js:2155:20)
      at tests/unit/runtimeArtifactAuth/handlers.test.ts:513:20

  ● cycle3 private error output admission › absent retryFromError state error contains only a safe typed code and no stored details

    expect(received).rejects.toMatchObject(expected)

    - Expected  - 1
    + Received  + 1

      Object {
        "data": Object {
    -     "code": "FORBIDDEN",
    +     "code": "BACKEND_OPERATION_FAILED",
        },
      }

      511 |       } else {
      512 |         await expect(f.invoke("get", { artifactId: "artifact-a", memorySpaceId: "space-a" }))
    > 513 |           .rejects.toMatchObject({ data: { code: "FORBIDDEN" } });
          |                    ^
      514 |       }
      515 |       const identity = jest.spyOn(f.ctx.auth, "getUserIdentity");
      516 |       let caught: { data?: unknown } | undefined;

      at Object.toMatchObject (node_modules/expect/build/index.js:2155:20)
      at tests/unit/runtimeArtifactAuth/handlers.test.ts:513:20

  ● cycle3 private error output admission › absent setStreamingState state error contains only a safe typed code and no stored details

    expect(received).rejects.toMatchObject(expected)

    - Expected  - 1
    + Received  + 1

      Object {
        "data": Object {
    -     "code": "FORBIDDEN",
    +     "code": "BACKEND_OPERATION_FAILED",
        },
      }

      511 |       } else {
      512 |         await expect(f.invoke("get", { artifactId: "artifact-a", memorySpaceId: "space-a" }))
    > 513 |           .rejects.toMatchObject({ data: { code: "FORBIDDEN" } });
          |                    ^
      514 |       }
      515 |       const identity = jest.spyOn(f.ctx.auth, "getUserIdentity");
      516 |       let caught: { data?: unknown } | undefined;

      at Object.toMatchObject (node_modules/expect/build/index.js:2155:20)
      at tests/unit/runtimeArtifactAuth/handlers.test.ts:513:20

  ● cycle3 private error output admission › absent appendContent session error contains only a safe typed code and no stored details

    expect(received).rejects.toMatchObject(expected)

    - Expected  - 1
    + Received  + 1

      Object {
        "data": Object {
    -     "code": "FORBIDDEN",
    +     "code": "BACKEND_OPERATION_FAILED",
        },
      }

      511 |       } else {
      512 |         await expect(f.invoke("get", { artifactId: "artifact-a", memorySpaceId: "space-a" }))
    > 513 |           .rejects.toMatchObject({ data: { code: "FORBIDDEN" } });
          |                    ^
      514 |       }
      515 |       const identity = jest.spyOn(f.ctx.auth, "getUserIdentity");
      516 |       let caught: { data?: unknown } | undefined;

      at Object.toMatchObject (node_modules/expect/build/index.js:2155:20)
      at tests/unit/runtimeArtifactAuth/handlers.test.ts:513:20

  ● cycle3 private error output admission › absent pauseStreaming session error contains only a safe typed code and no stored details

    expect(received).rejects.toMatchObject(expected)

    - Expected  - 1
    + Received  + 1

      Object {
        "data": Object {
    -     "code": "FORBIDDEN",
    +     "code": "BACKEND_OPERATION_FAILED",
        },
      }

      511 |       } else {
      512 |         await expect(f.invoke("get", { artifactId: "artifact-a", memorySpaceId: "space-a" }))
    > 513 |           .rejects.toMatchObject({ data: { code: "FORBIDDEN" } });
          |                    ^
      514 |       }
      515 |       const identity = jest.spyOn(f.ctx.auth, "getUserIdentity");
      516 |       let caught: { data?: unknown } | undefined;

      at Object.toMatchObject (node_modules/expect/build/index.js:2155:20)
      at tests/unit/runtimeArtifactAuth/handlers.test.ts:513:20

  ● cycle3 private error output admission › absent resumeStreaming session error contains only a safe typed code and no stored details

    expect(received).rejects.toMatchObject(expected)

    - Expected  - 1
    + Received  + 1

      Object {
        "data": Object {
    -     "code": "FORBIDDEN",
    +     "code": "BACKEND_OPERATION_FAILED",
        },
      }

      511 |       } else {
      512 |         await expect(f.invoke("get", { artifactId: "artifact-a", memorySpaceId: "space-a" }))
    > 513 |           .rejects.toMatchObject({ data: { code: "FORBIDDEN" } });
          |                    ^
      514 |       }
      515 |       const identity = jest.spyOn(f.ctx.auth, "getUserIdentity");
      516 |       let caught: { data?: unknown } | undefined;

      at Object.toMatchObject (node_modules/expect/build/index.js:2155:20)
      at tests/unit/runtimeArtifactAuth/handlers.test.ts:513:20

  ● cycle3 private error output admission › absent cancelStreaming session error contains only a safe typed code and no stored details

    expect(received).rejects.toMatchObject(expected)

    - Expected  - 1
    + Received  + 1

      Object {
        "data": Object {
    -     "code": "FORBIDDEN",
    +     "code": "BACKEND_OPERATION_FAILED",
        },
      }

      511 |       } else {
      512 |         await expect(f.invoke("get", { artifactId: "artifact-a", memorySpaceId: "space-a" }))
    > 513 |           .rejects.toMatchObject({ data: { code: "FORBIDDEN" } });
          |                    ^
      514 |       }
      515 |       const identity = jest.spyOn(f.ctx.auth, "getUserIdentity");
      516 |       let caught: { data?: unknown } | undefined;

      at Object.toMatchObject (node_modules/expect/build/index.js:2155:20)
      at tests/unit/runtimeArtifactAuth/handlers.test.ts:513:20

  ● cycle3 private error output admission › absent finalizeStreaming session error contains only a safe typed code and no stored details

    expect(received).rejects.toMatchObject(expected)

    - Expected  - 1
    + Received  + 1

      Object {
        "data": Object {
    -     "code": "FORBIDDEN",
    +     "code": "BACKEND_OPERATION_FAILED",
        },
      }

      511 |       } else {
      512 |         await expect(f.invoke("get", { artifactId: "artifact-a", memorySpaceId: "space-a" }))
    > 513 |           .rejects.toMatchObject({ data: { code: "FORBIDDEN" } });
          |                    ^
      514 |       }
      515 |       const identity = jest.spyOn(f.ctx.auth, "getUserIdentity");
      516 |       let caught: { data?: unknown } | undefined;

      at Object.toMatchObject (node_modules/expect/build/index.js:2155:20)
      at tests/unit/runtimeArtifactAuth/handlers.test.ts:513:20

  ● cycle3 private error output admission › absent setStreamingError session error contains only a safe typed code and no stored details

    expect(received).rejects.toMatchObject(expected)

    - Expected  - 1
    + Received  + 1

      Object {
        "data": Object {
    -     "code": "FORBIDDEN",
    +     "code": "BACKEND_OPERATION_FAILED",
        },
      }

      511 |       } else {
      512 |         await expect(f.invoke("get", { artifactId: "artifact-a", memorySpaceId: "space-a" }))
    > 513 |           .rejects.toMatchObject({ data: { code: "FORBIDDEN" } });
          |                    ^
      514 |       }
      515 |       const identity = jest.spyOn(f.ctx.auth, "getUserIdentity");
      516 |       let caught: { data?: unknown } | undefined;

      at Object.toMatchObject (node_modules/expect/build/index.js:2155:20)
      at tests/unit/runtimeArtifactAuth/handlers.test.ts:513:20

  ● cycle3 private error output admission › absent cancelStreaming missing-session error contains only a safe typed code and no stored details

    expect(received).rejects.toMatchObject(expected)

    - Expected  - 1
    + Received  + 1

      Object {
        "data": Object {
    -     "code": "FORBIDDEN",
    +     "code": "BACKEND_OPERATION_FAILED",
        },
      }

      511 |       } else {
      512 |         await expect(f.invoke("get", { artifactId: "artifact-a", memorySpaceId: "space-a" }))
    > 513 |           .rejects.toMatchObject({ data: { code: "FORBIDDEN" } });
          |                    ^
      514 |       }
      515 |       const identity = jest.spyOn(f.ctx.auth, "getUserIdentity");
      516 |       let caught: { data?: unknown } | undefined;

      at Object.toMatchObject (node_modules/expect/build/index.js:2155:20)
      at tests/unit/runtimeArtifactAuth/handlers.test.ts:513:20

  ● cycle3 private error output admission › absent undo static availability error preserves its existing code and zero effects

    expect(received).rejects.toMatchObject(expected)

    - Expected  - 1
    + Received  + 7

      Object {
    -   "data": "UNDO_NOT_AVAILABLE",
    +   "data": Object {
    +     "code": "BACKEND_OPERATION_FAILED",
    +     "message": "Artifact operation failed.",
    +     "outcome": "not_committed",
    +     "retryable": false,
    +     "version": 1,
    +   },
      }

      535 |       f.row({ ownerPrincipalId: "other-canonical-owner", versionPointer: name === "undo" ? 1 : 2 });
      536 |       const code = name === "undo" ? "UNDO_NOT_AVAILABLE" : name === "redo" ? "REDO_NOT_AVAILABLE" : "INVALID_ARGUMENT";
    > 537 |       await expect(f.invoke(name, { artifactId: "artifact-a", keepLatest: 0 })).rejects.toMatchObject({ data: name === "purgeVersions"
          |                                                                                         ^
      538 |         ? { code, message: "Artifact operation denied." } : code });
      539 |       expect(f.db.attempts).toEqual([]); expect(f.db.writes).toEqual([]);
      540 |     });

      at Object.toMatchObject (node_modules/expect/build/index.js:2155:20)
      at tests/unit/runtimeArtifactAuth/handlers.test.ts:537:89

  ● cycle3 private error output admission › absent redo static availability error preserves its existing code and zero effects

    expect(received).rejects.toMatchObject(expected)

    - Expected  - 1
    + Received  + 7

      Object {
    -   "data": "REDO_NOT_AVAILABLE",
    +   "data": Object {
    +     "code": "BACKEND_OPERATION_FAILED",
    +     "message": "Artifact operation failed.",
    +     "outcome": "not_committed",
    +     "retryable": false,
    +     "version": 1,
    +   },
      }

      535 |       f.row({ ownerPrincipalId: "other-canonical-owner", versionPointer: name === "undo" ? 1 : 2 });
      536 |       const code = name === "undo" ? "UNDO_NOT_AVAILABLE" : name === "redo" ? "REDO_NOT_AVAILABLE" : "INVALID_ARGUMENT";
    > 537 |       await expect(f.invoke(name, { artifactId: "artifact-a", keepLatest: 0 })).rejects.toMatchObject({ data: name === "purgeVersions"
          |                                                                                         ^
      538 |         ? { code, message: "Artifact operation denied." } : code });
      539 |       expect(f.db.attempts).toEqual([]); expect(f.db.writes).toEqual([]);
      540 |     });

      at Object.toMatchObject (node_modules/expect/build/index.js:2155:20)
      at tests/unit/runtimeArtifactAuth/handlers.test.ts:537:89

  ● cycle3 private error output admission › absent purgeVersions static availability error preserves its existing code and zero effects

    expect(received).rejects.toMatchObject(expected)

    - Expected  - 2
    + Received  + 2

      Object {
        "data": Object {
    -     "code": "INVALID_ARGUMENT",
    -     "message": "Artifact operation denied.",
    +     "code": "BACKEND_OPERATION_FAILED",
    +     "message": "Artifact operation failed.",
        },
      }

      535 |       f.row({ ownerPrincipalId: "other-canonical-owner", versionPointer: name === "undo" ? 1 : 2 });
      536 |       const code = name === "undo" ? "UNDO_NOT_AVAILABLE" : name === "redo" ? "REDO_NOT_AVAILABLE" : "INVALID_ARGUMENT";
    > 537 |       await expect(f.invoke(name, { artifactId: "artifact-a", keepLatest: 0 })).rejects.toMatchObject({ data: name === "purgeVersions"
          |                                                                                         ^
      538 |         ? { code, message: "Artifact operation denied." } : code });
      539 |       expect(f.db.attempts).toEqual([]); expect(f.db.writes).toEqual([]);
      540 |     });

      at Object.toMatchObject (node_modules/expect/build/index.js:2155:20)
      at tests/unit/runtimeArtifactAuth/handlers.test.ts:537:89

  ● cycle3 private error output admission › scope-owner-denied startStreaming state error contains only a safe typed code and no stored details

    expect(received).rejects.toMatchObject(expected)

    - Expected  - 1
    + Received  + 1

      Object {
        "data": Object {
    -     "code": "FORBIDDEN",
    +     "code": "BACKEND_OPERATION_FAILED",
        },
      }

      511 |       } else {
      512 |         await expect(f.invoke("get", { artifactId: "artifact-a", memorySpaceId: "space-a" }))
    > 513 |           .rejects.toMatchObject({ data: { code: "FORBIDDEN" } });
          |                    ^
      514 |       }
      515 |       const identity = jest.spyOn(f.ctx.auth, "getUserIdentity");
      516 |       let caught: { data?: unknown } | undefined;

      at Object.toMatchObject (node_modules/expect/build/index.js:2155:20)
      at tests/unit/runtimeArtifactAuth/handlers.test.ts:513:20

  ● cycle3 private error output admission › scope-owner-denied appendContent state error contains only a safe typed code and no stored details

    expect(received).rejects.toMatchObject(expected)

    - Expected  - 1
    + Received  + 1

      Object {
        "data": Object {
    -     "code": "FORBIDDEN",
    +     "code": "BACKEND_OPERATION_FAILED",
        },
      }

      511 |       } else {
      512 |         await expect(f.invoke("get", { artifactId: "artifact-a", memorySpaceId: "space-a" }))
    > 513 |           .rejects.toMatchObject({ data: { code: "FORBIDDEN" } });
          |                    ^
      514 |       }
      515 |       const identity = jest.spyOn(f.ctx.auth, "getUserIdentity");
      516 |       let caught: { data?: unknown } | undefined;

      at Object.toMatchObject (node_modules/expect/build/index.js:2155:20)
      at tests/unit/runtimeArtifactAuth/handlers.test.ts:513:20

  ● cycle3 private error output admission › scope-owner-denied pauseStreaming state error contains only a safe typed code and no stored details

    expect(received).rejects.toMatchObject(expected)

    - Expected  - 1
    + Received  + 1

      Object {
        "data": Object {
    -     "code": "FORBIDDEN",
    +     "code": "BACKEND_OPERATION_FAILED",
        },
      }

      511 |       } else {
      512 |         await expect(f.invoke("get", { artifactId: "artifact-a", memorySpaceId: "space-a" }))
    > 513 |           .rejects.toMatchObject({ data: { code: "FORBIDDEN" } });
          |                    ^
      514 |       }
      515 |       const identity = jest.spyOn(f.ctx.auth, "getUserIdentity");
      516 |       let caught: { data?: unknown } | undefined;

      at Object.toMatchObject (node_modules/expect/build/index.js:2155:20)
      at tests/unit/runtimeArtifactAuth/handlers.test.ts:513:20

  ● cycle3 private error output admission › scope-owner-denied resumeStreaming state error contains only a safe typed code and no stored details

    expect(received).rejects.toMatchObject(expected)

    - Expected  - 1
    + Received  + 1

      Object {
        "data": Object {
    -     "code": "FORBIDDEN",
    +     "code": "BACKEND_OPERATION_FAILED",
        },
      }

      511 |       } else {
      512 |         await expect(f.invoke("get", { artifactId: "artifact-a", memorySpaceId: "space-a" }))
    > 513 |           .rejects.toMatchObject({ data: { code: "FORBIDDEN" } });
          |                    ^
      514 |       }
      515 |       const identity = jest.spyOn(f.ctx.auth, "getUserIdentity");
      516 |       let caught: { data?: unknown } | undefined;

      at Object.toMatchObject (node_modules/expect/build/index.js:2155:20)
      at tests/unit/runtimeArtifactAuth/handlers.test.ts:513:20

  ● cycle3 private error output admission › scope-owner-denied cancelStreaming state error contains only a safe typed code and no stored details

    expect(received).rejects.toMatchObject(expected)

    - Expected  - 1
    + Received  + 1

      Object {
        "data": Object {
    -     "code": "FORBIDDEN",
    +     "code": "BACKEND_OPERATION_FAILED",
        },
      }

      511 |       } else {
      512 |         await expect(f.invoke("get", { artifactId: "artifact-a", memorySpaceId: "space-a" }))
    > 513 |           .rejects.toMatchObject({ data: { code: "FORBIDDEN" } });
          |                    ^
      514 |       }
      515 |       const identity = jest.spyOn(f.ctx.auth, "getUserIdentity");
      516 |       let caught: { data?: unknown } | undefined;

      at Object.toMatchObject (node_modules/expect/build/index.js:2155:20)
      at tests/unit/runtimeArtifactAuth/handlers.test.ts:513:20

  ● cycle3 private error output admission › scope-owner-denied finalizeStreaming state error contains only a safe typed code and no stored details

    expect(received).rejects.toMatchObject(expected)

    - Expected  - 1
    + Received  + 1

      Object {
        "data": Object {
    -     "code": "FORBIDDEN",
    +     "code": "BACKEND_OPERATION_FAILED",
        },
      }

      511 |       } else {
      512 |         await expect(f.invoke("get", { artifactId: "artifact-a", memorySpaceId: "space-a" }))
    > 513 |           .rejects.toMatchObject({ data: { code: "FORBIDDEN" } });
          |                    ^
      514 |       }
      515 |       const identity = jest.spyOn(f.ctx.auth, "getUserIdentity");
      516 |       let caught: { data?: unknown } | undefined;

      at Object.toMatchObject (node_modules/expect/build/index.js:2155:20)
      at tests/unit/runtimeArtifactAuth/handlers.test.ts:513:20

  ● cycle3 private error output admission › scope-owner-denied setStreamingError state error contains only a safe typed code and no stored details

    expect(received).rejects.toMatchObject(expected)

    - Expected  - 1
    + Received  + 1

      Object {
        "data": Object {
    -     "code": "FORBIDDEN",
    +     "code": "BACKEND_OPERATION_FAILED",
        },
      }

      511 |       } else {
      512 |         await expect(f.invoke("get", { artifactId: "artifact-a", memorySpaceId: "space-a" }))
    > 513 |           .rejects.toMatchObject({ data: { code: "FORBIDDEN" } });
          |                    ^
      514 |       }
      515 |       const identity = jest.spyOn(f.ctx.auth, "getUserIdentity");
      516 |       let caught: { data?: unknown } | undefined;

      at Object.toMatchObject (node_modules/expect/build/index.js:2155:20)
      at tests/unit/runtimeArtifactAuth/handlers.test.ts:513:20

  ● cycle3 private error output admission › scope-owner-denied retryFromError state error contains only a safe typed code and no stored details

    expect(received).rejects.toMatchObject(expected)

    - Expected  - 1
    + Received  + 1

      Object {
        "data": Object {
    -     "code": "FORBIDDEN",
    +     "code": "BACKEND_OPERATION_FAILED",
        },
      }

      511 |       } else {
      512 |         await expect(f.invoke("get", { artifactId: "artifact-a", memorySpaceId: "space-a" }))
    > 513 |           .rejects.toMatchObject({ data: { code: "FORBIDDEN" } });
          |                    ^
      514 |       }
      515 |       const identity = jest.spyOn(f.ctx.auth, "getUserIdentity");
      516 |       let caught: { data?: unknown } | undefined;

      at Object.toMatchObject (node_modules/expect/build/index.js:2155:20)
      at tests/unit/runtimeArtifactAuth/handlers.test.ts:513:20

  ● cycle3 private error output admission › scope-owner-denied setStreamingState state error contains only a safe typed code and no stored details

    expect(received).rejects.toMatchObject(expected)

    - Expected  - 1
    + Received  + 1

      Object {
        "data": Object {
    -     "code": "FORBIDDEN",
    +     "code": "BACKEND_OPERATION_FAILED",
        },
      }

      511 |       } else {
      512 |         await expect(f.invoke("get", { artifactId: "artifact-a", memorySpaceId: "space-a" }))
    > 513 |           .rejects.toMatchObject({ data: { code: "FORBIDDEN" } });
          |                    ^
      514 |       }
      515 |       const identity = jest.spyOn(f.ctx.auth, "getUserIdentity");
      516 |       let caught: { data?: unknown } | undefined;

      at Object.toMatchObject (node_modules/expect/build/index.js:2155:20)
      at tests/unit/runtimeArtifactAuth/handlers.test.ts:513:20

  ● cycle3 private error output admission › scope-owner-denied appendContent session error contains only a safe typed code and no stored details

    expect(received).rejects.toMatchObject(expected)

    - Expected  - 1
    + Received  + 1

      Object {
        "data": Object {
    -     "code": "FORBIDDEN",
    +     "code": "BACKEND_OPERATION_FAILED",
        },
      }

      511 |       } else {
      512 |         await expect(f.invoke("get", { artifactId: "artifact-a", memorySpaceId: "space-a" }))
    > 513 |           .rejects.toMatchObject({ data: { code: "FORBIDDEN" } });
          |                    ^
      514 |       }
      515 |       const identity = jest.spyOn(f.ctx.auth, "getUserIdentity");
      516 |       let caught: { data?: unknown } | undefined;

      at Object.toMatchObject (node_modules/expect/build/index.js:2155:20)
      at tests/unit/runtimeArtifactAuth/handlers.test.ts:513:20

  ● cycle3 private error output admission › scope-owner-denied pauseStreaming session error contains only a safe typed code and no stored details

    expect(received).rejects.toMatchObject(expected)

    - Expected  - 1
    + Received  + 1

      Object {
        "data": Object {
    -     "code": "FORBIDDEN",
    +     "code": "BACKEND_OPERATION_FAILED",
        },
      }

      511 |       } else {
      512 |         await expect(f.invoke("get", { artifactId: "artifact-a", memorySpaceId: "space-a" }))
    > 513 |           .rejects.toMatchObject({ data: { code: "FORBIDDEN" } });
          |                    ^
      514 |       }
      515 |       const identity = jest.spyOn(f.ctx.auth, "getUserIdentity");
      516 |       let caught: { data?: unknown } | undefined;

      at Object.toMatchObject (node_modules/expect/build/index.js:2155:20)
      at tests/unit/runtimeArtifactAuth/handlers.test.ts:513:20

  ● cycle3 private error output admission › scope-owner-denied resumeStreaming session error contains only a safe typed code and no stored details

    expect(received).rejects.toMatchObject(expected)

    - Expected  - 1
    + Received  + 1

      Object {
        "data": Object {
    -     "code": "FORBIDDEN",
    +     "code": "BACKEND_OPERATION_FAILED",
        },
      }

      511 |       } else {
      512 |         await expect(f.invoke("get", { artifactId: "artifact-a", memorySpaceId: "space-a" }))
    > 513 |           .rejects.toMatchObject({ data: { code: "FORBIDDEN" } });
          |                    ^
      514 |       }
      515 |       const identity = jest.spyOn(f.ctx.auth, "getUserIdentity");
      516 |       let caught: { data?: unknown } | undefined;

      at Object.toMatchObject (node_modules/expect/build/index.js:2155:20)
      at tests/unit/runtimeArtifactAuth/handlers.test.ts:513:20

  ● cycle3 private error output admission › scope-owner-denied cancelStreaming session error contains only a safe typed code and no stored details

    expect(received).rejects.toMatchObject(expected)

    - Expected  - 1
    + Received  + 1

      Object {
        "data": Object {
    -     "code": "FORBIDDEN",
    +     "code": "BACKEND_OPERATION_FAILED",
        },
      }

      511 |       } else {
      512 |         await expect(f.invoke("get", { artifactId: "artifact-a", memorySpaceId: "space-a" }))
    > 513 |           .rejects.toMatchObject({ data: { code: "FORBIDDEN" } });
          |                    ^
      514 |       }
      515 |       const identity = jest.spyOn(f.ctx.auth, "getUserIdentity");
      516 |       let caught: { data?: unknown } | undefined;

      at Object.toMatchObject (node_modules/expect/build/index.js:2155:20)
      at tests/unit/runtimeArtifactAuth/handlers.test.ts:513:20

  ● cycle3 private error output admission › scope-owner-denied finalizeStreaming session error contains only a safe typed code and no stored details

    expect(received).rejects.toMatchObject(expected)

    - Expected  - 1
    + Received  + 1

      Object {
        "data": Object {
    -     "code": "FORBIDDEN",
    +     "code": "BACKEND_OPERATION_FAILED",
        },
      }

      511 |       } else {
      512 |         await expect(f.invoke("get", { artifactId: "artifact-a", memorySpaceId: "space-a" }))
    > 513 |           .rejects.toMatchObject({ data: { code: "FORBIDDEN" } });
          |                    ^
      514 |       }
      515 |       const identity = jest.spyOn(f.ctx.auth, "getUserIdentity");
      516 |       let caught: { data?: unknown } | undefined;

      at Object.toMatchObject (node_modules/expect/build/index.js:2155:20)
      at tests/unit/runtimeArtifactAuth/handlers.test.ts:513:20

  ● cycle3 private error output admission › scope-owner-denied setStreamingError session error contains only a safe typed code and no stored details

    expect(received).rejects.toMatchObject(expected)

    - Expected  - 1
    + Received  + 1

      Object {
        "data": Object {
    -     "code": "FORBIDDEN",
    +     "code": "BACKEND_OPERATION_FAILED",
        },
      }

      511 |       } else {
      512 |         await expect(f.invoke("get", { artifactId: "artifact-a", memorySpaceId: "space-a" }))
    > 513 |           .rejects.toMatchObject({ data: { code: "FORBIDDEN" } });
          |                    ^
      514 |       }
      515 |       const identity = jest.spyOn(f.ctx.auth, "getUserIdentity");
      516 |       let caught: { data?: unknown } | undefined;

      at Object.toMatchObject (node_modules/expect/build/index.js:2155:20)
      at tests/unit/runtimeArtifactAuth/handlers.test.ts:513:20

  ● cycle3 private error output admission › scope-owner-denied cancelStreaming missing-session error contains only a safe typed code and no stored details

    expect(received).rejects.toMatchObject(expected)

    - Expected  - 1
    + Received  + 1

      Object {
        "data": Object {
    -     "code": "FORBIDDEN",
    +     "code": "BACKEND_OPERATION_FAILED",
        },
      }

      511 |       } else {
      512 |         await expect(f.invoke("get", { artifactId: "artifact-a", memorySpaceId: "space-a" }))
    > 513 |           .rejects.toMatchObject({ data: { code: "FORBIDDEN" } });
          |                    ^
      514 |       }
      515 |       const identity = jest.spyOn(f.ctx.auth, "getUserIdentity");
      516 |       let caught: { data?: unknown } | undefined;

      at Object.toMatchObject (node_modules/expect/build/index.js:2155:20)
      at tests/unit/runtimeArtifactAuth/handlers.test.ts:513:20

  ● cycle3 private error output admission › scope-owner-denied undo static availability error preserves its existing code and zero effects

    expect(received).rejects.toMatchObject(expected)

    - Expected  - 1
    + Received  + 7

      Object {
    -   "data": "UNDO_NOT_AVAILABLE",
    +   "data": Object {
    +     "code": "BACKEND_OPERATION_FAILED",
    +     "message": "Artifact operation failed.",
    +     "outcome": "not_committed",
    +     "retryable": false,
    +     "version": 1,
    +   },
      }

      535 |       f.row({ ownerPrincipalId: "other-canonical-owner", versionPointer: name === "undo" ? 1 : 2 });
      536 |       const code = name === "undo" ? "UNDO_NOT_AVAILABLE" : name === "redo" ? "REDO_NOT_AVAILABLE" : "INVALID_ARGUMENT";
    > 537 |       await expect(f.invoke(name, { artifactId: "artifact-a", keepLatest: 0 })).rejects.toMatchObject({ data: name === "purgeVersions"
          |                                                                                         ^
      538 |         ? { code, message: "Artifact operation denied." } : code });
      539 |       expect(f.db.attempts).toEqual([]); expect(f.db.writes).toEqual([]);
      540 |     });

      at Object.toMatchObject (node_modules/expect/build/index.js:2155:20)
      at tests/unit/runtimeArtifactAuth/handlers.test.ts:537:89

  ● cycle3 private error output admission › scope-owner-denied redo static availability error preserves its existing code and zero effects

    expect(received).rejects.toMatchObject(expected)

    - Expected  - 1
    + Received  + 7

      Object {
    -   "data": "REDO_NOT_AVAILABLE",
    +   "data": Object {
    +     "code": "BACKEND_OPERATION_FAILED",
    +     "message": "Artifact operation failed.",
    +     "outcome": "not_committed",
    +     "retryable": false,
    +     "version": 1,
    +   },
      }

      535 |       f.row({ ownerPrincipalId: "other-canonical-owner", versionPointer: name === "undo" ? 1 : 2 });
      536 |       const code = name === "undo" ? "UNDO_NOT_AVAILABLE" : name === "redo" ? "REDO_NOT_AVAILABLE" : "INVALID_ARGUMENT";
    > 537 |       await expect(f.invoke(name, { artifactId: "artifact-a", keepLatest: 0 })).rejects.toMatchObject({ data: name === "purgeVersions"
          |                                                                                         ^
      538 |         ? { code, message: "Artifact operation denied." } : code });
      539 |       expect(f.db.attempts).toEqual([]); expect(f.db.writes).toEqual([]);
      540 |     });

      at Object.toMatchObject (node_modules/expect/build/index.js:2155:20)
      at tests/unit/runtimeArtifactAuth/handlers.test.ts:537:89

  ● cycle3 private error output admission › scope-owner-denied purgeVersions static availability error preserves its existing code and zero effects

    expect(received).rejects.toMatchObject(expected)

    - Expected  - 2
    + Received  + 2

      Object {
        "data": Object {
    -     "code": "INVALID_ARGUMENT",
    -     "message": "Artifact operation denied.",
    +     "code": "BACKEND_OPERATION_FAILED",
    +     "message": "Artifact operation failed.",
        },
      }

      535 |       f.row({ ownerPrincipalId: "other-canonical-owner", versionPointer: name === "undo" ? 1 : 2 });
      536 |       const code = name === "undo" ? "UNDO_NOT_AVAILABLE" : name === "redo" ? "REDO_NOT_AVAILABLE" : "INVALID_ARGUMENT";
    > 537 |       await expect(f.invoke(name, { artifactId: "artifact-a", keepLatest: 0 })).rejects.toMatchObject({ data: name === "purgeVersions"
          |                                                                                         ^
      538 |         ? { code, message: "Artifact operation denied." } : code });
      539 |       expect(f.db.attempts).toEqual([]); expect(f.db.writes).toEqual([]);
      540 |     });

      at Object.toMatchObject (node_modules/expect/build/index.js:2155:20)
      at tests/unit/runtimeArtifactAuth/handlers.test.ts:537:89

  ● cycle3 private error output admission › resource-admitted startStreaming state error contains only a safe typed code and no stored details

    ConvexError: {"version":1,"code":"BACKEND_OPERATION_FAILED","message":"Artifact operation failed.","retryable":false,"outcome":"not_committed"}

      82 | }
      83 | function backendFailure(): ConvexError<Value> {
    > 84 |   return new ConvexError({ version: 1, code: "BACKEND_OPERATION_FAILED", message: "Artifact operation failed.",
         |          ^
      85 |     retryable: false, outcome: "not_committed" });
      86 | }
      87 | function ordinaryAuthorityDenial(error: unknown): boolean {

      at backendFailure (convex-dev/runtimeArtifactAuth.ts:84:10)
      at artifactHandler (convex-dev/runtimeArtifactAuth.ts:133:11)
      at Database.transaction (tests/unit/runtimeArtifactAuth/fixture.ts:91:18)
      at tests/unit/runtimeArtifactAuth/handlers.test.ts:510:17

  ● cycle3 private error output admission › resource-admitted appendContent state error contains only a safe typed code and no stored details

    ConvexError: {"version":1,"code":"BACKEND_OPERATION_FAILED","message":"Artifact operation failed.","retryable":false,"outcome":"not_committed"}

      82 | }
      83 | function backendFailure(): ConvexError<Value> {
    > 84 |   return new ConvexError({ version: 1, code: "BACKEND_OPERATION_FAILED", message: "Artifact operation failed.",
         |          ^
      85 |     retryable: false, outcome: "not_committed" });
      86 | }
      87 | function ordinaryAuthorityDenial(error: unknown): boolean {

      at backendFailure (convex-dev/runtimeArtifactAuth.ts:84:10)
      at artifactHandler (convex-dev/runtimeArtifactAuth.ts:133:11)
      at Database.transaction (tests/unit/runtimeArtifactAuth/fixture.ts:91:18)
      at tests/unit/runtimeArtifactAuth/handlers.test.ts:510:17

  ● cycle3 private error output admission › resource-admitted pauseStreaming state error contains only a safe typed code and no stored details

    ConvexError: {"version":1,"code":"BACKEND_OPERATION_FAILED","message":"Artifact operation failed.","retryable":false,"outcome":"not_committed"}

      82 | }
      83 | function backendFailure(): ConvexError<Value> {
    > 84 |   return new ConvexError({ version: 1, code: "BACKEND_OPERATION_FAILED", message: "Artifact operation failed.",
         |          ^
      85 |     retryable: false, outcome: "not_committed" });
      86 | }
      87 | function ordinaryAuthorityDenial(error: unknown): boolean {

      at backendFailure (convex-dev/runtimeArtifactAuth.ts:84:10)
      at artifactHandler (convex-dev/runtimeArtifactAuth.ts:133:11)
      at Database.transaction (tests/unit/runtimeArtifactAuth/fixture.ts:91:18)
      at tests/unit/runtimeArtifactAuth/handlers.test.ts:510:17

  ● cycle3 private error output admission › resource-admitted resumeStreaming state error contains only a safe typed code and no stored details

    ConvexError: {"version":1,"code":"BACKEND_OPERATION_FAILED","message":"Artifact operation failed.","retryable":false,"outcome":"not_committed"}

      82 | }
      83 | function backendFailure(): ConvexError<Value> {
    > 84 |   return new ConvexError({ version: 1, code: "BACKEND_OPERATION_FAILED", message: "Artifact operation failed.",
         |          ^
      85 |     retryable: false, outcome: "not_committed" });
      86 | }
      87 | function ordinaryAuthorityDenial(error: unknown): boolean {

      at backendFailure (convex-dev/runtimeArtifactAuth.ts:84:10)
      at artifactHandler (convex-dev/runtimeArtifactAuth.ts:133:11)
      at Database.transaction (tests/unit/runtimeArtifactAuth/fixture.ts:91:18)
      at tests/unit/runtimeArtifactAuth/handlers.test.ts:510:17

  ● cycle3 private error output admission › resource-admitted cancelStreaming state error contains only a safe typed code and no stored details

    ConvexError: {"version":1,"code":"BACKEND_OPERATION_FAILED","message":"Artifact operation failed.","retryable":false,"outcome":"not_committed"}

      82 | }
      83 | function backendFailure(): ConvexError<Value> {
    > 84 |   return new ConvexError({ version: 1, code: "BACKEND_OPERATION_FAILED", message: "Artifact operation failed.",
         |          ^
      85 |     retryable: false, outcome: "not_committed" });
      86 | }
      87 | function ordinaryAuthorityDenial(error: unknown): boolean {

      at backendFailure (convex-dev/runtimeArtifactAuth.ts:84:10)
      at artifactHandler (convex-dev/runtimeArtifactAuth.ts:133:11)
      at Database.transaction (tests/unit/runtimeArtifactAuth/fixture.ts:91:18)
      at tests/unit/runtimeArtifactAuth/handlers.test.ts:510:17

  ● cycle3 private error output admission › resource-admitted finalizeStreaming state error contains only a safe typed code and no stored details

    ConvexError: {"version":1,"code":"BACKEND_OPERATION_FAILED","message":"Artifact operation failed.","retryable":false,"outcome":"not_committed"}

      82 | }
      83 | function backendFailure(): ConvexError<Value> {
    > 84 |   return new ConvexError({ version: 1, code: "BACKEND_OPERATION_FAILED", message: "Artifact operation failed.",
         |          ^
      85 |     retryable: false, outcome: "not_committed" });
      86 | }
      87 | function ordinaryAuthorityDenial(error: unknown): boolean {

      at backendFailure (convex-dev/runtimeArtifactAuth.ts:84:10)
      at artifactHandler (convex-dev/runtimeArtifactAuth.ts:133:11)
      at Database.transaction (tests/unit/runtimeArtifactAuth/fixture.ts:91:18)
      at tests/unit/runtimeArtifactAuth/handlers.test.ts:510:17

  ● cycle3 private error output admission › resource-admitted setStreamingError state error contains only a safe typed code and no stored details

    ConvexError: {"version":1,"code":"BACKEND_OPERATION_FAILED","message":"Artifact operation failed.","retryable":false,"outcome":"not_committed"}

      82 | }
      83 | function backendFailure(): ConvexError<Value> {
    > 84 |   return new ConvexError({ version: 1, code: "BACKEND_OPERATION_FAILED", message: "Artifact operation failed.",
         |          ^
      85 |     retryable: false, outcome: "not_committed" });
      86 | }
      87 | function ordinaryAuthorityDenial(error: unknown): boolean {

      at backendFailure (convex-dev/runtimeArtifactAuth.ts:84:10)
      at artifactHandler (convex-dev/runtimeArtifactAuth.ts:133:11)
      at Database.transaction (tests/unit/runtimeArtifactAuth/fixture.ts:91:18)
      at tests/unit/runtimeArtifactAuth/handlers.test.ts:510:17

  ● cycle3 private error output admission › resource-admitted retryFromError state error contains only a safe typed code and no stored details

    ConvexError: {"version":1,"code":"BACKEND_OPERATION_FAILED","message":"Artifact operation failed.","retryable":false,"outcome":"not_committed"}

      82 | }
      83 | function backendFailure(): ConvexError<Value> {
    > 84 |   return new ConvexError({ version: 1, code: "BACKEND_OPERATION_FAILED", message: "Artifact operation failed.",
         |          ^
      85 |     retryable: false, outcome: "not_committed" });
      86 | }
      87 | function ordinaryAuthorityDenial(error: unknown): boolean {

      at backendFailure (convex-dev/runtimeArtifactAuth.ts:84:10)
      at artifactHandler (convex-dev/runtimeArtifactAuth.ts:133:11)
      at Database.transaction (tests/unit/runtimeArtifactAuth/fixture.ts:91:18)
      at tests/unit/runtimeArtifactAuth/handlers.test.ts:510:17

  ● cycle3 private error output admission › resource-admitted setStreamingState state error contains only a safe typed code and no stored details

    ConvexError: {"version":1,"code":"BACKEND_OPERATION_FAILED","message":"Artifact operation failed.","retryable":false,"outcome":"not_committed"}

      82 | }
      83 | function backendFailure(): ConvexError<Value> {
    > 84 |   return new ConvexError({ version: 1, code: "BACKEND_OPERATION_FAILED", message: "Artifact operation failed.",
         |          ^
      85 |     retryable: false, outcome: "not_committed" });
      86 | }
      87 | function ordinaryAuthorityDenial(error: unknown): boolean {

      at backendFailure (convex-dev/runtimeArtifactAuth.ts:84:10)
      at artifactHandler (convex-dev/runtimeArtifactAuth.ts:133:11)
      at Database.transaction (tests/unit/runtimeArtifactAuth/fixture.ts:91:18)
      at tests/unit/runtimeArtifactAuth/handlers.test.ts:510:17

  ● cycle3 private error output admission › resource-admitted appendContent session error contains only a safe typed code and no stored details

    ConvexError: {"version":1,"code":"BACKEND_OPERATION_FAILED","message":"Artifact operation failed.","retryable":false,"outcome":"not_committed"}

      82 | }
      83 | function backendFailure(): ConvexError<Value> {
    > 84 |   return new ConvexError({ version: 1, code: "BACKEND_OPERATION_FAILED", message: "Artifact operation failed.",
         |          ^
      85 |     retryable: false, outcome: "not_committed" });
      86 | }
      87 | function ordinaryAuthorityDenial(error: unknown): boolean {

      at backendFailure (convex-dev/runtimeArtifactAuth.ts:84:10)
      at artifactHandler (convex-dev/runtimeArtifactAuth.ts:133:11)
      at Database.transaction (tests/unit/runtimeArtifactAuth/fixture.ts:91:18)
      at tests/unit/runtimeArtifactAuth/handlers.test.ts:510:17

  ● cycle3 private error output admission › resource-admitted pauseStreaming session error contains only a safe typed code and no stored details

    ConvexError: {"version":1,"code":"BACKEND_OPERATION_FAILED","message":"Artifact operation failed.","retryable":false,"outcome":"not_committed"}

      82 | }
      83 | function backendFailure(): ConvexError<Value> {
    > 84 |   return new ConvexError({ version: 1, code: "BACKEND_OPERATION_FAILED", message: "Artifact operation failed.",
         |          ^
      85 |     retryable: false, outcome: "not_committed" });
      86 | }
      87 | function ordinaryAuthorityDenial(error: unknown): boolean {

      at backendFailure (convex-dev/runtimeArtifactAuth.ts:84:10)
      at artifactHandler (convex-dev/runtimeArtifactAuth.ts:133:11)
      at Database.transaction (tests/unit/runtimeArtifactAuth/fixture.ts:91:18)
      at tests/unit/runtimeArtifactAuth/handlers.test.ts:510:17

  ● cycle3 private error output admission › resource-admitted resumeStreaming session error contains only a safe typed code and no stored details

    ConvexError: {"version":1,"code":"BACKEND_OPERATION_FAILED","message":"Artifact operation failed.","retryable":false,"outcome":"not_committed"}

      82 | }
      83 | function backendFailure(): ConvexError<Value> {
    > 84 |   return new ConvexError({ version: 1, code: "BACKEND_OPERATION_FAILED", message: "Artifact operation failed.",
         |          ^
      85 |     retryable: false, outcome: "not_committed" });
      86 | }
      87 | function ordinaryAuthorityDenial(error: unknown): boolean {

      at backendFailure (convex-dev/runtimeArtifactAuth.ts:84:10)
      at artifactHandler (convex-dev/runtimeArtifactAuth.ts:133:11)
      at Database.transaction (tests/unit/runtimeArtifactAuth/fixture.ts:91:18)
      at tests/unit/runtimeArtifactAuth/handlers.test.ts:510:17

  ● cycle3 private error output admission › resource-admitted cancelStreaming session error contains only a safe typed code and no stored details

    ConvexError: {"version":1,"code":"BACKEND_OPERATION_FAILED","message":"Artifact operation failed.","retryable":false,"outcome":"not_committed"}

      82 | }
      83 | function backendFailure(): ConvexError<Value> {
    > 84 |   return new ConvexError({ version: 1, code: "BACKEND_OPERATION_FAILED", message: "Artifact operation failed.",
         |          ^
      85 |     retryable: false, outcome: "not_committed" });
      86 | }
      87 | function ordinaryAuthorityDenial(error: unknown): boolean {

      at backendFailure (convex-dev/runtimeArtifactAuth.ts:84:10)
      at artifactHandler (convex-dev/runtimeArtifactAuth.ts:133:11)
      at Database.transaction (tests/unit/runtimeArtifactAuth/fixture.ts:91:18)
      at tests/unit/runtimeArtifactAuth/handlers.test.ts:510:17

  ● cycle3 private error output admission › resource-admitted finalizeStreaming session error contains only a safe typed code and no stored details

    ConvexError: {"version":1,"code":"BACKEND_OPERATION_FAILED","message":"Artifact operation failed.","retryable":false,"outcome":"not_committed"}

      82 | }
      83 | function backendFailure(): ConvexError<Value> {
    > 84 |   return new ConvexError({ version: 1, code: "BACKEND_OPERATION_FAILED", message: "Artifact operation failed.",
         |          ^
      85 |     retryable: false, outcome: "not_committed" });
      86 | }
      87 | function ordinaryAuthorityDenial(error: unknown): boolean {

      at backendFailure (convex-dev/runtimeArtifactAuth.ts:84:10)
      at artifactHandler (convex-dev/runtimeArtifactAuth.ts:133:11)
      at Database.transaction (tests/unit/runtimeArtifactAuth/fixture.ts:91:18)
      at tests/unit/runtimeArtifactAuth/handlers.test.ts:510:17

  ● cycle3 private error output admission › resource-admitted setStreamingError session error contains only a safe typed code and no stored details

    ConvexError: {"version":1,"code":"BACKEND_OPERATION_FAILED","message":"Artifact operation failed.","retryable":false,"outcome":"not_committed"}

      82 | }
      83 | function backendFailure(): ConvexError<Value> {
    > 84 |   return new ConvexError({ version: 1, code: "BACKEND_OPERATION_FAILED", message: "Artifact operation failed.",
         |          ^
      85 |     retryable: false, outcome: "not_committed" });
      86 | }
      87 | function ordinaryAuthorityDenial(error: unknown): boolean {

      at backendFailure (convex-dev/runtimeArtifactAuth.ts:84:10)
      at artifactHandler (convex-dev/runtimeArtifactAuth.ts:133:11)
      at Database.transaction (tests/unit/runtimeArtifactAuth/fixture.ts:91:18)
      at tests/unit/runtimeArtifactAuth/handlers.test.ts:510:17

  ● cycle3 private error output admission › resource-admitted cancelStreaming missing-session error contains only a safe typed code and no stored details

    ConvexError: {"version":1,"code":"BACKEND_OPERATION_FAILED","message":"Artifact operation failed.","retryable":false,"outcome":"not_committed"}

      82 | }
      83 | function backendFailure(): ConvexError<Value> {
    > 84 |   return new ConvexError({ version: 1, code: "BACKEND_OPERATION_FAILED", message: "Artifact operation failed.",
         |          ^
      85 |     retryable: false, outcome: "not_committed" });
      86 | }
      87 | function ordinaryAuthorityDenial(error: unknown): boolean {

      at backendFailure (convex-dev/runtimeArtifactAuth.ts:84:10)
      at artifactHandler (convex-dev/runtimeArtifactAuth.ts:133:11)
      at Database.transaction (tests/unit/runtimeArtifactAuth/fixture.ts:91:18)
      at tests/unit/runtimeArtifactAuth/handlers.test.ts:510:17

  ● cycle3 private error output admission › resource-admitted undo static availability error preserves its existing code and zero effects

    expect(received).rejects.toMatchObject(expected)

    - Expected  - 1
    + Received  + 7

      Object {
    -   "data": "UNDO_NOT_AVAILABLE",
    +   "data": Object {
    +     "code": "BACKEND_OPERATION_FAILED",
    +     "message": "Artifact operation failed.",
    +     "outcome": "not_committed",
    +     "retryable": false,
    +     "version": 1,
    +   },
      }

      535 |       f.row({ ownerPrincipalId: "other-canonical-owner", versionPointer: name === "undo" ? 1 : 2 });
      536 |       const code = name === "undo" ? "UNDO_NOT_AVAILABLE" : name === "redo" ? "REDO_NOT_AVAILABLE" : "INVALID_ARGUMENT";
    > 537 |       await expect(f.invoke(name, { artifactId: "artifact-a", keepLatest: 0 })).rejects.toMatchObject({ data: name === "purgeVersions"
          |                                                                                         ^
      538 |         ? { code, message: "Artifact operation denied." } : code });
      539 |       expect(f.db.attempts).toEqual([]); expect(f.db.writes).toEqual([]);
      540 |     });

      at Object.toMatchObject (node_modules/expect/build/index.js:2155:20)
      at tests/unit/runtimeArtifactAuth/handlers.test.ts:537:89

  ● cycle3 private error output admission › resource-admitted redo static availability error preserves its existing code and zero effects

    expect(received).rejects.toMatchObject(expected)

    - Expected  - 1
    + Received  + 7

      Object {
    -   "data": "REDO_NOT_AVAILABLE",
    +   "data": Object {
    +     "code": "BACKEND_OPERATION_FAILED",
    +     "message": "Artifact operation failed.",
    +     "outcome": "not_committed",
    +     "retryable": false,
    +     "version": 1,
    +   },
      }

      535 |       f.row({ ownerPrincipalId: "other-canonical-owner", versionPointer: name === "undo" ? 1 : 2 });
      536 |       const code = name === "undo" ? "UNDO_NOT_AVAILABLE" : name === "redo" ? "REDO_NOT_AVAILABLE" : "INVALID_ARGUMENT";
    > 537 |       await expect(f.invoke(name, { artifactId: "artifact-a", keepLatest: 0 })).rejects.toMatchObject({ data: name === "purgeVersions"
          |                                                                                         ^
      538 |         ? { code, message: "Artifact operation denied." } : code });
      539 |       expect(f.db.attempts).toEqual([]); expect(f.db.writes).toEqual([]);
      540 |     });

      at Object.toMatchObject (node_modules/expect/build/index.js:2155:20)
      at tests/unit/runtimeArtifactAuth/handlers.test.ts:537:89

  ● cycle3 private error output admission › resource-admitted purgeVersions static availability error preserves its existing code and zero effects

    expect(received).rejects.toMatchObject(expected)

    - Expected  - 2
    + Received  + 2

      Object {
        "data": Object {
    -     "code": "INVALID_ARGUMENT",
    -     "message": "Artifact operation denied.",
    +     "code": "BACKEND_OPERATION_FAILED",
    +     "message": "Artifact operation failed.",
        },
      }

      535 |       f.row({ ownerPrincipalId: "other-canonical-owner", versionPointer: name === "undo" ? 1 : 2 });
      536 |       const code = name === "undo" ? "UNDO_NOT_AVAILABLE" : name === "redo" ? "REDO_NOT_AVAILABLE" : "INVALID_ARGUMENT";
    > 537 |       await expect(f.invoke(name, { artifactId: "artifact-a", keepLatest: 0 })).rejects.toMatchObject({ data: name === "purgeVersions"
          |                                                                                         ^
      538 |         ? { code, message: "Artifact operation denied." } : code });
      539 |       expect(f.db.attempts).toEqual([]); expect(f.db.writes).toEqual([]);
      540 |     });

      at Object.toMatchObject (node_modules/expect/build/index.js:2155:20)
      at tests/unit/runtimeArtifactAuth/handlers.test.ts:537:89

  ● cycle3 private error output admission › native create unexpected database error hides row/config/document details

    expect(received).toBe(expected) // Object.is equality

    Expected: 1
    Received: 0

      549 |     await expect(f.invoke(name, name === "purgeAll" ? { tenantId: "tenant-a", memorySpaceId: "space-a" } : f.args))
      550 |       .rejects.toHaveProperty("data", { version: 1, code: "BACKEND_OPERATION_FAILED", message: "Artifact operation failed.", retryable: false, outcome: "not_committed" });
    > 551 |     expect(injections).toBe(1); expect(f.db.attempts).toEqual([]); expect(f.db.writes).toEqual([]);
          |                        ^
      552 |   });
      553 |   test.each(["recognized-code", "authority-code-with-diagnostics", "unknown-code", "string-payload"] as const)("unexpected native ConvexError %s cannot return stored private payload", async (kind) => {
      554 |     const { ConvexError } = await import("convex/values");

      at tests/unit/runtimeArtifactAuth/handlers.test.ts:551:24

  ● cycle3 private error output admission › native update unexpected database error hides row/config/document details

    expect(received).toBe(expected) // Object.is equality

    Expected: 1
    Received: 0

      549 |     await expect(f.invoke(name, name === "purgeAll" ? { tenantId: "tenant-a", memorySpaceId: "space-a" } : f.args))
      550 |       .rejects.toHaveProperty("data", { version: 1, code: "BACKEND_OPERATION_FAILED", message: "Artifact operation failed.", retryable: false, outcome: "not_committed" });
    > 551 |     expect(injections).toBe(1); expect(f.db.attempts).toEqual([]); expect(f.db.writes).toEqual([]);
          |                        ^
      552 |   });
      553 |   test.each(["recognized-code", "authority-code-with-diagnostics", "unknown-code", "string-payload"] as const)("unexpected native ConvexError %s cannot return stored private payload", async (kind) => {
      554 |     const { ConvexError } = await import("convex/values");

      at tests/unit/runtimeArtifactAuth/handlers.test.ts:551:24

  ● cycle3 private error output admission › native deleteArtifact unexpected database error hides row/config/document details

    expect(received).toBe(expected) // Object.is equality

    Expected: 1
    Received: 0

      549 |     await expect(f.invoke(name, name === "purgeAll" ? { tenantId: "tenant-a", memorySpaceId: "space-a" } : f.args))
      550 |       .rejects.toHaveProperty("data", { version: 1, code: "BACKEND_OPERATION_FAILED", message: "Artifact operation failed.", retryable: false, outcome: "not_committed" });
    > 551 |     expect(injections).toBe(1); expect(f.db.attempts).toEqual([]); expect(f.db.writes).toEqual([]);
          |                        ^
      552 |   });
      553 |   test.each(["recognized-code", "authority-code-with-diagnostics", "unknown-code", "string-payload"] as const)("unexpected native ConvexError %s cannot return stored private payload", async (kind) => {
      554 |     const { ConvexError } = await import("convex/values");

      at tests/unit/runtimeArtifactAuth/handlers.test.ts:551:24

  ● cycle3 private error output admission › native undo unexpected database error hides row/config/document details

    expect(received).toBe(expected) // Object.is equality

    Expected: 1
    Received: 0

      549 |     await expect(f.invoke(name, name === "purgeAll" ? { tenantId: "tenant-a", memorySpaceId: "space-a" } : f.args))
      550 |       .rejects.toHaveProperty("data", { version: 1, code: "BACKEND_OPERATION_FAILED", message: "Artifact operation failed.", retryable: false, outcome: "not_committed" });
    > 551 |     expect(injections).toBe(1); expect(f.db.attempts).toEqual([]); expect(f.db.writes).toEqual([]);
          |                        ^
      552 |   });
      553 |   test.each(["recognized-code", "authority-code-with-diagnostics", "unknown-code", "string-payload"] as const)("unexpected native ConvexError %s cannot return stored private payload", async (kind) => {
      554 |     const { ConvexError } = await import("convex/values");

      at tests/unit/runtimeArtifactAuth/handlers.test.ts:551:24

  ● cycle3 private error output admission › native redo unexpected database error hides row/config/document details

    expect(received).toBe(expected) // Object.is equality

    Expected: 1
    Received: 0

      549 |     await expect(f.invoke(name, name === "purgeAll" ? { tenantId: "tenant-a", memorySpaceId: "space-a" } : f.args))
      550 |       .rejects.toHaveProperty("data", { version: 1, code: "BACKEND_OPERATION_FAILED", message: "Artifact operation failed.", retryable: false, outcome: "not_committed" });
    > 551 |     expect(injections).toBe(1); expect(f.db.attempts).toEqual([]); expect(f.db.writes).toEqual([]);
          |                        ^
      552 |   });
      553 |   test.each(["recognized-code", "authority-code-with-diagnostics", "unknown-code", "string-payload"] as const)("unexpected native ConvexError %s cannot return stored private payload", async (kind) => {
      554 |     const { ConvexError } = await import("convex/values");

      at tests/unit/runtimeArtifactAuth/handlers.test.ts:551:24

  ● cycle3 private error output admission › native setStreamingState unexpected database error hides row/config/document details

    expect(received).toBe(expected) // Object.is equality

    Expected: 1
    Received: 0

      549 |     await expect(f.invoke(name, name === "purgeAll" ? { tenantId: "tenant-a", memorySpaceId: "space-a" } : f.args))
      550 |       .rejects.toHaveProperty("data", { version: 1, code: "BACKEND_OPERATION_FAILED", message: "Artifact operation failed.", retryable: false, outcome: "not_committed" });
    > 551 |     expect(injections).toBe(1); expect(f.db.attempts).toEqual([]); expect(f.db.writes).toEqual([]);
          |                        ^
      552 |   });
      553 |   test.each(["recognized-code", "authority-code-with-diagnostics", "unknown-code", "string-payload"] as const)("unexpected native ConvexError %s cannot return stored private payload", async (kind) => {
      554 |     const { ConvexError } = await import("convex/values");

      at tests/unit/runtimeArtifactAuth/handlers.test.ts:551:24

  ● cycle3 private error output admission › native purgeVersions unexpected database error hides row/config/document details

    expect(received).toBe(expected) // Object.is equality

    Expected: 1
    Received: 0

      549 |     await expect(f.invoke(name, name === "purgeAll" ? { tenantId: "tenant-a", memorySpaceId: "space-a" } : f.args))
      550 |       .rejects.toHaveProperty("data", { version: 1, code: "BACKEND_OPERATION_FAILED", message: "Artifact operation failed.", retryable: false, outcome: "not_committed" });
    > 551 |     expect(injections).toBe(1); expect(f.db.attempts).toEqual([]); expect(f.db.writes).toEqual([]);
          |                        ^
      552 |   });
      553 |   test.each(["recognized-code", "authority-code-with-diagnostics", "unknown-code", "string-payload"] as const)("unexpected native ConvexError %s cannot return stored private payload", async (kind) => {
      554 |     const { ConvexError } = await import("convex/values");

      at tests/unit/runtimeArtifactAuth/handlers.test.ts:551:24

  ● cycle3 private error output admission › native get unexpected database error hides row/config/document details

    expect(received).toBe(expected) // Object.is equality

    Expected: 1
    Received: 0

      549 |     await expect(f.invoke(name, name === "purgeAll" ? { tenantId: "tenant-a", memorySpaceId: "space-a" } : f.args))
      550 |       .rejects.toHaveProperty("data", { version: 1, code: "BACKEND_OPERATION_FAILED", message: "Artifact operation failed.", retryable: false, outcome: "not_committed" });
    > 551 |     expect(injections).toBe(1); expect(f.db.attempts).toEqual([]); expect(f.db.writes).toEqual([]);
          |                        ^
      552 |   });
      553 |   test.each(["recognized-code", "authority-code-with-diagnostics", "unknown-code", "string-payload"] as const)("unexpected native ConvexError %s cannot return stored private payload", async (kind) => {
      554 |     const { ConvexError } = await import("convex/values");

      at tests/unit/runtimeArtifactAuth/handlers.test.ts:551:24

  ● cycle3 private error output admission › native getByConversation unexpected database error hides row/config/document details

    expect(received).toBe(expected) // Object.is equality

    Expected: 1
    Received: 0

      549 |     await expect(f.invoke(name, name === "purgeAll" ? { tenantId: "tenant-a", memorySpaceId: "space-a" } : f.args))
      550 |       .rejects.toHaveProperty("data", { version: 1, code: "BACKEND_OPERATION_FAILED", message: "Artifact operation failed.", retryable: false, outcome: "not_committed" });
    > 551 |     expect(injections).toBe(1); expect(f.db.attempts).toEqual([]); expect(f.db.writes).toEqual([]);
          |                        ^
      552 |   });
      553 |   test.each(["recognized-code", "authority-code-with-diagnostics", "unknown-code", "string-payload"] as const)("unexpected native ConvexError %s cannot return stored private payload", async (kind) => {
      554 |     const { ConvexError } = await import("convex/values");

      at tests/unit/runtimeArtifactAuth/handlers.test.ts:551:24

  ● cycle3 private error output admission › native list unexpected database error hides row/config/document details

    expect(received).toBe(expected) // Object.is equality

    Expected: 1
    Received: 0

      549 |     await expect(f.invoke(name, name === "purgeAll" ? { tenantId: "tenant-a", memorySpaceId: "space-a" } : f.args))
      550 |       .rejects.toHaveProperty("data", { version: 1, code: "BACKEND_OPERATION_FAILED", message: "Artifact operation failed.", retryable: false, outcome: "not_committed" });
    > 551 |     expect(injections).toBe(1); expect(f.db.attempts).toEqual([]); expect(f.db.writes).toEqual([]);
          |                        ^
      552 |   });
      553 |   test.each(["recognized-code", "authority-code-with-diagnostics", "unknown-code", "string-payload"] as const)("unexpected native ConvexError %s cannot return stored private payload", async (kind) => {
      554 |     const { ConvexError } = await import("convex/values");

      at tests/unit/runtimeArtifactAuth/handlers.test.ts:551:24

  ● cycle3 private error output admission › native count unexpected database error hides row/config/document details

    expect(received).toBe(expected) // Object.is equality

    Expected: 1
    Received: 0

      549 |     await expect(f.invoke(name, name === "purgeAll" ? { tenantId: "tenant-a", memorySpaceId: "space-a" } : f.args))
      550 |       .rejects.toHaveProperty("data", { version: 1, code: "BACKEND_OPERATION_FAILED", message: "Artifact operation failed.", retryable: false, outcome: "not_committed" });
    > 551 |     expect(injections).toBe(1); expect(f.db.attempts).toEqual([]); expect(f.db.writes).toEqual([]);
          |                        ^
      552 |   });
      553 |   test.each(["recognized-code", "authority-code-with-diagnostics", "unknown-code", "string-payload"] as const)("unexpected native ConvexError %s cannot return stored private payload", async (kind) => {
      554 |     const { ConvexError } = await import("convex/values");

      at tests/unit/runtimeArtifactAuth/handlers.test.ts:551:24

  ● cycle3 private error output admission › native getVersion unexpected database error hides row/config/document details

    expect(received).toBe(expected) // Object.is equality

    Expected: 1
    Received: 0

      549 |     await expect(f.invoke(name, name === "purgeAll" ? { tenantId: "tenant-a", memorySpaceId: "space-a" } : f.args))
      550 |       .rejects.toHaveProperty("data", { version: 1, code: "BACKEND_OPERATION_FAILED", message: "Artifact operation failed.", retryable: false, outcome: "not_committed" });
    > 551 |     expect(injections).toBe(1); expect(f.db.attempts).toEqual([]); expect(f.db.writes).toEqual([]);
          |                        ^
      552 |   });
      553 |   test.each(["recognized-code", "authority-code-with-diagnostics", "unknown-code", "string-payload"] as const)("unexpected native ConvexError %s cannot return stored private payload", async (kind) => {
      554 |     const { ConvexError } = await import("convex/values");

      at tests/unit/runtimeArtifactAuth/handlers.test.ts:551:24

  ● cycle3 private error output admission › native getHistory unexpected database error hides row/config/document details

    expect(received).toBe(expected) // Object.is equality

    Expected: 1
    Received: 0

      549 |     await expect(f.invoke(name, name === "purgeAll" ? { tenantId: "tenant-a", memorySpaceId: "space-a" } : f.args))
      550 |       .rejects.toHaveProperty("data", { version: 1, code: "BACKEND_OPERATION_FAILED", message: "Artifact operation failed.", retryable: false, outcome: "not_committed" });
    > 551 |     expect(injections).toBe(1); expect(f.db.attempts).toEqual([]); expect(f.db.writes).toEqual([]);
          |                        ^
      552 |   });
      553 |   test.each(["recognized-code", "authority-code-with-diagnostics", "unknown-code", "string-payload"] as const)("unexpected native ConvexError %s cannot return stored private payload", async (kind) => {
      554 |     const { ConvexError } = await import("convex/values");

      at tests/unit/runtimeArtifactAuth/handlers.test.ts:551:24

  ● cycle3 private error output admission › native startStreaming unexpected database error hides row/config/document details

    expect(received).toBe(expected) // Object.is equality

    Expected: 1
    Received: 0

      549 |     await expect(f.invoke(name, name === "purgeAll" ? { tenantId: "tenant-a", memorySpaceId: "space-a" } : f.args))
      550 |       .rejects.toHaveProperty("data", { version: 1, code: "BACKEND_OPERATION_FAILED", message: "Artifact operation failed.", retryable: false, outcome: "not_committed" });
    > 551 |     expect(injections).toBe(1); expect(f.db.attempts).toEqual([]); expect(f.db.writes).toEqual([]);
          |                        ^
      552 |   });
      553 |   test.each(["recognized-code", "authority-code-with-diagnostics", "unknown-code", "string-payload"] as const)("unexpected native ConvexError %s cannot return stored private payload", async (kind) => {
      554 |     const { ConvexError } = await import("convex/values");

      at tests/unit/runtimeArtifactAuth/handlers.test.ts:551:24

  ● cycle3 private error output admission › native appendContent unexpected database error hides row/config/document details

    expect(received).toBe(expected) // Object.is equality

    Expected: 1
    Received: 0

      549 |     await expect(f.invoke(name, name === "purgeAll" ? { tenantId: "tenant-a", memorySpaceId: "space-a" } : f.args))
      550 |       .rejects.toHaveProperty("data", { version: 1, code: "BACKEND_OPERATION_FAILED", message: "Artifact operation failed.", retryable: false, outcome: "not_committed" });
    > 551 |     expect(injections).toBe(1); expect(f.db.attempts).toEqual([]); expect(f.db.writes).toEqual([]);
          |                        ^
      552 |   });
      553 |   test.each(["recognized-code", "authority-code-with-diagnostics", "unknown-code", "string-payload"] as const)("unexpected native ConvexError %s cannot return stored private payload", async (kind) => {
      554 |     const { ConvexError } = await import("convex/values");

      at tests/unit/runtimeArtifactAuth/handlers.test.ts:551:24

  ● cycle3 private error output admission › native pauseStreaming unexpected database error hides row/config/document details

    expect(received).toBe(expected) // Object.is equality

    Expected: 1
    Received: 0

      549 |     await expect(f.invoke(name, name === "purgeAll" ? { tenantId: "tenant-a", memorySpaceId: "space-a" } : f.args))
      550 |       .rejects.toHaveProperty("data", { version: 1, code: "BACKEND_OPERATION_FAILED", message: "Artifact operation failed.", retryable: false, outcome: "not_committed" });
    > 551 |     expect(injections).toBe(1); expect(f.db.attempts).toEqual([]); expect(f.db.writes).toEqual([]);
          |                        ^
      552 |   });
      553 |   test.each(["recognized-code", "authority-code-with-diagnostics", "unknown-code", "string-payload"] as const)("unexpected native ConvexError %s cannot return stored private payload", async (kind) => {
      554 |     const { ConvexError } = await import("convex/values");

      at tests/unit/runtimeArtifactAuth/handlers.test.ts:551:24

  ● cycle3 private error output admission › native resumeStreaming unexpected database error hides row/config/document details

    expect(received).toBe(expected) // Object.is equality

    Expected: 1
    Received: 0

      549 |     await expect(f.invoke(name, name === "purgeAll" ? { tenantId: "tenant-a", memorySpaceId: "space-a" } : f.args))
      550 |       .rejects.toHaveProperty("data", { version: 1, code: "BACKEND_OPERATION_FAILED", message: "Artifact operation failed.", retryable: false, outcome: "not_committed" });
    > 551 |     expect(injections).toBe(1); expect(f.db.attempts).toEqual([]); expect(f.db.writes).toEqual([]);
          |                        ^
      552 |   });
      553 |   test.each(["recognized-code", "authority-code-with-diagnostics", "unknown-code", "string-payload"] as const)("unexpected native ConvexError %s cannot return stored private payload", async (kind) => {
      554 |     const { ConvexError } = await import("convex/values");

      at tests/unit/runtimeArtifactAuth/handlers.test.ts:551:24

  ● cycle3 private error output admission › native cancelStreaming unexpected database error hides row/config/document details

    expect(received).toBe(expected) // Object.is equality

    Expected: 1
    Received: 0

      549 |     await expect(f.invoke(name, name === "purgeAll" ? { tenantId: "tenant-a", memorySpaceId: "space-a" } : f.args))
      550 |       .rejects.toHaveProperty("data", { version: 1, code: "BACKEND_OPERATION_FAILED", message: "Artifact operation failed.", retryable: false, outcome: "not_committed" });
    > 551 |     expect(injections).toBe(1); expect(f.db.attempts).toEqual([]); expect(f.db.writes).toEqual([]);
          |                        ^
      552 |   });
      553 |   test.each(["recognized-code", "authority-code-with-diagnostics", "unknown-code", "string-payload"] as const)("unexpected native ConvexError %s cannot return stored private payload", async (kind) => {
      554 |     const { ConvexError } = await import("convex/values");

      at tests/unit/runtimeArtifactAuth/handlers.test.ts:551:24

  ● cycle3 private error output admission › native finalizeStreaming unexpected database error hides row/config/document details

    expect(received).toBe(expected) // Object.is equality

    Expected: 1
    Received: 0

      549 |     await expect(f.invoke(name, name === "purgeAll" ? { tenantId: "tenant-a", memorySpaceId: "space-a" } : f.args))
      550 |       .rejects.toHaveProperty("data", { version: 1, code: "BACKEND_OPERATION_FAILED", message: "Artifact operation failed.", retryable: false, outcome: "not_committed" });
    > 551 |     expect(injections).toBe(1); expect(f.db.attempts).toEqual([]); expect(f.db.writes).toEqual([]);
          |                        ^
      552 |   });
      553 |   test.each(["recognized-code", "authority-code-with-diagnostics", "unknown-code", "string-payload"] as const)("unexpected native ConvexError %s cannot return stored private payload", async (kind) => {
      554 |     const { ConvexError } = await import("convex/values");

      at tests/unit/runtimeArtifactAuth/handlers.test.ts:551:24

  ● cycle3 private error output admission › native setStreamingError unexpected database error hides row/config/document details

    expect(received).toBe(expected) // Object.is equality

    Expected: 1
    Received: 0

      549 |     await expect(f.invoke(name, name === "purgeAll" ? { tenantId: "tenant-a", memorySpaceId: "space-a" } : f.args))
      550 |       .rejects.toHaveProperty("data", { version: 1, code: "BACKEND_OPERATION_FAILED", message: "Artifact operation failed.", retryable: false, outcome: "not_committed" });
    > 551 |     expect(injections).toBe(1); expect(f.db.attempts).toEqual([]); expect(f.db.writes).toEqual([]);
          |                        ^
      552 |   });
      553 |   test.each(["recognized-code", "authority-code-with-diagnostics", "unknown-code", "string-payload"] as const)("unexpected native ConvexError %s cannot return stored private payload", async (kind) => {
      554 |     const { ConvexError } = await import("convex/values");

      at tests/unit/runtimeArtifactAuth/handlers.test.ts:551:24

  ● cycle3 private error output admission › native retryFromError unexpected database error hides row/config/document details

    expect(received).toBe(expected) // Object.is equality

    Expected: 1
    Received: 0

      549 |     await expect(f.invoke(name, name === "purgeAll" ? { tenantId: "tenant-a", memorySpaceId: "space-a" } : f.args))
      550 |       .rejects.toHaveProperty("data", { version: 1, code: "BACKEND_OPERATION_FAILED", message: "Artifact operation failed.", retryable: false, outcome: "not_committed" });
    > 551 |     expect(injections).toBe(1); expect(f.db.attempts).toEqual([]); expect(f.db.writes).toEqual([]);
          |                        ^
      552 |   });
      553 |   test.each(["recognized-code", "authority-code-with-diagnostics", "unknown-code", "string-payload"] as const)("unexpected native ConvexError %s cannot return stored private payload", async (kind) => {
      554 |     const { ConvexError } = await import("convex/values");

      at tests/unit/runtimeArtifactAuth/handlers.test.ts:551:24

  ● cycle3 private error output admission › unexpected native ConvexError recognized-code cannot return stored private payload

    expect(received).toBe(expected) // Object.is equality

    Expected: 1
    Received: 0

      564 |     await expect(f.invoke("appendContent", { artifactId: "artifact-a", sessionId: "guess", chunk: "caller chunk" }))
      565 |       .rejects.toHaveProperty("data", { version: 1, code: "BACKEND_OPERATION_FAILED", message: "Artifact operation failed.", retryable: false, outcome: "not_committed" });
    > 566 |     expect(injections).toBe(1); expect(f.db.attempts).toEqual([]); expect(f.db.writes).toEqual([]);
          |                        ^
      567 |   });
      568 |   test("unexpected database error after a text effect remains a failure and rolls back", async () => {
      569 |     const f = fixture(["write"], "space"); f.row({ ownerPrincipalId: "other-canonical-owner" }); let injections = 0;

      at tests/unit/runtimeArtifactAuth/handlers.test.ts:566:24

  ● cycle3 private error output admission › unexpected native ConvexError authority-code-with-diagnostics cannot return stored private payload

    expect(received).toBe(expected) // Object.is equality

    Expected: 1
    Received: 0

      564 |     await expect(f.invoke("appendContent", { artifactId: "artifact-a", sessionId: "guess", chunk: "caller chunk" }))
      565 |       .rejects.toHaveProperty("data", { version: 1, code: "BACKEND_OPERATION_FAILED", message: "Artifact operation failed.", retryable: false, outcome: "not_committed" });
    > 566 |     expect(injections).toBe(1); expect(f.db.attempts).toEqual([]); expect(f.db.writes).toEqual([]);
          |                        ^
      567 |   });
      568 |   test("unexpected database error after a text effect remains a failure and rolls back", async () => {
      569 |     const f = fixture(["write"], "space"); f.row({ ownerPrincipalId: "other-canonical-owner" }); let injections = 0;

      at tests/unit/runtimeArtifactAuth/handlers.test.ts:566:24

  ● cycle3 private error output admission › unexpected native ConvexError unknown-code cannot return stored private payload

    expect(received).toBe(expected) // Object.is equality

    Expected: 1
    Received: 0

      564 |     await expect(f.invoke("appendContent", { artifactId: "artifact-a", sessionId: "guess", chunk: "caller chunk" }))
      565 |       .rejects.toHaveProperty("data", { version: 1, code: "BACKEND_OPERATION_FAILED", message: "Artifact operation failed.", retryable: false, outcome: "not_committed" });
    > 566 |     expect(injections).toBe(1); expect(f.db.attempts).toEqual([]); expect(f.db.writes).toEqual([]);
          |                        ^
      567 |   });
      568 |   test("unexpected database error after a text effect remains a failure and rolls back", async () => {
      569 |     const f = fixture(["write"], "space"); f.row({ ownerPrincipalId: "other-canonical-owner" }); let injections = 0;

      at tests/unit/runtimeArtifactAuth/handlers.test.ts:566:24

  ● cycle3 private error output admission › unexpected native ConvexError string-payload cannot return stored private payload

    expect(received).toBe(expected) // Object.is equality

    Expected: 1
    Received: 0

      564 |     await expect(f.invoke("appendContent", { artifactId: "artifact-a", sessionId: "guess", chunk: "caller chunk" }))
      565 |       .rejects.toHaveProperty("data", { version: 1, code: "BACKEND_OPERATION_FAILED", message: "Artifact operation failed.", retryable: false, outcome: "not_committed" });
    > 566 |     expect(injections).toBe(1); expect(f.db.attempts).toEqual([]); expect(f.db.writes).toEqual([]);
          |                        ^
      567 |   });
      568 |   test("unexpected database error after a text effect remains a failure and rolls back", async () => {
      569 |     const f = fixture(["write"], "space"); f.row({ ownerPrincipalId: "other-canonical-owner" }); let injections = 0;

      at tests/unit/runtimeArtifactAuth/handlers.test.ts:566:24

  ● cycle3 private error output admission › unexpected database error after a text effect remains a failure and rolls back

    expect(received).toBe(expected) // Object.is equality

    Expected: 1
    Received: 0

      571 |     await expect(f.invoke("update", { artifactId: "artifact-a", content: "rollback" }))
      572 |       .rejects.toHaveProperty("data", { version: 1, code: "BACKEND_OPERATION_FAILED", message: "Artifact operation failed.", retryable: false, outcome: "not_committed" });
    > 573 |     expect(injections).toBe(1); expect(f.db.attempts).toHaveLength(1);
          |                        ^
      574 |     expect(f.db.rows("artifacts")[0].content).toBe("first"); expect(f.db.writes).toEqual([]);
      575 |   });
      576 | });

      at Object.<anonymous> (tests/unit/runtimeArtifactAuth/handlers.test.ts:573:24)

  ● malformed native exception getter remains an opaque backend failure with zero effects

    expect(received).toBe(expected) // Object.is equality

    Expected: 1
    Received: 0

      584 |     version: 1, code: "BACKEND_OPERATION_FAILED", message: "Artifact operation failed.", retryable: false, outcome: "not_committed",
      585 |   });
    > 586 |   expect(injections).toBe(1); expect(getterCalls).toBe(0); expect(f.db.attempts).toEqual([]); expect(f.db.writes).toEqual([]);
          |                      ^
      587 | });
      588 |

      at Object.<anonymous> (tests/unit/runtimeArtifactAuth/handlers.test.ts:586:22)

FAIL tests/unit/runtimeArtifactAuth/admission-errors.test.ts
  ● Console

    console.error
      ◇ injected env (0) from .env.test

      15 |
      16 | // Load .env.test first (test defaults)
    > 17 | dotenv.config({ path: resolve(process.cwd(), ".env.test") });
         |        ^
      18 |
      19 | // Load .env.local second with override=true (local development overrides for test defaults AND system env vars)
      20 | dotenv.config({ path: resolve(process.cwd(), ".env.local"), override: true });

      at se (node_modules/dotenv/dist/index.cjs:7:155)
      at Object.ce [as configDotenv] (node_modules/dotenv/dist/index.cjs:7:1059)
      at Object.ae [as config] (node_modules/dotenv/dist/index.cjs:7:1168)
      at tests/env.ts:17:8

    console.error
      ◇ injected env (0) from .env.local

      18 |
      19 | // Load .env.local second with override=true (local development overrides for test defaults AND system env vars)
    > 20 | dotenv.config({ path: resolve(process.cwd(), ".env.local"), override: true });
         |        ^
      21 |
      22 | // Determine which Convex deployment to test against
      23 | // Note: In auto mode, the test-runner.mjs script handles detection and orchestration

      at se (node_modules/dotenv/dist/index.cjs:7:155)
      at Object.ce [as configDotenv] (node_modules/dotenv/dist/index.cjs:7:1059)
      at Object.ae [as config] (node_modules/dotenv/dist/index.cjs:7:1168)
      at tests/env.ts:20:8

    console.log
      
      🧪 Testing against MANAGED Convex: https://example.convex.cloud

      at tests/env.ts:72:13

    console.log
         Note: Vector search fully supported in managed mode

      at tests/env.ts:75:13

    console.log
      
      📊 Graph database testing DISABLED (no graph DB URIs configured)

      at tests/env.ts:147:11

    console.log
         To enable: Set NEO4J_URI and/or MEMGRAPH_URI in .env.local

      at tests/env.ts:150:11

    console.log
         See: https://docs.cortexmemory.dev/advanced-topics/graph-database-integration

      at tests/env.ts:151:11

  ● get initial-scope plain is an opaque failure before effects

    expect(received).toBe(expected) // Object.is equality

    Expected: 1
    Received: 0

      40 |       }
      41 |       await expect(f.invoke(operation, { artifactId: operation === "create" ? "fresh" : "artifact-a", memorySpaceId: "space-a", content: "uncommitted" })).rejects.toHaveProperty("data", failure);
    > 42 |       expect(injections).toBe(1); expect(f.db.attempts).toEqual([]); expect(f.db.writes).toEqual([]);
         |                          ^
      43 |       expect(f.db.rows("artifacts")).toEqual(before);
      44 |     });
      45 |   }

      at tests/unit/runtimeArtifactAuth/admission-errors.test.ts:42:26

  ● get initial-scope private-code is an opaque failure before effects

    expect(received).toBe(expected) // Object.is equality

    Expected: 1
    Received: 0

      40 |       }
      41 |       await expect(f.invoke(operation, { artifactId: operation === "create" ? "fresh" : "artifact-a", memorySpaceId: "space-a", content: "uncommitted" })).rejects.toHaveProperty("data", failure);
    > 42 |       expect(injections).toBe(1); expect(f.db.attempts).toEqual([]); expect(f.db.writes).toEqual([]);
         |                          ^
      43 |       expect(f.db.rows("artifacts")).toEqual(before);
      44 |     });
      45 |   }

      at tests/unit/runtimeArtifactAuth/admission-errors.test.ts:42:26

  ● get initial-scope extra is an opaque failure before effects

    expect(received).toBe(expected) // Object.is equality

    Expected: 1
    Received: 0

      40 |       }
      41 |       await expect(f.invoke(operation, { artifactId: operation === "create" ? "fresh" : "artifact-a", memorySpaceId: "space-a", content: "uncommitted" })).rejects.toHaveProperty("data", failure);
    > 42 |       expect(injections).toBe(1); expect(f.db.attempts).toEqual([]); expect(f.db.writes).toEqual([]);
         |                          ^
      43 |       expect(f.db.rows("artifacts")).toEqual(before);
      44 |     });
      45 |   }

      at tests/unit/runtimeArtifactAuth/admission-errors.test.ts:42:26

  ● get initial-scope hidden-extra is an opaque failure before effects

    expect(received).toBe(expected) // Object.is equality

    Expected: 1
    Received: 0

      40 |       }
      41 |       await expect(f.invoke(operation, { artifactId: operation === "create" ? "fresh" : "artifact-a", memorySpaceId: "space-a", content: "uncommitted" })).rejects.toHaveProperty("data", failure);
    > 42 |       expect(injections).toBe(1); expect(f.db.attempts).toEqual([]); expect(f.db.writes).toEqual([]);
         |                          ^
      43 |       expect(f.db.rows("artifacts")).toEqual(before);
      44 |     });
      45 |   }

      at tests/unit/runtimeArtifactAuth/admission-errors.test.ts:42:26

  ● get initial-scope symbol-extra is an opaque failure before effects

    expect(received).toBe(expected) // Object.is equality

    Expected: 1
    Received: 0

      40 |       }
      41 |       await expect(f.invoke(operation, { artifactId: operation === "create" ? "fresh" : "artifact-a", memorySpaceId: "space-a", content: "uncommitted" })).rejects.toHaveProperty("data", failure);
    > 42 |       expect(injections).toBe(1); expect(f.db.attempts).toEqual([]); expect(f.db.writes).toEqual([]);
         |                          ^
      43 |       expect(f.db.rows("artifacts")).toEqual(before);
      44 |     });
      45 |   }

      at tests/unit/runtimeArtifactAuth/admission-errors.test.ts:42:26

  ● get initial-scope field-getter is an opaque failure before effects

    expect(received).toBe(expected) // Object.is equality

    Expected: 1
    Received: 0

      40 |       }
      41 |       await expect(f.invoke(operation, { artifactId: operation === "create" ? "fresh" : "artifact-a", memorySpaceId: "space-a", content: "uncommitted" })).rejects.toHaveProperty("data", failure);
    > 42 |       expect(injections).toBe(1); expect(f.db.attempts).toEqual([]); expect(f.db.writes).toEqual([]);
         |                          ^
      43 |       expect(f.db.rows("artifacts")).toEqual(before);
      44 |     });
      45 |   }

      at tests/unit/runtimeArtifactAuth/admission-errors.test.ts:42:26

  ● get initial-scope throwing-field-getter is an opaque failure before effects

    expect(received).toBe(expected) // Object.is equality

    Expected: 1
    Received: 0

      40 |       }
      41 |       await expect(f.invoke(operation, { artifactId: operation === "create" ? "fresh" : "artifact-a", memorySpaceId: "space-a", content: "uncommitted" })).rejects.toHaveProperty("data", failure);
    > 42 |       expect(injections).toBe(1); expect(f.db.attempts).toEqual([]); expect(f.db.writes).toEqual([]);
         |                          ^
      43 |       expect(f.db.rows("artifacts")).toEqual(before);
      44 |     });
      45 |   }

      at tests/unit/runtimeArtifactAuth/admission-errors.test.ts:42:26

  ● get initial-scope data-getter is an opaque failure before effects

    expect(received).toBe(expected) // Object.is equality

    Expected: 1
    Received: 0

      40 |       }
      41 |       await expect(f.invoke(operation, { artifactId: operation === "create" ? "fresh" : "artifact-a", memorySpaceId: "space-a", content: "uncommitted" })).rejects.toHaveProperty("data", failure);
    > 42 |       expect(injections).toBe(1); expect(f.db.attempts).toEqual([]); expect(f.db.writes).toEqual([]);
         |                          ^
      43 |       expect(f.db.rows("artifacts")).toEqual(before);
      44 |     });
      45 |   }

      at tests/unit/runtimeArtifactAuth/admission-errors.test.ts:42:26

  ● get initial-scope throwing-data-getter is an opaque failure before effects

    expect(received).toBe(expected) // Object.is equality

    Expected: 1
    Received: 0

      40 |       }
      41 |       await expect(f.invoke(operation, { artifactId: operation === "create" ? "fresh" : "artifact-a", memorySpaceId: "space-a", content: "uncommitted" })).rejects.toHaveProperty("data", failure);
    > 42 |       expect(injections).toBe(1); expect(f.db.attempts).toEqual([]); expect(f.db.writes).toEqual([]);
         |                          ^
      43 |       expect(f.db.rows("artifacts")).toEqual(before);
      44 |     });
      45 |   }

      at tests/unit/runtimeArtifactAuth/admission-errors.test.ts:42:26

  ● get initial-scope inherited is an opaque failure before effects

    expect(received).toBe(expected) // Object.is equality

    Expected: 1
    Received: 0

      40 |       }
      41 |       await expect(f.invoke(operation, { artifactId: operation === "create" ? "fresh" : "artifact-a", memorySpaceId: "space-a", content: "uncommitted" })).rejects.toHaveProperty("data", failure);
    > 42 |       expect(injections).toBe(1); expect(f.db.attempts).toEqual([]); expect(f.db.writes).toEqual([]);
         |                          ^
      43 |       expect(f.db.rows("artifacts")).toEqual(before);
      44 |     });
      45 |   }

      at tests/unit/runtimeArtifactAuth/admission-errors.test.ts:42:26

  ● get initial-scope malformed is an opaque failure before effects

    expect(received).toBe(expected) // Object.is equality

    Expected: 1
    Received: 0

      40 |       }
      41 |       await expect(f.invoke(operation, { artifactId: operation === "create" ? "fresh" : "artifact-a", memorySpaceId: "space-a", content: "uncommitted" })).rejects.toHaveProperty("data", failure);
    > 42 |       expect(injections).toBe(1); expect(f.db.attempts).toEqual([]); expect(f.db.writes).toEqual([]);
         |                          ^
      43 |       expect(f.db.rows("artifacts")).toEqual(before);
      44 |     });
      45 |   }

      at tests/unit/runtimeArtifactAuth/admission-errors.test.ts:42:26

  ● create initial-scope plain is an opaque failure before effects

    expect(received).toBe(expected) // Object.is equality

    Expected: 1
    Received: 0

      40 |       }
      41 |       await expect(f.invoke(operation, { artifactId: operation === "create" ? "fresh" : "artifact-a", memorySpaceId: "space-a", content: "uncommitted" })).rejects.toHaveProperty("data", failure);
    > 42 |       expect(injections).toBe(1); expect(f.db.attempts).toEqual([]); expect(f.db.writes).toEqual([]);
         |                          ^
      43 |       expect(f.db.rows("artifacts")).toEqual(before);
      44 |     });
      45 |   }

      at tests/unit/runtimeArtifactAuth/admission-errors.test.ts:42:26

  ● create initial-scope private-code is an opaque failure before effects

    expect(received).toBe(expected) // Object.is equality

    Expected: 1
    Received: 0

      40 |       }
      41 |       await expect(f.invoke(operation, { artifactId: operation === "create" ? "fresh" : "artifact-a", memorySpaceId: "space-a", content: "uncommitted" })).rejects.toHaveProperty("data", failure);
    > 42 |       expect(injections).toBe(1); expect(f.db.attempts).toEqual([]); expect(f.db.writes).toEqual([]);
         |                          ^
      43 |       expect(f.db.rows("artifacts")).toEqual(before);
      44 |     });
      45 |   }

      at tests/unit/runtimeArtifactAuth/admission-errors.test.ts:42:26

  ● create initial-scope extra is an opaque failure before effects

    expect(received).toBe(expected) // Object.is equality

    Expected: 1
    Received: 0

      40 |       }
      41 |       await expect(f.invoke(operation, { artifactId: operation === "create" ? "fresh" : "artifact-a", memorySpaceId: "space-a", content: "uncommitted" })).rejects.toHaveProperty("data", failure);
    > 42 |       expect(injections).toBe(1); expect(f.db.attempts).toEqual([]); expect(f.db.writes).toEqual([]);
         |                          ^
      43 |       expect(f.db.rows("artifacts")).toEqual(before);
      44 |     });
      45 |   }

      at tests/unit/runtimeArtifactAuth/admission-errors.test.ts:42:26

  ● create initial-scope hidden-extra is an opaque failure before effects

    expect(received).toBe(expected) // Object.is equality

    Expected: 1
    Received: 0

      40 |       }
      41 |       await expect(f.invoke(operation, { artifactId: operation === "create" ? "fresh" : "artifact-a", memorySpaceId: "space-a", content: "uncommitted" })).rejects.toHaveProperty("data", failure);
    > 42 |       expect(injections).toBe(1); expect(f.db.attempts).toEqual([]); expect(f.db.writes).toEqual([]);
         |                          ^
      43 |       expect(f.db.rows("artifacts")).toEqual(before);
      44 |     });
      45 |   }

      at tests/unit/runtimeArtifactAuth/admission-errors.test.ts:42:26

  ● create initial-scope symbol-extra is an opaque failure before effects

    expect(received).toBe(expected) // Object.is equality

    Expected: 1
    Received: 0

      40 |       }
      41 |       await expect(f.invoke(operation, { artifactId: operation === "create" ? "fresh" : "artifact-a", memorySpaceId: "space-a", content: "uncommitted" })).rejects.toHaveProperty("data", failure);
    > 42 |       expect(injections).toBe(1); expect(f.db.attempts).toEqual([]); expect(f.db.writes).toEqual([]);
         |                          ^
      43 |       expect(f.db.rows("artifacts")).toEqual(before);
      44 |     });
      45 |   }

      at tests/unit/runtimeArtifactAuth/admission-errors.test.ts:42:26

  ● create initial-scope field-getter is an opaque failure before effects

    expect(received).toBe(expected) // Object.is equality

    Expected: 1
    Received: 0

      40 |       }
      41 |       await expect(f.invoke(operation, { artifactId: operation === "create" ? "fresh" : "artifact-a", memorySpaceId: "space-a", content: "uncommitted" })).rejects.toHaveProperty("data", failure);
    > 42 |       expect(injections).toBe(1); expect(f.db.attempts).toEqual([]); expect(f.db.writes).toEqual([]);
         |                          ^
      43 |       expect(f.db.rows("artifacts")).toEqual(before);
      44 |     });
      45 |   }

      at tests/unit/runtimeArtifactAuth/admission-errors.test.ts:42:26

  ● create initial-scope throwing-field-getter is an opaque failure before effects

    expect(received).toBe(expected) // Object.is equality

    Expected: 1
    Received: 0

      40 |       }
      41 |       await expect(f.invoke(operation, { artifactId: operation === "create" ? "fresh" : "artifact-a", memorySpaceId: "space-a", content: "uncommitted" })).rejects.toHaveProperty("data", failure);
    > 42 |       expect(injections).toBe(1); expect(f.db.attempts).toEqual([]); expect(f.db.writes).toEqual([]);
         |                          ^
      43 |       expect(f.db.rows("artifacts")).toEqual(before);
      44 |     });
      45 |   }

      at tests/unit/runtimeArtifactAuth/admission-errors.test.ts:42:26

  ● create initial-scope data-getter is an opaque failure before effects

    expect(received).toBe(expected) // Object.is equality

    Expected: 1
    Received: 0

      40 |       }
      41 |       await expect(f.invoke(operation, { artifactId: operation === "create" ? "fresh" : "artifact-a", memorySpaceId: "space-a", content: "uncommitted" })).rejects.toHaveProperty("data", failure);
    > 42 |       expect(injections).toBe(1); expect(f.db.attempts).toEqual([]); expect(f.db.writes).toEqual([]);
         |                          ^
      43 |       expect(f.db.rows("artifacts")).toEqual(before);
      44 |     });
      45 |   }

      at tests/unit/runtimeArtifactAuth/admission-errors.test.ts:42:26

  ● create initial-scope throwing-data-getter is an opaque failure before effects

    expect(received).toBe(expected) // Object.is equality

    Expected: 1
    Received: 0

      40 |       }
      41 |       await expect(f.invoke(operation, { artifactId: operation === "create" ? "fresh" : "artifact-a", memorySpaceId: "space-a", content: "uncommitted" })).rejects.toHaveProperty("data", failure);
    > 42 |       expect(injections).toBe(1); expect(f.db.attempts).toEqual([]); expect(f.db.writes).toEqual([]);
         |                          ^
      43 |       expect(f.db.rows("artifacts")).toEqual(before);
      44 |     });
      45 |   }

      at tests/unit/runtimeArtifactAuth/admission-errors.test.ts:42:26

  ● create initial-scope inherited is an opaque failure before effects

    expect(received).toBe(expected) // Object.is equality

    Expected: 1
    Received: 0

      40 |       }
      41 |       await expect(f.invoke(operation, { artifactId: operation === "create" ? "fresh" : "artifact-a", memorySpaceId: "space-a", content: "uncommitted" })).rejects.toHaveProperty("data", failure);
    > 42 |       expect(injections).toBe(1); expect(f.db.attempts).toEqual([]); expect(f.db.writes).toEqual([]);
         |                          ^
      43 |       expect(f.db.rows("artifacts")).toEqual(before);
      44 |     });
      45 |   }

      at tests/unit/runtimeArtifactAuth/admission-errors.test.ts:42:26

  ● create initial-scope malformed is an opaque failure before effects

    expect(received).toBe(expected) // Object.is equality

    Expected: 1
    Received: 0

      40 |       }
      41 |       await expect(f.invoke(operation, { artifactId: operation === "create" ? "fresh" : "artifact-a", memorySpaceId: "space-a", content: "uncommitted" })).rejects.toHaveProperty("data", failure);
    > 42 |       expect(injections).toBe(1); expect(f.db.attempts).toEqual([]); expect(f.db.writes).toEqual([]);
         |                          ^
      43 |       expect(f.db.rows("artifacts")).toEqual(before);
      44 |     });
      45 |   }

      at tests/unit/runtimeArtifactAuth/admission-errors.test.ts:42:26

  ● create read-identity plain is an opaque failure before effects

    expect(received).toBe(expected) // Object.is equality

    Expected: 1
    Received: 0

      40 |       }
      41 |       await expect(f.invoke(operation, { artifactId: operation === "create" ? "fresh" : "artifact-a", memorySpaceId: "space-a", content: "uncommitted" })).rejects.toHaveProperty("data", failure);
    > 42 |       expect(injections).toBe(1); expect(f.db.attempts).toEqual([]); expect(f.db.writes).toEqual([]);
         |                          ^
      43 |       expect(f.db.rows("artifacts")).toEqual(before);
      44 |     });
      45 |   }

      at tests/unit/runtimeArtifactAuth/admission-errors.test.ts:42:26

  ● create read-identity private-code is an opaque failure before effects

    expect(received).toBe(expected) // Object.is equality

    Expected: 1
    Received: 0

      40 |       }
      41 |       await expect(f.invoke(operation, { artifactId: operation === "create" ? "fresh" : "artifact-a", memorySpaceId: "space-a", content: "uncommitted" })).rejects.toHaveProperty("data", failure);
    > 42 |       expect(injections).toBe(1); expect(f.db.attempts).toEqual([]); expect(f.db.writes).toEqual([]);
         |                          ^
      43 |       expect(f.db.rows("artifacts")).toEqual(before);
      44 |     });
      45 |   }

      at tests/unit/runtimeArtifactAuth/admission-errors.test.ts:42:26

  ● create read-identity extra is an opaque failure before effects

    expect(received).toBe(expected) // Object.is equality

    Expected: 1
    Received: 0

      40 |       }
      41 |       await expect(f.invoke(operation, { artifactId: operation === "create" ? "fresh" : "artifact-a", memorySpaceId: "space-a", content: "uncommitted" })).rejects.toHaveProperty("data", failure);
    > 42 |       expect(injections).toBe(1); expect(f.db.attempts).toEqual([]); expect(f.db.writes).toEqual([]);
         |                          ^
      43 |       expect(f.db.rows("artifacts")).toEqual(before);
      44 |     });
      45 |   }

      at tests/unit/runtimeArtifactAuth/admission-errors.test.ts:42:26

  ● create read-identity hidden-extra is an opaque failure before effects

    expect(received).toBe(expected) // Object.is equality

    Expected: 1
    Received: 0

      40 |       }
      41 |       await expect(f.invoke(operation, { artifactId: operation === "create" ? "fresh" : "artifact-a", memorySpaceId: "space-a", content: "uncommitted" })).rejects.toHaveProperty("data", failure);
    > 42 |       expect(injections).toBe(1); expect(f.db.attempts).toEqual([]); expect(f.db.writes).toEqual([]);
         |                          ^
      43 |       expect(f.db.rows("artifacts")).toEqual(before);
      44 |     });
      45 |   }

      at tests/unit/runtimeArtifactAuth/admission-errors.test.ts:42:26

  ● create read-identity symbol-extra is an opaque failure before effects

    expect(received).toBe(expected) // Object.is equality

    Expected: 1
    Received: 0

      40 |       }
      41 |       await expect(f.invoke(operation, { artifactId: operation === "create" ? "fresh" : "artifact-a", memorySpaceId: "space-a", content: "uncommitted" })).rejects.toHaveProperty("data", failure);
    > 42 |       expect(injections).toBe(1); expect(f.db.attempts).toEqual([]); expect(f.db.writes).toEqual([]);
         |                          ^
      43 |       expect(f.db.rows("artifacts")).toEqual(before);
      44 |     });
      45 |   }

      at tests/unit/runtimeArtifactAuth/admission-errors.test.ts:42:26

  ● create read-identity field-getter is an opaque failure before effects

    expect(received).toBe(expected) // Object.is equality

    Expected: 1
    Received: 0

      40 |       }
      41 |       await expect(f.invoke(operation, { artifactId: operation === "create" ? "fresh" : "artifact-a", memorySpaceId: "space-a", content: "uncommitted" })).rejects.toHaveProperty("data", failure);
    > 42 |       expect(injections).toBe(1); expect(f.db.attempts).toEqual([]); expect(f.db.writes).toEqual([]);
         |                          ^
      43 |       expect(f.db.rows("artifacts")).toEqual(before);
      44 |     });
      45 |   }

      at tests/unit/runtimeArtifactAuth/admission-errors.test.ts:42:26

  ● create read-identity throwing-field-getter is an opaque failure before effects

    expect(received).toBe(expected) // Object.is equality

    Expected: 1
    Received: 0

      40 |       }
      41 |       await expect(f.invoke(operation, { artifactId: operation === "create" ? "fresh" : "artifact-a", memorySpaceId: "space-a", content: "uncommitted" })).rejects.toHaveProperty("data", failure);
    > 42 |       expect(injections).toBe(1); expect(f.db.attempts).toEqual([]); expect(f.db.writes).toEqual([]);
         |                          ^
      43 |       expect(f.db.rows("artifacts")).toEqual(before);
      44 |     });
      45 |   }

      at tests/unit/runtimeArtifactAuth/admission-errors.test.ts:42:26

  ● create read-identity data-getter is an opaque failure before effects

    expect(received).toBe(expected) // Object.is equality

    Expected: 1
    Received: 0

      40 |       }
      41 |       await expect(f.invoke(operation, { artifactId: operation === "create" ? "fresh" : "artifact-a", memorySpaceId: "space-a", content: "uncommitted" })).rejects.toHaveProperty("data", failure);
    > 42 |       expect(injections).toBe(1); expect(f.db.attempts).toEqual([]); expect(f.db.writes).toEqual([]);
         |                          ^
      43 |       expect(f.db.rows("artifacts")).toEqual(before);
      44 |     });
      45 |   }

      at tests/unit/runtimeArtifactAuth/admission-errors.test.ts:42:26

  ● create read-identity throwing-data-getter is an opaque failure before effects

    expect(received).toBe(expected) // Object.is equality

    Expected: 1
    Received: 0

      40 |       }
      41 |       await expect(f.invoke(operation, { artifactId: operation === "create" ? "fresh" : "artifact-a", memorySpaceId: "space-a", content: "uncommitted" })).rejects.toHaveProperty("data", failure);
    > 42 |       expect(injections).toBe(1); expect(f.db.attempts).toEqual([]); expect(f.db.writes).toEqual([]);
         |                          ^
      43 |       expect(f.db.rows("artifacts")).toEqual(before);
      44 |     });
      45 |   }

      at tests/unit/runtimeArtifactAuth/admission-errors.test.ts:42:26

  ● create read-identity inherited is an opaque failure before effects

    expect(received).toBe(expected) // Object.is equality

    Expected: 1
    Received: 0

      40 |       }
      41 |       await expect(f.invoke(operation, { artifactId: operation === "create" ? "fresh" : "artifact-a", memorySpaceId: "space-a", content: "uncommitted" })).rejects.toHaveProperty("data", failure);
    > 42 |       expect(injections).toBe(1); expect(f.db.attempts).toEqual([]); expect(f.db.writes).toEqual([]);
         |                          ^
      43 |       expect(f.db.rows("artifacts")).toEqual(before);
      44 |     });
      45 |   }

      at tests/unit/runtimeArtifactAuth/admission-errors.test.ts:42:26

  ● create read-identity malformed is an opaque failure before effects

    expect(received).toBe(expected) // Object.is equality

    Expected: 1
    Received: 0

      40 |       }
      41 |       await expect(f.invoke(operation, { artifactId: operation === "create" ? "fresh" : "artifact-a", memorySpaceId: "space-a", content: "uncommitted" })).rejects.toHaveProperty("data", failure);
    > 42 |       expect(injections).toBe(1); expect(f.db.attempts).toEqual([]); expect(f.db.writes).toEqual([]);
         |                          ^
      43 |       expect(f.db.rows("artifacts")).toEqual(before);
      44 |     });
      45 |   }

      at tests/unit/runtimeArtifactAuth/admission-errors.test.ts:42:26

  ● create read-scope plain is an opaque failure before effects

    expect(received).toBe(expected) // Object.is equality

    Expected: 1
    Received: 0

      40 |       }
      41 |       await expect(f.invoke(operation, { artifactId: operation === "create" ? "fresh" : "artifact-a", memorySpaceId: "space-a", content: "uncommitted" })).rejects.toHaveProperty("data", failure);
    > 42 |       expect(injections).toBe(1); expect(f.db.attempts).toEqual([]); expect(f.db.writes).toEqual([]);
         |                          ^
      43 |       expect(f.db.rows("artifacts")).toEqual(before);
      44 |     });
      45 |   }

      at tests/unit/runtimeArtifactAuth/admission-errors.test.ts:42:26

  ● create read-scope private-code is an opaque failure before effects

    expect(received).toBe(expected) // Object.is equality

    Expected: 1
    Received: 0

      40 |       }
      41 |       await expect(f.invoke(operation, { artifactId: operation === "create" ? "fresh" : "artifact-a", memorySpaceId: "space-a", content: "uncommitted" })).rejects.toHaveProperty("data", failure);
    > 42 |       expect(injections).toBe(1); expect(f.db.attempts).toEqual([]); expect(f.db.writes).toEqual([]);
         |                          ^
      43 |       expect(f.db.rows("artifacts")).toEqual(before);
      44 |     });
      45 |   }

      at tests/unit/runtimeArtifactAuth/admission-errors.test.ts:42:26

  ● create read-scope extra is an opaque failure before effects

    expect(received).toBe(expected) // Object.is equality

    Expected: 1
    Received: 0

      40 |       }
      41 |       await expect(f.invoke(operation, { artifactId: operation === "create" ? "fresh" : "artifact-a", memorySpaceId: "space-a", content: "uncommitted" })).rejects.toHaveProperty("data", failure);
    > 42 |       expect(injections).toBe(1); expect(f.db.attempts).toEqual([]); expect(f.db.writes).toEqual([]);
         |                          ^
      43 |       expect(f.db.rows("artifacts")).toEqual(before);
      44 |     });
      45 |   }

      at tests/unit/runtimeArtifactAuth/admission-errors.test.ts:42:26

  ● create read-scope hidden-extra is an opaque failure before effects

    expect(received).toBe(expected) // Object.is equality

    Expected: 1
    Received: 0

      40 |       }
      41 |       await expect(f.invoke(operation, { artifactId: operation === "create" ? "fresh" : "artifact-a", memorySpaceId: "space-a", content: "uncommitted" })).rejects.toHaveProperty("data", failure);
    > 42 |       expect(injections).toBe(1); expect(f.db.attempts).toEqual([]); expect(f.db.writes).toEqual([]);
         |                          ^
      43 |       expect(f.db.rows("artifacts")).toEqual(before);
      44 |     });
      45 |   }

      at tests/unit/runtimeArtifactAuth/admission-errors.test.ts:42:26

  ● create read-scope symbol-extra is an opaque failure before effects

    expect(received).toBe(expected) // Object.is equality

    Expected: 1
    Received: 0

      40 |       }
      41 |       await expect(f.invoke(operation, { artifactId: operation === "create" ? "fresh" : "artifact-a", memorySpaceId: "space-a", content: "uncommitted" })).rejects.toHaveProperty("data", failure);
    > 42 |       expect(injections).toBe(1); expect(f.db.attempts).toEqual([]); expect(f.db.writes).toEqual([]);
         |                          ^
      43 |       expect(f.db.rows("artifacts")).toEqual(before);
      44 |     });
      45 |   }

      at tests/unit/runtimeArtifactAuth/admission-errors.test.ts:42:26

  ● create read-scope field-getter is an opaque failure before effects

    expect(received).toBe(expected) // Object.is equality

    Expected: 1
    Received: 0

      40 |       }
      41 |       await expect(f.invoke(operation, { artifactId: operation === "create" ? "fresh" : "artifact-a", memorySpaceId: "space-a", content: "uncommitted" })).rejects.toHaveProperty("data", failure);
    > 42 |       expect(injections).toBe(1); expect(f.db.attempts).toEqual([]); expect(f.db.writes).toEqual([]);
         |                          ^
      43 |       expect(f.db.rows("artifacts")).toEqual(before);
      44 |     });
      45 |   }

      at tests/unit/runtimeArtifactAuth/admission-errors.test.ts:42:26

  ● create read-scope throwing-field-getter is an opaque failure before effects

    expect(received).toBe(expected) // Object.is equality

    Expected: 1
    Received: 0

      40 |       }
      41 |       await expect(f.invoke(operation, { artifactId: operation === "create" ? "fresh" : "artifact-a", memorySpaceId: "space-a", content: "uncommitted" })).rejects.toHaveProperty("data", failure);
    > 42 |       expect(injections).toBe(1); expect(f.db.attempts).toEqual([]); expect(f.db.writes).toEqual([]);
         |                          ^
      43 |       expect(f.db.rows("artifacts")).toEqual(before);
      44 |     });
      45 |   }

      at tests/unit/runtimeArtifactAuth/admission-errors.test.ts:42:26

  ● create read-scope data-getter is an opaque failure before effects

    expect(received).toBe(expected) // Object.is equality

    Expected: 1
    Received: 0

      40 |       }
      41 |       await expect(f.invoke(operation, { artifactId: operation === "create" ? "fresh" : "artifact-a", memorySpaceId: "space-a", content: "uncommitted" })).rejects.toHaveProperty("data", failure);
    > 42 |       expect(injections).toBe(1); expect(f.db.attempts).toEqual([]); expect(f.db.writes).toEqual([]);
         |                          ^
      43 |       expect(f.db.rows("artifacts")).toEqual(before);
      44 |     });
      45 |   }

      at tests/unit/runtimeArtifactAuth/admission-errors.test.ts:42:26

  ● create read-scope throwing-data-getter is an opaque failure before effects

    expect(received).toBe(expected) // Object.is equality

    Expected: 1
    Received: 0

      40 |       }
      41 |       await expect(f.invoke(operation, { artifactId: operation === "create" ? "fresh" : "artifact-a", memorySpaceId: "space-a", content: "uncommitted" })).rejects.toHaveProperty("data", failure);
    > 42 |       expect(injections).toBe(1); expect(f.db.attempts).toEqual([]); expect(f.db.writes).toEqual([]);
         |                          ^
      43 |       expect(f.db.rows("artifacts")).toEqual(before);
      44 |     });
      45 |   }

      at tests/unit/runtimeArtifactAuth/admission-errors.test.ts:42:26

  ● create read-scope inherited is an opaque failure before effects

    expect(received).toBe(expected) // Object.is equality

    Expected: 1
    Received: 0

      40 |       }
      41 |       await expect(f.invoke(operation, { artifactId: operation === "create" ? "fresh" : "artifact-a", memorySpaceId: "space-a", content: "uncommitted" })).rejects.toHaveProperty("data", failure);
    > 42 |       expect(injections).toBe(1); expect(f.db.attempts).toEqual([]); expect(f.db.writes).toEqual([]);
         |                          ^
      43 |       expect(f.db.rows("artifacts")).toEqual(before);
      44 |     });
      45 |   }

      at tests/unit/runtimeArtifactAuth/admission-errors.test.ts:42:26

  ● create read-scope malformed is an opaque failure before effects

    expect(received).toBe(expected) // Object.is equality

    Expected: 1
    Received: 0

      40 |       }
      41 |       await expect(f.invoke(operation, { artifactId: operation === "create" ? "fresh" : "artifact-a", memorySpaceId: "space-a", content: "uncommitted" })).rejects.toHaveProperty("data", failure);
    > 42 |       expect(injections).toBe(1); expect(f.db.attempts).toEqual([]); expect(f.db.writes).toEqual([]);
         |                          ^
      43 |       expect(f.db.rows("artifacts")).toEqual(before);
      44 |     });
      45 |   }

      at tests/unit/runtimeArtifactAuth/admission-errors.test.ts:42:26

  ● update initial-scope plain is an opaque failure before effects

    expect(received).toBe(expected) // Object.is equality

    Expected: 1
    Received: 0

      40 |       }
      41 |       await expect(f.invoke(operation, { artifactId: operation === "create" ? "fresh" : "artifact-a", memorySpaceId: "space-a", content: "uncommitted" })).rejects.toHaveProperty("data", failure);
    > 42 |       expect(injections).toBe(1); expect(f.db.attempts).toEqual([]); expect(f.db.writes).toEqual([]);
         |                          ^
      43 |       expect(f.db.rows("artifacts")).toEqual(before);
      44 |     });
      45 |   }

      at tests/unit/runtimeArtifactAuth/admission-errors.test.ts:42:26

  ● update initial-scope private-code is an opaque failure before effects

    expect(received).toBe(expected) // Object.is equality

    Expected: 1
    Received: 0

      40 |       }
      41 |       await expect(f.invoke(operation, { artifactId: operation === "create" ? "fresh" : "artifact-a", memorySpaceId: "space-a", content: "uncommitted" })).rejects.toHaveProperty("data", failure);
    > 42 |       expect(injections).toBe(1); expect(f.db.attempts).toEqual([]); expect(f.db.writes).toEqual([]);
         |                          ^
      43 |       expect(f.db.rows("artifacts")).toEqual(before);
      44 |     });
      45 |   }

      at tests/unit/runtimeArtifactAuth/admission-errors.test.ts:42:26

  ● update initial-scope extra is an opaque failure before effects

    expect(received).toBe(expected) // Object.is equality

    Expected: 1
    Received: 0

      40 |       }
      41 |       await expect(f.invoke(operation, { artifactId: operation === "create" ? "fresh" : "artifact-a", memorySpaceId: "space-a", content: "uncommitted" })).rejects.toHaveProperty("data", failure);
    > 42 |       expect(injections).toBe(1); expect(f.db.attempts).toEqual([]); expect(f.db.writes).toEqual([]);
         |                          ^
      43 |       expect(f.db.rows("artifacts")).toEqual(before);
      44 |     });
      45 |   }

      at tests/unit/runtimeArtifactAuth/admission-errors.test.ts:42:26

  ● update initial-scope hidden-extra is an opaque failure before effects

    expect(received).toBe(expected) // Object.is equality

    Expected: 1
    Received: 0

      40 |       }
      41 |       await expect(f.invoke(operation, { artifactId: operation === "create" ? "fresh" : "artifact-a", memorySpaceId: "space-a", content: "uncommitted" })).rejects.toHaveProperty("data", failure);
    > 42 |       expect(injections).toBe(1); expect(f.db.attempts).toEqual([]); expect(f.db.writes).toEqual([]);
         |                          ^
      43 |       expect(f.db.rows("artifacts")).toEqual(before);
      44 |     });
      45 |   }

      at tests/unit/runtimeArtifactAuth/admission-errors.test.ts:42:26

  ● update initial-scope symbol-extra is an opaque failure before effects

    expect(received).toBe(expected) // Object.is equality

    Expected: 1
    Received: 0

      40 |       }
      41 |       await expect(f.invoke(operation, { artifactId: operation === "create" ? "fresh" : "artifact-a", memorySpaceId: "space-a", content: "uncommitted" })).rejects.toHaveProperty("data", failure);
    > 42 |       expect(injections).toBe(1); expect(f.db.attempts).toEqual([]); expect(f.db.writes).toEqual([]);
         |                          ^
      43 |       expect(f.db.rows("artifacts")).toEqual(before);
      44 |     });
      45 |   }

      at tests/unit/runtimeArtifactAuth/admission-errors.test.ts:42:26

  ● update initial-scope field-getter is an opaque failure before effects

    expect(received).toBe(expected) // Object.is equality

    Expected: 1
    Received: 0

      40 |       }
      41 |       await expect(f.invoke(operation, { artifactId: operation === "create" ? "fresh" : "artifact-a", memorySpaceId: "space-a", content: "uncommitted" })).rejects.toHaveProperty("data", failure);
    > 42 |       expect(injections).toBe(1); expect(f.db.attempts).toEqual([]); expect(f.db.writes).toEqual([]);
         |                          ^
      43 |       expect(f.db.rows("artifacts")).toEqual(before);
      44 |     });
      45 |   }

      at tests/unit/runtimeArtifactAuth/admission-errors.test.ts:42:26

  ● update initial-scope throwing-field-getter is an opaque failure before effects

    expect(received).toBe(expected) // Object.is equality

    Expected: 1
    Received: 0

      40 |       }
      41 |       await expect(f.invoke(operation, { artifactId: operation === "create" ? "fresh" : "artifact-a", memorySpaceId: "space-a", content: "uncommitted" })).rejects.toHaveProperty("data", failure);
    > 42 |       expect(injections).toBe(1); expect(f.db.attempts).toEqual([]); expect(f.db.writes).toEqual([]);
         |                          ^
      43 |       expect(f.db.rows("artifacts")).toEqual(before);
      44 |     });
      45 |   }

      at tests/unit/runtimeArtifactAuth/admission-errors.test.ts:42:26

  ● update initial-scope data-getter is an opaque failure before effects

    expect(received).toBe(expected) // Object.is equality

    Expected: 1
    Received: 0

      40 |       }
      41 |       await expect(f.invoke(operation, { artifactId: operation === "create" ? "fresh" : "artifact-a", memorySpaceId: "space-a", content: "uncommitted" })).rejects.toHaveProperty("data", failure);
    > 42 |       expect(injections).toBe(1); expect(f.db.attempts).toEqual([]); expect(f.db.writes).toEqual([]);
         |                          ^
      43 |       expect(f.db.rows("artifacts")).toEqual(before);
      44 |     });
      45 |   }

      at tests/unit/runtimeArtifactAuth/admission-errors.test.ts:42:26

  ● update initial-scope throwing-data-getter is an opaque failure before effects

    expect(received).toBe(expected) // Object.is equality

    Expected: 1
    Received: 0

      40 |       }
      41 |       await expect(f.invoke(operation, { artifactId: operation === "create" ? "fresh" : "artifact-a", memorySpaceId: "space-a", content: "uncommitted" })).rejects.toHaveProperty("data", failure);
    > 42 |       expect(injections).toBe(1); expect(f.db.attempts).toEqual([]); expect(f.db.writes).toEqual([]);
         |                          ^
      43 |       expect(f.db.rows("artifacts")).toEqual(before);
      44 |     });
      45 |   }

      at tests/unit/runtimeArtifactAuth/admission-errors.test.ts:42:26

  ● update initial-scope inherited is an opaque failure before effects

    expect(received).toBe(expected) // Object.is equality

    Expected: 1
    Received: 0

      40 |       }
      41 |       await expect(f.invoke(operation, { artifactId: operation === "create" ? "fresh" : "artifact-a", memorySpaceId: "space-a", content: "uncommitted" })).rejects.toHaveProperty("data", failure);
    > 42 |       expect(injections).toBe(1); expect(f.db.attempts).toEqual([]); expect(f.db.writes).toEqual([]);
         |                          ^
      43 |       expect(f.db.rows("artifacts")).toEqual(before);
      44 |     });
      45 |   }

      at tests/unit/runtimeArtifactAuth/admission-errors.test.ts:42:26

  ● update initial-scope malformed is an opaque failure before effects

    expect(received).toBe(expected) // Object.is equality

    Expected: 1
    Received: 0

      40 |       }
      41 |       await expect(f.invoke(operation, { artifactId: operation === "create" ? "fresh" : "artifact-a", memorySpaceId: "space-a", content: "uncommitted" })).rejects.toHaveProperty("data", failure);
    > 42 |       expect(injections).toBe(1); expect(f.db.attempts).toEqual([]); expect(f.db.writes).toEqual([]);
         |                          ^
      43 |       expect(f.db.rows("artifacts")).toEqual(before);
      44 |     });
      45 |   }

      at tests/unit/runtimeArtifactAuth/admission-errors.test.ts:42:26

  ● update read-identity plain is an opaque failure before effects

    expect(received).toBe(expected) // Object.is equality

    Expected: 1
    Received: 0

      40 |       }
      41 |       await expect(f.invoke(operation, { artifactId: operation === "create" ? "fresh" : "artifact-a", memorySpaceId: "space-a", content: "uncommitted" })).rejects.toHaveProperty("data", failure);
    > 42 |       expect(injections).toBe(1); expect(f.db.attempts).toEqual([]); expect(f.db.writes).toEqual([]);
         |                          ^
      43 |       expect(f.db.rows("artifacts")).toEqual(before);
      44 |     });
      45 |   }

      at tests/unit/runtimeArtifactAuth/admission-errors.test.ts:42:26

  ● update read-identity private-code is an opaque failure before effects

    expect(received).toBe(expected) // Object.is equality

    Expected: 1
    Received: 0

      40 |       }
      41 |       await expect(f.invoke(operation, { artifactId: operation === "create" ? "fresh" : "artifact-a", memorySpaceId: "space-a", content: "uncommitted" })).rejects.toHaveProperty("data", failure);
    > 42 |       expect(injections).toBe(1); expect(f.db.attempts).toEqual([]); expect(f.db.writes).toEqual([]);
         |                          ^
      43 |       expect(f.db.rows("artifacts")).toEqual(before);
      44 |     });
      45 |   }

      at tests/unit/runtimeArtifactAuth/admission-errors.test.ts:42:26

  ● update read-identity extra is an opaque failure before effects

    expect(received).toBe(expected) // Object.is equality

    Expected: 1
    Received: 0

      40 |       }
      41 |       await expect(f.invoke(operation, { artifactId: operation === "create" ? "fresh" : "artifact-a", memorySpaceId: "space-a", content: "uncommitted" })).rejects.toHaveProperty("data", failure);
    > 42 |       expect(injections).toBe(1); expect(f.db.attempts).toEqual([]); expect(f.db.writes).toEqual([]);
         |                          ^
      43 |       expect(f.db.rows("artifacts")).toEqual(before);
      44 |     });
      45 |   }

      at tests/unit/runtimeArtifactAuth/admission-errors.test.ts:42:26

  ● update read-identity hidden-extra is an opaque failure before effects

    expect(received).toBe(expected) // Object.is equality

    Expected: 1
    Received: 0

      40 |       }
      41 |       await expect(f.invoke(operation, { artifactId: operation === "create" ? "fresh" : "artifact-a", memorySpaceId: "space-a", content: "uncommitted" })).rejects.toHaveProperty("data", failure);
    > 42 |       expect(injections).toBe(1); expect(f.db.attempts).toEqual([]); expect(f.db.writes).toEqual([]);
         |                          ^
      43 |       expect(f.db.rows("artifacts")).toEqual(before);
      44 |     });
      45 |   }

      at tests/unit/runtimeArtifactAuth/admission-errors.test.ts:42:26

  ● update read-identity symbol-extra is an opaque failure before effects

    expect(received).toBe(expected) // Object.is equality

    Expected: 1
    Received: 0

      40 |       }
      41 |       await expect(f.invoke(operation, { artifactId: operation === "create" ? "fresh" : "artifact-a", memorySpaceId: "space-a", content: "uncommitted" })).rejects.toHaveProperty("data", failure);
    > 42 |       expect(injections).toBe(1); expect(f.db.attempts).toEqual([]); expect(f.db.writes).toEqual([]);
         |                          ^
      43 |       expect(f.db.rows("artifacts")).toEqual(before);
      44 |     });
      45 |   }

      at tests/unit/runtimeArtifactAuth/admission-errors.test.ts:42:26

  ● update read-identity field-getter is an opaque failure before effects

    expect(received).toBe(expected) // Object.is equality

    Expected: 1
    Received: 0

      40 |       }
      41 |       await expect(f.invoke(operation, { artifactId: operation === "create" ? "fresh" : "artifact-a", memorySpaceId: "space-a", content: "uncommitted" })).rejects.toHaveProperty("data", failure);
    > 42 |       expect(injections).toBe(1); expect(f.db.attempts).toEqual([]); expect(f.db.writes).toEqual([]);
         |                          ^
      43 |       expect(f.db.rows("artifacts")).toEqual(before);
      44 |     });
      45 |   }

      at tests/unit/runtimeArtifactAuth/admission-errors.test.ts:42:26

  ● update read-identity throwing-field-getter is an opaque failure before effects

    expect(received).toBe(expected) // Object.is equality

    Expected: 1
    Received: 0

      40 |       }
      41 |       await expect(f.invoke(operation, { artifactId: operation === "create" ? "fresh" : "artifact-a", memorySpaceId: "space-a", content: "uncommitted" })).rejects.toHaveProperty("data", failure);
    > 42 |       expect(injections).toBe(1); expect(f.db.attempts).toEqual([]); expect(f.db.writes).toEqual([]);
         |                          ^
      43 |       expect(f.db.rows("artifacts")).toEqual(before);
      44 |     });
      45 |   }

      at tests/unit/runtimeArtifactAuth/admission-errors.test.ts:42:26

  ● update read-identity data-getter is an opaque failure before effects

    expect(received).toBe(expected) // Object.is equality

    Expected: 1
    Received: 0

      40 |       }
      41 |       await expect(f.invoke(operation, { artifactId: operation === "create" ? "fresh" : "artifact-a", memorySpaceId: "space-a", content: "uncommitted" })).rejects.toHaveProperty("data", failure);
    > 42 |       expect(injections).toBe(1); expect(f.db.attempts).toEqual([]); expect(f.db.writes).toEqual([]);
         |                          ^
      43 |       expect(f.db.rows("artifacts")).toEqual(before);
      44 |     });
      45 |   }

      at tests/unit/runtimeArtifactAuth/admission-errors.test.ts:42:26

  ● update read-identity throwing-data-getter is an opaque failure before effects

    expect(received).toBe(expected) // Object.is equality

    Expected: 1
    Received: 0

      40 |       }
      41 |       await expect(f.invoke(operation, { artifactId: operation === "create" ? "fresh" : "artifact-a", memorySpaceId: "space-a", content: "uncommitted" })).rejects.toHaveProperty("data", failure);
    > 42 |       expect(injections).toBe(1); expect(f.db.attempts).toEqual([]); expect(f.db.writes).toEqual([]);
         |                          ^
      43 |       expect(f.db.rows("artifacts")).toEqual(before);
      44 |     });
      45 |   }

      at tests/unit/runtimeArtifactAuth/admission-errors.test.ts:42:26

  ● update read-identity inherited is an opaque failure before effects

    expect(received).toBe(expected) // Object.is equality

    Expected: 1
    Received: 0

      40 |       }
      41 |       await expect(f.invoke(operation, { artifactId: operation === "create" ? "fresh" : "artifact-a", memorySpaceId: "space-a", content: "uncommitted" })).rejects.toHaveProperty("data", failure);
    > 42 |       expect(injections).toBe(1); expect(f.db.attempts).toEqual([]); expect(f.db.writes).toEqual([]);
         |                          ^
      43 |       expect(f.db.rows("artifacts")).toEqual(before);
      44 |     });
      45 |   }

      at tests/unit/runtimeArtifactAuth/admission-errors.test.ts:42:26

  ● update read-identity malformed is an opaque failure before effects

    expect(received).toBe(expected) // Object.is equality

    Expected: 1
    Received: 0

      40 |       }
      41 |       await expect(f.invoke(operation, { artifactId: operation === "create" ? "fresh" : "artifact-a", memorySpaceId: "space-a", content: "uncommitted" })).rejects.toHaveProperty("data", failure);
    > 42 |       expect(injections).toBe(1); expect(f.db.attempts).toEqual([]); expect(f.db.writes).toEqual([]);
         |                          ^
      43 |       expect(f.db.rows("artifacts")).toEqual(before);
      44 |     });
      45 |   }

      at tests/unit/runtimeArtifactAuth/admission-errors.test.ts:42:26

  ● update read-scope plain is an opaque failure before effects

    expect(received).toBe(expected) // Object.is equality

    Expected: 1
    Received: 0

      40 |       }
      41 |       await expect(f.invoke(operation, { artifactId: operation === "create" ? "fresh" : "artifact-a", memorySpaceId: "space-a", content: "uncommitted" })).rejects.toHaveProperty("data", failure);
    > 42 |       expect(injections).toBe(1); expect(f.db.attempts).toEqual([]); expect(f.db.writes).toEqual([]);
         |                          ^
      43 |       expect(f.db.rows("artifacts")).toEqual(before);
      44 |     });
      45 |   }

      at tests/unit/runtimeArtifactAuth/admission-errors.test.ts:42:26

  ● update read-scope private-code is an opaque failure before effects

    expect(received).toBe(expected) // Object.is equality

    Expected: 1
    Received: 0

      40 |       }
      41 |       await expect(f.invoke(operation, { artifactId: operation === "create" ? "fresh" : "artifact-a", memorySpaceId: "space-a", content: "uncommitted" })).rejects.toHaveProperty("data", failure);
    > 42 |       expect(injections).toBe(1); expect(f.db.attempts).toEqual([]); expect(f.db.writes).toEqual([]);
         |                          ^
      43 |       expect(f.db.rows("artifacts")).toEqual(before);
      44 |     });
      45 |   }

      at tests/unit/runtimeArtifactAuth/admission-errors.test.ts:42:26

  ● update read-scope extra is an opaque failure before effects

    expect(received).toBe(expected) // Object.is equality

    Expected: 1
    Received: 0

      40 |       }
      41 |       await expect(f.invoke(operation, { artifactId: operation === "create" ? "fresh" : "artifact-a", memorySpaceId: "space-a", content: "uncommitted" })).rejects.toHaveProperty("data", failure);
    > 42 |       expect(injections).toBe(1); expect(f.db.attempts).toEqual([]); expect(f.db.writes).toEqual([]);
         |                          ^
      43 |       expect(f.db.rows("artifacts")).toEqual(before);
      44 |     });
      45 |   }

      at tests/unit/runtimeArtifactAuth/admission-errors.test.ts:42:26

  ● update read-scope hidden-extra is an opaque failure before effects

    expect(received).toBe(expected) // Object.is equality

    Expected: 1
    Received: 0

      40 |       }
      41 |       await expect(f.invoke(operation, { artifactId: operation === "create" ? "fresh" : "artifact-a", memorySpaceId: "space-a", content: "uncommitted" })).rejects.toHaveProperty("data", failure);
    > 42 |       expect(injections).toBe(1); expect(f.db.attempts).toEqual([]); expect(f.db.writes).toEqual([]);
         |                          ^
      43 |       expect(f.db.rows("artifacts")).toEqual(before);
      44 |     });
      45 |   }

      at tests/unit/runtimeArtifactAuth/admission-errors.test.ts:42:26

  ● update read-scope symbol-extra is an opaque failure before effects

    expect(received).toBe(expected) // Object.is equality

    Expected: 1
    Received: 0

      40 |       }
      41 |       await expect(f.invoke(operation, { artifactId: operation === "create" ? "fresh" : "artifact-a", memorySpaceId: "space-a", content: "uncommitted" })).rejects.toHaveProperty("data", failure);
    > 42 |       expect(injections).toBe(1); expect(f.db.attempts).toEqual([]); expect(f.db.writes).toEqual([]);
         |                          ^
      43 |       expect(f.db.rows("artifacts")).toEqual(before);
      44 |     });
      45 |   }

      at tests/unit/runtimeArtifactAuth/admission-errors.test.ts:42:26

  ● update read-scope field-getter is an opaque failure before effects

    expect(received).toBe(expected) // Object.is equality

    Expected: 1
    Received: 0

      40 |       }
      41 |       await expect(f.invoke(operation, { artifactId: operation === "create" ? "fresh" : "artifact-a", memorySpaceId: "space-a", content: "uncommitted" })).rejects.toHaveProperty("data", failure);
    > 42 |       expect(injections).toBe(1); expect(f.db.attempts).toEqual([]); expect(f.db.writes).toEqual([]);
         |                          ^
      43 |       expect(f.db.rows("artifacts")).toEqual(before);
      44 |     });
      45 |   }

      at tests/unit/runtimeArtifactAuth/admission-errors.test.ts:42:26

  ● update read-scope throwing-field-getter is an opaque failure before effects

    expect(received).toBe(expected) // Object.is equality

    Expected: 1
    Received: 0

      40 |       }
      41 |       await expect(f.invoke(operation, { artifactId: operation === "create" ? "fresh" : "artifact-a", memorySpaceId: "space-a", content: "uncommitted" })).rejects.toHaveProperty("data", failure);
    > 42 |       expect(injections).toBe(1); expect(f.db.attempts).toEqual([]); expect(f.db.writes).toEqual([]);
         |                          ^
      43 |       expect(f.db.rows("artifacts")).toEqual(before);
      44 |     });
      45 |   }

      at tests/unit/runtimeArtifactAuth/admission-errors.test.ts:42:26

  ● update read-scope data-getter is an opaque failure before effects

    expect(received).toBe(expected) // Object.is equality

    Expected: 1
    Received: 0

      40 |       }
      41 |       await expect(f.invoke(operation, { artifactId: operation === "create" ? "fresh" : "artifact-a", memorySpaceId: "space-a", content: "uncommitted" })).rejects.toHaveProperty("data", failure);
    > 42 |       expect(injections).toBe(1); expect(f.db.attempts).toEqual([]); expect(f.db.writes).toEqual([]);
         |                          ^
      43 |       expect(f.db.rows("artifacts")).toEqual(before);
      44 |     });
      45 |   }

      at tests/unit/runtimeArtifactAuth/admission-errors.test.ts:42:26

  ● update read-scope throwing-data-getter is an opaque failure before effects

    expect(received).toBe(expected) // Object.is equality

    Expected: 1
    Received: 0

      40 |       }
      41 |       await expect(f.invoke(operation, { artifactId: operation === "create" ? "fresh" : "artifact-a", memorySpaceId: "space-a", content: "uncommitted" })).rejects.toHaveProperty("data", failure);
    > 42 |       expect(injections).toBe(1); expect(f.db.attempts).toEqual([]); expect(f.db.writes).toEqual([]);
         |                          ^
      43 |       expect(f.db.rows("artifacts")).toEqual(before);
      44 |     });
      45 |   }

      at tests/unit/runtimeArtifactAuth/admission-errors.test.ts:42:26

  ● update read-scope inherited is an opaque failure before effects

    expect(received).toBe(expected) // Object.is equality

    Expected: 1
    Received: 0

      40 |       }
      41 |       await expect(f.invoke(operation, { artifactId: operation === "create" ? "fresh" : "artifact-a", memorySpaceId: "space-a", content: "uncommitted" })).rejects.toHaveProperty("data", failure);
    > 42 |       expect(injections).toBe(1); expect(f.db.attempts).toEqual([]); expect(f.db.writes).toEqual([]);
         |                          ^
      43 |       expect(f.db.rows("artifacts")).toEqual(before);
      44 |     });
      45 |   }

      at tests/unit/runtimeArtifactAuth/admission-errors.test.ts:42:26

  ● update read-scope malformed is an opaque failure before effects

    expect(received).toBe(expected) // Object.is equality

    Expected: 1
    Received: 0

      40 |       }
      41 |       await expect(f.invoke(operation, { artifactId: operation === "create" ? "fresh" : "artifact-a", memorySpaceId: "space-a", content: "uncommitted" })).rejects.toHaveProperty("data", failure);
    > 42 |       expect(injections).toBe(1); expect(f.db.attempts).toEqual([]); expect(f.db.writes).toEqual([]);
         |                          ^
      43 |       expect(f.db.rows("artifacts")).toEqual(before);
      44 |     });
      45 |   }

      at tests/unit/runtimeArtifactAuth/admission-errors.test.ts:42:26

  ● create exact ordinary initial READ denial retains safe receipt

    ConvexError: {"version":1,"code":"BACKEND_OPERATION_FAILED","message":"Artifact operation failed.","retryable":false,"outcome":"not_committed"}

      82 | }
      83 | function backendFailure(): ConvexError<Value> {
    > 84 |   return new ConvexError({ version: 1, code: "BACKEND_OPERATION_FAILED", message: "Artifact operation failed.",
         |          ^
      85 |     retryable: false, outcome: "not_committed" });
      86 | }
      87 | function ordinaryAuthorityDenial(error: unknown): boolean {

      at backendFailure (convex-dev/runtimeArtifactAuth.ts:84:10)
      at artifactHandler (convex-dev/runtimeArtifactAuth.ts:133:11)
      at Database.transaction (tests/unit/runtimeArtifactAuth/fixture.ts:91:18)
      at Object.<anonymous> (tests/unit/runtimeArtifactAuth/admission-errors.test.ts:53:12)

  ● create protected reader ordinary missing scope remains a denial

    expect(received).rejects.toHaveProperty(path, value)

    Expected path: "data"

    - Expected value  - 3
    + Received value  + 3

      Object {
    -   "code": "FORBIDDEN",
    -   "message": "Access denied",
    -   "outcome": "not_dispatched",
    +   "code": "BACKEND_OPERATION_FAILED",
    +   "message": "Artifact operation failed.",
    +   "outcome": "not_committed",
        "retryable": false,
        "version": 1,
      }

      57 |     const f = fixture(); if (operation === "update") f.row();
      58 |     f.db.tables.set("runtimeAuthScopes", []);
    > 59 |     await expect(f.invoke(operation, { artifactId: operation === "create" ? "fresh" : "artifact-a", memorySpaceId: "space-a", content: "uncommitted" })).rejects.toHaveProperty("data", denial);
         |                                                                                                                                                                  ^
      60 |     expect(f.db.attempts).toEqual([]); expect(f.db.writes).toEqual([]);
      61 |   });
      62 |   test(`${operation} admitted READ preserves exact payload`, async () => {

      at Object.toHaveProperty (node_modules/expect/build/index.js:2155:20)
      at Object.<anonymous> (tests/unit/runtimeArtifactAuth/admission-errors.test.ts:59:162)

  ● create admitted READ preserves exact payload

    ConvexError: {"version":1,"code":"BACKEND_OPERATION_FAILED","message":"Artifact operation failed.","retryable":false,"outcome":"not_committed"}

      82 | }
      83 | function backendFailure(): ConvexError<Value> {
    > 84 |   return new ConvexError({ version: 1, code: "BACKEND_OPERATION_FAILED", message: "Artifact operation failed.",
         |          ^
      85 |     retryable: false, outcome: "not_committed" });
      86 | }
      87 | function ordinaryAuthorityDenial(error: unknown): boolean {

      at backendFailure (convex-dev/runtimeArtifactAuth.ts:84:10)
      at artifactHandler (convex-dev/runtimeArtifactAuth.ts:133:11)
      at Database.transaction (tests/unit/runtimeArtifactAuth/fixture.ts:91:18)
      at Object.<anonymous> (tests/unit/runtimeArtifactAuth/admission-errors.test.ts:65:20)

  ● create post-effect scope plain rolls back

    expect(received).toBe(expected) // Object.is equality

    Expected: 1
    Received: 0

      75 |     };
      76 |     await expect(f.invoke(operation, { artifactId: operation === "create" ? "fresh" : "artifact-a", memorySpaceId: "space-a", content: "uncommitted" })).rejects.toHaveProperty("data", failure);
    > 77 |     expect(injections).toBe(1); expect(f.db.attempts).toHaveLength(1); expect(f.db.writes).toEqual([]); expect(f.db.rows("artifacts")).toEqual(before);
         |                        ^
      78 |   });
      79 | }
      80 |

      at tests/unit/runtimeArtifactAuth/admission-errors.test.ts:77:24

  ● create post-effect scope private-code rolls back

    expect(received).toBe(expected) // Object.is equality

    Expected: 1
    Received: 0

      75 |     };
      76 |     await expect(f.invoke(operation, { artifactId: operation === "create" ? "fresh" : "artifact-a", memorySpaceId: "space-a", content: "uncommitted" })).rejects.toHaveProperty("data", failure);
    > 77 |     expect(injections).toBe(1); expect(f.db.attempts).toHaveLength(1); expect(f.db.writes).toEqual([]); expect(f.db.rows("artifacts")).toEqual(before);
         |                        ^
      78 |   });
      79 | }
      80 |

      at tests/unit/runtimeArtifactAuth/admission-errors.test.ts:77:24

  ● create post-effect scope extra rolls back

    expect(received).toBe(expected) // Object.is equality

    Expected: 1
    Received: 0

      75 |     };
      76 |     await expect(f.invoke(operation, { artifactId: operation === "create" ? "fresh" : "artifact-a", memorySpaceId: "space-a", content: "uncommitted" })).rejects.toHaveProperty("data", failure);
    > 77 |     expect(injections).toBe(1); expect(f.db.attempts).toHaveLength(1); expect(f.db.writes).toEqual([]); expect(f.db.rows("artifacts")).toEqual(before);
         |                        ^
      78 |   });
      79 | }
      80 |

      at tests/unit/runtimeArtifactAuth/admission-errors.test.ts:77:24

  ● create post-effect scope hidden-extra rolls back

    expect(received).toBe(expected) // Object.is equality

    Expected: 1
    Received: 0

      75 |     };
      76 |     await expect(f.invoke(operation, { artifactId: operation === "create" ? "fresh" : "artifact-a", memorySpaceId: "space-a", content: "uncommitted" })).rejects.toHaveProperty("data", failure);
    > 77 |     expect(injections).toBe(1); expect(f.db.attempts).toHaveLength(1); expect(f.db.writes).toEqual([]); expect(f.db.rows("artifacts")).toEqual(before);
         |                        ^
      78 |   });
      79 | }
      80 |

      at tests/unit/runtimeArtifactAuth/admission-errors.test.ts:77:24

  ● create post-effect scope symbol-extra rolls back

    expect(received).toBe(expected) // Object.is equality

    Expected: 1
    Received: 0

      75 |     };
      76 |     await expect(f.invoke(operation, { artifactId: operation === "create" ? "fresh" : "artifact-a", memorySpaceId: "space-a", content: "uncommitted" })).rejects.toHaveProperty("data", failure);
    > 77 |     expect(injections).toBe(1); expect(f.db.attempts).toHaveLength(1); expect(f.db.writes).toEqual([]); expect(f.db.rows("artifacts")).toEqual(before);
         |                        ^
      78 |   });
      79 | }
      80 |

      at tests/unit/runtimeArtifactAuth/admission-errors.test.ts:77:24

  ● create post-effect scope field-getter rolls back

    expect(received).toBe(expected) // Object.is equality

    Expected: 1
    Received: 0

      75 |     };
      76 |     await expect(f.invoke(operation, { artifactId: operation === "create" ? "fresh" : "artifact-a", memorySpaceId: "space-a", content: "uncommitted" })).rejects.toHaveProperty("data", failure);
    > 77 |     expect(injections).toBe(1); expect(f.db.attempts).toHaveLength(1); expect(f.db.writes).toEqual([]); expect(f.db.rows("artifacts")).toEqual(before);
         |                        ^
      78 |   });
      79 | }
      80 |

      at tests/unit/runtimeArtifactAuth/admission-errors.test.ts:77:24

  ● create post-effect scope throwing-field-getter rolls back

    expect(received).toBe(expected) // Object.is equality

    Expected: 1
    Received: 0

      75 |     };
      76 |     await expect(f.invoke(operation, { artifactId: operation === "create" ? "fresh" : "artifact-a", memorySpaceId: "space-a", content: "uncommitted" })).rejects.toHaveProperty("data", failure);
    > 77 |     expect(injections).toBe(1); expect(f.db.attempts).toHaveLength(1); expect(f.db.writes).toEqual([]); expect(f.db.rows("artifacts")).toEqual(before);
         |                        ^
      78 |   });
      79 | }
      80 |

      at tests/unit/runtimeArtifactAuth/admission-errors.test.ts:77:24

  ● create post-effect scope data-getter rolls back

    expect(received).toBe(expected) // Object.is equality

    Expected: 1
    Received: 0

      75 |     };
      76 |     await expect(f.invoke(operation, { artifactId: operation === "create" ? "fresh" : "artifact-a", memorySpaceId: "space-a", content: "uncommitted" })).rejects.toHaveProperty("data", failure);
    > 77 |     expect(injections).toBe(1); expect(f.db.attempts).toHaveLength(1); expect(f.db.writes).toEqual([]); expect(f.db.rows("artifacts")).toEqual(before);
         |                        ^
      78 |   });
      79 | }
      80 |

      at tests/unit/runtimeArtifactAuth/admission-errors.test.ts:77:24

  ● create post-effect scope throwing-data-getter rolls back

    expect(received).toBe(expected) // Object.is equality

    Expected: 1
    Received: 0

      75 |     };
      76 |     await expect(f.invoke(operation, { artifactId: operation === "create" ? "fresh" : "artifact-a", memorySpaceId: "space-a", content: "uncommitted" })).rejects.toHaveProperty("data", failure);
    > 77 |     expect(injections).toBe(1); expect(f.db.attempts).toHaveLength(1); expect(f.db.writes).toEqual([]); expect(f.db.rows("artifacts")).toEqual(before);
         |                        ^
      78 |   });
      79 | }
      80 |

      at tests/unit/runtimeArtifactAuth/admission-errors.test.ts:77:24

  ● create post-effect scope inherited rolls back

    expect(received).toBe(expected) // Object.is equality

    Expected: 1
    Received: 0

      75 |     };
      76 |     await expect(f.invoke(operation, { artifactId: operation === "create" ? "fresh" : "artifact-a", memorySpaceId: "space-a", content: "uncommitted" })).rejects.toHaveProperty("data", failure);
    > 77 |     expect(injections).toBe(1); expect(f.db.attempts).toHaveLength(1); expect(f.db.writes).toEqual([]); expect(f.db.rows("artifacts")).toEqual(before);
         |                        ^
      78 |   });
      79 | }
      80 |

      at tests/unit/runtimeArtifactAuth/admission-errors.test.ts:77:24

  ● create post-effect scope malformed rolls back

    expect(received).toBe(expected) // Object.is equality

    Expected: 1
    Received: 0

      75 |     };
      76 |     await expect(f.invoke(operation, { artifactId: operation === "create" ? "fresh" : "artifact-a", memorySpaceId: "space-a", content: "uncommitted" })).rejects.toHaveProperty("data", failure);
    > 77 |     expect(injections).toBe(1); expect(f.db.attempts).toHaveLength(1); expect(f.db.writes).toEqual([]); expect(f.db.rows("artifacts")).toEqual(before);
         |                        ^
      78 |   });
      79 | }
      80 |

      at tests/unit/runtimeArtifactAuth/admission-errors.test.ts:77:24

  ● update exact ordinary initial READ denial retains safe receipt

    ConvexError: {"version":1,"code":"BACKEND_OPERATION_FAILED","message":"Artifact operation failed.","retryable":false,"outcome":"not_committed"}

      82 | }
      83 | function backendFailure(): ConvexError<Value> {
    > 84 |   return new ConvexError({ version: 1, code: "BACKEND_OPERATION_FAILED", message: "Artifact operation failed.",
         |          ^
      85 |     retryable: false, outcome: "not_committed" });
      86 | }
      87 | function ordinaryAuthorityDenial(error: unknown): boolean {

      at backendFailure (convex-dev/runtimeArtifactAuth.ts:84:10)
      at artifactHandler (convex-dev/runtimeArtifactAuth.ts:133:11)
      at Database.transaction (tests/unit/runtimeArtifactAuth/fixture.ts:91:18)
      at Object.<anonymous> (tests/unit/runtimeArtifactAuth/admission-errors.test.ts:53:12)

  ● update protected reader ordinary missing scope remains a denial

    expect(received).rejects.toHaveProperty(path, value)

    Expected path: "data"

    - Expected value  - 3
    + Received value  + 3

      Object {
    -   "code": "FORBIDDEN",
    -   "message": "Access denied",
    -   "outcome": "not_dispatched",
    +   "code": "BACKEND_OPERATION_FAILED",
    +   "message": "Artifact operation failed.",
    +   "outcome": "not_committed",
        "retryable": false,
        "version": 1,
      }

      57 |     const f = fixture(); if (operation === "update") f.row();
      58 |     f.db.tables.set("runtimeAuthScopes", []);
    > 59 |     await expect(f.invoke(operation, { artifactId: operation === "create" ? "fresh" : "artifact-a", memorySpaceId: "space-a", content: "uncommitted" })).rejects.toHaveProperty("data", denial);
         |                                                                                                                                                                  ^
      60 |     expect(f.db.attempts).toEqual([]); expect(f.db.writes).toEqual([]);
      61 |   });
      62 |   test(`${operation} admitted READ preserves exact payload`, async () => {

      at Object.toHaveProperty (node_modules/expect/build/index.js:2155:20)
      at Object.<anonymous> (tests/unit/runtimeArtifactAuth/admission-errors.test.ts:59:162)

  ● update admitted READ preserves exact payload

    ConvexError: {"version":1,"code":"BACKEND_OPERATION_FAILED","message":"Artifact operation failed.","retryable":false,"outcome":"not_committed"}

      82 | }
      83 | function backendFailure(): ConvexError<Value> {
    > 84 |   return new ConvexError({ version: 1, code: "BACKEND_OPERATION_FAILED", message: "Artifact operation failed.",
         |          ^
      85 |     retryable: false, outcome: "not_committed" });
      86 | }
      87 | function ordinaryAuthorityDenial(error: unknown): boolean {

      at backendFailure (convex-dev/runtimeArtifactAuth.ts:84:10)
      at artifactHandler (convex-dev/runtimeArtifactAuth.ts:133:11)
      at Database.transaction (tests/unit/runtimeArtifactAuth/fixture.ts:91:18)
      at Object.<anonymous> (tests/unit/runtimeArtifactAuth/admission-errors.test.ts:65:20)

  ● update post-effect scope plain rolls back

    expect(received).toBe(expected) // Object.is equality

    Expected: 1
    Received: 0

      75 |     };
      76 |     await expect(f.invoke(operation, { artifactId: operation === "create" ? "fresh" : "artifact-a", memorySpaceId: "space-a", content: "uncommitted" })).rejects.toHaveProperty("data", failure);
    > 77 |     expect(injections).toBe(1); expect(f.db.attempts).toHaveLength(1); expect(f.db.writes).toEqual([]); expect(f.db.rows("artifacts")).toEqual(before);
         |                        ^
      78 |   });
      79 | }
      80 |

      at tests/unit/runtimeArtifactAuth/admission-errors.test.ts:77:24

  ● update post-effect scope private-code rolls back

    expect(received).toBe(expected) // Object.is equality

    Expected: 1
    Received: 0

      75 |     };
      76 |     await expect(f.invoke(operation, { artifactId: operation === "create" ? "fresh" : "artifact-a", memorySpaceId: "space-a", content: "uncommitted" })).rejects.toHaveProperty("data", failure);
    > 77 |     expect(injections).toBe(1); expect(f.db.attempts).toHaveLength(1); expect(f.db.writes).toEqual([]); expect(f.db.rows("artifacts")).toEqual(before);
         |                        ^
      78 |   });
      79 | }
      80 |

      at tests/unit/runtimeArtifactAuth/admission-errors.test.ts:77:24

  ● update post-effect scope extra rolls back

    expect(received).toBe(expected) // Object.is equality

    Expected: 1
    Received: 0

      75 |     };
      76 |     await expect(f.invoke(operation, { artifactId: operation === "create" ? "fresh" : "artifact-a", memorySpaceId: "space-a", content: "uncommitted" })).rejects.toHaveProperty("data", failure);
    > 77 |     expect(injections).toBe(1); expect(f.db.attempts).toHaveLength(1); expect(f.db.writes).toEqual([]); expect(f.db.rows("artifacts")).toEqual(before);
         |                        ^
      78 |   });
      79 | }
      80 |

      at tests/unit/runtimeArtifactAuth/admission-errors.test.ts:77:24

  ● update post-effect scope hidden-extra rolls back

    expect(received).toBe(expected) // Object.is equality

    Expected: 1
    Received: 0

      75 |     };
      76 |     await expect(f.invoke(operation, { artifactId: operation === "create" ? "fresh" : "artifact-a", memorySpaceId: "space-a", content: "uncommitted" })).rejects.toHaveProperty("data", failure);
    > 77 |     expect(injections).toBe(1); expect(f.db.attempts).toHaveLength(1); expect(f.db.writes).toEqual([]); expect(f.db.rows("artifacts")).toEqual(before);
         |                        ^
      78 |   });
      79 | }
      80 |

      at tests/unit/runtimeArtifactAuth/admission-errors.test.ts:77:24

  ● update post-effect scope symbol-extra rolls back

    expect(received).toBe(expected) // Object.is equality

    Expected: 1
    Received: 0

      75 |     };
      76 |     await expect(f.invoke(operation, { artifactId: operation === "create" ? "fresh" : "artifact-a", memorySpaceId: "space-a", content: "uncommitted" })).rejects.toHaveProperty("data", failure);
    > 77 |     expect(injections).toBe(1); expect(f.db.attempts).toHaveLength(1); expect(f.db.writes).toEqual([]); expect(f.db.rows("artifacts")).toEqual(before);
         |                        ^
      78 |   });
      79 | }
      80 |

      at tests/unit/runtimeArtifactAuth/admission-errors.test.ts:77:24

  ● update post-effect scope field-getter rolls back

    expect(received).toBe(expected) // Object.is equality

    Expected: 1
    Received: 0

      75 |     };
      76 |     await expect(f.invoke(operation, { artifactId: operation === "create" ? "fresh" : "artifact-a", memorySpaceId: "space-a", content: "uncommitted" })).rejects.toHaveProperty("data", failure);
    > 77 |     expect(injections).toBe(1); expect(f.db.attempts).toHaveLength(1); expect(f.db.writes).toEqual([]); expect(f.db.rows("artifacts")).toEqual(before);
         |                        ^
      78 |   });
      79 | }
      80 |

      at tests/unit/runtimeArtifactAuth/admission-errors.test.ts:77:24

  ● update post-effect scope throwing-field-getter rolls back

    expect(received).toBe(expected) // Object.is equality

    Expected: 1
    Received: 0

      75 |     };
      76 |     await expect(f.invoke(operation, { artifactId: operation === "create" ? "fresh" : "artifact-a", memorySpaceId: "space-a", content: "uncommitted" })).rejects.toHaveProperty("data", failure);
    > 77 |     expect(injections).toBe(1); expect(f.db.attempts).toHaveLength(1); expect(f.db.writes).toEqual([]); expect(f.db.rows("artifacts")).toEqual(before);
         |                        ^
      78 |   });
      79 | }
      80 |

      at tests/unit/runtimeArtifactAuth/admission-errors.test.ts:77:24

  ● update post-effect scope data-getter rolls back

    expect(received).toBe(expected) // Object.is equality

    Expected: 1
    Received: 0

      75 |     };
      76 |     await expect(f.invoke(operation, { artifactId: operation === "create" ? "fresh" : "artifact-a", memorySpaceId: "space-a", content: "uncommitted" })).rejects.toHaveProperty("data", failure);
    > 77 |     expect(injections).toBe(1); expect(f.db.attempts).toHaveLength(1); expect(f.db.writes).toEqual([]); expect(f.db.rows("artifacts")).toEqual(before);
         |                        ^
      78 |   });
      79 | }
      80 |

      at tests/unit/runtimeArtifactAuth/admission-errors.test.ts:77:24

  ● update post-effect scope throwing-data-getter rolls back

    expect(received).toBe(expected) // Object.is equality

    Expected: 1
    Received: 0

      75 |     };
      76 |     await expect(f.invoke(operation, { artifactId: operation === "create" ? "fresh" : "artifact-a", memorySpaceId: "space-a", content: "uncommitted" })).rejects.toHaveProperty("data", failure);
    > 77 |     expect(injections).toBe(1); expect(f.db.attempts).toHaveLength(1); expect(f.db.writes).toEqual([]); expect(f.db.rows("artifacts")).toEqual(before);
         |                        ^
      78 |   });
      79 | }
      80 |

      at tests/unit/runtimeArtifactAuth/admission-errors.test.ts:77:24

  ● update post-effect scope inherited rolls back

    expect(received).toBe(expected) // Object.is equality

    Expected: 1
    Received: 0

      75 |     };
      76 |     await expect(f.invoke(operation, { artifactId: operation === "create" ? "fresh" : "artifact-a", memorySpaceId: "space-a", content: "uncommitted" })).rejects.toHaveProperty("data", failure);
    > 77 |     expect(injections).toBe(1); expect(f.db.attempts).toHaveLength(1); expect(f.db.writes).toEqual([]); expect(f.db.rows("artifacts")).toEqual(before);
         |                        ^
      78 |   });
      79 | }
      80 |

      at tests/unit/runtimeArtifactAuth/admission-errors.test.ts:77:24

  ● update post-effect scope malformed rolls back

    expect(received).toBe(expected) // Object.is equality

    Expected: 1
    Received: 0

      75 |     };
      76 |     await expect(f.invoke(operation, { artifactId: operation === "create" ? "fresh" : "artifact-a", memorySpaceId: "space-a", content: "uncommitted" })).rejects.toHaveProperty("data", failure);
    > 77 |     expect(injections).toBe(1); expect(f.db.attempts).toHaveLength(1); expect(f.db.writes).toEqual([]); expect(f.db.rows("artifacts")).toEqual(before);
         |                        ^
      78 |   });
      79 | }
      80 |

      at tests/unit/runtimeArtifactAuth/admission-errors.test.ts:77:24

node:internal/modules/cjs/loader:1520
  throw err;
  ^

Error: Cannot find module '/workspace/Project-Cortex/_goals/convex-backend-runtime-2026-10-02/qa/task03b2c1/inventory.mjs'
    at Module._resolveFilename (node:internal/modules/cjs/loader:1517:15)
    at wrapResolveFilename (node:internal/modules/cjs/loader:1071:27)
    at defaultResolveImplForCJSLoading (node:internal/modules/cjs/loader:1095:10)
    at resolveForCJSWithHooks (node:internal/modules/cjs/loader:1122:12)
    at Module._load (node:internal/modules/cjs/loader:1294:5)
    at wrapModuleLoad (node:internal/modules/cjs/loader:255:19)
    at Module.executeUserEntryPoint [as runMain] (node:internal/modules/run_main:154:5)
    at node:internal/main/run_main_module:33:47 {
  code: 'MODULE_NOT_FOUND',
  requireStack: []
}

Node.js v24.19.0
FAIL tests/unit/runtimeArtifactAuth/inventory.test.ts
  ● Console

    console.error
      ◇ injected env (0) from .env.test

      15 |
      16 | // Load .env.test first (test defaults)
    > 17 | dotenv.config({ path: resolve(process.cwd(), ".env.test") });
         |        ^
      18 |
      19 | // Load .env.local second with override=true (local development overrides for test defaults AND system env vars)
      20 | dotenv.config({ path: resolve(process.cwd(), ".env.local"), override: true });

      at se (node_modules/dotenv/dist/index.cjs:7:155)
      at Object.ce [as configDotenv] (node_modules/dotenv/dist/index.cjs:7:1059)
      at Object.ae [as config] (node_modules/dotenv/dist/index.cjs:7:1168)
      at tests/env.ts:17:8

    console.error
      ◇ injected env (0) from .env.local

      18 |
      19 | // Load .env.local second with override=true (local development overrides for test defaults AND system env vars)
    > 20 | dotenv.config({ path: resolve(process.cwd(), ".env.local"), override: true });
         |        ^
      21 |
      22 | // Determine which Convex deployment to test against
      23 | // Note: In auto mode, the test-runner.mjs script handles detection and orchestration

      at se (node_modules/dotenv/dist/index.cjs:7:155)
      at Object.ce [as configDotenv] (node_modules/dotenv/dist/index.cjs:7:1059)
      at Object.ae [as config] (node_modules/dotenv/dist/index.cjs:7:1168)
      at tests/env.ts:20:8

    console.log
      
      🧪 Testing against MANAGED Convex: https://example.convex.cloud

      at tests/env.ts:72:13

    console.log
         Note: Vector search fully supported in managed mode

      at tests/env.ts:75:13

    console.log
      
      📊 Graph database testing DISABLED (no graph DB URIs configured)

      at tests/env.ts:147:11

    console.log
         To enable: Set NEO4J_URI and/or MEMGRAPH_URI in .env.local

      at tests/env.ts:150:11

    console.log
         See: https://docs.cortexmemory.dev/advanced-topics/graph-database-integration

      at tests/env.ts:151:11

  ● native AST resolves exact selected22, preserves five file registrations and owns temporary output

    Command failed: /opt/codex/runtimes/codex-primary-runtime/dependencies/node/bin/node _goals/convex-backend-runtime-2026-10-02/qa/task03b2c1/inventory.mjs /tmp/cortex-artifact-inventory-uVPveK
    node:internal/modules/cjs/loader:1520
      throw err;
      ^

    Error: Cannot find module '/workspace/Project-Cortex/_goals/convex-backend-runtime-2026-10-02/qa/task03b2c1/inventory.mjs'

       8 |   const directory = fs.mkdtempSync(path.join(os.tmpdir(), "cortex-artifact-inventory-"));
       9 |   try {
    > 10 |     const output = execFileSync(process.execPath, ["_goals/convex-backend-runtime-2026-10-02/qa/task03b2c1/inventory.mjs", directory], { encoding: "utf8" });
         |                    ^
      11 |     const result = JSON.parse(output);
      12 |     expect(result.counts).toEqual({ registered: 22, public: 21, internal: 1, unresolved: 0, pendingFileRegistrations: 5 });
      13 |     expect(result.endpoints.every((row: { accepted03ADisposition: string }) => ["guard", "internalize"].includes(row.accepted03ADisposition))).toBe(true);

      at node:internal/main/run_main_module:33:47 {
        code: 'MODULE_NOT_FOUND',
        requireStack: []
      }
      Node.js v24.19.0
      at Object.<anonymous> (tests/unit/runtimeArtifactAuth/inventory.test.ts:10:20)

Test Suites: 3 failed, 3 total
Tests:       292 failed, 64 passed, 356 total
Snapshots:   0 total
Time:        13.074 s
Ran all test suites matching tests/unit/runtimeArtifactAuth.
Test results written to: work/resume/artifact-main-unit.results.json
Force exiting Jest: Have you considered using `--detectOpenHandles` to detect async operations that kept running after all tests finished?
