 M convex-dev/runtimeAuth.ts
 M convex-dev/runtimeMetadataAuth.ts
 M tests/unit/runtimeAuth/provisioning.test.ts
 M tests/unit/runtimeMetadataAuth/handlers.test.ts
?? tests/unit/runtimeMetadataAuth/native-errors.test.ts
?? tests/unit/runtimeMetadataAuth/scope-ambiguity.test.ts
?? work/native-errors-cycle2/bin/npm
?? work/native-errors-cycle2/empty-global.npmrc
?? work/native-errors-cycle2/empty.npmrc
?? work/native-errors-cycle2/freeze.py
?? work/native-errors-cycle2/jest-cache/haste-map-9cca1a483338b2b09b9b84e0204c6bf5-3a89bd145392ac8f6451fa45c33b01ed-09cc52a629a98e99cb6415954e3288cc
?? work/native-errors-cycle2/jest-cache/jest-transform-cache-9cca1a483338b2b09b9b84e0204c6bf5-33e9a252a52783adb262261baf4dff05/00/index_00462165a9b56b861cfc132a62a389c6
?? work/native-errors-cycle2/jest-cache/jest-transform-cache-9cca1a483338b2b09b9b84e0204c6bf5-33e9a252a52783adb262261baf4dff05/00/index_00462165a9b56b861cfc132a62a389c6.map
?? work/native-errors-cycle2/jest-cache/jest-transform-cache-9cca1a483338b2b09b9b84e0204c6bf5-33e9a252a52783adb262261baf4dff05/00/remote_query_set_005c4dfbf123a213d910c0bc9523c0af
?? work/native-errors-cycle2/jest-cache/jest-transform-cache-9cca1a483338b2b09b9b84e0204c6bf5-33e9a252a52783adb262261baf4dff05/00/remote_query_set_005c4dfbf123a213d910c0bc9523c0af.map
?? work/native-errors-cycle2/jest-cache/jest-transform-cache-9cca1a483338b2b09b9b84e0204c6bf5-33e9a252a52783adb262261baf4dff05/01/initSchema_011a25cd1a086cfa2c7618a5ff33601f
?? work/native-errors-cycle2/jest-cache/jest-transform-cache-9cca1a483338b2b09b9b84e0204c6bf5-33e9a252a52783adb262261baf4dff05/01/initSchema_011a25cd1a086cfa2c7618a5ff33601f.map
?? work/native-errors-cycle2/jest-cache/jest-transform-cache-9cca1a483338b2b09b9b84e0204c6bf5-33e9a252a52783adb262261baf4dff05/02/registrationstest_022d10339d8a5dce64405c18aa79623a
?? work/native-errors-cycle2/jest-cache/jest-transform-cache-9cca1a483338b2b09b9b84e0204c6bf5-33e9a252a52783adb262261baf4dff05/02/registrationstest_022d10339d8a5dce64405c18aa79623a.map
?? work/native-errors-cycle2/jest-cache/jest-transform-cache-9cca1a483338b2b09b9b84e0204c6bf5-33e9a252a52783adb262261baf4dff05/03/syncUtils_03c8dd60db953bd555c624c7a4a65527
?? work/native-errors-cycle2/jest-cache/jest-transform-cache-9cca1a483338b2b09b9b84e0204c6bf5-33e9a252a52783adb262261baf4dff05/03/syncUtils_03c8dd60db953bd555c624c7a4a65527.map
?? work/native-errors-cycle2/jest-cache/jest-transform-cache-9cca1a483338b2b09b9b84e0204c6bf5-33e9a252a52783adb262261baf4dff05/05/admin_051d715671896a5149dac2ea2d7afa5d
?? work/native-errors-cycle2/jest-cache/jest-transform-cache-9cca1a483338b2b09b9b84e0204c6bf5-33e9a252a52783adb262261baf4dff05/05/admin_051d715671896a5149dac2ea2d7afa5d.map
?? work/native-errors-cycle2/jest-cache/jest-transform-cache-9cca1a483338b2b09b9b84e0204c6bf5-33e9a252a52783adb262261baf4dff05/06/index_06357c04e85b774e3496c18187aed18f
?? work/native-errors-cycle2/jest-cache/jest-transform-cache-9cca1a483338b2b09b9b84e0204c6bf5-33e9a252a52783adb262261baf4dff05/06/index_06357c04e85b774e3496c18187aed18f.map
?? work/native-errors-cycle2/jest-cache/jest-transform-cache-9cca1a483338b2b09b9b84e0204c6bf5-33e9a252a52783adb262261baf4dff05/0a/schema_0afa82db93135145b3d99fdba33489d3
?? work/native-errors-cycle2/jest-cache/jest-transform-cache-9cca1a483338b2b09b9b84e0204c6bf5-33e9a252a52783adb262261baf4dff05/0a/schema_0afa82db93135145b3d99fdba33489d3.map
?? work/native-errors-cycle2/jest-cache/jest-transform-cache-9cca1a483338b2b09b9b84e0204c6bf5-33e9a252a52783adb262261baf4dff05/0e/session_0e2bd0d87bec1e44b84c4f9400584886
?? work/native-errors-cycle2/jest-cache/jest-transform-cache-9cca1a483338b2b09b9b84e0204c6bf5-33e9a252a52783adb262261baf4dff05/0e/session_0e2bd0d87bec1e44b84c4f9400584886.map
?? work/native-errors-cycle2/jest-cache/jest-transform-cache-9cca1a483338b2b09b9b84e0204c6bf5-33e9a252a52783adb262261baf4dff05/10/extraction_1021ecb1b2f643b5728a8dd8f270843b
?? work/native-errors-cycle2/jest-cache/jest-transform-cache-9cca1a483338b2b09b9b84e0204c6bf5-33e9a252a52783adb262261baf4dff05/10/extraction_1021ecb1b2f643b5728a8dd8f270843b.map
?? work/native-errors-cycle2/jest-cache/jest-transform-cache-9cca1a483338b2b09b9b84e0204c6bf5-33e9a252a52783adb262261baf4dff05/10/storage_impl_10746db3c406a2253c36ebfe015af3db
?? work/native-errors-cycle2/jest-cache/jest-transform-cache-9cca1a483338b2b09b9b84e0204c6bf5-33e9a252a52783adb262261baf4dff05/10/storage_impl_10746db3c406a2253c36ebfe015af3db.map
?? work/native-errors-cycle2/jest-cache/jest-transform-cache-9cca1a483338b2b09b9b84e0204c6bf5-33e9a252a52783adb262261baf4dff05/13/governancetest_13ea21047ce2c36431ce0e649fbd3d7c
?? work/native-errors-cycle2/jest-cache/jest-transform-cache-9cca1a483338b2b09b9b84e0204c6bf5-33e9a252a52783adb262261baf4dff05/13/governancetest_13ea21047ce2c36431ce0e649fbd3d7c.map
?? work/native-errors-cycle2/jest-cache/jest-transform-cache-9cca1a483338b2b09b9b84e0204c6bf5-33e9a252a52783adb262261baf4dff05/14/compare_utf8_146866b0f52d1d4437af171a4e7804f3
?? work/native-errors-cycle2/jest-cache/jest-transform-cache-9cca1a483338b2b09b9b84e0204c6bf5-33e9a252a52783adb262261baf4dff05/14/compare_utf8_146866b0f52d1d4437af171a4e7804f3.map
?? work/native-errors-cycle2/jest-cache/jest-transform-cache-9cca1a483338b2b09b9b84e0204c6bf5-33e9a252a52783adb262261baf4dff05/14/database_impl_149e11b566eafb6180b99b00f82eabc1
?? work/native-errors-cycle2/jest-cache/jest-transform-cache-9cca1a483338b2b09b9b84e0204c6bf5-33e9a252a52783adb262261baf4dff05/14/database_impl_149e11b566eafb6180b99b00f82eabc1.map
?? work/native-errors-cycle2/jest-cache/jest-transform-cache-9cca1a483338b2b09b9b84e0204c6bf5-33e9a252a52783adb262261baf4dff05/17/index_1740cd7c832f49f253b6ca0aee427d5b
?? work/native-errors-cycle2/jest-cache/jest-transform-cache-9cca1a483338b2b09b9b84e0204c6bf5-33e9a252a52783adb262261baf4dff05/17/index_1740cd7c832f49f253b6ca0aee427d5b.map
?? work/native-errors-cycle2/jest-cache/jest-transform-cache-9cca1a483338b2b09b9b84e0204c6bf5-33e9a252a52783adb262261baf4dff05/18/validators_1829a0dcc144a114d31748641dff8429
?? work/native-errors-cycle2/jest-cache/jest-transform-cache-9cca1a483338b2b09b9b84e0204c6bf5-33e9a252a52783adb262261baf4dff05/18/validators_1829a0dcc144a114d31748641dff8429.map
?? work/native-errors-cycle2/jest-cache/jest-transform-cache-9cca1a483338b2b09b9b84e0204c6bf5-33e9a252a52783adb262261baf4dff05/1a/index_1aba58eff78781c15fc82cdb2e3a9363
?? work/native-errors-cycle2/jest-cache/jest-transform-cache-9cca1a483338b2b09b9b84e0204c6bf5-33e9a252a52783adb262261baf4dff05/1a/index_1aba58eff78781c15fc82cdb2e3a9363.map
?? work/native-errors-cycle2/jest-cache/jest-transform-cache-9cca1a483338b2b09b9b84e0204c6bf5-33e9a252a52783adb262261baf4dff05/1b/index_1b794fea8bb4b9d7d026099133834d43
?? work/native-errors-cycle2/jest-cache/jest-transform-cache-9cca1a483338b2b09b9b84e0204c6bf5-33e9a252a52783adb262261baf4dff05/1b/index_1b794fea8bb4b9d7d026099133834d43.map
?? work/native-errors-cycle2/jest-cache/jest-transform-cache-9cca1a483338b2b09b9b84e0204c6bf5-33e9a252a52783adb262261baf4dff05/1e/conflictprompts_1e40346a639cbd92406f662ae13bc2d9
?? work/native-errors-cycle2/jest-cache/jest-transform-cache-9cca1a483338b2b09b9b84e0204c6bf5-33e9a252a52783adb262261baf4dff05/1e/conflictprompts_1e40346a639cbd92406f662ae13bc2d9.map
?? work/native-errors-cycle2/jest-cache/jest-transform-cache-9cca1a483338b2b09b9b84e0204c6bf5-33e9a252a52783adb262261baf4dff05/1f/validate_1fe2d3e4599b3f45e69dcb27847381f2
?? work/native-errors-cycle2/jest-cache/jest-transform-cache-9cca1a483338b2b09b9b84e0204c6bf5-33e9a252a52783adb262261baf4dff05/1f/validate_1fe2d3e4599b3f45e69dcb27847381f2.map
?? work/native-errors-cycle2/jest-cache/jest-transform-cache-9cca1a483338b2b09b9b84e0204c6bf5-33e9a252a52783adb262261baf4dff05/21/sessions_21dfc9ceb62f8a6fce9789948075d775
?? work/native-errors-cycle2/jest-cache/jest-transform-cache-9cca1a483338b2b09b9b84e0204c6bf5-33e9a252a52783adb262261baf4dff05/21/sessions_21dfc9ceb62f8a6fce9789948075d775.map
?? work/native-errors-cycle2/jest-cache/jest-transform-cache-9cca1a483338b2b09b9b84e0204c6bf5-33e9a252a52783adb262261baf4dff05/25/cron_253ce55376ade989516ea9e2baffb1bf
?? work/native-errors-cycle2/jest-cache/jest-transform-cache-9cca1a483338b2b09b9b84e0204c6bf5-33e9a252a52783adb262261baf4dff05/25/cron_253ce55376ade989516ea9e2baffb1bf.map
?? work/native-errors-cycle2/jest-cache/jest-transform-cache-9cca1a483338b2b09b9b84e0204c6bf5-33e9a252a52783adb262261baf4dff05/25/validators_253d1a6c279ed0e689f8f033430a7a0c
?? work/native-errors-cycle2/jest-cache/jest-transform-cache-9cca1a483338b2b09b9b84e0204c6bf5-33e9a252a52783adb262261baf4dff05/25/validators_253d1a6c279ed0e689f8f033430a7a0c.map
?? work/native-errors-cycle2/jest-cache/jest-transform-cache-9cca1a483338b2b09b9b84e0204c6bf5-33e9a252a52783adb262261baf4dff05/27/filter_builder_impl_278ece00eb19abc8dcd5b59ef808579d
?? work/native-errors-cycle2/jest-cache/jest-transform-cache-9cca1a483338b2b09b9b84e0204c6bf5-33e9a252a52783adb262261baf4dff05/27/filter_builder_impl_278ece00eb19abc8dcd5b59ef808579d.map
?? work/native-errors-cycle2/jest-cache/jest-transform-cache-9cca1a483338b2b09b9b84e0204c6bf5-33e9a252a52783adb262261baf4dff05/27/query_options_2702a6e500cfc742a2638102f3792326
?? work/native-errors-cycle2/jest-cache/jest-transform-cache-9cca1a483338b2b09b9b84e0204c6bf5-33e9a252a52783adb262261baf4dff05/27/query_options_2702a6e500cfc742a2638102f3792326.map
?? work/native-errors-cycle2/jest-cache/jest-transform-cache-9cca1a483338b2b09b9b84e0204c6bf5-33e9a252a52783adb262261baf4dff05/2a/validators_2a63f4ffd3936c9b141c79c8f5b49d7f
?? work/native-errors-cycle2/jest-cache/jest-transform-cache-9cca1a483338b2b09b9b84e0204c6bf5-33e9a252a52783adb262261baf4dff05/2a/validators_2a63f4ffd3936c9b141c79c8f5b49d7f.map
?? work/native-errors-cycle2/jest-cache/jest-transform-cache-9cca1a483338b2b09b9b84e0204c6bf5-33e9a252a52783adb262261baf4dff05/2b/index_2ba0b3ce586793ac559cbfd62d775457
?? work/native-errors-cycle2/jest-cache/jest-transform-cache-9cca1a483338b2b09b9b84e0204c6bf5-33e9a252a52783adb262261baf4dff05/2b/index_2ba0b3ce586793ac559cbfd62d775457.map
?? work/native-errors-cycle2/jest-cache/jest-transform-cache-9cca1a483338b2b09b9b84e0204c6bf5-33e9a252a52783adb262261baf4dff05/2b/validators_2b6e992bc4e6a5760d8203d727671c32
?? work/native-errors-cycle2/jest-cache/jest-transform-cache-9cca1a483338b2b09b9b84e0204c6bf5-33e9a252a52783adb262261baf4dff05/2b/validators_2b6e992bc4e6a5760d8203d727671c32.map
?? work/native-errors-cycle2/jest-cache/jest-transform-cache-9cca1a483338b2b09b9b84e0204c6bf5-33e9a252a52783adb262261baf4dff05/2d/index_2dc6dccb41c5b51c377073c73607f795
?? work/native-errors-cycle2/jest-cache/jest-transform-cache-9cca1a483338b2b09b9b84e0204c6bf5-33e9a252a52783adb262261baf4dff05/2d/index_2dc6dccb41c5b51c377073c73607f795.map
?? work/native-errors-cycle2/jest-cache/jest-transform-cache-9cca1a483338b2b09b9b84e0204c6bf5-33e9a252a52783adb262261baf4dff05/2d/log_2d4d674fbfee6963586f14ef2c32e9ae
?? work/native-errors-cycle2/jest-cache/jest-transform-cache-9cca1a483338b2b09b9b84e0204c6bf5-33e9a252a52783adb262261baf4dff05/2d/log_2d4d674fbfee6963586f14ef2c32e9ae.map
?? work/native-errors-cycle2/jest-cache/jest-transform-cache-9cca1a483338b2b09b9b84e0204c6bf5-33e9a252a52783adb262261baf4dff05/30/filter_builder_30b04f87697b442992522bbbc045e850
?? work/native-errors-cycle2/jest-cache/jest-transform-cache-9cca1a483338b2b09b9b84e0204c6bf5-33e9a252a52783adb262261baf4dff05/30/filter_builder_30b04f87697b442992522bbbc045e850.map
?? work/native-errors-cycle2/jest-cache/jest-transform-cache-9cca1a483338b2b09b9b84e0204c6bf5-33e9a252a52783adb262261baf4dff05/31/resultProcessor_31c68c9656920c762d88c751c4954792
?? work/native-errors-cycle2/jest-cache/jest-transform-cache-9cca1a483338b2b09b9b84e0204c6bf5-33e9a252a52783adb262261baf4dff05/31/resultProcessor_31c68c9656920c762d88c751c4954792.map
?? work/native-errors-cycle2/jest-cache/jest-transform-cache-9cca1a483338b2b09b9b84e0204c6bf5-33e9a252a52783adb262261baf4dff05/32/validators_3225b0b2981118c823d289fc1508a544
?? work/native-errors-cycle2/jest-cache/jest-transform-cache-9cca1a483338b2b09b9b84e0204c6bf5-33e9a252a52783adb262261baf4dff05/32/validators_3225b0b2981118c823d289fc1508a544.map
?? work/native-errors-cycle2/jest-cache/jest-transform-cache-9cca1a483338b2b09b9b84e0204c6bf5-33e9a252a52783adb262261baf4dff05/33/validators_33f9f2bb9fc6be65abda2b675c22e512
?? work/native-errors-cycle2/jest-cache/jest-transform-cache-9cca1a483338b2b09b9b84e0204c6bf5-33e9a252a52783adb262261baf4dff05/33/validators_33f9f2bb9fc6be65abda2b675c22e512.map
?? work/native-errors-cycle2/jest-cache/jest-transform-cache-9cca1a483338b2b09b9b84e0204c6bf5-33e9a252a52783adb262261baf4dff05/35/types_353824b2c2ecd0085f4a6a517988166b
?? work/native-errors-cycle2/jest-cache/jest-transform-cache-9cca1a483338b2b09b9b84e0204c6bf5-33e9a252a52783adb262261baf4dff05/35/types_353824b2c2ecd0085f4a6a517988166b.map
?? work/native-errors-cycle2/jest-cache/jest-transform-cache-9cca1a483338b2b09b9b84e0204c6bf5-33e9a252a52783adb262261baf4dff05/36/validators_36391d62f08b7c657a348f0e2a736596
?? work/native-errors-cycle2/jest-cache/jest-transform-cache-9cca1a483338b2b09b9b84e0204c6bf5-33e9a252a52783adb262261baf4dff05/36/validators_36391d62f08b7c657a348f0e2a736596.map
?? work/native-errors-cycle2/jest-cache/jest-transform-cache-9cca1a483338b2b09b9b84e0204c6bf5-33e9a252a52783adb262261baf4dff05/38/compare_38e952361b8195268faef2720c4fee74
?? work/native-errors-cycle2/jest-cache/jest-transform-cache-9cca1a483338b2b09b9b84e0204c6bf5-33e9a252a52783adb262261baf4dff05/38/compare_38e952361b8195268faef2720c4fee74.map
?? work/native-errors-cycle2/jest-cache/jest-transform-cache-9cca1a483338b2b09b9b84e0204c6bf5-33e9a252a52783adb262261baf4dff05/38/runtimeAuth_382cdbb915518c46d2f1c241af6e5a93
?? work/native-errors-cycle2/jest-cache/jest-transform-cache-9cca1a483338b2b09b9b84e0204c6bf5-33e9a252a52783adb262261baf4dff05/38/runtimeAuth_382cdbb915518c46d2f1c241af6e5a93.map
?? work/native-errors-cycle2/jest-cache/jest-transform-cache-9cca1a483338b2b09b9b84e0204c6bf5-33e9a252a52783adb262261baf4dff05/3a/conflicts_3af48cdb57a1ff96ce5c340f28668c8b
?? work/native-errors-cycle2/jest-cache/jest-transform-cache-9cca1a483338b2b09b9b84e0204c6bf5-33e9a252a52783adb262261baf4dff05/3a/conflicts_3af48cdb57a1ff96ce5c340f28668c8b.map
?? work/native-errors-cycle2/jest-cache/jest-transform-cache-9cca1a483338b2b09b9b84e0204c6bf5-33e9a252a52783adb262261baf4dff05/3c/server_3ca86a8f79a0704cf49e5f2c35553b3d
?? work/native-errors-cycle2/jest-cache/jest-transform-cache-9cca1a483338b2b09b9b84e0204c6bf5-33e9a252a52783adb262261baf4dff05/3c/server_3ca86a8f79a0704cf49e5f2c35553b3d.map
?? work/native-errors-cycle2/jest-cache/jest-transform-cache-9cca1a483338b2b09b9b84e0204c6bf5-33e9a252a52783adb262261baf4dff05/3d/PriorityQueue_3d1c2d0cea4b11b657eca55bbe00997c
?? work/native-errors-cycle2/jest-cache/jest-transform-cache-9cca1a483338b2b09b9b84e0204c6bf5-33e9a252a52783adb262261baf4dff05/3d/PriorityQueue_3d1c2d0cea4b11b657eca55bbe00997c.map
?? work/native-errors-cycle2/jest-cache/jest-transform-cache-9cca1a483338b2b09b9b84e0204c6bf5-33e9a252a52783adb262261baf4dff05/3d/TokenBucket_3d5bab7201e6336aa159b3806ddb358c
?? work/native-errors-cycle2/jest-cache/jest-transform-cache-9cca1a483338b2b09b9b84e0204c6bf5-33e9a252a52783adb262261baf4dff05/3d/TokenBucket_3d5bab7201e6336aa159b3806ddb358c.map
?? work/native-errors-cycle2/jest-cache/jest-transform-cache-9cca1a483338b2b09b9b84e0204c6bf5-33e9a252a52783adb262261baf4dff05/3d/batchSync_3def20e3a440c43df1889d6413e234fa
?? work/native-errors-cycle2/jest-cache/jest-transform-cache-9cca1a483338b2b09b9b84e0204c6bf5-33e9a252a52783adb262261baf4dff05/3d/batchSync_3def20e3a440c43df1889d6413e234fa.map
?? work/native-errors-cycle2/jest-cache/jest-transform-cache-9cca1a483338b2b09b9b84e0204c6bf5-33e9a252a52783adb262261baf4dff05/3d/logVars_3d71ae98e971feea355edc145184b4b5
?? work/native-errors-cycle2/jest-cache/jest-transform-cache-9cca1a483338b2b09b9b84e0204c6bf5-33e9a252a52783adb262261baf4dff05/3d/logVars_3d71ae98e971feea355edc145184b4b5.map
?? work/native-errors-cycle2/jest-cache/jest-transform-cache-9cca1a483338b2b09b9b84e0204c6bf5-33e9a252a52783adb262261baf4dff05/41/orphanDetection_41a10488f62b50880a4d45089822a286
?? work/native-errors-cycle2/jest-cache/jest-transform-cache-9cca1a483338b2b09b9b84e0204c6bf5-33e9a252a52783adb262261baf4dff05/41/orphanDetection_41a10488f62b50880a4d45089822a286.map
?? work/native-errors-cycle2/jest-cache/jest-transform-cache-9cca1a483338b2b09b9b84e0204c6bf5-33e9a252a52783adb262261baf4dff05/43/value_43dd300e517107d240ec91ca3b6c33a7
?? work/native-errors-cycle2/jest-cache/jest-transform-cache-9cca1a483338b2b09b9b84e0204c6bf5-33e9a252a52783adb262261baf4dff05/43/value_43dd300e517107d240ec91ca3b6c33a7.map
?? work/native-errors-cycle2/jest-cache/jest-transform-cache-9cca1a483338b2b09b9b84e0204c6bf5-33e9a252a52783adb262261baf4dff05/46/types_466058ec57420a0bf3a2a975a20887d3
?? work/native-errors-cycle2/jest-cache/jest-transform-cache-9cca1a483338b2b09b9b84e0204c6bf5-33e9a252a52783adb262261baf4dff05/46/types_466058ec57420a0bf3a2a975a20887d3.map
?? work/native-errors-cycle2/jest-cache/jest-transform-cache-9cca1a483338b2b09b9b84e0204c6bf5-33e9a252a52783adb262261baf4dff05/47/long_47344e7471994bcc3935002f88b34fbf
?? work/native-errors-cycle2/jest-cache/jest-transform-cache-9cca1a483338b2b09b9b84e0204c6bf5-33e9a252a52783adb262261baf4dff05/47/long_47344e7471994bcc3935002f88b34fbf.map
?? work/native-errors-cycle2/jest-cache/jest-transform-cache-9cca1a483338b2b09b9b84e0204c6bf5-33e9a252a52783adb262261baf4dff05/49/profile_49be0f5b1e6cd9f3adc301c70b1001a3
?? work/native-errors-cycle2/jest-cache/jest-transform-cache-9cca1a483338b2b09b9b84e0204c6bf5-33e9a252a52783adb262261baf4dff05/49/profile_49be0f5b1e6cd9f3adc301c70b1001a3.map
?? work/native-errors-cycle2/jest-cache/jest-transform-cache-9cca1a483338b2b09b9b84e0204c6bf5-33e9a252a52783adb262261baf4dff05/4e/index_4ebebece5f8d347153f22c5c43d1f679
?? work/native-errors-cycle2/jest-cache/jest-transform-cache-9cca1a483338b2b09b9b84e0204c6bf5-33e9a252a52783adb262261baf4dff05/4e/index_4ebebece5f8d347153f22c5c43d1f679.map
?? work/native-errors-cycle2/jest-cache/jest-transform-cache-9cca1a483338b2b09b9b84e0204c6bf5-33e9a252a52783adb262261baf4dff05/4e/storage_4e3c79f806c00f16af3abd45607411bf
?? work/native-errors-cycle2/jest-cache/jest-transform-cache-9cca1a483338b2b09b9b84e0204c6bf5-33e9a252a52783adb262261baf4dff05/4e/storage_4e3c79f806c00f16af3abd45607411bf.map
?? work/native-errors-cycle2/jest-cache/jest-transform-cache-9cca1a483338b2b09b9b84e0204c6bf5-33e9a252a52783adb262261baf4dff05/4f/pagination_4f5541c6c8e73c707de8ffd5443bcd30
?? work/native-errors-cycle2/jest-cache/jest-transform-cache-9cca1a483338b2b09b9b84e0204c6bf5-33e9a252a52783adb262261baf4dff05/4f/pagination_4f5541c6c8e73c707de8ffd5443bcd30.map
?? work/native-errors-cycle2/jest-cache/jest-transform-cache-9cca1a483338b2b09b9b84e0204c6bf5-33e9a252a52783adb262261baf4dff05/50/fixture_50227a0b47ad4b37c179beb9de00fc7d
?? work/native-errors-cycle2/jest-cache/jest-transform-cache-9cca1a483338b2b09b9b84e0204c6bf5-33e9a252a52783adb262261baf4dff05/50/fixture_50227a0b47ad4b37c179beb9de00fc7d.map
?? work/native-errors-cycle2/jest-cache/jest-transform-cache-9cca1a483338b2b09b9b84e0204c6bf5-33e9a252a52783adb262261baf4dff05/50/graphSync_5000972b39990535d1e7b78e193a18d1
?? work/native-errors-cycle2/jest-cache/jest-transform-cache-9cca1a483338b2b09b9b84e0204c6bf5-33e9a252a52783adb262261baf4dff05/50/graphSync_5000972b39990535d1e7b78e193a18d1.map
?? work/native-errors-cycle2/jest-cache/jest-transform-cache-9cca1a483338b2b09b9b84e0204c6bf5-33e9a252a52783adb262261baf4dff05/52/optimistic_updates_impl_52822298ae783b86a279083926c899d7
?? work/native-errors-cycle2/jest-cache/jest-transform-cache-9cca1a483338b2b09b9b84e0204c6bf5-33e9a252a52783adb262261baf4dff05/52/optimistic_updates_impl_52822298ae783b86a279083926c899d7.map
?? work/native-errors-cycle2/jest-cache/jest-transform-cache-9cca1a483338b2b09b9b84e0204c6bf5-33e9a252a52783adb262261baf4dff05/53/runtimeWorkerAuth_53612e2a93dc867c552fa3eda2335dc7
?? work/native-errors-cycle2/jest-cache/jest-transform-cache-9cca1a483338b2b09b9b84e0204c6bf5-33e9a252a52783adb262261baf4dff05/53/runtimeWorkerAuth_53612e2a93dc867c552fa3eda2335dc7.map
?? work/native-errors-cycle2/jest-cache/jest-transform-cache-9cca1a483338b2b09b9b84e0204c6bf5-33e9a252a52783adb262261baf4dff05/54/mutable_5413c449f4c2b778013c12c7ad9bbb0b
?? work/native-errors-cycle2/jest-cache/jest-transform-cache-9cca1a483338b2b09b9b84e0204c6bf5-33e9a252a52783adb262261baf4dff05/54/mutable_5413c449f4c2b778013c12c7ad9bbb0b.map
?? work/native-errors-cycle2/jest-cache/jest-transform-cache-9cca1a483338b2b09b9b84e0204c6bf5-33e9a252a52783adb262261baf4dff05/55/scopeambiguitytest_55ff33009739895a728a81817c489339
?? work/native-errors-cycle2/jest-cache/jest-transform-cache-9cca1a483338b2b09b9b84e0204c6bf5-33e9a252a52783adb262261baf4dff05/55/scopeambiguitytest_55ff33009739895a728a81817c489339.map
?? work/native-errors-cycle2/jest-cache/jest-transform-cache-9cca1a483338b2b09b9b84e0204c6bf5-33e9a252a52783adb262261baf4dff05/56/credentialstest_56e6acc4c48a11c7f2e1cb8b0469786a
?? work/native-errors-cycle2/jest-cache/jest-transform-cache-9cca1a483338b2b09b9b84e0204c6bf5-33e9a252a52783adb262261baf4dff05/56/credentialstest_56e6acc4c48a11c7f2e1cb8b0469786a.map
?? work/native-errors-cycle2/jest-cache/jest-transform-cache-9cca1a483338b2b09b9b84e0204c6bf5-33e9a252a52783adb262261baf4dff05/5a/validators_5ad79ca02bec6b945e7b518102b344b6
?? work/native-errors-cycle2/jest-cache/jest-transform-cache-9cca1a483338b2b09b9b84e0204c6bf5-33e9a252a52783adb262261baf4dff05/5a/validators_5ad79ca02bec6b945e7b518102b344b6.map
?? work/native-errors-cycle2/jest-cache/jest-transform-cache-9cca1a483338b2b09b9b84e0204c6bf5-33e9a252a52783adb262261baf4dff05/5c/index_5c80ae648e177799af340f98a7e6b211
?? work/native-errors-cycle2/jest-cache/jest-transform-cache-9cca1a483338b2b09b9b84e0204c6bf5-33e9a252a52783adb262261baf4dff05/5c/index_5c80ae648e177799af340f98a7e6b211.map
?? work/native-errors-cycle2/jest-cache/jest-transform-cache-9cca1a483338b2b09b9b84e0204c6bf5-33e9a252a52783adb262261baf4dff05/5c/pagination_5ced45fe9b38c542b33ecef3169a728f
?? work/native-errors-cycle2/jest-cache/jest-transform-cache-9cca1a483338b2b09b9b84e0204c6bf5-33e9a252a52783adb262261baf4dff05/5c/pagination_5ced45fe9b38c542b33ecef3169a728f.map
?? work/native-errors-cycle2/jest-cache/jest-transform-cache-9cca1a483338b2b09b9b84e0204c6bf5-33e9a252a52783adb262261baf4dff05/62/index_62a25d4dac9a2a4039526adcd4a994a5
?? work/native-errors-cycle2/jest-cache/jest-transform-cache-9cca1a483338b2b09b9b84e0204c6bf5-33e9a252a52783adb262261baf4dff05/62/index_62a25d4dac9a2a4039526adcd4a994a5.map
?? work/native-errors-cycle2/jest-cache/jest-transform-cache-9cca1a483338b2b09b9b84e0204c6bf5-33e9a252a52783adb262261baf4dff05/63/scheduler_impl_63fde5142f308fb8e678a9bc60684cb8
?? work/native-errors-cycle2/jest-cache/jest-transform-cache-9cca1a483338b2b09b9b84e0204c6bf5-33e9a252a52783adb262261baf4dff05/63/scheduler_impl_63fde5142f308fb8e678a9bc60684cb8.map
?? work/native-errors-cycle2/jest-cache/jest-transform-cache-9cca1a483338b2b09b9b84e0204c6bf5-33e9a252a52783adb262261baf4dff05/63/syncDeletes_639e5ab2d0bf42d84d76ca761a9c170f
?? work/native-errors-cycle2/jest-cache/jest-transform-cache-9cca1a483338b2b09b9b84e0204c6bf5-33e9a252a52783adb262261baf4dff05/63/syncDeletes_639e5ab2d0bf42d84d76ca761a9c170f.map
?? work/native-errors-cycle2/jest-cache/jest-transform-cache-9cca1a483338b2b09b9b84e0204c6bf5-33e9a252a52783adb262261baf4dff05/65/users_658bfc8506cf04967920e944e2c4a2bc
?? work/native-errors-cycle2/jest-cache/jest-transform-cache-9cca1a483338b2b09b9b84e0204c6bf5-33e9a252a52783adb262261baf4dff05/65/users_658bfc8506cf04967920e944e2c4a2bc.map
?? work/native-errors-cycle2/jest-cache/jest-transform-cache-9cca1a483338b2b09b9b84e0204c6bf5-33e9a252a52783adb262261baf4dff05/66/validators_66fbcdf5b11fca2bc9e981b321b832e0
?? work/native-errors-cycle2/jest-cache/jest-transform-cache-9cca1a483338b2b09b9b84e0204c6bf5-33e9a252a52783adb262261baf4dff05/66/validators_66fbcdf5b11fca2bc9e981b321b832e0.map
?? work/native-errors-cycle2/jest-cache/jest-transform-cache-9cca1a483338b2b09b9b84e0204c6bf5-33e9a252a52783adb262261baf4dff05/67/syscall_67debaa7fdc151d64fbdcb3dd435f551
?? work/native-errors-cycle2/jest-cache/jest-transform-cache-9cca1a483338b2b09b9b84e0204c6bf5-33e9a252a52783adb262261baf4dff05/67/syscall_67debaa7fdc151d64fbdcb3dd435f551.map
?? work/native-errors-cycle2/jest-cache/jest-transform-cache-9cca1a483338b2b09b9b84e0204c6bf5-33e9a252a52783adb262261baf4dff05/6b/paths_6bd6085707dd9b2259de177672304786
?? work/native-errors-cycle2/jest-cache/jest-transform-cache-9cca1a483338b2b09b9b84e0204c6bf5-33e9a252a52783adb262261baf4dff05/6b/paths_6bd6085707dd9b2259de177672304786.map
?? work/native-errors-cycle2/jest-cache/jest-transform-cache-9cca1a483338b2b09b9b84e0204c6bf5-33e9a252a52783adb262261baf4dff05/6c/authoritytest_6c36042bb6119c9daa315465fd083f1b
?? work/native-errors-cycle2/jest-cache/jest-transform-cache-9cca1a483338b2b09b9b84e0204c6bf5-33e9a252a52783adb262261baf4dff05/6c/authoritytest_6c36042bb6119c9daa315465fd083f1b.map
?? work/native-errors-cycle2/jest-cache/jest-transform-cache-9cca1a483338b2b09b9b84e0204c6bf5-33e9a252a52783adb262261baf4dff05/6c/web_socket_manager_6cd4923b7548e47601dda2cbcb03d8b0
?? work/native-errors-cycle2/jest-cache/jest-transform-cache-9cca1a483338b2b09b9b84e0204c6bf5-33e9a252a52783adb262261baf4dff05/6c/web_socket_manager_6cd4923b7548e47601dda2cbcb03d8b0.map
?? work/native-errors-cycle2/jest-cache/jest-transform-cache-9cca1a483338b2b09b9b84e0204c6bf5-33e9a252a52783adb262261baf4dff05/6d/http_client_6d9252aab221c7291e4437230c4e0be7
?? work/native-errors-cycle2/jest-cache/jest-transform-cache-9cca1a483338b2b09b9b84e0204c6bf5-33e9a252a52783adb262261baf4dff05/6d/http_client_6d9252aab221c7291e4437230c4e0be7.map
?? work/native-errors-cycle2/jest-cache/jest-transform-cache-9cca1a483338b2b09b9b84e0204c6bf5-33e9a252a52783adb262261baf4dff05/6e/meta_impl_6e6f4cc36ddbfaeb44564eace119895a
?? work/native-errors-cycle2/jest-cache/jest-transform-cache-9cca1a483338b2b09b9b84e0204c6bf5-33e9a252a52783adb262261baf4dff05/6e/meta_impl_6e6f4cc36ddbfaeb44564eace119895a.map
?? work/native-errors-cycle2/jest-cache/jest-transform-cache-9cca1a483338b2b09b9b84e0204c6bf5-33e9a252a52783adb262261baf4dff05/6f/sources_6f38e5a7814f1c3db17992926eefe3ab
?? work/native-errors-cycle2/jest-cache/jest-transform-cache-9cca1a483338b2b09b9b84e0204c6bf5-33e9a252a52783adb262261baf4dff05/6f/sources_6f38e5a7814f1c3db17992926eefe3ab.map
?? work/native-errors-cycle2/jest-cache/jest-transform-cache-9cca1a483338b2b09b9b84e0204c6bf5-33e9a252a52783adb262261baf4dff05/70/config_7061bfe3744ba2479add931d179d0ec1
?? work/native-errors-cycle2/jest-cache/jest-transform-cache-9cca1a483338b2b09b9b84e0204c6bf5-33e9a252a52783adb262261baf4dff05/70/config_7061bfe3744ba2479add931d179d0ec1.map
?? work/native-errors-cycle2/jest-cache/jest-transform-cache-9cca1a483338b2b09b9b84e0204c6bf5-33e9a252a52783adb262261baf4dff05/72/audit_logging_72b41d6f50c6903a93b43a1dc032d806
?? work/native-errors-cycle2/jest-cache/jest-transform-cache-9cca1a483338b2b09b9b84e0204c6bf5-33e9a252a52783adb262261baf4dff05/72/audit_logging_72b41d6f50c6903a93b43a1dc032d806.map
?? work/native-errors-cycle2/jest-cache/jest-transform-cache-9cca1a483338b2b09b9b84e0204c6bf5-33e9a252a52783adb262261baf4dff05/72/index_724752cdd29c40fd972811746b377217
?? work/native-errors-cycle2/jest-cache/jest-transform-cache-9cca1a483338b2b09b9b84e0204c6bf5-33e9a252a52783adb262261baf4dff05/72/index_724752cdd29c40fd972811746b377217.map
?? work/native-errors-cycle2/jest-cache/jest-transform-cache-9cca1a483338b2b09b9b84e0204c6bf5-33e9a252a52783adb262261baf4dff05/76/index_76982c56f4450e7cf1e26223bbd70681
?? work/native-errors-cycle2/jest-cache/jest-transform-cache-9cca1a483338b2b09b9b84e0204c6bf5-33e9a252a52783adb262261baf4dff05/76/index_76982c56f4450e7cf1e26223bbd70681.map
?? work/native-errors-cycle2/jest-cache/jest-transform-cache-9cca1a483338b2b09b9b84e0204c6bf5-33e9a252a52783adb262261baf4dff05/76/registration_impl_76dcf41253e8b442f086feb12249a7dc
?? work/native-errors-cycle2/jest-cache/jest-transform-cache-9cca1a483338b2b09b9b84e0204c6bf5-33e9a252a52783adb262261baf4dff05/76/registration_impl_76dcf41253e8b442f086feb12249a7dc.map
?? work/native-errors-cycle2/jest-cache/jest-transform-cache-9cca1a483338b2b09b9b84e0204c6bf5-33e9a252a52783adb262261baf4dff05/77/runtimeMemoryRepository_77c68b9f27714cb6205078eb3c40522e
?? work/native-errors-cycle2/jest-cache/jest-transform-cache-9cca1a483338b2b09b9b84e0204c6bf5-33e9a252a52783adb262261baf4dff05/77/runtimeMemoryRepository_77c68b9f27714cb6205078eb3c40522e.map
?? work/native-errors-cycle2/jest-cache/jest-transform-cache-9cca1a483338b2b09b9b84e0204c6bf5-33e9a252a52783adb262261baf4dff05/78/udf_path_utils_78114a351d397a5b83df3b7a1403674f
?? work/native-errors-cycle2/jest-cache/jest-transform-cache-9cca1a483338b2b09b9b84e0204c6bf5-33e9a252a52783adb262261baf4dff05/78/udf_path_utils_78114a351d397a5b83df3b7a1403674f.map
?? work/native-errors-cycle2/jest-cache/jest-transform-cache-9cca1a483338b2b09b9b84e0204c6bf5-33e9a252a52783adb262261baf4dff05/7e/nativeerrorstest_7e65463def32119e7a19cd418263eb3e
?? work/native-errors-cycle2/jest-cache/jest-transform-cache-9cca1a483338b2b09b9b84e0204c6bf5-33e9a252a52783adb262261baf4dff05/7e/nativeerrorstest_7e65463def32119e7a19cd418263eb3e.map
?? work/native-errors-cycle2/jest-cache/jest-transform-cache-9cca1a483338b2b09b9b84e0204c6bf5-33e9a252a52783adb262261baf4dff05/7f/runtimeAuthSchema_7fd47bde6bc170440e53baa90c8ddb5a
?? work/native-errors-cycle2/jest-cache/jest-transform-cache-9cca1a483338b2b09b9b84e0204c6bf5-33e9a252a52783adb262261baf4dff05/7f/runtimeAuthSchema_7fd47bde6bc170440e53baa90c8ddb5a.map
?? work/native-errors-cycle2/jest-cache/jest-transform-cache-9cca1a483338b2b09b9b84e0204c6bf5-33e9a252a52783adb262261baf4dff05/82/index_820e29b67af5f8abfa4ab07e7dc0938d
?? work/native-errors-cycle2/jest-cache/jest-transform-cache-9cca1a483338b2b09b9b84e0204c6bf5-33e9a252a52783adb262261baf4dff05/82/index_820e29b67af5f8abfa4ab07e7dc0938d.map
?? work/native-errors-cycle2/jest-cache/jest-transform-cache-9cca1a483338b2b09b9b84e0204c6bf5-33e9a252a52783adb262261baf4dff05/82/indexnode_8201d40e6d628f2a3d3d56139b630cf3
?? work/native-errors-cycle2/jest-cache/jest-transform-cache-9cca1a483338b2b09b9b84e0204c6bf5-33e9a252a52783adb262261baf4dff05/82/indexnode_8201d40e6d628f2a3d3d56139b630cf3.map
?? work/native-errors-cycle2/jest-cache/jest-transform-cache-9cca1a483338b2b09b9b84e0204c6bf5-33e9a252a52783adb262261baf4dff05/83/api_83466669495f007534adbf27b830271f
?? work/native-errors-cycle2/jest-cache/jest-transform-cache-9cca1a483338b2b09b9b84e0204c6bf5-33e9a252a52783adb262261baf4dff05/83/api_83466669495f007534adbf27b830271f.map
?? work/native-errors-cycle2/jest-cache/jest-transform-cache-9cca1a483338b2b09b9b84e0204c6bf5-33e9a252a52783adb262261baf4dff05/84/index_84f24847ef931b508d24c875893be6b8
?? work/native-errors-cycle2/jest-cache/jest-transform-cache-9cca1a483338b2b09b9b84e0204c6bf5-33e9a252a52783adb262261baf4dff05/84/index_84f24847ef931b508d24c875893be6b8.map
?? work/native-errors-cycle2/jest-cache/jest-transform-cache-9cca1a483338b2b09b9b84e0204c6bf5-33e9a252a52783adb262261baf4dff05/84/paginated_query_client_841e9a281682c472e9e5d6f794666084
?? work/native-errors-cycle2/jest-cache/jest-transform-cache-9cca1a483338b2b09b9b84e0204c6bf5-33e9a252a52783adb262261baf4dff05/84/paginated_query_client_841e9a281682c472e9e5d6f794666084.map
?? work/native-errors-cycle2/jest-cache/jest-transform-cache-9cca1a483338b2b09b9b84e0204c6bf5-33e9a252a52783adb262261baf4dff05/85/graphEnhancement_85dd40c7d7af4041a0d2f8d0b65dea8a
?? work/native-errors-cycle2/jest-cache/jest-transform-cache-9cca1a483338b2b09b9b84e0204c6bf5-33e9a252a52783adb262261baf4dff05/85/graphEnhancement_85dd40c7d7af4041a0d2f8d0b65dea8a.map
?? work/native-errors-cycle2/jest-cache/jest-transform-cache-9cca1a483338b2b09b9b84e0204c6bf5-33e9a252a52783adb262261baf4dff05/85/validators_85a14ecf8f290547a1fa2ca91c695ae1
?? work/native-errors-cycle2/jest-cache/jest-transform-cache-9cca1a483338b2b09b9b84e0204c6bf5-33e9a252a52783adb262261baf4dff05/85/validators_85a14ecf8f290547a1fa2ca91c695ae1.map
?? work/native-errors-cycle2/jest-cache/jest-transform-cache-9cca1a483338b2b09b9b84e0204c6bf5-33e9a252a52783adb262261baf4dff05/86/GraphSyncWorker_86654aca03573ce40e0592a05e1f3b9b
?? work/native-errors-cycle2/jest-cache/jest-transform-cache-9cca1a483338b2b09b9b84e0204c6bf5-33e9a252a52783adb262261baf4dff05/86/GraphSyncWorker_86654aca03573ce40e0592a05e1f3b9b.map
?? work/native-errors-cycle2/jest-cache/jest-transform-cache-9cca1a483338b2b09b9b84e0204c6bf5-33e9a252a52783adb262261baf4dff05/86/index_86f392d43729b7161b2ec8ac02745219
?? work/native-errors-cycle2/jest-cache/jest-transform-cache-9cca1a483338b2b09b9b84e0204c6bf5-33e9a252a52783adb262261baf4dff05/86/index_86f392d43729b7161b2ec8ac02745219.map
?? work/native-errors-cycle2/jest-cache/jest-transform-cache-9cca1a483338b2b09b9b84e0204c6bf5-33e9a252a52783adb262261baf4dff05/86/slots_8656437d44c6f9d2fb807b8df219ac22
?? work/native-errors-cycle2/jest-cache/jest-transform-cache-9cca1a483338b2b09b9b84e0204c6bf5-33e9a252a52783adb262261baf4dff05/86/slots_8656437d44c6f9d2fb807b8df219ac22.map
?? work/native-errors-cycle2/jest-cache/jest-transform-cache-9cca1a483338b2b09b9b84e0204c6bf5-33e9a252a52783adb262261baf4dff05/88/actions_impl_88f613aacc31abd0ceb71814ffa79bed
?? work/native-errors-cycle2/jest-cache/jest-transform-cache-9cca1a483338b2b09b9b84e0204c6bf5-33e9a252a52783adb262261baf4dff05/88/actions_impl_88f613aacc31abd0ceb71814ffa79bed.map
?? work/native-errors-cycle2/jest-cache/jest-transform-cache-9cca1a483338b2b09b9b84e0204c6bf5-33e9a252a52783adb262261baf4dff05/8d/runtimeMemorySchema_8dc4a81ab68e8cbdcd298c8096556b1a
?? work/native-errors-cycle2/jest-cache/jest-transform-cache-9cca1a483338b2b09b9b84e0204c6bf5-33e9a252a52783adb262261baf4dff05/8d/runtimeMemorySchema_8dc4a81ab68e8cbdcd298c8096556b1a.map
?? work/native-errors-cycle2/jest-cache/jest-transform-cache-9cca1a483338b2b09b9b84e0204c6bf5-33e9a252a52783adb262261baf4dff05/8d/validators_8dbf793fc20093650ba0604dfa080ce0
?? work/native-errors-cycle2/jest-cache/jest-transform-cache-9cca1a483338b2b09b9b84e0204c6bf5-33e9a252a52783adb262261baf4dff05/8d/validators_8dbf793fc20093650ba0604dfa080ce0.map
?? work/native-errors-cycle2/jest-cache/jest-transform-cache-9cca1a483338b2b09b9b84e0204c6bf5-33e9a252a52783adb262261baf4dff05/8f/handlerstest_8fc65aeefc76a53f14d0e9a2a5c9e3b8
?? work/native-errors-cycle2/jest-cache/jest-transform-cache-9cca1a483338b2b09b9b84e0204c6bf5-33e9a252a52783adb262261baf4dff05/8f/handlerstest_8fc65aeefc76a53f14d0e9a2a5c9e3b8.map
?? work/native-errors-cycle2/jest-cache/jest-transform-cache-9cca1a483338b2b09b9b84e0204c6bf5-33e9a252a52783adb262261baf4dff05/92/vector_search_impl_92551d8f86e3558cbb63bab94da8baa0
?? work/native-errors-cycle2/jest-cache/jest-transform-cache-9cca1a483338b2b09b9b84e0204c6bf5-33e9a252a52783adb262261baf4dff05/92/vector_search_impl_92551d8f86e3558cbb63bab94da8baa0.map
?? work/native-errors-cycle2/jest-cache/jest-transform-cache-9cca1a483338b2b09b9b84e0204c6bf5-33e9a252a52783adb262261baf4dff05/93/database_93b9b3f51a145694ae7792ed60df2dd0
?? work/native-errors-cycle2/jest-cache/jest-transform-cache-9cca1a483338b2b09b9b84e0204c6bf5-33e9a252a52783adb262261baf4dff05/93/database_93b9b3f51a145694ae7792ed60df2dd0.map
?? work/native-errors-cycle2/jest-cache/jest-transform-cache-9cca1a483338b2b09b9b84e0204c6bf5-33e9a252a52783adb262261baf4dff05/97/index_range_builder_971b058042a812bd05158ebbba17aa71
?? work/native-errors-cycle2/jest-cache/jest-transform-cache-9cca1a483338b2b09b9b84e0204c6bf5-33e9a252a52783adb262261baf4dff05/97/index_range_builder_971b058042a812bd05158ebbba17aa71.map
?? work/native-errors-cycle2/jest-cache/jest-transform-cache-9cca1a483338b2b09b9b84e0204c6bf5-33e9a252a52783adb262261baf4dff05/98/authentication_impl_98dd8912ae02f71a4514d83f467af1b4
?? work/native-errors-cycle2/jest-cache/jest-transform-cache-9cca1a483338b2b09b9b84e0204c6bf5-33e9a252a52783adb262261baf4dff05/98/authentication_impl_98dd8912ae02f71a4514d83f467af1b4.map
?? work/native-errors-cycle2/jest-cache/jest-transform-cache-9cca1a483338b2b09b9b84e0204c6bf5-33e9a252a52783adb262261baf4dff05/98/index_98e3c776d62c62eab57d65a37c375578
?? work/native-errors-cycle2/jest-cache/jest-transform-cache-9cca1a483338b2b09b9b84e0204c6bf5-33e9a252a52783adb262261baf4dff05/98/index_98e3c776d62c62eab57d65a37c375578.map
?? work/native-errors-cycle2/jest-cache/jest-transform-cache-9cca1a483338b2b09b9b84e0204c6bf5-33e9a252a52783adb262261baf4dff05/99/query_impl_992ceccc488246bcc3df20797f7efeb8
?? work/native-errors-cycle2/jest-cache/jest-transform-cache-9cca1a483338b2b09b9b84e0204c6bf5-33e9a252a52783adb262261baf4dff05/99/query_impl_992ceccc488246bcc3df20797f7efeb8.map
?? work/native-errors-cycle2/jest-cache/jest-transform-cache-9cca1a483338b2b09b9b84e0204c6bf5-33e9a252a52783adb262261baf4dff05/9a/size_9a4a082ef21b0bb261cb3bdeef9eb208
?? work/native-errors-cycle2/jest-cache/jest-transform-cache-9cca1a483338b2b09b9b84e0204c6bf5-33e9a252a52783adb262261baf4dff05/9a/size_9a4a082ef21b0bb261cb3bdeef9eb208.map
?? work/native-errors-cycle2/jest-cache/jest-transform-cache-9cca1a483338b2b09b9b84e0204c6bf5-33e9a252a52783adb262261baf4dff05/9b/logging_9ba5473f70aa4339c6a5bb1efcfd9de1
?? work/native-errors-cycle2/jest-cache/jest-transform-cache-9cca1a483338b2b09b9b84e0204c6bf5-33e9a252a52783adb262261baf4dff05/9b/logging_9ba5473f70aa4339c6a5bb1efcfd9de1.map
?? work/native-errors-cycle2/jest-cache/jest-transform-cache-9cca1a483338b2b09b9b84e0204c6bf5-33e9a252a52783adb262261baf4dff05/9c/credentials_9cd9b12ad84ab0898fa1ba10df778915
?? work/native-errors-cycle2/jest-cache/jest-transform-cache-9cca1a483338b2b09b9b84e0204c6bf5-33e9a252a52783adb262261baf4dff05/9c/credentials_9cd9b12ad84ab0898fa1ba10df778915.map
?? work/native-errors-cycle2/jest-cache/jest-transform-cache-9cca1a483338b2b09b9b84e0204c6bf5-33e9a252a52783adb262261baf4dff05/9d/CypherGraphAdapter_9d3125847c69f945f1a4b235fd13bb2a
?? work/native-errors-cycle2/jest-cache/jest-transform-cache-9cca1a483338b2b09b9b84e0204c6bf5-33e9a252a52783adb262261baf4dff05/9d/CypherGraphAdapter_9d3125847c69f945f1a4b235fd13bb2a.map
?? work/native-errors-cycle2/jest-cache/jest-transform-cache-9cca1a483338b2b09b9b84e0204c6bf5-33e9a252a52783adb262261baf4dff05/9d/index_9da9061049a443f0cbe281ef99c0277b
?? work/native-errors-cycle2/jest-cache/jest-transform-cache-9cca1a483338b2b09b9b84e0204c6bf5-33e9a252a52783adb262261baf4dff05/9d/index_9da9061049a443f0cbe281ef99c0277b.map
?? work/native-errors-cycle2/jest-cache/jest-transform-cache-9cca1a483338b2b09b9b84e0204c6bf5-33e9a252a52783adb262261baf4dff05/9e/governance_9e6ec04d1ae6d8006b1e796d20bfa95c
?? work/native-errors-cycle2/jest-cache/jest-transform-cache-9cca1a483338b2b09b9b84e0204c6bf5-33e9a252a52783adb262261baf4dff05/9e/governance_9e6ec04d1ae6d8006b1e796d20bfa95c.map
?? work/native-errors-cycle2/jest-cache/jest-transform-cache-9cca1a483338b2b09b9b84e0204c6bf5-33e9a252a52783adb262261baf4dff05/a0/index_a0255769852737cec8b70a44edadf695
?? work/native-errors-cycle2/jest-cache/jest-transform-cache-9cca1a483338b2b09b9b84e0204c6bf5-33e9a252a52783adb262261baf4dff05/a0/index_a0255769852737cec8b70a44edadf695.map
?? work/native-errors-cycle2/jest-cache/jest-transform-cache-9cca1a483338b2b09b9b84e0204c6bf5-33e9a252a52783adb262261baf4dff05/a3/simple_clientnode_a3c925dc806a0fa6c8472a3c6d580828
?? work/native-errors-cycle2/jest-cache/jest-transform-cache-9cca1a483338b2b09b9b84e0204c6bf5-33e9a252a52783adb262261baf4dff05/a3/simple_clientnode_a3c925dc806a0fa6c8472a3c6d580828.map
?? work/native-errors-cycle2/jest-cache/jest-transform-cache-9cca1a483338b2b09b9b84e0204c6bf5-33e9a252a52783adb262261baf4dff05/a3/validator_a3383c0aed8fb22ae4a2e752a776431a
?? work/native-errors-cycle2/jest-cache/jest-transform-cache-9cca1a483338b2b09b9b84e0204c6bf5-33e9a252a52783adb262261baf4dff05/a3/validator_a3383c0aed8fb22ae4a2e752a776431a.map
?? work/native-errors-cycle2/jest-cache/jest-transform-cache-9cca1a483338b2b09b9b84e0204c6bf5-33e9a252a52783adb262261baf4dff05/a4/index_a4d00f1c2e2ccb366f04763c7d4a6a95
?? work/native-errors-cycle2/jest-cache/jest-transform-cache-9cca1a483338b2b09b9b84e0204c6bf5-33e9a252a52783adb262261baf4dff05/a4/index_a4d00f1c2e2ccb366f04763c7d4a6a95.map
?? work/native-errors-cycle2/jest-cache/jest-transform-cache-9cca1a483338b2b09b9b84e0204c6bf5-33e9a252a52783adb262261baf4dff05/a9/env_a97bada027dbd432ac0a8993add99005
?? work/native-errors-cycle2/jest-cache/jest-transform-cache-9cca1a483338b2b09b9b84e0204c6bf5-33e9a252a52783adb262261baf4dff05/a9/env_a97bada027dbd432ac0a8993add99005.map
?? work/native-errors-cycle2/jest-cache/jest-transform-cache-9cca1a483338b2b09b9b84e0204c6bf5-33e9a252a52783adb262261baf4dff05/af/deduplication_af176b7695970023155c1f2d50e4f26d
?? work/native-errors-cycle2/jest-cache/jest-transform-cache-9cca1a483338b2b09b9b84e0204c6bf5-33e9a252a52783adb262261baf4dff05/af/deduplication_af176b7695970023155c1f2d50e4f26d.map
?? work/native-errors-cycle2/jest-cache/jest-transform-cache-9cca1a483338b2b09b9b84e0204c6bf5-33e9a252a52783adb262261baf4dff05/af/governancetest_af41f3d274a76494efa720d7320f9799
?? work/native-errors-cycle2/jest-cache/jest-transform-cache-9cca1a483338b2b09b9b84e0204c6bf5-33e9a252a52783adb262261baf4dff05/af/governancetest_af41f3d274a76494efa720d7320f9799.map
?? work/native-errors-cycle2/jest-cache/jest-transform-cache-9cca1a483338b2b09b9b84e0204c6bf5-33e9a252a52783adb262261baf4dff05/b1/index_b1bc52a1e299688a25e5dd6f722f43f3
?? work/native-errors-cycle2/jest-cache/jest-transform-cache-9cca1a483338b2b09b9b84e0204c6bf5-33e9a252a52783adb262261baf4dff05/b1/index_b1bc52a1e299688a25e5dd6f722f43f3.map
?? work/native-errors-cycle2/jest-cache/jest-transform-cache-9cca1a483338b2b09b9b84e0204c6bf5-33e9a252a52783adb262261baf4dff05/b2/authentication_manager_b2c3a554cc2d293e2c39cea1eb8a49b2
?? work/native-errors-cycle2/jest-cache/jest-transform-cache-9cca1a483338b2b09b9b84e0204c6bf5-33e9a252a52783adb262261baf4dff05/b2/authentication_manager_b2c3a554cc2d293e2c39cea1eb8a49b2.map
?? work/native-errors-cycle2/jest-cache/jest-transform-cache-9cca1a483338b2b09b9b84e0204c6bf5-33e9a252a52783adb262261baf4dff05/b4/request_manager_b445d46ce126472f5bbce698191fc100
?? work/native-errors-cycle2/jest-cache/jest-transform-cache-9cca1a483338b2b09b9b84e0204c6bf5-33e9a252a52783adb262261baf4dff05/b4/request_manager_b445d46ce126472f5bbce698191fc100.map
?? work/native-errors-cycle2/jest-cache/jest-transform-cache-9cca1a483338b2b09b9b84e0204c6bf5-33e9a252a52783adb262261baf4dff05/b6/syncRelationships_b6a347fc601388241bd3d1cf9c380364
?? work/native-errors-cycle2/jest-cache/jest-transform-cache-9cca1a483338b2b09b9b84e0204c6bf5-33e9a252a52783adb262261baf4dff05/b6/syncRelationships_b6a347fc601388241bd3d1cf9c380364.map
?? work/native-errors-cycle2/jest-cache/jest-transform-cache-9cca1a483338b2b09b9b84e0204c6bf5-33e9a252a52783adb262261baf4dff05/b6/validators_b6785289783d2259de194a74917ee0ee
?? work/native-errors-cycle2/jest-cache/jest-transform-cache-9cca1a483338b2b09b9b84e0204c6bf5-33e9a252a52783adb262261baf4dff05/b6/validators_b6785289783d2259de194a74917ee0ee.map
?? work/native-errors-cycle2/jest-cache/jest-transform-cache-9cca1a483338b2b09b9b84e0204c6bf5-33e9a252a52783adb262261baf4dff05/ba/beliefrevision_ba77db92ca7ffe47ef4cf09fc7873a85
?? work/native-errors-cycle2/jest-cache/jest-transform-cache-9cca1a483338b2b09b9b84e0204c6bf5-33e9a252a52783adb262261baf4dff05/ba/beliefrevision_ba77db92ca7ffe47ef4cf09fc7873a85.map
?? work/native-errors-cycle2/jest-cache/jest-transform-cache-9cca1a483338b2b09b9b84e0204c6bf5-33e9a252a52783adb262261baf4dff05/bb/priorities_bb8d33b4288850eccace816566b9eb89
?? work/native-errors-cycle2/jest-cache/jest-transform-cache-9cca1a483338b2b09b9b84e0204c6bf5-33e9a252a52783adb262261baf4dff05/bb/priorities_bb8d33b4288850eccace816566b9eb89.map
?? work/native-errors-cycle2/jest-cache/jest-transform-cache-9cca1a483338b2b09b9b84e0204c6bf5-33e9a252a52783adb262261baf4dff05/bb/tenant_bb5c9b6cd7c648bd2f1f8d84c697eba8
?? work/native-errors-cycle2/jest-cache/jest-transform-cache-9cca1a483338b2b09b9b84e0204c6bf5-33e9a252a52783adb262261baf4dff05/bb/tenant_bb5c9b6cd7c648bd2f1f8d84c697eba8.map
?? work/native-errors-cycle2/jest-cache/jest-transform-cache-9cca1a483338b2b09b9b84e0204c6bf5-33e9a252a52783adb262261baf4dff05/bc/index_bc0f63b1af272ef9d51f2107f3f1bac1
?? work/native-errors-cycle2/jest-cache/jest-transform-cache-9cca1a483338b2b09b9b84e0204c6bf5-33e9a252a52783adb262261baf4dff05/bc/index_bc0f63b1af272ef9d51f2107f3f1bac1.map
?? work/native-errors-cycle2/jest-cache/jest-transform-cache-9cca1a483338b2b09b9b84e0204c6bf5-33e9a252a52783adb262261baf4dff05/bc/recall_bce28db2cb2c7700a194274481e80fde
?? work/native-errors-cycle2/jest-cache/jest-transform-cache-9cca1a483338b2b09b9b84e0204c6bf5-33e9a252a52783adb262261baf4dff05/bc/recall_bce28db2cb2c7700a194274481e80fde.map
?? work/native-errors-cycle2/jest-cache/jest-transform-cache-9cca1a483338b2b09b9b84e0204c6bf5-33e9a252a52783adb262261baf4dff05/bc/schema_bcbc026e0424fd45c2336924d2627906
?? work/native-errors-cycle2/jest-cache/jest-transform-cache-9cca1a483338b2b09b9b84e0204c6bf5-33e9a252a52783adb262261baf4dff05/bc/schema_bcbc026e0424fd45c2336924d2627906.map
?? work/native-errors-cycle2/jest-cache/jest-transform-cache-9cca1a483338b2b09b9b84e0204c6bf5-33e9a252a52783adb262261baf4dff05/be/provisioningtest_be1e135fbf0c94cf48f6dab0357b31ea
?? work/native-errors-cycle2/jest-cache/jest-transform-cache-9cca1a483338b2b09b9b84e0204c6bf5-33e9a252a52783adb262261baf4dff05/be/provisioningtest_be1e135fbf0c94cf48f6dab0357b31ea.map
?? work/native-errors-cycle2/jest-cache/jest-transform-cache-9cca1a483338b2b09b9b84e0204c6bf5-33e9a252a52783adb262261baf4dff05/bf/base64_bf3f6cb789601af15381eb2bff424147
?? work/native-errors-cycle2/jest-cache/jest-transform-cache-9cca1a483338b2b09b9b84e0204c6bf5-33e9a252a52783adb262261baf4dff05/bf/base64_bf3f6cb789601af15381eb2bff424147.map
?? work/native-errors-cycle2/jest-cache/jest-transform-cache-9cca1a483338b2b09b9b84e0204c6bf5-33e9a252a52783adb262261baf4dff05/c0/functionName_c027f04f4f6abfe3d32581a09c667d6f
?? work/native-errors-cycle2/jest-cache/jest-transform-cache-9cca1a483338b2b09b9b84e0204c6bf5-33e9a252a52783adb262261baf4dff05/c0/functionName_c027f04f4f6abfe3d32581a09c667d6f.map
?? work/native-errors-cycle2/jest-cache/jest-transform-cache-9cca1a483338b2b09b9b84e0204c6bf5-33e9a252a52783adb262261baf4dff05/c3/graphtest_c327ec731a9ff2614d1adbbafff3f984
?? work/native-errors-cycle2/jest-cache/jest-transform-cache-9cca1a483338b2b09b9b84e0204c6bf5-33e9a252a52783adb262261baf4dff05/c3/graphtest_c327ec731a9ff2614d1adbbafff3f984.map
?? work/native-errors-cycle2/jest-cache/jest-transform-cache-9cca1a483338b2b09b9b84e0204c6bf5-33e9a252a52783adb262261baf4dff05/c8/validators_c8413c2675e05b5f63b1d575429e6bb5
?? work/native-errors-cycle2/jest-cache/jest-transform-cache-9cca1a483338b2b09b9b84e0204c6bf5-33e9a252a52783adb262261baf4dff05/c8/validators_c8413c2675e05b5f63b1d575429e6bb5.map
?? work/native-errors-cycle2/jest-cache/jest-transform-cache-9cca1a483338b2b09b9b84e0204c6bf5-33e9a252a52783adb262261baf4dff05/c9/search_filter_builder_c9e37e7597b6ab5ae639005f0599578e
?? work/native-errors-cycle2/jest-cache/jest-transform-cache-9cca1a483338b2b09b9b84e0204c6bf5-33e9a252a52783adb262261baf4dff05/c9/search_filter_builder_c9e37e7597b6ab5ae639005f0599578e.map
?? work/native-errors-cycle2/jest-cache/jest-transform-cache-9cca1a483338b2b09b9b84e0204c6bf5-33e9a252a52783adb262261baf4dff05/c9/slotmatching_c90b6eb1fa58c615b4bc299ed926bdda
?? work/native-errors-cycle2/jest-cache/jest-transform-cache-9cca1a483338b2b09b9b84e0204c6bf5-33e9a252a52783adb262261baf4dff05/c9/slotmatching_c90b6eb1fa58c615b4bc299ed926bdda.map
?? work/native-errors-cycle2/jest-cache/jest-transform-cache-9cca1a483338b2b09b9b84e0204c6bf5-33e9a252a52783adb262261baf4dff05/ca/runtimeMetadataAuth_ca7c24f736655adc1f8ce2a0bb721996
?? work/native-errors-cycle2/jest-cache/jest-transform-cache-9cca1a483338b2b09b9b84e0204c6bf5-33e9a252a52783adb262261baf4dff05/ca/runtimeMetadataAuth_ca7c24f736655adc1f8ce2a0bb721996.map
?? work/native-errors-cycle2/jest-cache/jest-transform-cache-9cca1a483338b2b09b9b84e0204c6bf5-33e9a252a52783adb262261baf4dff05/ce/metadataconsumerstest_ceb02817d483f131db0e6b7eb1709ffc
?? work/native-errors-cycle2/jest-cache/jest-transform-cache-9cca1a483338b2b09b9b84e0204c6bf5-33e9a252a52783adb262261baf4dff05/ce/metadataconsumerstest_ceb02817d483f131db0e6b7eb1709ffc.map
?? work/native-errors-cycle2/jest-cache/jest-transform-cache-9cca1a483338b2b09b9b84e0204c6bf5-33e9a252a52783adb262261baf4dff05/d0/local_state_d000435b0dc890bb03d8b753efc9eeff
?? work/native-errors-cycle2/jest-cache/jest-transform-cache-9cca1a483338b2b09b9b84e0204c6bf5-33e9a252a52783adb262261baf4dff05/d0/local_state_d000435b0dc890bb03d8b753efc9eeff.map
?? work/native-errors-cycle2/jest-cache/jest-transform-cache-9cca1a483338b2b09b9b84e0204c6bf5-33e9a252a52783adb262261baf4dff05/d1/index_d1fb42b597cb2ca10be2eb84a1b538f7
?? work/native-errors-cycle2/jest-cache/jest-transform-cache-9cca1a483338b2b09b9b84e0204c6bf5-33e9a252a52783adb262261baf4dff05/d1/index_d1fb42b597cb2ca10be2eb84a1b538f7.map
?? work/native-errors-cycle2/jest-cache/jest-transform-cache-9cca1a483338b2b09b9b84e0204c6bf5-33e9a252a52783adb262261baf4dff05/d2/index_range_builder_impl_d20436c9f005a1489f41bef0f94bfae5
?? work/native-errors-cycle2/jest-cache/jest-transform-cache-9cca1a483338b2b09b9b84e0204c6bf5-33e9a252a52783adb262261baf4dff05/d2/index_range_builder_impl_d20436c9f005a1489f41bef0f94bfae5.map
?? work/native-errors-cycle2/jest-cache/jest-transform-cache-9cca1a483338b2b09b9b84e0204c6bf5-33e9a252a52783adb262261baf4dff05/d2/vector_search_d25d6e8642221e421877e19a13757c40
?? work/native-errors-cycle2/jest-cache/jest-transform-cache-9cca1a483338b2b09b9b84e0204c6bf5-33e9a252a52783adb262261baf4dff05/d2/vector_search_d25d6e8642221e421877e19a13757c40.map
?? work/native-errors-cycle2/jest-cache/jest-transform-cache-9cca1a483338b2b09b9b84e0204c6bf5-33e9a252a52783adb262261baf4dff05/d3/inventorytest_d32e76605485bea204776d2de9575908
?? work/native-errors-cycle2/jest-cache/jest-transform-cache-9cca1a483338b2b09b9b84e0204c6bf5-33e9a252a52783adb262261baf4dff05/d3/inventorytest_d32e76605485bea204776d2de9575908.map
?? work/native-errors-cycle2/jest-cache/jest-transform-cache-9cca1a483338b2b09b9b84e0204c6bf5-33e9a252a52783adb262261baf4dff05/d4/api_d4252aacd39b2d06d83946769b26fcaf
?? work/native-errors-cycle2/jest-cache/jest-transform-cache-9cca1a483338b2b09b9b84e0204c6bf5-33e9a252a52783adb262261baf4dff05/d4/api_d4252aacd39b2d06d83946769b26fcaf.map
?? work/native-errors-cycle2/jest-cache/jest-transform-cache-9cca1a483338b2b09b9b84e0204c6bf5-33e9a252a52783adb262261baf4dff05/d4/index_d4b505cd2875a5649f1f671c7cab1d41
?? work/native-errors-cycle2/jest-cache/jest-transform-cache-9cca1a483338b2b09b9b84e0204c6bf5-33e9a252a52783adb262261baf4dff05/d4/index_d4b505cd2875a5649f1f671c7cab1d41.map
?? work/native-errors-cycle2/jest-cache/jest-transform-cache-9cca1a483338b2b09b9b84e0204c6bf5-33e9a252a52783adb262261baf4dff05/d4/validators_d4cd490ed72956ebd6f309a002085061
?? work/native-errors-cycle2/jest-cache/jest-transform-cache-9cca1a483338b2b09b9b84e0204c6bf5-33e9a252a52783adb262261baf4dff05/d4/validators_d4cd490ed72956ebd6f309a002085061.map
?? work/native-errors-cycle2/jest-cache/jest-transform-cache-9cca1a483338b2b09b9b84e0204c6bf5-33e9a252a52783adb262261baf4dff05/d5/history_d536f2380c58eba3e995ab6d7078bc19
?? work/native-errors-cycle2/jest-cache/jest-transform-cache-9cca1a483338b2b09b9b84e0204c6bf5-33e9a252a52783adb262261baf4dff05/d5/history_d536f2380c58eba3e995ab6d7078bc19.map
?? work/native-errors-cycle2/jest-cache/jest-transform-cache-9cca1a483338b2b09b9b84e0204c6bf5-33e9a252a52783adb262261baf4dff05/d6/client_d6f52fc91a51a508deacfd52ef59f4b5
?? work/native-errors-cycle2/jest-cache/jest-transform-cache-9cca1a483338b2b09b9b84e0204c6bf5-33e9a252a52783adb262261baf4dff05/d6/client_d6f52fc91a51a508deacfd52ef59f4b5.map
?? work/native-errors-cycle2/jest-cache/jest-transform-cache-9cca1a483338b2b09b9b84e0204c6bf5-33e9a252a52783adb262261baf4dff05/d6/index_d670464b9c3392356d60853e2552648c
?? work/native-errors-cycle2/jest-cache/jest-transform-cache-9cca1a483338b2b09b9b84e0204c6bf5-33e9a252a52783adb262261baf4dff05/d6/index_d670464b9c3392356d60853e2552648c.map
?? work/native-errors-cycle2/jest-cache/jest-transform-cache-9cca1a483338b2b09b9b84e0204c6bf5-33e9a252a52783adb262261baf4dff05/d6/router_d68924c5550c09515d21fc4295407f04
?? work/native-errors-cycle2/jest-cache/jest-transform-cache-9cca1a483338b2b09b9b84e0204c6bf5-33e9a252a52783adb262261baf4dff05/d6/router_d68924c5550c09515d21fc4295407f04.map
?? work/native-errors-cycle2/jest-cache/jest-transform-cache-9cca1a483338b2b09b9b84e0204c6bf5-33e9a252a52783adb262261baf4dff05/d8/index_d8d44eec36cbbfc6c188abe53100371d
?? work/native-errors-cycle2/jest-cache/jest-transform-cache-9cca1a483338b2b09b9b84e0204c6bf5-33e9a252a52783adb262261baf4dff05/d8/index_d8d44eec36cbbfc6c188abe53100371d.map
?? work/native-errors-cycle2/jest-cache/jest-transform-cache-9cca1a483338b2b09b9b84e0204c6bf5-33e9a252a52783adb262261baf4dff05/db/Semaphore_db665e0f334846aca9b74ab548489d46
?? work/native-errors-cycle2/jest-cache/jest-transform-cache-9cca1a483338b2b09b9b84e0204c6bf5-33e9a252a52783adb262261baf4dff05/db/Semaphore_db665e0f334846aca9b74ab548489d46.map
?? work/native-errors-cycle2/jest-cache/jest-transform-cache-9cca1a483338b2b09b9b84e0204c6bf5-33e9a252a52783adb262261baf4dff05/db/fixture_dbf9c39595808cdf2cb40e20fbca753f
?? work/native-errors-cycle2/jest-cache/jest-transform-cache-9cca1a483338b2b09b9b84e0204c6bf5-33e9a252a52783adb262261baf4dff05/db/fixture_dbf9c39595808cdf2cb40e20fbca753f.map
?? work/native-errors-cycle2/jest-cache/jest-transform-cache-9cca1a483338b2b09b9b84e0204c6bf5-33e9a252a52783adb262261baf4dff05/db/setup_db9d05f6699445ff52ee91977c7c04b4
?? work/native-errors-cycle2/jest-cache/jest-transform-cache-9cca1a483338b2b09b9b84e0204c6bf5-33e9a252a52783adb262261baf4dff05/db/setup_db9d05f6699445ff52ee91977c7c04b4.map
?? work/native-errors-cycle2/jest-cache/jest-transform-cache-9cca1a483338b2b09b9b84e0204c6bf5-33e9a252a52783adb262261baf4dff05/dc/deduplication_dc8ad50ad3bd3501bf10e410aa378a1d
?? work/native-errors-cycle2/jest-cache/jest-transform-cache-9cca1a483338b2b09b9b84e0204c6bf5-33e9a252a52783adb262261baf4dff05/dc/deduplication_dc8ad50ad3bd3501bf10e410aa378a1d.map
?? work/native-errors-cycle2/jest-cache/jest-transform-cache-9cca1a483338b2b09b9b84e0204c6bf5-33e9a252a52783adb262261baf4dff05/dc/simple_client_dce16be9ce7d7b50f526b53c03b3df3f
?? work/native-errors-cycle2/jest-cache/jest-transform-cache-9cca1a483338b2b09b9b84e0204c6bf5-33e9a252a52783adb262261baf4dff05/dc/simple_client_dce16be9ce7d7b50f526b53c03b3df3f.map
?? work/native-errors-cycle2/jest-cache/jest-transform-cache-9cca1a483338b2b09b9b84e0204c6bf5-33e9a252a52783adb262261baf4dff05/de/validators_de7e6faf27ee0bcc559ea5c117e89ebb
?? work/native-errors-cycle2/jest-cache/jest-transform-cache-9cca1a483338b2b09b9b84e0204c6bf5-33e9a252a52783adb262261baf4dff05/de/validators_de7e6faf27ee0bcc559ea5c117e89ebb.map
?? work/native-errors-cycle2/jest-cache/jest-transform-cache-9cca1a483338b2b09b9b84e0204c6bf5-33e9a252a52783adb262261baf4dff05/e0/index_e0dc9a0bffd2185b54b2dadf4e4b9cb6
?? work/native-errors-cycle2/jest-cache/jest-transform-cache-9cca1a483338b2b09b9b84e0204c6bf5-33e9a252a52783adb262261baf4dff05/e0/index_e0dc9a0bffd2185b54b2dadf4e4b9cb6.map
?? work/native-errors-cycle2/jest-cache/jest-transform-cache-9cca1a483338b2b09b9b84e0204c6bf5-33e9a252a52783adb262261baf4dff05/e3/errors_e3e9c7c428d66518701dab778c85a1aa
?? work/native-errors-cycle2/jest-cache/jest-transform-cache-9cca1a483338b2b09b9b84e0204c6bf5-33e9a252a52783adb262261baf4dff05/e3/errors_e3e9c7c428d66518701dab778c85a1aa.map
?? work/native-errors-cycle2/jest-cache/jest-transform-cache-9cca1a483338b2b09b9b84e0204c6bf5-33e9a252a52783adb262261baf4dff05/e4/protocol_e44a0fcc71144ec718b15d74fe287538
?? work/native-errors-cycle2/jest-cache/jest-transform-cache-9cca1a483338b2b09b9b84e0204c6bf5-33e9a252a52783adb262261baf4dff05/e4/protocol_e44a0fcc71144ec718b15d74fe287538.map
?? work/native-errors-cycle2/jest-cache/jest-transform-cache-9cca1a483338b2b09b9b84e0204c6bf5-33e9a252a52783adb262261baf4dff05/e6/index_e6384fc4f835773e55dbe560bc3d941c
?? work/native-errors-cycle2/jest-cache/jest-transform-cache-9cca1a483338b2b09b9b84e0204c6bf5-33e9a252a52783adb262261baf4dff05/e6/index_e6384fc4f835773e55dbe560bc3d941c.map
?? work/native-errors-cycle2/jest-cache/jest-transform-cache-9cca1a483338b2b09b9b84e0204c6bf5-33e9a252a52783adb262261baf4dff05/e7/immutable_e78b9ce53b84b1263f365eaedd629c6c
?? work/native-errors-cycle2/jest-cache/jest-transform-cache-9cca1a483338b2b09b9b84e0204c6bf5-33e9a252a52783adb262261baf4dff05/e7/immutable_e78b9ce53b84b1263f365eaedd629c6c.map
?? work/native-errors-cycle2/jest-cache/jest-transform-cache-9cca1a483338b2b09b9b84e0204c6bf5-33e9a252a52783adb262261baf4dff05/e7/runtime_e716aaa19a97fdb9128d833de4af96b3
?? work/native-errors-cycle2/jest-cache/jest-transform-cache-9cca1a483338b2b09b9b84e0204c6bf5-33e9a252a52783adb262261baf4dff05/e7/runtime_e716aaa19a97fdb9128d833de4af96b3.map
?? work/native-errors-cycle2/jest-cache/jest-transform-cache-9cca1a483338b2b09b9b84e0204c6bf5-33e9a252a52783adb262261baf4dff05/ea/index_ea704cba4aed66cbeaef65c3d4ac4099
?? work/native-errors-cycle2/jest-cache/jest-transform-cache-9cca1a483338b2b09b9b84e0204c6bf5-33e9a252a52783adb262261baf4dff05/ea/index_ea704cba4aed66cbeaef65c3d4ac4099.map
?? work/native-errors-cycle2/jest-cache/jest-transform-cache-9cca1a483338b2b09b9b84e0204c6bf5-33e9a252a52783adb262261baf4dff05/ec/index_ec7ca2163ef8b613bc356f266660cecd
?? work/native-errors-cycle2/jest-cache/jest-transform-cache-9cca1a483338b2b09b9b84e0204c6bf5-33e9a252a52783adb262261baf4dff05/ec/index_ec7ca2163ef8b613bc356f266660cecd.map
?? work/native-errors-cycle2/jest-cache/jest-transform-cache-9cca1a483338b2b09b9b84e0204c6bf5-33e9a252a52783adb262261baf4dff05/ec/search_filter_builder_impl_ec1f510c43d80e4516ecaf6926a1ab3b
?? work/native-errors-cycle2/jest-cache/jest-transform-cache-9cca1a483338b2b09b9b84e0204c6bf5-33e9a252a52783adb262261baf4dff05/ec/search_filter_builder_impl_ec1f510c43d80e4516ecaf6926a1ab3b.map
?? work/native-errors-cycle2/jest-cache/jest-transform-cache-9cca1a483338b2b09b9b84e0204c6bf5-33e9a252a52783adb262261baf4dff05/ef/CircuitBreaker_ef91c1eac54bf6b1814e0246381da798
?? work/native-errors-cycle2/jest-cache/jest-transform-cache-9cca1a483338b2b09b9b84e0204c6bf5-33e9a252a52783adb262261baf4dff05/ef/CircuitBreaker_ef91c1eac54bf6b1814e0246381da798.map
?? work/native-errors-cycle2/jest-cache/jest-transform-cache-9cca1a483338b2b09b9b84e0204c6bf5-33e9a252a52783adb262261baf4dff05/ef/validators_ef2177144d327ef9b2923624e4a25424
?? work/native-errors-cycle2/jest-cache/jest-transform-cache-9cca1a483338b2b09b9b84e0204c6bf5-33e9a252a52783adb262261baf4dff05/ef/validators_ef2177144d327ef9b2923624e4a25424.map
?? work/native-errors-cycle2/jest-cache/jest-transform-cache-9cca1a483338b2b09b9b84e0204c6bf5-33e9a252a52783adb262261baf4dff05/f5/index_f5cebcef452828e9459748705fd053bc
?? work/native-errors-cycle2/jest-cache/jest-transform-cache-9cca1a483338b2b09b9b84e0204c6bf5-33e9a252a52783adb262261baf4dff05/f5/index_f5cebcef452828e9459748705fd053bc.map
?? work/native-errors-cycle2/jest-cache/jest-transform-cache-9cca1a483338b2b09b9b84e0204c6bf5-33e9a252a52783adb262261baf4dff05/f8/schemas_f80bd4b55558a00a064055a3462dbc5a
?? work/native-errors-cycle2/jest-cache/jest-transform-cache-9cca1a483338b2b09b9b84e0204c6bf5-33e9a252a52783adb262261baf4dff05/f8/schemas_f80bd4b55558a00a064055a3462dbc5a.map
?? work/native-errors-cycle2/jest-cache/jest-transform-cache-9cca1a483338b2b09b9b84e0204c6bf5-33e9a252a52783adb262261baf4dff05/f8/validators_f80ad6efc5d170b6502d336025dfa498
?? work/native-errors-cycle2/jest-cache/jest-transform-cache-9cca1a483338b2b09b9b84e0204c6bf5-33e9a252a52783adb262261baf4dff05/f8/validators_f80ad6efc5d170b6502d336025dfa498.map
?? work/native-errors-cycle2/jest-cache/jest-transform-cache-9cca1a483338b2b09b9b84e0204c6bf5-33e9a252a52783adb262261baf4dff05/f9/admincatalogtest_f970830c73124fe6fc2a695ba64d5037
?? work/native-errors-cycle2/jest-cache/jest-transform-cache-9cca1a483338b2b09b9b84e0204c6bf5-33e9a252a52783adb262261baf4dff05/f9/admincatalogtest_f970830c73124fe6fc2a695ba64d5037.map
?? work/native-errors-cycle2/jest-cache/jest-transform-cache-9cca1a483338b2b09b9b84e0204c6bf5-33e9a252a52783adb262261baf4dff05/f9/metrics_f91a6cd3633a6252209b472c1494f1d4
?? work/native-errors-cycle2/jest-cache/jest-transform-cache-9cca1a483338b2b09b9b84e0204c6bf5-33e9a252a52783adb262261baf4dff05/f9/metrics_f91a6cd3633a6252209b472c1494f1d4.map
?? work/native-errors-cycle2/jest-cache/jest-transform-cache-9cca1a483338b2b09b9b84e0204c6bf5-33e9a252a52783adb262261baf4dff05/fa/sessionsmaintenancetest_fac3b11705b4b7c5022932fb8b1bc356
?? work/native-errors-cycle2/jest-cache/jest-transform-cache-9cca1a483338b2b09b9b84e0204c6bf5-33e9a252a52783adb262261baf4dff05/fa/sessionsmaintenancetest_fac3b11705b4b7c5022932fb8b1bc356.map
?? work/native-errors-cycle2/jest-cache/jest-transform-cache-9cca1a483338b2b09b9b84e0204c6bf5-33e9a252a52783adb262261baf4dff05/ff/context_ff154f428a6f0992117ab8554d88a367
?? work/native-errors-cycle2/jest-cache/jest-transform-cache-9cca1a483338b2b09b9b84e0204c6bf5-33e9a252a52783adb262261baf4dff05/ff/context_ff154f428a6f0992117ab8554d88a367.map
?? work/native-errors-cycle2/jest-cache/perf-cache-9cca1a483338b2b09b9b84e0204c6bf5-da39a3ee5e6b4b0d3255bfef95601890
?? work/native-errors-cycle2/jest-credentials-cache/haste-map-9cca1a483338b2b09b9b84e0204c6bf5-3a89bd145392ac8f6451fa45c33b01ed-381d89cf94719bd0f72bd12b45eb1dd7
?? work/native-errors-cycle2/jest-credentials-cache/jest-transform-cache-9cca1a483338b2b09b9b84e0204c6bf5-33e9a252a52783adb262261baf4dff05/00/index_00462165a9b56b861cfc132a62a389c6
?? work/native-errors-cycle2/jest-credentials-cache/jest-transform-cache-9cca1a483338b2b09b9b84e0204c6bf5-33e9a252a52783adb262261baf4dff05/00/index_00462165a9b56b861cfc132a62a389c6.map
?? work/native-errors-cycle2/jest-credentials-cache/jest-transform-cache-9cca1a483338b2b09b9b84e0204c6bf5-33e9a252a52783adb262261baf4dff05/00/remote_query_set_005c4dfbf123a213d910c0bc9523c0af
?? work/native-errors-cycle2/jest-credentials-cache/jest-transform-cache-9cca1a483338b2b09b9b84e0204c6bf5-33e9a252a52783adb262261baf4dff05/00/remote_query_set_005c4dfbf123a213d910c0bc9523c0af.map
?? work/native-errors-cycle2/jest-credentials-cache/jest-transform-cache-9cca1a483338b2b09b9b84e0204c6bf5-33e9a252a52783adb262261baf4dff05/01/initSchema_011a25cd1a086cfa2c7618a5ff33601f
?? work/native-errors-cycle2/jest-credentials-cache/jest-transform-cache-9cca1a483338b2b09b9b84e0204c6bf5-33e9a252a52783adb262261baf4dff05/01/initSchema_011a25cd1a086cfa2c7618a5ff33601f.map
?? work/native-errors-cycle2/jest-credentials-cache/jest-transform-cache-9cca1a483338b2b09b9b84e0204c6bf5-33e9a252a52783adb262261baf4dff05/03/syncUtils_03c8dd60db953bd555c624c7a4a65527
?? work/native-errors-cycle2/jest-credentials-cache/jest-transform-cache-9cca1a483338b2b09b9b84e0204c6bf5-33e9a252a52783adb262261baf4dff05/03/syncUtils_03c8dd60db953bd555c624c7a4a65527.map
?? work/native-errors-cycle2/jest-credentials-cache/jest-transform-cache-9cca1a483338b2b09b9b84e0204c6bf5-33e9a252a52783adb262261baf4dff05/06/index_06357c04e85b774e3496c18187aed18f
?? work/native-errors-cycle2/jest-credentials-cache/jest-transform-cache-9cca1a483338b2b09b9b84e0204c6bf5-33e9a252a52783adb262261baf4dff05/06/index_06357c04e85b774e3496c18187aed18f.map
?? work/native-errors-cycle2/jest-credentials-cache/jest-transform-cache-9cca1a483338b2b09b9b84e0204c6bf5-33e9a252a52783adb262261baf4dff05/0e/session_0e2bd0d87bec1e44b84c4f9400584886
?? work/native-errors-cycle2/jest-credentials-cache/jest-transform-cache-9cca1a483338b2b09b9b84e0204c6bf5-33e9a252a52783adb262261baf4dff05/0e/session_0e2bd0d87bec1e44b84c4f9400584886.map
?? work/native-errors-cycle2/jest-credentials-cache/jest-transform-cache-9cca1a483338b2b09b9b84e0204c6bf5-33e9a252a52783adb262261baf4dff05/10/extraction_1021ecb1b2f643b5728a8dd8f270843b
?? work/native-errors-cycle2/jest-credentials-cache/jest-transform-cache-9cca1a483338b2b09b9b84e0204c6bf5-33e9a252a52783adb262261baf4dff05/10/extraction_1021ecb1b2f643b5728a8dd8f270843b.map
?? work/native-errors-cycle2/jest-credentials-cache/jest-transform-cache-9cca1a483338b2b09b9b84e0204c6bf5-33e9a252a52783adb262261baf4dff05/10/storage_impl_10746db3c406a2253c36ebfe015af3db
?? work/native-errors-cycle2/jest-credentials-cache/jest-transform-cache-9cca1a483338b2b09b9b84e0204c6bf5-33e9a252a52783adb262261baf4dff05/10/storage_impl_10746db3c406a2253c36ebfe015af3db.map
?? work/native-errors-cycle2/jest-credentials-cache/jest-transform-cache-9cca1a483338b2b09b9b84e0204c6bf5-33e9a252a52783adb262261baf4dff05/14/compare_utf8_146866b0f52d1d4437af171a4e7804f3
?? work/native-errors-cycle2/jest-credentials-cache/jest-transform-cache-9cca1a483338b2b09b9b84e0204c6bf5-33e9a252a52783adb262261baf4dff05/14/compare_utf8_146866b0f52d1d4437af171a4e7804f3.map
?? work/native-errors-cycle2/jest-credentials-cache/jest-transform-cache-9cca1a483338b2b09b9b84e0204c6bf5-33e9a252a52783adb262261baf4dff05/14/database_impl_149e11b566eafb6180b99b00f82eabc1
?? work/native-errors-cycle2/jest-credentials-cache/jest-transform-cache-9cca1a483338b2b09b9b84e0204c6bf5-33e9a252a52783adb262261baf4dff05/14/database_impl_149e11b566eafb6180b99b00f82eabc1.map
?? work/native-errors-cycle2/jest-credentials-cache/jest-transform-cache-9cca1a483338b2b09b9b84e0204c6bf5-33e9a252a52783adb262261baf4dff05/17/index_1740cd7c832f49f253b6ca0aee427d5b
?? work/native-errors-cycle2/jest-credentials-cache/jest-transform-cache-9cca1a483338b2b09b9b84e0204c6bf5-33e9a252a52783adb262261baf4dff05/17/index_1740cd7c832f49f253b6ca0aee427d5b.map
?? work/native-errors-cycle2/jest-credentials-cache/jest-transform-cache-9cca1a483338b2b09b9b84e0204c6bf5-33e9a252a52783adb262261baf4dff05/18/validators_1829a0dcc144a114d31748641dff8429
?? work/native-errors-cycle2/jest-credentials-cache/jest-transform-cache-9cca1a483338b2b09b9b84e0204c6bf5-33e9a252a52783adb262261baf4dff05/18/validators_1829a0dcc144a114d31748641dff8429.map
?? work/native-errors-cycle2/jest-credentials-cache/jest-transform-cache-9cca1a483338b2b09b9b84e0204c6bf5-33e9a252a52783adb262261baf4dff05/1a/index_1aba58eff78781c15fc82cdb2e3a9363
?? work/native-errors-cycle2/jest-credentials-cache/jest-transform-cache-9cca1a483338b2b09b9b84e0204c6bf5-33e9a252a52783adb262261baf4dff05/1a/index_1aba58eff78781c15fc82cdb2e3a9363.map
?? work/native-errors-cycle2/jest-credentials-cache/jest-transform-cache-9cca1a483338b2b09b9b84e0204c6bf5-33e9a252a52783adb262261baf4dff05/1b/index_1b794fea8bb4b9d7d026099133834d43
?? work/native-errors-cycle2/jest-credentials-cache/jest-transform-cache-9cca1a483338b2b09b9b84e0204c6bf5-33e9a252a52783adb262261baf4dff05/1b/index_1b794fea8bb4b9d7d026099133834d43.map
?? work/native-errors-cycle2/jest-credentials-cache/jest-transform-cache-9cca1a483338b2b09b9b84e0204c6bf5-33e9a252a52783adb262261baf4dff05/1e/conflictprompts_1e40346a639cbd92406f662ae13bc2d9
?? work/native-errors-cycle2/jest-credentials-cache/jest-transform-cache-9cca1a483338b2b09b9b84e0204c6bf5-33e9a252a52783adb262261baf4dff05/1e/conflictprompts_1e40346a639cbd92406f662ae13bc2d9.map
?? work/native-errors-cycle2/jest-credentials-cache/jest-transform-cache-9cca1a483338b2b09b9b84e0204c6bf5-33e9a252a52783adb262261baf4dff05/1f/validate_1fe2d3e4599b3f45e69dcb27847381f2
?? work/native-errors-cycle2/jest-credentials-cache/jest-transform-cache-9cca1a483338b2b09b9b84e0204c6bf5-33e9a252a52783adb262261baf4dff05/1f/validate_1fe2d3e4599b3f45e69dcb27847381f2.map
?? work/native-errors-cycle2/jest-credentials-cache/jest-transform-cache-9cca1a483338b2b09b9b84e0204c6bf5-33e9a252a52783adb262261baf4dff05/25/cron_253ce55376ade989516ea9e2baffb1bf
?? work/native-errors-cycle2/jest-credentials-cache/jest-transform-cache-9cca1a483338b2b09b9b84e0204c6bf5-33e9a252a52783adb262261baf4dff05/25/cron_253ce55376ade989516ea9e2baffb1bf.map
?? work/native-errors-cycle2/jest-credentials-cache/jest-transform-cache-9cca1a483338b2b09b9b84e0204c6bf5-33e9a252a52783adb262261baf4dff05/25/validators_253d1a6c279ed0e689f8f033430a7a0c
?? work/native-errors-cycle2/jest-credentials-cache/jest-transform-cache-9cca1a483338b2b09b9b84e0204c6bf5-33e9a252a52783adb262261baf4dff05/25/validators_253d1a6c279ed0e689f8f033430a7a0c.map
?? work/native-errors-cycle2/jest-credentials-cache/jest-transform-cache-9cca1a483338b2b09b9b84e0204c6bf5-33e9a252a52783adb262261baf4dff05/27/filter_builder_impl_278ece00eb19abc8dcd5b59ef808579d
?? work/native-errors-cycle2/jest-credentials-cache/jest-transform-cache-9cca1a483338b2b09b9b84e0204c6bf5-33e9a252a52783adb262261baf4dff05/27/filter_builder_impl_278ece00eb19abc8dcd5b59ef808579d.map
?? work/native-errors-cycle2/jest-credentials-cache/jest-transform-cache-9cca1a483338b2b09b9b84e0204c6bf5-33e9a252a52783adb262261baf4dff05/27/query_options_2702a6e500cfc742a2638102f3792326
?? work/native-errors-cycle2/jest-credentials-cache/jest-transform-cache-9cca1a483338b2b09b9b84e0204c6bf5-33e9a252a52783adb262261baf4dff05/27/query_options_2702a6e500cfc742a2638102f3792326.map
?? work/native-errors-cycle2/jest-credentials-cache/jest-transform-cache-9cca1a483338b2b09b9b84e0204c6bf5-33e9a252a52783adb262261baf4dff05/2a/validators_2a63f4ffd3936c9b141c79c8f5b49d7f
?? work/native-errors-cycle2/jest-credentials-cache/jest-transform-cache-9cca1a483338b2b09b9b84e0204c6bf5-33e9a252a52783adb262261baf4dff05/2a/validators_2a63f4ffd3936c9b141c79c8f5b49d7f.map
?? work/native-errors-cycle2/jest-credentials-cache/jest-transform-cache-9cca1a483338b2b09b9b84e0204c6bf5-33e9a252a52783adb262261baf4dff05/2b/index_2ba0b3ce586793ac559cbfd62d775457
?? work/native-errors-cycle2/jest-credentials-cache/jest-transform-cache-9cca1a483338b2b09b9b84e0204c6bf5-33e9a252a52783adb262261baf4dff05/2b/index_2ba0b3ce586793ac559cbfd62d775457.map
?? work/native-errors-cycle2/jest-credentials-cache/jest-transform-cache-9cca1a483338b2b09b9b84e0204c6bf5-33e9a252a52783adb262261baf4dff05/2b/validators_2b6e992bc4e6a5760d8203d727671c32
?? work/native-errors-cycle2/jest-credentials-cache/jest-transform-cache-9cca1a483338b2b09b9b84e0204c6bf5-33e9a252a52783adb262261baf4dff05/2b/validators_2b6e992bc4e6a5760d8203d727671c32.map
?? work/native-errors-cycle2/jest-credentials-cache/jest-transform-cache-9cca1a483338b2b09b9b84e0204c6bf5-33e9a252a52783adb262261baf4dff05/2d/index_2dc6dccb41c5b51c377073c73607f795
?? work/native-errors-cycle2/jest-credentials-cache/jest-transform-cache-9cca1a483338b2b09b9b84e0204c6bf5-33e9a252a52783adb262261baf4dff05/2d/index_2dc6dccb41c5b51c377073c73607f795.map
?? work/native-errors-cycle2/jest-credentials-cache/jest-transform-cache-9cca1a483338b2b09b9b84e0204c6bf5-33e9a252a52783adb262261baf4dff05/2d/log_2d4d674fbfee6963586f14ef2c32e9ae
?? work/native-errors-cycle2/jest-credentials-cache/jest-transform-cache-9cca1a483338b2b09b9b84e0204c6bf5-33e9a252a52783adb262261baf4dff05/2d/log_2d4d674fbfee6963586f14ef2c32e9ae.map
?? work/native-errors-cycle2/jest-credentials-cache/jest-transform-cache-9cca1a483338b2b09b9b84e0204c6bf5-33e9a252a52783adb262261baf4dff05/30/filter_builder_30b04f87697b442992522bbbc045e850
?? work/native-errors-cycle2/jest-credentials-cache/jest-transform-cache-9cca1a483338b2b09b9b84e0204c6bf5-33e9a252a52783adb262261baf4dff05/30/filter_builder_30b04f87697b442992522bbbc045e850.map
?? work/native-errors-cycle2/jest-credentials-cache/jest-transform-cache-9cca1a483338b2b09b9b84e0204c6bf5-33e9a252a52783adb262261baf4dff05/31/resultProcessor_31c68c9656920c762d88c751c4954792
?? work/native-errors-cycle2/jest-credentials-cache/jest-transform-cache-9cca1a483338b2b09b9b84e0204c6bf5-33e9a252a52783adb262261baf4dff05/31/resultProcessor_31c68c9656920c762d88c751c4954792.map
?? work/native-errors-cycle2/jest-credentials-cache/jest-transform-cache-9cca1a483338b2b09b9b84e0204c6bf5-33e9a252a52783adb262261baf4dff05/32/validators_3225b0b2981118c823d289fc1508a544
?? work/native-errors-cycle2/jest-credentials-cache/jest-transform-cache-9cca1a483338b2b09b9b84e0204c6bf5-33e9a252a52783adb262261baf4dff05/32/validators_3225b0b2981118c823d289fc1508a544.map
?? work/native-errors-cycle2/jest-credentials-cache/jest-transform-cache-9cca1a483338b2b09b9b84e0204c6bf5-33e9a252a52783adb262261baf4dff05/33/validators_33f9f2bb9fc6be65abda2b675c22e512
?? work/native-errors-cycle2/jest-credentials-cache/jest-transform-cache-9cca1a483338b2b09b9b84e0204c6bf5-33e9a252a52783adb262261baf4dff05/33/validators_33f9f2bb9fc6be65abda2b675c22e512.map
?? work/native-errors-cycle2/jest-credentials-cache/jest-transform-cache-9cca1a483338b2b09b9b84e0204c6bf5-33e9a252a52783adb262261baf4dff05/35/types_353824b2c2ecd0085f4a6a517988166b
?? work/native-errors-cycle2/jest-credentials-cache/jest-transform-cache-9cca1a483338b2b09b9b84e0204c6bf5-33e9a252a52783adb262261baf4dff05/35/types_353824b2c2ecd0085f4a6a517988166b.map
?? work/native-errors-cycle2/jest-credentials-cache/jest-transform-cache-9cca1a483338b2b09b9b84e0204c6bf5-33e9a252a52783adb262261baf4dff05/36/validators_36391d62f08b7c657a348f0e2a736596
?? work/native-errors-cycle2/jest-credentials-cache/jest-transform-cache-9cca1a483338b2b09b9b84e0204c6bf5-33e9a252a52783adb262261baf4dff05/36/validators_36391d62f08b7c657a348f0e2a736596.map
?? work/native-errors-cycle2/jest-credentials-cache/jest-transform-cache-9cca1a483338b2b09b9b84e0204c6bf5-33e9a252a52783adb262261baf4dff05/38/compare_38e952361b8195268faef2720c4fee74
?? work/native-errors-cycle2/jest-credentials-cache/jest-transform-cache-9cca1a483338b2b09b9b84e0204c6bf5-33e9a252a52783adb262261baf4dff05/38/compare_38e952361b8195268faef2720c4fee74.map
?? work/native-errors-cycle2/jest-credentials-cache/jest-transform-cache-9cca1a483338b2b09b9b84e0204c6bf5-33e9a252a52783adb262261baf4dff05/3a/conflicts_3af48cdb57a1ff96ce5c340f28668c8b
?? work/native-errors-cycle2/jest-credentials-cache/jest-transform-cache-9cca1a483338b2b09b9b84e0204c6bf5-33e9a252a52783adb262261baf4dff05/3a/conflicts_3af48cdb57a1ff96ce5c340f28668c8b.map
?? work/native-errors-cycle2/jest-credentials-cache/jest-transform-cache-9cca1a483338b2b09b9b84e0204c6bf5-33e9a252a52783adb262261baf4dff05/3d/PriorityQueue_3d1c2d0cea4b11b657eca55bbe00997c
?? work/native-errors-cycle2/jest-credentials-cache/jest-transform-cache-9cca1a483338b2b09b9b84e0204c6bf5-33e9a252a52783adb262261baf4dff05/3d/PriorityQueue_3d1c2d0cea4b11b657eca55bbe00997c.map
?? work/native-errors-cycle2/jest-credentials-cache/jest-transform-cache-9cca1a483338b2b09b9b84e0204c6bf5-33e9a252a52783adb262261baf4dff05/3d/TokenBucket_3d5bab7201e6336aa159b3806ddb358c
?? work/native-errors-cycle2/jest-credentials-cache/jest-transform-cache-9cca1a483338b2b09b9b84e0204c6bf5-33e9a252a52783adb262261baf4dff05/3d/TokenBucket_3d5bab7201e6336aa159b3806ddb358c.map
?? work/native-errors-cycle2/jest-credentials-cache/jest-transform-cache-9cca1a483338b2b09b9b84e0204c6bf5-33e9a252a52783adb262261baf4dff05/3d/batchSync_3def20e3a440c43df1889d6413e234fa
?? work/native-errors-cycle2/jest-credentials-cache/jest-transform-cache-9cca1a483338b2b09b9b84e0204c6bf5-33e9a252a52783adb262261baf4dff05/3d/batchSync_3def20e3a440c43df1889d6413e234fa.map
?? work/native-errors-cycle2/jest-credentials-cache/jest-transform-cache-9cca1a483338b2b09b9b84e0204c6bf5-33e9a252a52783adb262261baf4dff05/3d/logVars_3d71ae98e971feea355edc145184b4b5
?? work/native-errors-cycle2/jest-credentials-cache/jest-transform-cache-9cca1a483338b2b09b9b84e0204c6bf5-33e9a252a52783adb262261baf4dff05/3d/logVars_3d71ae98e971feea355edc145184b4b5.map
?? work/native-errors-cycle2/jest-credentials-cache/jest-transform-cache-9cca1a483338b2b09b9b84e0204c6bf5-33e9a252a52783adb262261baf4dff05/41/orphanDetection_41a10488f62b50880a4d45089822a286
?? work/native-errors-cycle2/jest-credentials-cache/jest-transform-cache-9cca1a483338b2b09b9b84e0204c6bf5-33e9a252a52783adb262261baf4dff05/41/orphanDetection_41a10488f62b50880a4d45089822a286.map
?? work/native-errors-cycle2/jest-credentials-cache/jest-transform-cache-9cca1a483338b2b09b9b84e0204c6bf5-33e9a252a52783adb262261baf4dff05/43/value_43dd300e517107d240ec91ca3b6c33a7
?? work/native-errors-cycle2/jest-credentials-cache/jest-transform-cache-9cca1a483338b2b09b9b84e0204c6bf5-33e9a252a52783adb262261baf4dff05/43/value_43dd300e517107d240ec91ca3b6c33a7.map
?? work/native-errors-cycle2/jest-credentials-cache/jest-transform-cache-9cca1a483338b2b09b9b84e0204c6bf5-33e9a252a52783adb262261baf4dff05/46/types_466058ec57420a0bf3a2a975a20887d3
?? work/native-errors-cycle2/jest-credentials-cache/jest-transform-cache-9cca1a483338b2b09b9b84e0204c6bf5-33e9a252a52783adb262261baf4dff05/46/types_466058ec57420a0bf3a2a975a20887d3.map
?? work/native-errors-cycle2/jest-credentials-cache/jest-transform-cache-9cca1a483338b2b09b9b84e0204c6bf5-33e9a252a52783adb262261baf4dff05/47/long_47344e7471994bcc3935002f88b34fbf
?? work/native-errors-cycle2/jest-credentials-cache/jest-transform-cache-9cca1a483338b2b09b9b84e0204c6bf5-33e9a252a52783adb262261baf4dff05/47/long_47344e7471994bcc3935002f88b34fbf.map
?? work/native-errors-cycle2/jest-credentials-cache/jest-transform-cache-9cca1a483338b2b09b9b84e0204c6bf5-33e9a252a52783adb262261baf4dff05/4e/index_4ebebece5f8d347153f22c5c43d1f679
?? work/native-errors-cycle2/jest-credentials-cache/jest-transform-cache-9cca1a483338b2b09b9b84e0204c6bf5-33e9a252a52783adb262261baf4dff05/4e/index_4ebebece5f8d347153f22c5c43d1f679.map
?? work/native-errors-cycle2/jest-credentials-cache/jest-transform-cache-9cca1a483338b2b09b9b84e0204c6bf5-33e9a252a52783adb262261baf4dff05/4e/storage_4e3c79f806c00f16af3abd45607411bf
?? work/native-errors-cycle2/jest-credentials-cache/jest-transform-cache-9cca1a483338b2b09b9b84e0204c6bf5-33e9a252a52783adb262261baf4dff05/4e/storage_4e3c79f806c00f16af3abd45607411bf.map
?? work/native-errors-cycle2/jest-credentials-cache/jest-transform-cache-9cca1a483338b2b09b9b84e0204c6bf5-33e9a252a52783adb262261baf4dff05/4f/pagination_4f5541c6c8e73c707de8ffd5443bcd30
?? work/native-errors-cycle2/jest-credentials-cache/jest-transform-cache-9cca1a483338b2b09b9b84e0204c6bf5-33e9a252a52783adb262261baf4dff05/4f/pagination_4f5541c6c8e73c707de8ffd5443bcd30.map
?? work/native-errors-cycle2/jest-credentials-cache/jest-transform-cache-9cca1a483338b2b09b9b84e0204c6bf5-33e9a252a52783adb262261baf4dff05/52/optimistic_updates_impl_52822298ae783b86a279083926c899d7
?? work/native-errors-cycle2/jest-credentials-cache/jest-transform-cache-9cca1a483338b2b09b9b84e0204c6bf5-33e9a252a52783adb262261baf4dff05/52/optimistic_updates_impl_52822298ae783b86a279083926c899d7.map
?? work/native-errors-cycle2/jest-credentials-cache/jest-transform-cache-9cca1a483338b2b09b9b84e0204c6bf5-33e9a252a52783adb262261baf4dff05/56/credentialstest_56e6acc4c48a11c7f2e1cb8b0469786a
?? work/native-errors-cycle2/jest-credentials-cache/jest-transform-cache-9cca1a483338b2b09b9b84e0204c6bf5-33e9a252a52783adb262261baf4dff05/56/credentialstest_56e6acc4c48a11c7f2e1cb8b0469786a.map
?? work/native-errors-cycle2/jest-credentials-cache/jest-transform-cache-9cca1a483338b2b09b9b84e0204c6bf5-33e9a252a52783adb262261baf4dff05/5a/validators_5ad79ca02bec6b945e7b518102b344b6
?? work/native-errors-cycle2/jest-credentials-cache/jest-transform-cache-9cca1a483338b2b09b9b84e0204c6bf5-33e9a252a52783adb262261baf4dff05/5a/validators_5ad79ca02bec6b945e7b518102b344b6.map
?? work/native-errors-cycle2/jest-credentials-cache/jest-transform-cache-9cca1a483338b2b09b9b84e0204c6bf5-33e9a252a52783adb262261baf4dff05/5c/index_5c80ae648e177799af340f98a7e6b211
?? work/native-errors-cycle2/jest-credentials-cache/jest-transform-cache-9cca1a483338b2b09b9b84e0204c6bf5-33e9a252a52783adb262261baf4dff05/5c/index_5c80ae648e177799af340f98a7e6b211.map
?? work/native-errors-cycle2/jest-credentials-cache/jest-transform-cache-9cca1a483338b2b09b9b84e0204c6bf5-33e9a252a52783adb262261baf4dff05/5c/pagination_5ced45fe9b38c542b33ecef3169a728f
?? work/native-errors-cycle2/jest-credentials-cache/jest-transform-cache-9cca1a483338b2b09b9b84e0204c6bf5-33e9a252a52783adb262261baf4dff05/5c/pagination_5ced45fe9b38c542b33ecef3169a728f.map
?? work/native-errors-cycle2/jest-credentials-cache/jest-transform-cache-9cca1a483338b2b09b9b84e0204c6bf5-33e9a252a52783adb262261baf4dff05/62/index_62a25d4dac9a2a4039526adcd4a994a5
?? work/native-errors-cycle2/jest-credentials-cache/jest-transform-cache-9cca1a483338b2b09b9b84e0204c6bf5-33e9a252a52783adb262261baf4dff05/62/index_62a25d4dac9a2a4039526adcd4a994a5.map
?? work/native-errors-cycle2/jest-credentials-cache/jest-transform-cache-9cca1a483338b2b09b9b84e0204c6bf5-33e9a252a52783adb262261baf4dff05/63/scheduler_impl_63fde5142f308fb8e678a9bc60684cb8
?? work/native-errors-cycle2/jest-credentials-cache/jest-transform-cache-9cca1a483338b2b09b9b84e0204c6bf5-33e9a252a52783adb262261baf4dff05/63/scheduler_impl_63fde5142f308fb8e678a9bc60684cb8.map
?? work/native-errors-cycle2/jest-credentials-cache/jest-transform-cache-9cca1a483338b2b09b9b84e0204c6bf5-33e9a252a52783adb262261baf4dff05/63/syncDeletes_639e5ab2d0bf42d84d76ca761a9c170f
?? work/native-errors-cycle2/jest-credentials-cache/jest-transform-cache-9cca1a483338b2b09b9b84e0204c6bf5-33e9a252a52783adb262261baf4dff05/63/syncDeletes_639e5ab2d0bf42d84d76ca761a9c170f.map
?? work/native-errors-cycle2/jest-credentials-cache/jest-transform-cache-9cca1a483338b2b09b9b84e0204c6bf5-33e9a252a52783adb262261baf4dff05/66/validators_66fbcdf5b11fca2bc9e981b321b832e0
?? work/native-errors-cycle2/jest-credentials-cache/jest-transform-cache-9cca1a483338b2b09b9b84e0204c6bf5-33e9a252a52783adb262261baf4dff05/66/validators_66fbcdf5b11fca2bc9e981b321b832e0.map
?? work/native-errors-cycle2/jest-credentials-cache/jest-transform-cache-9cca1a483338b2b09b9b84e0204c6bf5-33e9a252a52783adb262261baf4dff05/67/syscall_67debaa7fdc151d64fbdcb3dd435f551
?? work/native-errors-cycle2/jest-credentials-cache/jest-transform-cache-9cca1a483338b2b09b9b84e0204c6bf5-33e9a252a52783adb262261baf4dff05/67/syscall_67debaa7fdc151d64fbdcb3dd435f551.map
?? work/native-errors-cycle2/jest-credentials-cache/jest-transform-cache-9cca1a483338b2b09b9b84e0204c6bf5-33e9a252a52783adb262261baf4dff05/6b/paths_6bd6085707dd9b2259de177672304786
?? work/native-errors-cycle2/jest-credentials-cache/jest-transform-cache-9cca1a483338b2b09b9b84e0204c6bf5-33e9a252a52783adb262261baf4dff05/6b/paths_6bd6085707dd9b2259de177672304786.map
?? work/native-errors-cycle2/jest-credentials-cache/jest-transform-cache-9cca1a483338b2b09b9b84e0204c6bf5-33e9a252a52783adb262261baf4dff05/6c/web_socket_manager_6cd4923b7548e47601dda2cbcb03d8b0
?? work/native-errors-cycle2/jest-credentials-cache/jest-transform-cache-9cca1a483338b2b09b9b84e0204c6bf5-33e9a252a52783adb262261baf4dff05/6c/web_socket_manager_6cd4923b7548e47601dda2cbcb03d8b0.map
?? work/native-errors-cycle2/jest-credentials-cache/jest-transform-cache-9cca1a483338b2b09b9b84e0204c6bf5-33e9a252a52783adb262261baf4dff05/6d/http_client_6d9252aab221c7291e4437230c4e0be7
?? work/native-errors-cycle2/jest-credentials-cache/jest-transform-cache-9cca1a483338b2b09b9b84e0204c6bf5-33e9a252a52783adb262261baf4dff05/6d/http_client_6d9252aab221c7291e4437230c4e0be7.map
?? work/native-errors-cycle2/jest-credentials-cache/jest-transform-cache-9cca1a483338b2b09b9b84e0204c6bf5-33e9a252a52783adb262261baf4dff05/6e/meta_impl_6e6f4cc36ddbfaeb44564eace119895a
?? work/native-errors-cycle2/jest-credentials-cache/jest-transform-cache-9cca1a483338b2b09b9b84e0204c6bf5-33e9a252a52783adb262261baf4dff05/6e/meta_impl_6e6f4cc36ddbfaeb44564eace119895a.map
?? work/native-errors-cycle2/jest-credentials-cache/jest-transform-cache-9cca1a483338b2b09b9b84e0204c6bf5-33e9a252a52783adb262261baf4dff05/70/config_7061bfe3744ba2479add931d179d0ec1
?? work/native-errors-cycle2/jest-credentials-cache/jest-transform-cache-9cca1a483338b2b09b9b84e0204c6bf5-33e9a252a52783adb262261baf4dff05/70/config_7061bfe3744ba2479add931d179d0ec1.map
?? work/native-errors-cycle2/jest-credentials-cache/jest-transform-cache-9cca1a483338b2b09b9b84e0204c6bf5-33e9a252a52783adb262261baf4dff05/72/audit_logging_72b41d6f50c6903a93b43a1dc032d806
?? work/native-errors-cycle2/jest-credentials-cache/jest-transform-cache-9cca1a483338b2b09b9b84e0204c6bf5-33e9a252a52783adb262261baf4dff05/72/audit_logging_72b41d6f50c6903a93b43a1dc032d806.map
?? work/native-errors-cycle2/jest-credentials-cache/jest-transform-cache-9cca1a483338b2b09b9b84e0204c6bf5-33e9a252a52783adb262261baf4dff05/72/index_724752cdd29c40fd972811746b377217
?? work/native-errors-cycle2/jest-credentials-cache/jest-transform-cache-9cca1a483338b2b09b9b84e0204c6bf5-33e9a252a52783adb262261baf4dff05/72/index_724752cdd29c40fd972811746b377217.map
?? work/native-errors-cycle2/jest-credentials-cache/jest-transform-cache-9cca1a483338b2b09b9b84e0204c6bf5-33e9a252a52783adb262261baf4dff05/76/index_76982c56f4450e7cf1e26223bbd70681
?? work/native-errors-cycle2/jest-credentials-cache/jest-transform-cache-9cca1a483338b2b09b9b84e0204c6bf5-33e9a252a52783adb262261baf4dff05/76/index_76982c56f4450e7cf1e26223bbd70681.map
?? work/native-errors-cycle2/jest-credentials-cache/jest-transform-cache-9cca1a483338b2b09b9b84e0204c6bf5-33e9a252a52783adb262261baf4dff05/76/registration_impl_76dcf41253e8b442f086feb12249a7dc
?? work/native-errors-cycle2/jest-credentials-cache/jest-transform-cache-9cca1a483338b2b09b9b84e0204c6bf5-33e9a252a52783adb262261baf4dff05/76/registration_impl_76dcf41253e8b442f086feb12249a7dc.map
?? work/native-errors-cycle2/jest-credentials-cache/jest-transform-cache-9cca1a483338b2b09b9b84e0204c6bf5-33e9a252a52783adb262261baf4dff05/78/udf_path_utils_78114a351d397a5b83df3b7a1403674f
?? work/native-errors-cycle2/jest-credentials-cache/jest-transform-cache-9cca1a483338b2b09b9b84e0204c6bf5-33e9a252a52783adb262261baf4dff05/78/udf_path_utils_78114a351d397a5b83df3b7a1403674f.map
?? work/native-errors-cycle2/jest-credentials-cache/jest-transform-cache-9cca1a483338b2b09b9b84e0204c6bf5-33e9a252a52783adb262261baf4dff05/82/index_820e29b67af5f8abfa4ab07e7dc0938d
?? work/native-errors-cycle2/jest-credentials-cache/jest-transform-cache-9cca1a483338b2b09b9b84e0204c6bf5-33e9a252a52783adb262261baf4dff05/82/index_820e29b67af5f8abfa4ab07e7dc0938d.map
?? work/native-errors-cycle2/jest-credentials-cache/jest-transform-cache-9cca1a483338b2b09b9b84e0204c6bf5-33e9a252a52783adb262261baf4dff05/82/indexnode_8201d40e6d628f2a3d3d56139b630cf3
?? work/native-errors-cycle2/jest-credentials-cache/jest-transform-cache-9cca1a483338b2b09b9b84e0204c6bf5-33e9a252a52783adb262261baf4dff05/82/indexnode_8201d40e6d628f2a3d3d56139b630cf3.map
?? work/native-errors-cycle2/jest-credentials-cache/jest-transform-cache-9cca1a483338b2b09b9b84e0204c6bf5-33e9a252a52783adb262261baf4dff05/83/api_83466669495f007534adbf27b830271f
?? work/native-errors-cycle2/jest-credentials-cache/jest-transform-cache-9cca1a483338b2b09b9b84e0204c6bf5-33e9a252a52783adb262261baf4dff05/83/api_83466669495f007534adbf27b830271f.map
?? work/native-errors-cycle2/jest-credentials-cache/jest-transform-cache-9cca1a483338b2b09b9b84e0204c6bf5-33e9a252a52783adb262261baf4dff05/84/index_84f24847ef931b508d24c875893be6b8
?? work/native-errors-cycle2/jest-credentials-cache/jest-transform-cache-9cca1a483338b2b09b9b84e0204c6bf5-33e9a252a52783adb262261baf4dff05/84/index_84f24847ef931b508d24c875893be6b8.map
?? work/native-errors-cycle2/jest-credentials-cache/jest-transform-cache-9cca1a483338b2b09b9b84e0204c6bf5-33e9a252a52783adb262261baf4dff05/84/paginated_query_client_841e9a281682c472e9e5d6f794666084
?? work/native-errors-cycle2/jest-credentials-cache/jest-transform-cache-9cca1a483338b2b09b9b84e0204c6bf5-33e9a252a52783adb262261baf4dff05/84/paginated_query_client_841e9a281682c472e9e5d6f794666084.map
?? work/native-errors-cycle2/jest-credentials-cache/jest-transform-cache-9cca1a483338b2b09b9b84e0204c6bf5-33e9a252a52783adb262261baf4dff05/85/graphEnhancement_85dd40c7d7af4041a0d2f8d0b65dea8a
?? work/native-errors-cycle2/jest-credentials-cache/jest-transform-cache-9cca1a483338b2b09b9b84e0204c6bf5-33e9a252a52783adb262261baf4dff05/85/graphEnhancement_85dd40c7d7af4041a0d2f8d0b65dea8a.map
?? work/native-errors-cycle2/jest-credentials-cache/jest-transform-cache-9cca1a483338b2b09b9b84e0204c6bf5-33e9a252a52783adb262261baf4dff05/85/validators_85a14ecf8f290547a1fa2ca91c695ae1
?? work/native-errors-cycle2/jest-credentials-cache/jest-transform-cache-9cca1a483338b2b09b9b84e0204c6bf5-33e9a252a52783adb262261baf4dff05/85/validators_85a14ecf8f290547a1fa2ca91c695ae1.map
?? work/native-errors-cycle2/jest-credentials-cache/jest-transform-cache-9cca1a483338b2b09b9b84e0204c6bf5-33e9a252a52783adb262261baf4dff05/86/GraphSyncWorker_86654aca03573ce40e0592a05e1f3b9b
?? work/native-errors-cycle2/jest-credentials-cache/jest-transform-cache-9cca1a483338b2b09b9b84e0204c6bf5-33e9a252a52783adb262261baf4dff05/86/GraphSyncWorker_86654aca03573ce40e0592a05e1f3b9b.map
?? work/native-errors-cycle2/jest-credentials-cache/jest-transform-cache-9cca1a483338b2b09b9b84e0204c6bf5-33e9a252a52783adb262261baf4dff05/86/index_86f392d43729b7161b2ec8ac02745219
?? work/native-errors-cycle2/jest-credentials-cache/jest-transform-cache-9cca1a483338b2b09b9b84e0204c6bf5-33e9a252a52783adb262261baf4dff05/86/index_86f392d43729b7161b2ec8ac02745219.map
?? work/native-errors-cycle2/jest-credentials-cache/jest-transform-cache-9cca1a483338b2b09b9b84e0204c6bf5-33e9a252a52783adb262261baf4dff05/86/slots_8656437d44c6f9d2fb807b8df219ac22
?? work/native-errors-cycle2/jest-credentials-cache/jest-transform-cache-9cca1a483338b2b09b9b84e0204c6bf5-33e9a252a52783adb262261baf4dff05/86/slots_8656437d44c6f9d2fb807b8df219ac22.map
?? work/native-errors-cycle2/jest-credentials-cache/jest-transform-cache-9cca1a483338b2b09b9b84e0204c6bf5-33e9a252a52783adb262261baf4dff05/88/actions_impl_88f613aacc31abd0ceb71814ffa79bed
?? work/native-errors-cycle2/jest-credentials-cache/jest-transform-cache-9cca1a483338b2b09b9b84e0204c6bf5-33e9a252a52783adb262261baf4dff05/88/actions_impl_88f613aacc31abd0ceb71814ffa79bed.map
?? work/native-errors-cycle2/jest-credentials-cache/jest-transform-cache-9cca1a483338b2b09b9b84e0204c6bf5-33e9a252a52783adb262261baf4dff05/8d/validators_8dbf793fc20093650ba0604dfa080ce0
?? work/native-errors-cycle2/jest-credentials-cache/jest-transform-cache-9cca1a483338b2b09b9b84e0204c6bf5-33e9a252a52783adb262261baf4dff05/8d/validators_8dbf793fc20093650ba0604dfa080ce0.map
?? work/native-errors-cycle2/jest-credentials-cache/jest-transform-cache-9cca1a483338b2b09b9b84e0204c6bf5-33e9a252a52783adb262261baf4dff05/92/vector_search_impl_92551d8f86e3558cbb63bab94da8baa0
?? work/native-errors-cycle2/jest-credentials-cache/jest-transform-cache-9cca1a483338b2b09b9b84e0204c6bf5-33e9a252a52783adb262261baf4dff05/92/vector_search_impl_92551d8f86e3558cbb63bab94da8baa0.map
?? work/native-errors-cycle2/jest-credentials-cache/jest-transform-cache-9cca1a483338b2b09b9b84e0204c6bf5-33e9a252a52783adb262261baf4dff05/93/database_93b9b3f51a145694ae7792ed60df2dd0
?? work/native-errors-cycle2/jest-credentials-cache/jest-transform-cache-9cca1a483338b2b09b9b84e0204c6bf5-33e9a252a52783adb262261baf4dff05/93/database_93b9b3f51a145694ae7792ed60df2dd0.map
?? work/native-errors-cycle2/jest-credentials-cache/jest-transform-cache-9cca1a483338b2b09b9b84e0204c6bf5-33e9a252a52783adb262261baf4dff05/97/index_range_builder_971b058042a812bd05158ebbba17aa71
?? work/native-errors-cycle2/jest-credentials-cache/jest-transform-cache-9cca1a483338b2b09b9b84e0204c6bf5-33e9a252a52783adb262261baf4dff05/97/index_range_builder_971b058042a812bd05158ebbba17aa71.map
?? work/native-errors-cycle2/jest-credentials-cache/jest-transform-cache-9cca1a483338b2b09b9b84e0204c6bf5-33e9a252a52783adb262261baf4dff05/98/authentication_impl_98dd8912ae02f71a4514d83f467af1b4
?? work/native-errors-cycle2/jest-credentials-cache/jest-transform-cache-9cca1a483338b2b09b9b84e0204c6bf5-33e9a252a52783adb262261baf4dff05/98/authentication_impl_98dd8912ae02f71a4514d83f467af1b4.map
?? work/native-errors-cycle2/jest-credentials-cache/jest-transform-cache-9cca1a483338b2b09b9b84e0204c6bf5-33e9a252a52783adb262261baf4dff05/98/index_98e3c776d62c62eab57d65a37c375578
?? work/native-errors-cycle2/jest-credentials-cache/jest-transform-cache-9cca1a483338b2b09b9b84e0204c6bf5-33e9a252a52783adb262261baf4dff05/98/index_98e3c776d62c62eab57d65a37c375578.map
?? work/native-errors-cycle2/jest-credentials-cache/jest-transform-cache-9cca1a483338b2b09b9b84e0204c6bf5-33e9a252a52783adb262261baf4dff05/99/query_impl_992ceccc488246bcc3df20797f7efeb8
?? work/native-errors-cycle2/jest-credentials-cache/jest-transform-cache-9cca1a483338b2b09b9b84e0204c6bf5-33e9a252a52783adb262261baf4dff05/99/query_impl_992ceccc488246bcc3df20797f7efeb8.map
?? work/native-errors-cycle2/jest-credentials-cache/jest-transform-cache-9cca1a483338b2b09b9b84e0204c6bf5-33e9a252a52783adb262261baf4dff05/9a/size_9a4a082ef21b0bb261cb3bdeef9eb208
?? work/native-errors-cycle2/jest-credentials-cache/jest-transform-cache-9cca1a483338b2b09b9b84e0204c6bf5-33e9a252a52783adb262261baf4dff05/9a/size_9a4a082ef21b0bb261cb3bdeef9eb208.map
?? work/native-errors-cycle2/jest-credentials-cache/jest-transform-cache-9cca1a483338b2b09b9b84e0204c6bf5-33e9a252a52783adb262261baf4dff05/9b/logging_9ba5473f70aa4339c6a5bb1efcfd9de1
?? work/native-errors-cycle2/jest-credentials-cache/jest-transform-cache-9cca1a483338b2b09b9b84e0204c6bf5-33e9a252a52783adb262261baf4dff05/9b/logging_9ba5473f70aa4339c6a5bb1efcfd9de1.map
?? work/native-errors-cycle2/jest-credentials-cache/jest-transform-cache-9cca1a483338b2b09b9b84e0204c6bf5-33e9a252a52783adb262261baf4dff05/9c/credentials_9cd9b12ad84ab0898fa1ba10df778915
?? work/native-errors-cycle2/jest-credentials-cache/jest-transform-cache-9cca1a483338b2b09b9b84e0204c6bf5-33e9a252a52783adb262261baf4dff05/9c/credentials_9cd9b12ad84ab0898fa1ba10df778915.map
?? work/native-errors-cycle2/jest-credentials-cache/jest-transform-cache-9cca1a483338b2b09b9b84e0204c6bf5-33e9a252a52783adb262261baf4dff05/9d/CypherGraphAdapter_9d3125847c69f945f1a4b235fd13bb2a
?? work/native-errors-cycle2/jest-credentials-cache/jest-transform-cache-9cca1a483338b2b09b9b84e0204c6bf5-33e9a252a52783adb262261baf4dff05/9d/CypherGraphAdapter_9d3125847c69f945f1a4b235fd13bb2a.map
?? work/native-errors-cycle2/jest-credentials-cache/jest-transform-cache-9cca1a483338b2b09b9b84e0204c6bf5-33e9a252a52783adb262261baf4dff05/9d/index_9da9061049a443f0cbe281ef99c0277b
?? work/native-errors-cycle2/jest-credentials-cache/jest-transform-cache-9cca1a483338b2b09b9b84e0204c6bf5-33e9a252a52783adb262261baf4dff05/9d/index_9da9061049a443f0cbe281ef99c0277b.map
?? work/native-errors-cycle2/jest-credentials-cache/jest-transform-cache-9cca1a483338b2b09b9b84e0204c6bf5-33e9a252a52783adb262261baf4dff05/a0/index_a0255769852737cec8b70a44edadf695
?? work/native-errors-cycle2/jest-credentials-cache/jest-transform-cache-9cca1a483338b2b09b9b84e0204c6bf5-33e9a252a52783adb262261baf4dff05/a0/index_a0255769852737cec8b70a44edadf695.map
?? work/native-errors-cycle2/jest-credentials-cache/jest-transform-cache-9cca1a483338b2b09b9b84e0204c6bf5-33e9a252a52783adb262261baf4dff05/a3/simple_clientnode_a3c925dc806a0fa6c8472a3c6d580828
?? work/native-errors-cycle2/jest-credentials-cache/jest-transform-cache-9cca1a483338b2b09b9b84e0204c6bf5-33e9a252a52783adb262261baf4dff05/a3/simple_clientnode_a3c925dc806a0fa6c8472a3c6d580828.map
?? work/native-errors-cycle2/jest-credentials-cache/jest-transform-cache-9cca1a483338b2b09b9b84e0204c6bf5-33e9a252a52783adb262261baf4dff05/a3/validator_a3383c0aed8fb22ae4a2e752a776431a
?? work/native-errors-cycle2/jest-credentials-cache/jest-transform-cache-9cca1a483338b2b09b9b84e0204c6bf5-33e9a252a52783adb262261baf4dff05/a3/validator_a3383c0aed8fb22ae4a2e752a776431a.map
?? work/native-errors-cycle2/jest-credentials-cache/jest-transform-cache-9cca1a483338b2b09b9b84e0204c6bf5-33e9a252a52783adb262261baf4dff05/a4/index_a4d00f1c2e2ccb366f04763c7d4a6a95
?? work/native-errors-cycle2/jest-credentials-cache/jest-transform-cache-9cca1a483338b2b09b9b84e0204c6bf5-33e9a252a52783adb262261baf4dff05/a4/index_a4d00f1c2e2ccb366f04763c7d4a6a95.map
?? work/native-errors-cycle2/jest-credentials-cache/jest-transform-cache-9cca1a483338b2b09b9b84e0204c6bf5-33e9a252a52783adb262261baf4dff05/a9/env_a97bada027dbd432ac0a8993add99005
?? work/native-errors-cycle2/jest-credentials-cache/jest-transform-cache-9cca1a483338b2b09b9b84e0204c6bf5-33e9a252a52783adb262261baf4dff05/a9/env_a97bada027dbd432ac0a8993add99005.map
?? work/native-errors-cycle2/jest-credentials-cache/jest-transform-cache-9cca1a483338b2b09b9b84e0204c6bf5-33e9a252a52783adb262261baf4dff05/af/deduplication_af176b7695970023155c1f2d50e4f26d
?? work/native-errors-cycle2/jest-credentials-cache/jest-transform-cache-9cca1a483338b2b09b9b84e0204c6bf5-33e9a252a52783adb262261baf4dff05/af/deduplication_af176b7695970023155c1f2d50e4f26d.map
?? work/native-errors-cycle2/jest-credentials-cache/jest-transform-cache-9cca1a483338b2b09b9b84e0204c6bf5-33e9a252a52783adb262261baf4dff05/b1/index_b1bc52a1e299688a25e5dd6f722f43f3
?? work/native-errors-cycle2/jest-credentials-cache/jest-transform-cache-9cca1a483338b2b09b9b84e0204c6bf5-33e9a252a52783adb262261baf4dff05/b1/index_b1bc52a1e299688a25e5dd6f722f43f3.map
?? work/native-errors-cycle2/jest-credentials-cache/jest-transform-cache-9cca1a483338b2b09b9b84e0204c6bf5-33e9a252a52783adb262261baf4dff05/b2/authentication_manager_b2c3a554cc2d293e2c39cea1eb8a49b2
?? work/native-errors-cycle2/jest-credentials-cache/jest-transform-cache-9cca1a483338b2b09b9b84e0204c6bf5-33e9a252a52783adb262261baf4dff05/b2/authentication_manager_b2c3a554cc2d293e2c39cea1eb8a49b2.map
?? work/native-errors-cycle2/jest-credentials-cache/jest-transform-cache-9cca1a483338b2b09b9b84e0204c6bf5-33e9a252a52783adb262261baf4dff05/b4/request_manager_b445d46ce126472f5bbce698191fc100
?? work/native-errors-cycle2/jest-credentials-cache/jest-transform-cache-9cca1a483338b2b09b9b84e0204c6bf5-33e9a252a52783adb262261baf4dff05/b4/request_manager_b445d46ce126472f5bbce698191fc100.map
?? work/native-errors-cycle2/jest-credentials-cache/jest-transform-cache-9cca1a483338b2b09b9b84e0204c6bf5-33e9a252a52783adb262261baf4dff05/b6/syncRelationships_b6a347fc601388241bd3d1cf9c380364
?? work/native-errors-cycle2/jest-credentials-cache/jest-transform-cache-9cca1a483338b2b09b9b84e0204c6bf5-33e9a252a52783adb262261baf4dff05/b6/syncRelationships_b6a347fc601388241bd3d1cf9c380364.map
?? work/native-errors-cycle2/jest-credentials-cache/jest-transform-cache-9cca1a483338b2b09b9b84e0204c6bf5-33e9a252a52783adb262261baf4dff05/b6/validators_b6785289783d2259de194a74917ee0ee
?? work/native-errors-cycle2/jest-credentials-cache/jest-transform-cache-9cca1a483338b2b09b9b84e0204c6bf5-33e9a252a52783adb262261baf4dff05/b6/validators_b6785289783d2259de194a74917ee0ee.map
?? work/native-errors-cycle2/jest-credentials-cache/jest-transform-cache-9cca1a483338b2b09b9b84e0204c6bf5-33e9a252a52783adb262261baf4dff05/ba/beliefrevision_ba77db92ca7ffe47ef4cf09fc7873a85
?? work/native-errors-cycle2/jest-credentials-cache/jest-transform-cache-9cca1a483338b2b09b9b84e0204c6bf5-33e9a252a52783adb262261baf4dff05/ba/beliefrevision_ba77db92ca7ffe47ef4cf09fc7873a85.map
?? work/native-errors-cycle2/jest-credentials-cache/jest-transform-cache-9cca1a483338b2b09b9b84e0204c6bf5-33e9a252a52783adb262261baf4dff05/bb/priorities_bb8d33b4288850eccace816566b9eb89
?? work/native-errors-cycle2/jest-credentials-cache/jest-transform-cache-9cca1a483338b2b09b9b84e0204c6bf5-33e9a252a52783adb262261baf4dff05/bb/priorities_bb8d33b4288850eccace816566b9eb89.map
?? work/native-errors-cycle2/jest-credentials-cache/jest-transform-cache-9cca1a483338b2b09b9b84e0204c6bf5-33e9a252a52783adb262261baf4dff05/bb/tenant_bb5c9b6cd7c648bd2f1f8d84c697eba8
?? work/native-errors-cycle2/jest-credentials-cache/jest-transform-cache-9cca1a483338b2b09b9b84e0204c6bf5-33e9a252a52783adb262261baf4dff05/bb/tenant_bb5c9b6cd7c648bd2f1f8d84c697eba8.map
?? work/native-errors-cycle2/jest-credentials-cache/jest-transform-cache-9cca1a483338b2b09b9b84e0204c6bf5-33e9a252a52783adb262261baf4dff05/bc/index_bc0f63b1af272ef9d51f2107f3f1bac1
?? work/native-errors-cycle2/jest-credentials-cache/jest-transform-cache-9cca1a483338b2b09b9b84e0204c6bf5-33e9a252a52783adb262261baf4dff05/bc/index_bc0f63b1af272ef9d51f2107f3f1bac1.map
?? work/native-errors-cycle2/jest-credentials-cache/jest-transform-cache-9cca1a483338b2b09b9b84e0204c6bf5-33e9a252a52783adb262261baf4dff05/bc/recall_bce28db2cb2c7700a194274481e80fde
?? work/native-errors-cycle2/jest-credentials-cache/jest-transform-cache-9cca1a483338b2b09b9b84e0204c6bf5-33e9a252a52783adb262261baf4dff05/bc/recall_bce28db2cb2c7700a194274481e80fde.map
?? work/native-errors-cycle2/jest-credentials-cache/jest-transform-cache-9cca1a483338b2b09b9b84e0204c6bf5-33e9a252a52783adb262261baf4dff05/bc/schema_bcbc026e0424fd45c2336924d2627906
?? work/native-errors-cycle2/jest-credentials-cache/jest-transform-cache-9cca1a483338b2b09b9b84e0204c6bf5-33e9a252a52783adb262261baf4dff05/bc/schema_bcbc026e0424fd45c2336924d2627906.map
?? work/native-errors-cycle2/jest-credentials-cache/jest-transform-cache-9cca1a483338b2b09b9b84e0204c6bf5-33e9a252a52783adb262261baf4dff05/bf/base64_bf3f6cb789601af15381eb2bff424147
?? work/native-errors-cycle2/jest-credentials-cache/jest-transform-cache-9cca1a483338b2b09b9b84e0204c6bf5-33e9a252a52783adb262261baf4dff05/bf/base64_bf3f6cb789601af15381eb2bff424147.map
?? work/native-errors-cycle2/jest-credentials-cache/jest-transform-cache-9cca1a483338b2b09b9b84e0204c6bf5-33e9a252a52783adb262261baf4dff05/c0/functionName_c027f04f4f6abfe3d32581a09c667d6f
?? work/native-errors-cycle2/jest-credentials-cache/jest-transform-cache-9cca1a483338b2b09b9b84e0204c6bf5-33e9a252a52783adb262261baf4dff05/c0/functionName_c027f04f4f6abfe3d32581a09c667d6f.map
?? work/native-errors-cycle2/jest-credentials-cache/jest-transform-cache-9cca1a483338b2b09b9b84e0204c6bf5-33e9a252a52783adb262261baf4dff05/c8/validators_c8413c2675e05b5f63b1d575429e6bb5
?? work/native-errors-cycle2/jest-credentials-cache/jest-transform-cache-9cca1a483338b2b09b9b84e0204c6bf5-33e9a252a52783adb262261baf4dff05/c8/validators_c8413c2675e05b5f63b1d575429e6bb5.map
?? work/native-errors-cycle2/jest-credentials-cache/jest-transform-cache-9cca1a483338b2b09b9b84e0204c6bf5-33e9a252a52783adb262261baf4dff05/c9/search_filter_builder_c9e37e7597b6ab5ae639005f0599578e
?? work/native-errors-cycle2/jest-credentials-cache/jest-transform-cache-9cca1a483338b2b09b9b84e0204c6bf5-33e9a252a52783adb262261baf4dff05/c9/search_filter_builder_c9e37e7597b6ab5ae639005f0599578e.map
?? work/native-errors-cycle2/jest-credentials-cache/jest-transform-cache-9cca1a483338b2b09b9b84e0204c6bf5-33e9a252a52783adb262261baf4dff05/c9/slotmatching_c90b6eb1fa58c615b4bc299ed926bdda
?? work/native-errors-cycle2/jest-credentials-cache/jest-transform-cache-9cca1a483338b2b09b9b84e0204c6bf5-33e9a252a52783adb262261baf4dff05/c9/slotmatching_c90b6eb1fa58c615b4bc299ed926bdda.map
?? work/native-errors-cycle2/jest-credentials-cache/jest-transform-cache-9cca1a483338b2b09b9b84e0204c6bf5-33e9a252a52783adb262261baf4dff05/d0/local_state_d000435b0dc890bb03d8b753efc9eeff
?? work/native-errors-cycle2/jest-credentials-cache/jest-transform-cache-9cca1a483338b2b09b9b84e0204c6bf5-33e9a252a52783adb262261baf4dff05/d0/local_state_d000435b0dc890bb03d8b753efc9eeff.map
?? work/native-errors-cycle2/jest-credentials-cache/jest-transform-cache-9cca1a483338b2b09b9b84e0204c6bf5-33e9a252a52783adb262261baf4dff05/d1/index_d1fb42b597cb2ca10be2eb84a1b538f7
?? work/native-errors-cycle2/jest-credentials-cache/jest-transform-cache-9cca1a483338b2b09b9b84e0204c6bf5-33e9a252a52783adb262261baf4dff05/d1/index_d1fb42b597cb2ca10be2eb84a1b538f7.map
?? work/native-errors-cycle2/jest-credentials-cache/jest-transform-cache-9cca1a483338b2b09b9b84e0204c6bf5-33e9a252a52783adb262261baf4dff05/d2/index_range_builder_impl_d20436c9f005a1489f41bef0f94bfae5
?? work/native-errors-cycle2/jest-credentials-cache/jest-transform-cache-9cca1a483338b2b09b9b84e0204c6bf5-33e9a252a52783adb262261baf4dff05/d2/index_range_builder_impl_d20436c9f005a1489f41bef0f94bfae5.map
?? work/native-errors-cycle2/jest-credentials-cache/jest-transform-cache-9cca1a483338b2b09b9b84e0204c6bf5-33e9a252a52783adb262261baf4dff05/d2/vector_search_d25d6e8642221e421877e19a13757c40
?? work/native-errors-cycle2/jest-credentials-cache/jest-transform-cache-9cca1a483338b2b09b9b84e0204c6bf5-33e9a252a52783adb262261baf4dff05/d2/vector_search_d25d6e8642221e421877e19a13757c40.map
?? work/native-errors-cycle2/jest-credentials-cache/jest-transform-cache-9cca1a483338b2b09b9b84e0204c6bf5-33e9a252a52783adb262261baf4dff05/d4/api_d4252aacd39b2d06d83946769b26fcaf
?? work/native-errors-cycle2/jest-credentials-cache/jest-transform-cache-9cca1a483338b2b09b9b84e0204c6bf5-33e9a252a52783adb262261baf4dff05/d4/api_d4252aacd39b2d06d83946769b26fcaf.map
?? work/native-errors-cycle2/jest-credentials-cache/jest-transform-cache-9cca1a483338b2b09b9b84e0204c6bf5-33e9a252a52783adb262261baf4dff05/d4/index_d4b505cd2875a5649f1f671c7cab1d41
?? work/native-errors-cycle2/jest-credentials-cache/jest-transform-cache-9cca1a483338b2b09b9b84e0204c6bf5-33e9a252a52783adb262261baf4dff05/d4/index_d4b505cd2875a5649f1f671c7cab1d41.map
?? work/native-errors-cycle2/jest-credentials-cache/jest-transform-cache-9cca1a483338b2b09b9b84e0204c6bf5-33e9a252a52783adb262261baf4dff05/d4/validators_d4cd490ed72956ebd6f309a002085061
?? work/native-errors-cycle2/jest-credentials-cache/jest-transform-cache-9cca1a483338b2b09b9b84e0204c6bf5-33e9a252a52783adb262261baf4dff05/d4/validators_d4cd490ed72956ebd6f309a002085061.map
?? work/native-errors-cycle2/jest-credentials-cache/jest-transform-cache-9cca1a483338b2b09b9b84e0204c6bf5-33e9a252a52783adb262261baf4dff05/d5/history_d536f2380c58eba3e995ab6d7078bc19
?? work/native-errors-cycle2/jest-credentials-cache/jest-transform-cache-9cca1a483338b2b09b9b84e0204c6bf5-33e9a252a52783adb262261baf4dff05/d5/history_d536f2380c58eba3e995ab6d7078bc19.map
?? work/native-errors-cycle2/jest-credentials-cache/jest-transform-cache-9cca1a483338b2b09b9b84e0204c6bf5-33e9a252a52783adb262261baf4dff05/d6/client_d6f52fc91a51a508deacfd52ef59f4b5
?? work/native-errors-cycle2/jest-credentials-cache/jest-transform-cache-9cca1a483338b2b09b9b84e0204c6bf5-33e9a252a52783adb262261baf4dff05/d6/client_d6f52fc91a51a508deacfd52ef59f4b5.map
?? work/native-errors-cycle2/jest-credentials-cache/jest-transform-cache-9cca1a483338b2b09b9b84e0204c6bf5-33e9a252a52783adb262261baf4dff05/d6/index_d670464b9c3392356d60853e2552648c
?? work/native-errors-cycle2/jest-credentials-cache/jest-transform-cache-9cca1a483338b2b09b9b84e0204c6bf5-33e9a252a52783adb262261baf4dff05/d6/index_d670464b9c3392356d60853e2552648c.map
?? work/native-errors-cycle2/jest-credentials-cache/jest-transform-cache-9cca1a483338b2b09b9b84e0204c6bf5-33e9a252a52783adb262261baf4dff05/d6/router_d68924c5550c09515d21fc4295407f04
?? work/native-errors-cycle2/jest-credentials-cache/jest-transform-cache-9cca1a483338b2b09b9b84e0204c6bf5-33e9a252a52783adb262261baf4dff05/d6/router_d68924c5550c09515d21fc4295407f04.map
?? work/native-errors-cycle2/jest-credentials-cache/jest-transform-cache-9cca1a483338b2b09b9b84e0204c6bf5-33e9a252a52783adb262261baf4dff05/d8/index_d8d44eec36cbbfc6c188abe53100371d
?? work/native-errors-cycle2/jest-credentials-cache/jest-transform-cache-9cca1a483338b2b09b9b84e0204c6bf5-33e9a252a52783adb262261baf4dff05/d8/index_d8d44eec36cbbfc6c188abe53100371d.map
?? work/native-errors-cycle2/jest-credentials-cache/jest-transform-cache-9cca1a483338b2b09b9b84e0204c6bf5-33e9a252a52783adb262261baf4dff05/db/Semaphore_db665e0f334846aca9b74ab548489d46
?? work/native-errors-cycle2/jest-credentials-cache/jest-transform-cache-9cca1a483338b2b09b9b84e0204c6bf5-33e9a252a52783adb262261baf4dff05/db/Semaphore_db665e0f334846aca9b74ab548489d46.map
?? work/native-errors-cycle2/jest-credentials-cache/jest-transform-cache-9cca1a483338b2b09b9b84e0204c6bf5-33e9a252a52783adb262261baf4dff05/db/setup_db9d05f6699445ff52ee91977c7c04b4
?? work/native-errors-cycle2/jest-credentials-cache/jest-transform-cache-9cca1a483338b2b09b9b84e0204c6bf5-33e9a252a52783adb262261baf4dff05/db/setup_db9d05f6699445ff52ee91977c7c04b4.map
?? work/native-errors-cycle2/jest-credentials-cache/jest-transform-cache-9cca1a483338b2b09b9b84e0204c6bf5-33e9a252a52783adb262261baf4dff05/dc/deduplication_dc8ad50ad3bd3501bf10e410aa378a1d
?? work/native-errors-cycle2/jest-credentials-cache/jest-transform-cache-9cca1a483338b2b09b9b84e0204c6bf5-33e9a252a52783adb262261baf4dff05/dc/deduplication_dc8ad50ad3bd3501bf10e410aa378a1d.map
?? work/native-errors-cycle2/jest-credentials-cache/jest-transform-cache-9cca1a483338b2b09b9b84e0204c6bf5-33e9a252a52783adb262261baf4dff05/dc/simple_client_dce16be9ce7d7b50f526b53c03b3df3f
?? work/native-errors-cycle2/jest-credentials-cache/jest-transform-cache-9cca1a483338b2b09b9b84e0204c6bf5-33e9a252a52783adb262261baf4dff05/dc/simple_client_dce16be9ce7d7b50f526b53c03b3df3f.map
?? work/native-errors-cycle2/jest-credentials-cache/jest-transform-cache-9cca1a483338b2b09b9b84e0204c6bf5-33e9a252a52783adb262261baf4dff05/de/validators_de7e6faf27ee0bcc559ea5c117e89ebb
?? work/native-errors-cycle2/jest-credentials-cache/jest-transform-cache-9cca1a483338b2b09b9b84e0204c6bf5-33e9a252a52783adb262261baf4dff05/de/validators_de7e6faf27ee0bcc559ea5c117e89ebb.map
?? work/native-errors-cycle2/jest-credentials-cache/jest-transform-cache-9cca1a483338b2b09b9b84e0204c6bf5-33e9a252a52783adb262261baf4dff05/e0/index_e0dc9a0bffd2185b54b2dadf4e4b9cb6
?? work/native-errors-cycle2/jest-credentials-cache/jest-transform-cache-9cca1a483338b2b09b9b84e0204c6bf5-33e9a252a52783adb262261baf4dff05/e0/index_e0dc9a0bffd2185b54b2dadf4e4b9cb6.map
?? work/native-errors-cycle2/jest-credentials-cache/jest-transform-cache-9cca1a483338b2b09b9b84e0204c6bf5-33e9a252a52783adb262261baf4dff05/e3/errors_e3e9c7c428d66518701dab778c85a1aa
?? work/native-errors-cycle2/jest-credentials-cache/jest-transform-cache-9cca1a483338b2b09b9b84e0204c6bf5-33e9a252a52783adb262261baf4dff05/e3/errors_e3e9c7c428d66518701dab778c85a1aa.map
?? work/native-errors-cycle2/jest-credentials-cache/jest-transform-cache-9cca1a483338b2b09b9b84e0204c6bf5-33e9a252a52783adb262261baf4dff05/e4/protocol_e44a0fcc71144ec718b15d74fe287538
?? work/native-errors-cycle2/jest-credentials-cache/jest-transform-cache-9cca1a483338b2b09b9b84e0204c6bf5-33e9a252a52783adb262261baf4dff05/e4/protocol_e44a0fcc71144ec718b15d74fe287538.map
?? work/native-errors-cycle2/jest-credentials-cache/jest-transform-cache-9cca1a483338b2b09b9b84e0204c6bf5-33e9a252a52783adb262261baf4dff05/e5/contexttest_e58f6c887df72b6c9acd1a11b319b727
?? work/native-errors-cycle2/jest-credentials-cache/jest-transform-cache-9cca1a483338b2b09b9b84e0204c6bf5-33e9a252a52783adb262261baf4dff05/e5/contexttest_e58f6c887df72b6c9acd1a11b319b727.map
?? work/native-errors-cycle2/jest-credentials-cache/jest-transform-cache-9cca1a483338b2b09b9b84e0204c6bf5-33e9a252a52783adb262261baf4dff05/e6/index_e6384fc4f835773e55dbe560bc3d941c
?? work/native-errors-cycle2/jest-credentials-cache/jest-transform-cache-9cca1a483338b2b09b9b84e0204c6bf5-33e9a252a52783adb262261baf4dff05/e6/index_e6384fc4f835773e55dbe560bc3d941c.map
?? work/native-errors-cycle2/jest-credentials-cache/jest-transform-cache-9cca1a483338b2b09b9b84e0204c6bf5-33e9a252a52783adb262261baf4dff05/e6/validatorstest_e637e2bde2cc4d21a7b147003a3c4aec
?? work/native-errors-cycle2/jest-credentials-cache/jest-transform-cache-9cca1a483338b2b09b9b84e0204c6bf5-33e9a252a52783adb262261baf4dff05/e6/validatorstest_e637e2bde2cc4d21a7b147003a3c4aec.map
?? work/native-errors-cycle2/jest-credentials-cache/jest-transform-cache-9cca1a483338b2b09b9b84e0204c6bf5-33e9a252a52783adb262261baf4dff05/e7/runtime_e716aaa19a97fdb9128d833de4af96b3
?? work/native-errors-cycle2/jest-credentials-cache/jest-transform-cache-9cca1a483338b2b09b9b84e0204c6bf5-33e9a252a52783adb262261baf4dff05/e7/runtime_e716aaa19a97fdb9128d833de4af96b3.map
?? work/native-errors-cycle2/jest-credentials-cache/jest-transform-cache-9cca1a483338b2b09b9b84e0204c6bf5-33e9a252a52783adb262261baf4dff05/ea/index_ea704cba4aed66cbeaef65c3d4ac4099
?? work/native-errors-cycle2/jest-credentials-cache/jest-transform-cache-9cca1a483338b2b09b9b84e0204c6bf5-33e9a252a52783adb262261baf4dff05/ea/index_ea704cba4aed66cbeaef65c3d4ac4099.map
?? work/native-errors-cycle2/jest-credentials-cache/jest-transform-cache-9cca1a483338b2b09b9b84e0204c6bf5-33e9a252a52783adb262261baf4dff05/ec/index_ec7ca2163ef8b613bc356f266660cecd
?? work/native-errors-cycle2/jest-credentials-cache/jest-transform-cache-9cca1a483338b2b09b9b84e0204c6bf5-33e9a252a52783adb262261baf4dff05/ec/index_ec7ca2163ef8b613bc356f266660cecd.map
?? work/native-errors-cycle2/jest-credentials-cache/jest-transform-cache-9cca1a483338b2b09b9b84e0204c6bf5-33e9a252a52783adb262261baf4dff05/ec/search_filter_builder_impl_ec1f510c43d80e4516ecaf6926a1ab3b
?? work/native-errors-cycle2/jest-credentials-cache/jest-transform-cache-9cca1a483338b2b09b9b84e0204c6bf5-33e9a252a52783adb262261baf4dff05/ec/search_filter_builder_impl_ec1f510c43d80e4516ecaf6926a1ab3b.map
?? work/native-errors-cycle2/jest-credentials-cache/jest-transform-cache-9cca1a483338b2b09b9b84e0204c6bf5-33e9a252a52783adb262261baf4dff05/ef/CircuitBreaker_ef91c1eac54bf6b1814e0246381da798
?? work/native-errors-cycle2/jest-credentials-cache/jest-transform-cache-9cca1a483338b2b09b9b84e0204c6bf5-33e9a252a52783adb262261baf4dff05/ef/CircuitBreaker_ef91c1eac54bf6b1814e0246381da798.map
?? work/native-errors-cycle2/jest-credentials-cache/jest-transform-cache-9cca1a483338b2b09b9b84e0204c6bf5-33e9a252a52783adb262261baf4dff05/ef/validators_ef2177144d327ef9b2923624e4a25424
?? work/native-errors-cycle2/jest-credentials-cache/jest-transform-cache-9cca1a483338b2b09b9b84e0204c6bf5-33e9a252a52783adb262261baf4dff05/ef/validators_ef2177144d327ef9b2923624e4a25424.map
?? work/native-errors-cycle2/jest-credentials-cache/jest-transform-cache-9cca1a483338b2b09b9b84e0204c6bf5-33e9a252a52783adb262261baf4dff05/f5/index_f5cebcef452828e9459748705fd053bc
?? work/native-errors-cycle2/jest-credentials-cache/jest-transform-cache-9cca1a483338b2b09b9b84e0204c6bf5-33e9a252a52783adb262261baf4dff05/f5/index_f5cebcef452828e9459748705fd053bc.map
?? work/native-errors-cycle2/jest-credentials-cache/jest-transform-cache-9cca1a483338b2b09b9b84e0204c6bf5-33e9a252a52783adb262261baf4dff05/f8/schemas_f80bd4b55558a00a064055a3462dbc5a
?? work/native-errors-cycle2/jest-credentials-cache/jest-transform-cache-9cca1a483338b2b09b9b84e0204c6bf5-33e9a252a52783adb262261baf4dff05/f8/schemas_f80bd4b55558a00a064055a3462dbc5a.map
?? work/native-errors-cycle2/jest-credentials-cache/jest-transform-cache-9cca1a483338b2b09b9b84e0204c6bf5-33e9a252a52783adb262261baf4dff05/f8/validators_f80ad6efc5d170b6502d336025dfa498
?? work/native-errors-cycle2/jest-credentials-cache/jest-transform-cache-9cca1a483338b2b09b9b84e0204c6bf5-33e9a252a52783adb262261baf4dff05/f8/validators_f80ad6efc5d170b6502d336025dfa498.map
?? work/native-errors-cycle2/jest-credentials-cache/jest-transform-cache-9cca1a483338b2b09b9b84e0204c6bf5-33e9a252a52783adb262261baf4dff05/f9/metrics_f91a6cd3633a6252209b472c1494f1d4
?? work/native-errors-cycle2/jest-credentials-cache/jest-transform-cache-9cca1a483338b2b09b9b84e0204c6bf5-33e9a252a52783adb262261baf4dff05/f9/metrics_f91a6cd3633a6252209b472c1494f1d4.map
?? work/native-errors-cycle2/jest-credentials-cache/jest-transform-cache-9cca1a483338b2b09b9b84e0204c6bf5-33e9a252a52783adb262261baf4dff05/ff/context_ff154f428a6f0992117ab8554d88a367
?? work/native-errors-cycle2/jest-credentials-cache/jest-transform-cache-9cca1a483338b2b09b9b84e0204c6bf5-33e9a252a52783adb262261baf4dff05/ff/context_ff154f428a6f0992117ab8554d88a367.map
?? work/native-errors-cycle2/jest-credentials-cache/perf-cache-9cca1a483338b2b09b9b84e0204c6bf5-da39a3ee5e6b4b0d3255bfef95601890
?? work/native-errors-cycle2/judge-replays/ambiguity-pruning-outcomes.json
?? work/native-errors-cycle2/judge-replays/ambiguity-pruning-probe.mjs
?? work/native-errors-cycle2/judge-replays/baseline-mutable.raw.ts.text
?? work/native-errors-cycle2/judge-replays/baseline-mutable.ts
?? work/native-errors-cycle2/judge-replays/baseline-runtimeAuth.raw.ts.text
?? work/native-errors-cycle2/judge-replays/baseline-runtimeAuth.ts
?? work/native-errors-cycle2/judge-replays/baseline-runtimeMetadataAuth.raw.ts.text
?? work/native-errors-cycle2/judge-replays/baseline-runtimeMetadataAuth.ts
?? work/native-errors-cycle2/judge-replays/current-required-denial.json
?? work/native-errors-cycle2/judge-replays/current-required-denial.mjs
?? work/native-errors-cycle2/judge-replays/current-required18-outcomes.json
?? work/native-errors-cycle2/judge-replays/current-required18-probe.mjs
?? work/native-errors-cycle2/judge-replays/regression-required-denial.json
?? work/native-errors-cycle2/judge-replays/regression-required-denial.mjs
?? work/native-errors-cycle2/native-baseline/immutable.raw.ts.text
?? work/native-errors-cycle2/native-baseline/immutable.ts
?? work/native-errors-cycle2/native-baseline/metadata-control-native-error-confirmation.mts
?? work/native-errors-cycle2/native-baseline/metadata-native-error-confirmation.mts
?? work/native-errors-cycle2/native-baseline/mutable.raw.ts.text
?? work/native-errors-cycle2/native-baseline/mutable.ts
?? work/native-errors-cycle2/native-baseline/runtimeAuth.raw.ts.text
?? work/native-errors-cycle2/native-baseline/runtimeAuth.ts
?? work/native-errors-cycle2/native-baseline/runtimeMetadataAuth.raw.ts.text
?? work/native-errors-cycle2/native-baseline/runtimeMetadataAuth.ts
?? work/native-errors-cycle2/native-baseline/sessions.raw.ts.text
?? work/native-errors-cycle2/native-baseline/sessions.ts
?? work/native-errors-cycle2/npm12-cache/_cacache/CACHEDIR.TAG
?? work/native-errors-cycle2/npm12-cache/_cacache/content-v2/sha512/ed/81/6c9cc42dda11a1b762314b18bb1065840e7b072fa59498660bd786918d3b858eb400b9eeb00694e17d1cf5b959e50e1e25036f70d4f6e7bd99dd062daff7
?? work/native-errors-cycle2/npm12-cache/_cacache/index-v5/90/3e/7c480e5a106cd8d03fd4f8660c5971c574e10a8a1bb9ff495638a13a9a2a
?? work/native-errors-cycle2/replays/boundary-probes.json
?? work/native-errors-cycle2/replays/boundary-probes.mjs
?? work/native-errors-cycle2/replays/cleanup-controls.json
?? work/native-errors-cycle2/replays/closure-controls.mjs
?? work/native-errors-cycle2/replays/cycle2-immutable.ts
?? work/native-errors-cycle2/replays/cycle2-users.ts
?? work/native-errors-cycle2/replays/extra-probes.json
?? work/native-errors-cycle2/replays/extra-probes.mjs
?? work/native-errors-cycle2/replays/historical-additional-probes.mjs
?? work/native-errors-cycle2/replays/historical-numeric-probe.mjs
?? work/native-errors-cycle2/replays/historical-probe-check.mjs
?? work/native-errors-cycle2/replays/historical-probes.mjs
?? work/native-errors-cycle2/replays/inventory-callback.ts.text
?? work/native-errors-cycle2/replays/registration.mjs
?? work/native-errors-cycle2/replays/timestamp-equivalence.json
?? work/native-errors-cycle2/run-check.py
?? work/native-errors-cycle2/verify.py
?? work/native-errors/bin/npm
?? work/native-errors/empty-global.npmrc
?? work/native-errors/empty.npmrc
?? work/native-errors/finalize.py
?? work/native-errors/historical-qa-before.tar.gz
?? work/native-errors/jest-auth-cache/haste-map-9cca1a483338b2b09b9b84e0204c6bf5-3a89bd145392ac8f6451fa45c33b01ed-c5cedd6967776dc08ef35b7cda677281
?? work/native-errors/jest-auth-cache/jest-transform-cache-9cca1a483338b2b09b9b84e0204c6bf5-33e9a252a52783adb262261baf4dff05/10/storage_impl_10746db3c406a2253c36ebfe015af3db
?? work/native-errors/jest-auth-cache/jest-transform-cache-9cca1a483338b2b09b9b84e0204c6bf5-33e9a252a52783adb262261baf4dff05/10/storage_impl_10746db3c406a2253c36ebfe015af3db.map
?? work/native-errors/jest-auth-cache/jest-transform-cache-9cca1a483338b2b09b9b84e0204c6bf5-33e9a252a52783adb262261baf4dff05/14/compare_utf8_146866b0f52d1d4437af171a4e7804f3
?? work/native-errors/jest-auth-cache/jest-transform-cache-9cca1a483338b2b09b9b84e0204c6bf5-33e9a252a52783adb262261baf4dff05/14/compare_utf8_146866b0f52d1d4437af171a4e7804f3.map
?? work/native-errors/jest-auth-cache/jest-transform-cache-9cca1a483338b2b09b9b84e0204c6bf5-33e9a252a52783adb262261baf4dff05/14/database_impl_149e11b566eafb6180b99b00f82eabc1
?? work/native-errors/jest-auth-cache/jest-transform-cache-9cca1a483338b2b09b9b84e0204c6bf5-33e9a252a52783adb262261baf4dff05/14/database_impl_149e11b566eafb6180b99b00f82eabc1.map
?? work/native-errors/jest-auth-cache/jest-transform-cache-9cca1a483338b2b09b9b84e0204c6bf5-33e9a252a52783adb262261baf4dff05/18/validators_1829a0dcc144a114d31748641dff8429
?? work/native-errors/jest-auth-cache/jest-transform-cache-9cca1a483338b2b09b9b84e0204c6bf5-33e9a252a52783adb262261baf4dff05/18/validators_1829a0dcc144a114d31748641dff8429.map
?? work/native-errors/jest-auth-cache/jest-transform-cache-9cca1a483338b2b09b9b84e0204c6bf5-33e9a252a52783adb262261baf4dff05/1f/validate_1fe2d3e4599b3f45e69dcb27847381f2
?? work/native-errors/jest-auth-cache/jest-transform-cache-9cca1a483338b2b09b9b84e0204c6bf5-33e9a252a52783adb262261baf4dff05/1f/validate_1fe2d3e4599b3f45e69dcb27847381f2.map
?? work/native-errors/jest-auth-cache/jest-transform-cache-9cca1a483338b2b09b9b84e0204c6bf5-33e9a252a52783adb262261baf4dff05/25/cron_253ce55376ade989516ea9e2baffb1bf
?? work/native-errors/jest-auth-cache/jest-transform-cache-9cca1a483338b2b09b9b84e0204c6bf5-33e9a252a52783adb262261baf4dff05/25/cron_253ce55376ade989516ea9e2baffb1bf.map
?? work/native-errors/jest-auth-cache/jest-transform-cache-9cca1a483338b2b09b9b84e0204c6bf5-33e9a252a52783adb262261baf4dff05/27/filter_builder_impl_278ece00eb19abc8dcd5b59ef808579d
?? work/native-errors/jest-auth-cache/jest-transform-cache-9cca1a483338b2b09b9b84e0204c6bf5-33e9a252a52783adb262261baf4dff05/27/filter_builder_impl_278ece00eb19abc8dcd5b59ef808579d.map
?? work/native-errors/jest-auth-cache/jest-transform-cache-9cca1a483338b2b09b9b84e0204c6bf5-33e9a252a52783adb262261baf4dff05/2d/index_2dc6dccb41c5b51c377073c73607f795
?? work/native-errors/jest-auth-cache/jest-transform-cache-9cca1a483338b2b09b9b84e0204c6bf5-33e9a252a52783adb262261baf4dff05/2d/index_2dc6dccb41c5b51c377073c73607f795.map
?? work/native-errors/jest-auth-cache/jest-transform-cache-9cca1a483338b2b09b9b84e0204c6bf5-33e9a252a52783adb262261baf4dff05/2d/log_2d4d674fbfee6963586f14ef2c32e9ae
?? work/native-errors/jest-auth-cache/jest-transform-cache-9cca1a483338b2b09b9b84e0204c6bf5-33e9a252a52783adb262261baf4dff05/2d/log_2d4d674fbfee6963586f14ef2c32e9ae.map
?? work/native-errors/jest-auth-cache/jest-transform-cache-9cca1a483338b2b09b9b84e0204c6bf5-33e9a252a52783adb262261baf4dff05/30/filter_builder_30b04f87697b442992522bbbc045e850
?? work/native-errors/jest-auth-cache/jest-transform-cache-9cca1a483338b2b09b9b84e0204c6bf5-33e9a252a52783adb262261baf4dff05/30/filter_builder_30b04f87697b442992522bbbc045e850.map
?? work/native-errors/jest-auth-cache/jest-transform-cache-9cca1a483338b2b09b9b84e0204c6bf5-33e9a252a52783adb262261baf4dff05/38/compare_38e952361b8195268faef2720c4fee74
?? work/native-errors/jest-auth-cache/jest-transform-cache-9cca1a483338b2b09b9b84e0204c6bf5-33e9a252a52783adb262261baf4dff05/38/compare_38e952361b8195268faef2720c4fee74.map
?? work/native-errors/jest-auth-cache/jest-transform-cache-9cca1a483338b2b09b9b84e0204c6bf5-33e9a252a52783adb262261baf4dff05/3c/server_3ca86a8f79a0704cf49e5f2c35553b3d
?? work/native-errors/jest-auth-cache/jest-transform-cache-9cca1a483338b2b09b9b84e0204c6bf5-33e9a252a52783adb262261baf4dff05/3c/server_3ca86a8f79a0704cf49e5f2c35553b3d.map
?? work/native-errors/jest-auth-cache/jest-transform-cache-9cca1a483338b2b09b9b84e0204c6bf5-33e9a252a52783adb262261baf4dff05/3d/logVars_3d71ae98e971feea355edc145184b4b5
?? work/native-errors/jest-auth-cache/jest-transform-cache-9cca1a483338b2b09b9b84e0204c6bf5-33e9a252a52783adb262261baf4dff05/3d/logVars_3d71ae98e971feea355edc145184b4b5.map
?? work/native-errors/jest-auth-cache/jest-transform-cache-9cca1a483338b2b09b9b84e0204c6bf5-33e9a252a52783adb262261baf4dff05/43/value_43dd300e517107d240ec91ca3b6c33a7
?? work/native-errors/jest-auth-cache/jest-transform-cache-9cca1a483338b2b09b9b84e0204c6bf5-33e9a252a52783adb262261baf4dff05/43/value_43dd300e517107d240ec91ca3b6c33a7.map
?? work/native-errors/jest-auth-cache/jest-transform-cache-9cca1a483338b2b09b9b84e0204c6bf5-33e9a252a52783adb262261baf4dff05/44/authoritytest_446325f4252454393961b200db278beb
?? work/native-errors/jest-auth-cache/jest-transform-cache-9cca1a483338b2b09b9b84e0204c6bf5-33e9a252a52783adb262261baf4dff05/44/authoritytest_446325f4252454393961b200db278beb.map
?? work/native-errors/jest-auth-cache/jest-transform-cache-9cca1a483338b2b09b9b84e0204c6bf5-33e9a252a52783adb262261baf4dff05/4e/storage_4e3c79f806c00f16af3abd45607411bf
?? work/native-errors/jest-auth-cache/jest-transform-cache-9cca1a483338b2b09b9b84e0204c6bf5-33e9a252a52783adb262261baf4dff05/4e/storage_4e3c79f806c00f16af3abd45607411bf.map
?? work/native-errors/jest-auth-cache/jest-transform-cache-9cca1a483338b2b09b9b84e0204c6bf5-33e9a252a52783adb262261baf4dff05/5c/pagination_5ced45fe9b38c542b33ecef3169a728f
?? work/native-errors/jest-auth-cache/jest-transform-cache-9cca1a483338b2b09b9b84e0204c6bf5-33e9a252a52783adb262261baf4dff05/5c/pagination_5ced45fe9b38c542b33ecef3169a728f.map
?? work/native-errors/jest-auth-cache/jest-transform-cache-9cca1a483338b2b09b9b84e0204c6bf5-33e9a252a52783adb262261baf4dff05/63/scheduler_impl_63fde5142f308fb8e678a9bc60684cb8
?? work/native-errors/jest-auth-cache/jest-transform-cache-9cca1a483338b2b09b9b84e0204c6bf5-33e9a252a52783adb262261baf4dff05/63/scheduler_impl_63fde5142f308fb8e678a9bc60684cb8.map
?? work/native-errors/jest-auth-cache/jest-transform-cache-9cca1a483338b2b09b9b84e0204c6bf5-33e9a252a52783adb262261baf4dff05/67/syscall_67debaa7fdc151d64fbdcb3dd435f551
?? work/native-errors/jest-auth-cache/jest-transform-cache-9cca1a483338b2b09b9b84e0204c6bf5-33e9a252a52783adb262261baf4dff05/67/syscall_67debaa7fdc151d64fbdcb3dd435f551.map
?? work/native-errors/jest-auth-cache/jest-transform-cache-9cca1a483338b2b09b9b84e0204c6bf5-33e9a252a52783adb262261baf4dff05/6b/paths_6bd6085707dd9b2259de177672304786
?? work/native-errors/jest-auth-cache/jest-transform-cache-9cca1a483338b2b09b9b84e0204c6bf5-33e9a252a52783adb262261baf4dff05/6b/paths_6bd6085707dd9b2259de177672304786.map
?? work/native-errors/jest-auth-cache/jest-transform-cache-9cca1a483338b2b09b9b84e0204c6bf5-33e9a252a52783adb262261baf4dff05/6e/meta_impl_6e6f4cc36ddbfaeb44564eace119895a
?? work/native-errors/jest-auth-cache/jest-transform-cache-9cca1a483338b2b09b9b84e0204c6bf5-33e9a252a52783adb262261baf4dff05/6e/meta_impl_6e6f4cc36ddbfaeb44564eace119895a.map
?? work/native-errors/jest-auth-cache/jest-transform-cache-9cca1a483338b2b09b9b84e0204c6bf5-33e9a252a52783adb262261baf4dff05/72/audit_logging_72b41d6f50c6903a93b43a1dc032d806
?? work/native-errors/jest-auth-cache/jest-transform-cache-9cca1a483338b2b09b9b84e0204c6bf5-33e9a252a52783adb262261baf4dff05/72/audit_logging_72b41d6f50c6903a93b43a1dc032d806.map
?? work/native-errors/jest-auth-cache/jest-transform-cache-9cca1a483338b2b09b9b84e0204c6bf5-33e9a252a52783adb262261baf4dff05/76/registration_impl_76dcf41253e8b442f086feb12249a7dc
?? work/native-errors/jest-auth-cache/jest-transform-cache-9cca1a483338b2b09b9b84e0204c6bf5-33e9a252a52783adb262261baf4dff05/76/registration_impl_76dcf41253e8b442f086feb12249a7dc.map
?? work/native-errors/jest-auth-cache/jest-transform-cache-9cca1a483338b2b09b9b84e0204c6bf5-33e9a252a52783adb262261baf4dff05/7f/runtimeAuthSchema_7fd47bde6bc170440e53baa90c8ddb5a
?? work/native-errors/jest-auth-cache/jest-transform-cache-9cca1a483338b2b09b9b84e0204c6bf5-33e9a252a52783adb262261baf4dff05/7f/runtimeAuthSchema_7fd47bde6bc170440e53baa90c8ddb5a.map
?? work/native-errors/jest-auth-cache/jest-transform-cache-9cca1a483338b2b09b9b84e0204c6bf5-33e9a252a52783adb262261baf4dff05/88/actions_impl_88f613aacc31abd0ceb71814ffa79bed
?? work/native-errors/jest-auth-cache/jest-transform-cache-9cca1a483338b2b09b9b84e0204c6bf5-33e9a252a52783adb262261baf4dff05/88/actions_impl_88f613aacc31abd0ceb71814ffa79bed.map
?? work/native-errors/jest-auth-cache/jest-transform-cache-9cca1a483338b2b09b9b84e0204c6bf5-33e9a252a52783adb262261baf4dff05/92/vector_search_impl_92551d8f86e3558cbb63bab94da8baa0
?? work/native-errors/jest-auth-cache/jest-transform-cache-9cca1a483338b2b09b9b84e0204c6bf5-33e9a252a52783adb262261baf4dff05/92/vector_search_impl_92551d8f86e3558cbb63bab94da8baa0.map
?? work/native-errors/jest-auth-cache/jest-transform-cache-9cca1a483338b2b09b9b84e0204c6bf5-33e9a252a52783adb262261baf4dff05/93/database_93b9b3f51a145694ae7792ed60df2dd0
?? work/native-errors/jest-auth-cache/jest-transform-cache-9cca1a483338b2b09b9b84e0204c6bf5-33e9a252a52783adb262261baf4dff05/93/database_93b9b3f51a145694ae7792ed60df2dd0.map
?? work/native-errors/jest-auth-cache/jest-transform-cache-9cca1a483338b2b09b9b84e0204c6bf5-33e9a252a52783adb262261baf4dff05/97/index_range_builder_971b058042a812bd05158ebbba17aa71
?? work/native-errors/jest-auth-cache/jest-transform-cache-9cca1a483338b2b09b9b84e0204c6bf5-33e9a252a52783adb262261baf4dff05/97/index_range_builder_971b058042a812bd05158ebbba17aa71.map
?? work/native-errors/jest-auth-cache/jest-transform-cache-9cca1a483338b2b09b9b84e0204c6bf5-33e9a252a52783adb262261baf4dff05/98/authentication_impl_98dd8912ae02f71a4514d83f467af1b4
?? work/native-errors/jest-auth-cache/jest-transform-cache-9cca1a483338b2b09b9b84e0204c6bf5-33e9a252a52783adb262261baf4dff05/98/authentication_impl_98dd8912ae02f71a4514d83f467af1b4.map
?? work/native-errors/jest-auth-cache/jest-transform-cache-9cca1a483338b2b09b9b84e0204c6bf5-33e9a252a52783adb262261baf4dff05/98/index_98e3c776d62c62eab57d65a37c375578
?? work/native-errors/jest-auth-cache/jest-transform-cache-9cca1a483338b2b09b9b84e0204c6bf5-33e9a252a52783adb262261baf4dff05/98/index_98e3c776d62c62eab57d65a37c375578.map
?? work/native-errors/jest-auth-cache/jest-transform-cache-9cca1a483338b2b09b9b84e0204c6bf5-33e9a252a52783adb262261baf4dff05/99/query_impl_992ceccc488246bcc3df20797f7efeb8
?? work/native-errors/jest-auth-cache/jest-transform-cache-9cca1a483338b2b09b9b84e0204c6bf5-33e9a252a52783adb262261baf4dff05/99/query_impl_992ceccc488246bcc3df20797f7efeb8.map
?? work/native-errors/jest-auth-cache/jest-transform-cache-9cca1a483338b2b09b9b84e0204c6bf5-33e9a252a52783adb262261baf4dff05/9a/size_9a4a082ef21b0bb261cb3bdeef9eb208
?? work/native-errors/jest-auth-cache/jest-transform-cache-9cca1a483338b2b09b9b84e0204c6bf5-33e9a252a52783adb262261baf4dff05/9a/size_9a4a082ef21b0bb261cb3bdeef9eb208.map
?? work/native-errors/jest-auth-cache/jest-transform-cache-9cca1a483338b2b09b9b84e0204c6bf5-33e9a252a52783adb262261baf4dff05/a3/validator_a3383c0aed8fb22ae4a2e752a776431a
?? work/native-errors/jest-auth-cache/jest-transform-cache-9cca1a483338b2b09b9b84e0204c6bf5-33e9a252a52783adb262261baf4dff05/a3/validator_a3383c0aed8fb22ae4a2e752a776431a.map
?? work/native-errors/jest-auth-cache/jest-transform-cache-9cca1a483338b2b09b9b84e0204c6bf5-33e9a252a52783adb262261baf4dff05/a9/env_a97bada027dbd432ac0a8993add99005
?? work/native-errors/jest-auth-cache/jest-transform-cache-9cca1a483338b2b09b9b84e0204c6bf5-33e9a252a52783adb262261baf4dff05/a9/env_a97bada027dbd432ac0a8993add99005.map
?? work/native-errors/jest-auth-cache/jest-transform-cache-9cca1a483338b2b09b9b84e0204c6bf5-33e9a252a52783adb262261baf4dff05/bc/index_bc0f63b1af272ef9d51f2107f3f1bac1
?? work/native-errors/jest-auth-cache/jest-transform-cache-9cca1a483338b2b09b9b84e0204c6bf5-33e9a252a52783adb262261baf4dff05/bc/index_bc0f63b1af272ef9d51f2107f3f1bac1.map
?? work/native-errors/jest-auth-cache/jest-transform-cache-9cca1a483338b2b09b9b84e0204c6bf5-33e9a252a52783adb262261baf4dff05/bc/schema_bcbc026e0424fd45c2336924d2627906
?? work/native-errors/jest-auth-cache/jest-transform-cache-9cca1a483338b2b09b9b84e0204c6bf5-33e9a252a52783adb262261baf4dff05/bc/schema_bcbc026e0424fd45c2336924d2627906.map
?? work/native-errors/jest-auth-cache/jest-transform-cache-9cca1a483338b2b09b9b84e0204c6bf5-33e9a252a52783adb262261baf4dff05/bf/base64_bf3f6cb789601af15381eb2bff424147
?? work/native-errors/jest-auth-cache/jest-transform-cache-9cca1a483338b2b09b9b84e0204c6bf5-33e9a252a52783adb262261baf4dff05/bf/base64_bf3f6cb789601af15381eb2bff424147.map
?? work/native-errors/jest-auth-cache/jest-transform-cache-9cca1a483338b2b09b9b84e0204c6bf5-33e9a252a52783adb262261baf4dff05/c0/functionName_c027f04f4f6abfe3d32581a09c667d6f
?? work/native-errors/jest-auth-cache/jest-transform-cache-9cca1a483338b2b09b9b84e0204c6bf5-33e9a252a52783adb262261baf4dff05/c0/functionName_c027f04f4f6abfe3d32581a09c667d6f.map
?? work/native-errors/jest-auth-cache/jest-transform-cache-9cca1a483338b2b09b9b84e0204c6bf5-33e9a252a52783adb262261baf4dff05/c9/search_filter_builder_c9e37e7597b6ab5ae639005f0599578e
?? work/native-errors/jest-auth-cache/jest-transform-cache-9cca1a483338b2b09b9b84e0204c6bf5-33e9a252a52783adb262261baf4dff05/c9/search_filter_builder_c9e37e7597b6ab5ae639005f0599578e.map
?? work/native-errors/jest-auth-cache/jest-transform-cache-9cca1a483338b2b09b9b84e0204c6bf5-33e9a252a52783adb262261baf4dff05/d2/index_range_builder_impl_d20436c9f005a1489f41bef0f94bfae5
?? work/native-errors/jest-auth-cache/jest-transform-cache-9cca1a483338b2b09b9b84e0204c6bf5-33e9a252a52783adb262261baf4dff05/d2/index_range_builder_impl_d20436c9f005a1489f41bef0f94bfae5.map
?? work/native-errors/jest-auth-cache/jest-transform-cache-9cca1a483338b2b09b9b84e0204c6bf5-33e9a252a52783adb262261baf4dff05/d2/vector_search_d25d6e8642221e421877e19a13757c40
?? work/native-errors/jest-auth-cache/jest-transform-cache-9cca1a483338b2b09b9b84e0204c6bf5-33e9a252a52783adb262261baf4dff05/d2/vector_search_d25d6e8642221e421877e19a13757c40.map
?? work/native-errors/jest-auth-cache/jest-transform-cache-9cca1a483338b2b09b9b84e0204c6bf5-33e9a252a52783adb262261baf4dff05/d3/inventorytest_d32e76605485bea204776d2de9575908
?? work/native-errors/jest-auth-cache/jest-transform-cache-9cca1a483338b2b09b9b84e0204c6bf5-33e9a252a52783adb262261baf4dff05/d3/inventorytest_d32e76605485bea204776d2de9575908.map
?? work/native-errors/jest-auth-cache/jest-transform-cache-9cca1a483338b2b09b9b84e0204c6bf5-33e9a252a52783adb262261baf4dff05/d4/api_d4252aacd39b2d06d83946769b26fcaf
?? work/native-errors/jest-auth-cache/jest-transform-cache-9cca1a483338b2b09b9b84e0204c6bf5-33e9a252a52783adb262261baf4dff05/d4/api_d4252aacd39b2d06d83946769b26fcaf.map
?? work/native-errors/jest-auth-cache/jest-transform-cache-9cca1a483338b2b09b9b84e0204c6bf5-33e9a252a52783adb262261baf4dff05/d4/index_d4b505cd2875a5649f1f671c7cab1d41
?? work/native-errors/jest-auth-cache/jest-transform-cache-9cca1a483338b2b09b9b84e0204c6bf5-33e9a252a52783adb262261baf4dff05/d4/index_d4b505cd2875a5649f1f671c7cab1d41.map
?? work/native-errors/jest-auth-cache/jest-transform-cache-9cca1a483338b2b09b9b84e0204c6bf5-33e9a252a52783adb262261baf4dff05/d6/router_d68924c5550c09515d21fc4295407f04
?? work/native-errors/jest-auth-cache/jest-transform-cache-9cca1a483338b2b09b9b84e0204c6bf5-33e9a252a52783adb262261baf4dff05/d6/router_d68924c5550c09515d21fc4295407f04.map
?? work/native-errors/jest-auth-cache/jest-transform-cache-9cca1a483338b2b09b9b84e0204c6bf5-33e9a252a52783adb262261baf4dff05/db/setup_db9d05f6699445ff52ee91977c7c04b4
?? work/native-errors/jest-auth-cache/jest-transform-cache-9cca1a483338b2b09b9b84e0204c6bf5-33e9a252a52783adb262261baf4dff05/db/setup_db9d05f6699445ff52ee91977c7c04b4.map
?? work/native-errors/jest-auth-cache/jest-transform-cache-9cca1a483338b2b09b9b84e0204c6bf5-33e9a252a52783adb262261baf4dff05/df/provisioningtest_df4983241517d5ee1f5c736f260848d8
?? work/native-errors/jest-auth-cache/jest-transform-cache-9cca1a483338b2b09b9b84e0204c6bf5-33e9a252a52783adb262261baf4dff05/df/provisioningtest_df4983241517d5ee1f5c736f260848d8.map
?? work/native-errors/jest-auth-cache/jest-transform-cache-9cca1a483338b2b09b9b84e0204c6bf5-33e9a252a52783adb262261baf4dff05/e3/errors_e3e9c7c428d66518701dab778c85a1aa
?? work/native-errors/jest-auth-cache/jest-transform-cache-9cca1a483338b2b09b9b84e0204c6bf5-33e9a252a52783adb262261baf4dff05/e3/errors_e3e9c7c428d66518701dab778c85a1aa.map
?? work/native-errors/jest-auth-cache/jest-transform-cache-9cca1a483338b2b09b9b84e0204c6bf5-33e9a252a52783adb262261baf4dff05/ec/search_filter_builder_impl_ec1f510c43d80e4516ecaf6926a1ab3b
?? work/native-errors/jest-auth-cache/jest-transform-cache-9cca1a483338b2b09b9b84e0204c6bf5-33e9a252a52783adb262261baf4dff05/ec/search_filter_builder_impl_ec1f510c43d80e4516ecaf6926a1ab3b.map
?? work/native-errors/jest-auth-cache/jest-transform-cache-9cca1a483338b2b09b9b84e0204c6bf5-33e9a252a52783adb262261baf4dff05/f4/runtimeAuth_f471bf2d5cc58ee17acf0778f13b7976
?? work/native-errors/jest-auth-cache/jest-transform-cache-9cca1a483338b2b09b9b84e0204c6bf5-33e9a252a52783adb262261baf4dff05/f4/runtimeAuth_f471bf2d5cc58ee17acf0778f13b7976.map
?? work/native-errors/jest-auth-cache/jest-transform-cache-9cca1a483338b2b09b9b84e0204c6bf5-33e9a252a52783adb262261baf4dff05/f5/index_f5cebcef452828e9459748705fd053bc
?? work/native-errors/jest-auth-cache/jest-transform-cache-9cca1a483338b2b09b9b84e0204c6bf5-33e9a252a52783adb262261baf4dff05/f5/index_f5cebcef452828e9459748705fd053bc.map
?? work/native-errors/jest-auth-cache/perf-cache-9cca1a483338b2b09b9b84e0204c6bf5-da39a3ee5e6b4b0d3255bfef95601890
?? work/native-errors/jest-cache/haste-map-9cca1a483338b2b09b9b84e0204c6bf5-3a89bd145392ac8f6451fa45c33b01ed-7a558fa6b79d1f5f6c888d71941be860
?? work/native-errors/jest-cache/jest-transform-cache-9cca1a483338b2b09b9b84e0204c6bf5-33e9a252a52783adb262261baf4dff05/00/index_00462165a9b56b861cfc132a62a389c6
?? work/native-errors/jest-cache/jest-transform-cache-9cca1a483338b2b09b9b84e0204c6bf5-33e9a252a52783adb262261baf4dff05/00/index_00462165a9b56b861cfc132a62a389c6.map
?? work/native-errors/jest-cache/jest-transform-cache-9cca1a483338b2b09b9b84e0204c6bf5-33e9a252a52783adb262261baf4dff05/00/remote_query_set_005c4dfbf123a213d910c0bc9523c0af
?? work/native-errors/jest-cache/jest-transform-cache-9cca1a483338b2b09b9b84e0204c6bf5-33e9a252a52783adb262261baf4dff05/00/remote_query_set_005c4dfbf123a213d910c0bc9523c0af.map
?? work/native-errors/jest-cache/jest-transform-cache-9cca1a483338b2b09b9b84e0204c6bf5-33e9a252a52783adb262261baf4dff05/01/initSchema_011a25cd1a086cfa2c7618a5ff33601f
?? work/native-errors/jest-cache/jest-transform-cache-9cca1a483338b2b09b9b84e0204c6bf5-33e9a252a52783adb262261baf4dff05/01/initSchema_011a25cd1a086cfa2c7618a5ff33601f.map
?? work/native-errors/jest-cache/jest-transform-cache-9cca1a483338b2b09b9b84e0204c6bf5-33e9a252a52783adb262261baf4dff05/03/syncUtils_03c8dd60db953bd555c624c7a4a65527
?? work/native-errors/jest-cache/jest-transform-cache-9cca1a483338b2b09b9b84e0204c6bf5-33e9a252a52783adb262261baf4dff05/03/syncUtils_03c8dd60db953bd555c624c7a4a65527.map
?? work/native-errors/jest-cache/jest-transform-cache-9cca1a483338b2b09b9b84e0204c6bf5-33e9a252a52783adb262261baf4dff05/06/index_06357c04e85b774e3496c18187aed18f
?? work/native-errors/jest-cache/jest-transform-cache-9cca1a483338b2b09b9b84e0204c6bf5-33e9a252a52783adb262261baf4dff05/06/index_06357c04e85b774e3496c18187aed18f.map
?? work/native-errors/jest-cache/jest-transform-cache-9cca1a483338b2b09b9b84e0204c6bf5-33e9a252a52783adb262261baf4dff05/0a/schema_0afa82db93135145b3d99fdba33489d3
?? work/native-errors/jest-cache/jest-transform-cache-9cca1a483338b2b09b9b84e0204c6bf5-33e9a252a52783adb262261baf4dff05/0a/schema_0afa82db93135145b3d99fdba33489d3.map
?? work/native-errors/jest-cache/jest-transform-cache-9cca1a483338b2b09b9b84e0204c6bf5-33e9a252a52783adb262261baf4dff05/0e/session_0e2bd0d87bec1e44b84c4f9400584886
?? work/native-errors/jest-cache/jest-transform-cache-9cca1a483338b2b09b9b84e0204c6bf5-33e9a252a52783adb262261baf4dff05/0e/session_0e2bd0d87bec1e44b84c4f9400584886.map
?? work/native-errors/jest-cache/jest-transform-cache-9cca1a483338b2b09b9b84e0204c6bf5-33e9a252a52783adb262261baf4dff05/10/extraction_1021ecb1b2f643b5728a8dd8f270843b
?? work/native-errors/jest-cache/jest-transform-cache-9cca1a483338b2b09b9b84e0204c6bf5-33e9a252a52783adb262261baf4dff05/10/extraction_1021ecb1b2f643b5728a8dd8f270843b.map
?? work/native-errors/jest-cache/jest-transform-cache-9cca1a483338b2b09b9b84e0204c6bf5-33e9a252a52783adb262261baf4dff05/10/storage_impl_10746db3c406a2253c36ebfe015af3db
?? work/native-errors/jest-cache/jest-transform-cache-9cca1a483338b2b09b9b84e0204c6bf5-33e9a252a52783adb262261baf4dff05/10/storage_impl_10746db3c406a2253c36ebfe015af3db.map
?? work/native-errors/jest-cache/jest-transform-cache-9cca1a483338b2b09b9b84e0204c6bf5-33e9a252a52783adb262261baf4dff05/13/governancetest_13ea21047ce2c36431ce0e649fbd3d7c
?? work/native-errors/jest-cache/jest-transform-cache-9cca1a483338b2b09b9b84e0204c6bf5-33e9a252a52783adb262261baf4dff05/13/governancetest_13ea21047ce2c36431ce0e649fbd3d7c.map
?? work/native-errors/jest-cache/jest-transform-cache-9cca1a483338b2b09b9b84e0204c6bf5-33e9a252a52783adb262261baf4dff05/14/compare_utf8_146866b0f52d1d4437af171a4e7804f3
?? work/native-errors/jest-cache/jest-transform-cache-9cca1a483338b2b09b9b84e0204c6bf5-33e9a252a52783adb262261baf4dff05/14/compare_utf8_146866b0f52d1d4437af171a4e7804f3.map
?? work/native-errors/jest-cache/jest-transform-cache-9cca1a483338b2b09b9b84e0204c6bf5-33e9a252a52783adb262261baf4dff05/14/database_impl_149e11b566eafb6180b99b00f82eabc1
?? work/native-errors/jest-cache/jest-transform-cache-9cca1a483338b2b09b9b84e0204c6bf5-33e9a252a52783adb262261baf4dff05/14/database_impl_149e11b566eafb6180b99b00f82eabc1.map
?? work/native-errors/jest-cache/jest-transform-cache-9cca1a483338b2b09b9b84e0204c6bf5-33e9a252a52783adb262261baf4dff05/15/runtimeWorkerAuth_155a2865d9939646bcad1866cbc07a70
?? work/native-errors/jest-cache/jest-transform-cache-9cca1a483338b2b09b9b84e0204c6bf5-33e9a252a52783adb262261baf4dff05/15/runtimeWorkerAuth_155a2865d9939646bcad1866cbc07a70.map
?? work/native-errors/jest-cache/jest-transform-cache-9cca1a483338b2b09b9b84e0204c6bf5-33e9a252a52783adb262261baf4dff05/16/nativeerrorstest_16005f2fbe371f89825ffdc28960608c
?? work/native-errors/jest-cache/jest-transform-cache-9cca1a483338b2b09b9b84e0204c6bf5-33e9a252a52783adb262261baf4dff05/16/nativeerrorstest_16005f2fbe371f89825ffdc28960608c.map
?? work/native-errors/jest-cache/jest-transform-cache-9cca1a483338b2b09b9b84e0204c6bf5-33e9a252a52783adb262261baf4dff05/17/index_1740cd7c832f49f253b6ca0aee427d5b
?? work/native-errors/jest-cache/jest-transform-cache-9cca1a483338b2b09b9b84e0204c6bf5-33e9a252a52783adb262261baf4dff05/17/index_1740cd7c832f49f253b6ca0aee427d5b.map
?? work/native-errors/jest-cache/jest-transform-cache-9cca1a483338b2b09b9b84e0204c6bf5-33e9a252a52783adb262261baf4dff05/18/validators_1829a0dcc144a114d31748641dff8429
?? work/native-errors/jest-cache/jest-transform-cache-9cca1a483338b2b09b9b84e0204c6bf5-33e9a252a52783adb262261baf4dff05/18/validators_1829a0dcc144a114d31748641dff8429.map
?? work/native-errors/jest-cache/jest-transform-cache-9cca1a483338b2b09b9b84e0204c6bf5-33e9a252a52783adb262261baf4dff05/1a/index_1aba58eff78781c15fc82cdb2e3a9363
?? work/native-errors/jest-cache/jest-transform-cache-9cca1a483338b2b09b9b84e0204c6bf5-33e9a252a52783adb262261baf4dff05/1a/index_1aba58eff78781c15fc82cdb2e3a9363.map
?? work/native-errors/jest-cache/jest-transform-cache-9cca1a483338b2b09b9b84e0204c6bf5-33e9a252a52783adb262261baf4dff05/1b/index_1b794fea8bb4b9d7d026099133834d43
?? work/native-errors/jest-cache/jest-transform-cache-9cca1a483338b2b09b9b84e0204c6bf5-33e9a252a52783adb262261baf4dff05/1b/index_1b794fea8bb4b9d7d026099133834d43.map
?? work/native-errors/jest-cache/jest-transform-cache-9cca1a483338b2b09b9b84e0204c6bf5-33e9a252a52783adb262261baf4dff05/1e/conflictprompts_1e40346a639cbd92406f662ae13bc2d9
?? work/native-errors/jest-cache/jest-transform-cache-9cca1a483338b2b09b9b84e0204c6bf5-33e9a252a52783adb262261baf4dff05/1e/conflictprompts_1e40346a639cbd92406f662ae13bc2d9.map
?? work/native-errors/jest-cache/jest-transform-cache-9cca1a483338b2b09b9b84e0204c6bf5-33e9a252a52783adb262261baf4dff05/1e/sessions_1ed96aa2aa42dbe8e86fbb2a178eec8f
?? work/native-errors/jest-cache/jest-transform-cache-9cca1a483338b2b09b9b84e0204c6bf5-33e9a252a52783adb262261baf4dff05/1e/sessions_1ed96aa2aa42dbe8e86fbb2a178eec8f.map
?? work/native-errors/jest-cache/jest-transform-cache-9cca1a483338b2b09b9b84e0204c6bf5-33e9a252a52783adb262261baf4dff05/1f/validate_1fe2d3e4599b3f45e69dcb27847381f2
?? work/native-errors/jest-cache/jest-transform-cache-9cca1a483338b2b09b9b84e0204c6bf5-33e9a252a52783adb262261baf4dff05/1f/validate_1fe2d3e4599b3f45e69dcb27847381f2.map
?? work/native-errors/jest-cache/jest-transform-cache-9cca1a483338b2b09b9b84e0204c6bf5-33e9a252a52783adb262261baf4dff05/25/admin_259cc22da5bfd978bdce2be0579078d8
?? work/native-errors/jest-cache/jest-transform-cache-9cca1a483338b2b09b9b84e0204c6bf5-33e9a252a52783adb262261baf4dff05/25/admin_259cc22da5bfd978bdce2be0579078d8.map
?? work/native-errors/jest-cache/jest-transform-cache-9cca1a483338b2b09b9b84e0204c6bf5-33e9a252a52783adb262261baf4dff05/25/cron_253ce55376ade989516ea9e2baffb1bf
?? work/native-errors/jest-cache/jest-transform-cache-9cca1a483338b2b09b9b84e0204c6bf5-33e9a252a52783adb262261baf4dff05/25/cron_253ce55376ade989516ea9e2baffb1bf.map
?? work/native-errors/jest-cache/jest-transform-cache-9cca1a483338b2b09b9b84e0204c6bf5-33e9a252a52783adb262261baf4dff05/25/validators_253d1a6c279ed0e689f8f033430a7a0c
?? work/native-errors/jest-cache/jest-transform-cache-9cca1a483338b2b09b9b84e0204c6bf5-33e9a252a52783adb262261baf4dff05/25/validators_253d1a6c279ed0e689f8f033430a7a0c.map
?? work/native-errors/jest-cache/jest-transform-cache-9cca1a483338b2b09b9b84e0204c6bf5-33e9a252a52783adb262261baf4dff05/27/filter_builder_impl_278ece00eb19abc8dcd5b59ef808579d
?? work/native-errors/jest-cache/jest-transform-cache-9cca1a483338b2b09b9b84e0204c6bf5-33e9a252a52783adb262261baf4dff05/27/filter_builder_impl_278ece00eb19abc8dcd5b59ef808579d.map
?? work/native-errors/jest-cache/jest-transform-cache-9cca1a483338b2b09b9b84e0204c6bf5-33e9a252a52783adb262261baf4dff05/27/query_options_2702a6e500cfc742a2638102f3792326
?? work/native-errors/jest-cache/jest-transform-cache-9cca1a483338b2b09b9b84e0204c6bf5-33e9a252a52783adb262261baf4dff05/27/query_options_2702a6e500cfc742a2638102f3792326.map
?? work/native-errors/jest-cache/jest-transform-cache-9cca1a483338b2b09b9b84e0204c6bf5-33e9a252a52783adb262261baf4dff05/2a/validators_2a63f4ffd3936c9b141c79c8f5b49d7f
?? work/native-errors/jest-cache/jest-transform-cache-9cca1a483338b2b09b9b84e0204c6bf5-33e9a252a52783adb262261baf4dff05/2a/validators_2a63f4ffd3936c9b141c79c8f5b49d7f.map
?? work/native-errors/jest-cache/jest-transform-cache-9cca1a483338b2b09b9b84e0204c6bf5-33e9a252a52783adb262261baf4dff05/2b/index_2ba0b3ce586793ac559cbfd62d775457
?? work/native-errors/jest-cache/jest-transform-cache-9cca1a483338b2b09b9b84e0204c6bf5-33e9a252a52783adb262261baf4dff05/2b/index_2ba0b3ce586793ac559cbfd62d775457.map
?? work/native-errors/jest-cache/jest-transform-cache-9cca1a483338b2b09b9b84e0204c6bf5-33e9a252a52783adb262261baf4dff05/2b/users_2bd54dc086dbed7573368e57ea8a361f
?? work/native-errors/jest-cache/jest-transform-cache-9cca1a483338b2b09b9b84e0204c6bf5-33e9a252a52783adb262261baf4dff05/2b/users_2bd54dc086dbed7573368e57ea8a361f.map
?? work/native-errors/jest-cache/jest-transform-cache-9cca1a483338b2b09b9b84e0204c6bf5-33e9a252a52783adb262261baf4dff05/2b/validators_2b6e992bc4e6a5760d8203d727671c32
?? work/native-errors/jest-cache/jest-transform-cache-9cca1a483338b2b09b9b84e0204c6bf5-33e9a252a52783adb262261baf4dff05/2b/validators_2b6e992bc4e6a5760d8203d727671c32.map
?? work/native-errors/jest-cache/jest-transform-cache-9cca1a483338b2b09b9b84e0204c6bf5-33e9a252a52783adb262261baf4dff05/2d/index_2dc6dccb41c5b51c377073c73607f795
?? work/native-errors/jest-cache/jest-transform-cache-9cca1a483338b2b09b9b84e0204c6bf5-33e9a252a52783adb262261baf4dff05/2d/index_2dc6dccb41c5b51c377073c73607f795.map
?? work/native-errors/jest-cache/jest-transform-cache-9cca1a483338b2b09b9b84e0204c6bf5-33e9a252a52783adb262261baf4dff05/2d/log_2d4d674fbfee6963586f14ef2c32e9ae
?? work/native-errors/jest-cache/jest-transform-cache-9cca1a483338b2b09b9b84e0204c6bf5-33e9a252a52783adb262261baf4dff05/2d/log_2d4d674fbfee6963586f14ef2c32e9ae.map
?? work/native-errors/jest-cache/jest-transform-cache-9cca1a483338b2b09b9b84e0204c6bf5-33e9a252a52783adb262261baf4dff05/30/filter_builder_30b04f87697b442992522bbbc045e850
?? work/native-errors/jest-cache/jest-transform-cache-9cca1a483338b2b09b9b84e0204c6bf5-33e9a252a52783adb262261baf4dff05/30/filter_builder_30b04f87697b442992522bbbc045e850.map
?? work/native-errors/jest-cache/jest-transform-cache-9cca1a483338b2b09b9b84e0204c6bf5-33e9a252a52783adb262261baf4dff05/31/resultProcessor_31c68c9656920c762d88c751c4954792
?? work/native-errors/jest-cache/jest-transform-cache-9cca1a483338b2b09b9b84e0204c6bf5-33e9a252a52783adb262261baf4dff05/31/resultProcessor_31c68c9656920c762d88c751c4954792.map
?? work/native-errors/jest-cache/jest-transform-cache-9cca1a483338b2b09b9b84e0204c6bf5-33e9a252a52783adb262261baf4dff05/32/validators_3225b0b2981118c823d289fc1508a544
?? work/native-errors/jest-cache/jest-transform-cache-9cca1a483338b2b09b9b84e0204c6bf5-33e9a252a52783adb262261baf4dff05/32/validators_3225b0b2981118c823d289fc1508a544.map
?? work/native-errors/jest-cache/jest-transform-cache-9cca1a483338b2b09b9b84e0204c6bf5-33e9a252a52783adb262261baf4dff05/33/validators_33f9f2bb9fc6be65abda2b675c22e512
?? work/native-errors/jest-cache/jest-transform-cache-9cca1a483338b2b09b9b84e0204c6bf5-33e9a252a52783adb262261baf4dff05/33/validators_33f9f2bb9fc6be65abda2b675c22e512.map
?? work/native-errors/jest-cache/jest-transform-cache-9cca1a483338b2b09b9b84e0204c6bf5-33e9a252a52783adb262261baf4dff05/35/types_353824b2c2ecd0085f4a6a517988166b
?? work/native-errors/jest-cache/jest-transform-cache-9cca1a483338b2b09b9b84e0204c6bf5-33e9a252a52783adb262261baf4dff05/35/types_353824b2c2ecd0085f4a6a517988166b.map
?? work/native-errors/jest-cache/jest-transform-cache-9cca1a483338b2b09b9b84e0204c6bf5-33e9a252a52783adb262261baf4dff05/36/admincatalogtest_36828b8b01c7a4bd3f93bc98a5596a78
?? work/native-errors/jest-cache/jest-transform-cache-9cca1a483338b2b09b9b84e0204c6bf5-33e9a252a52783adb262261baf4dff05/36/admincatalogtest_36828b8b01c7a4bd3f93bc98a5596a78.map
?? work/native-errors/jest-cache/jest-transform-cache-9cca1a483338b2b09b9b84e0204c6bf5-33e9a252a52783adb262261baf4dff05/36/validators_36391d62f08b7c657a348f0e2a736596
?? work/native-errors/jest-cache/jest-transform-cache-9cca1a483338b2b09b9b84e0204c6bf5-33e9a252a52783adb262261baf4dff05/36/validators_36391d62f08b7c657a348f0e2a736596.map
?? work/native-errors/jest-cache/jest-transform-cache-9cca1a483338b2b09b9b84e0204c6bf5-33e9a252a52783adb262261baf4dff05/38/compare_38e952361b8195268faef2720c4fee74
?? work/native-errors/jest-cache/jest-transform-cache-9cca1a483338b2b09b9b84e0204c6bf5-33e9a252a52783adb262261baf4dff05/38/compare_38e952361b8195268faef2720c4fee74.map
?? work/native-errors/jest-cache/jest-transform-cache-9cca1a483338b2b09b9b84e0204c6bf5-33e9a252a52783adb262261baf4dff05/3a/conflicts_3af48cdb57a1ff96ce5c340f28668c8b
?? work/native-errors/jest-cache/jest-transform-cache-9cca1a483338b2b09b9b84e0204c6bf5-33e9a252a52783adb262261baf4dff05/3a/conflicts_3af48cdb57a1ff96ce5c340f28668c8b.map
?? work/native-errors/jest-cache/jest-transform-cache-9cca1a483338b2b09b9b84e0204c6bf5-33e9a252a52783adb262261baf4dff05/3c/server_3ca86a8f79a0704cf49e5f2c35553b3d
?? work/native-errors/jest-cache/jest-transform-cache-9cca1a483338b2b09b9b84e0204c6bf5-33e9a252a52783adb262261baf4dff05/3c/server_3ca86a8f79a0704cf49e5f2c35553b3d.map
?? work/native-errors/jest-cache/jest-transform-cache-9cca1a483338b2b09b9b84e0204c6bf5-33e9a252a52783adb262261baf4dff05/3d/PriorityQueue_3d1c2d0cea4b11b657eca55bbe00997c
?? work/native-errors/jest-cache/jest-transform-cache-9cca1a483338b2b09b9b84e0204c6bf5-33e9a252a52783adb262261baf4dff05/3d/PriorityQueue_3d1c2d0cea4b11b657eca55bbe00997c.map
?? work/native-errors/jest-cache/jest-transform-cache-9cca1a483338b2b09b9b84e0204c6bf5-33e9a252a52783adb262261baf4dff05/3d/TokenBucket_3d5bab7201e6336aa159b3806ddb358c
?? work/native-errors/jest-cache/jest-transform-cache-9cca1a483338b2b09b9b84e0204c6bf5-33e9a252a52783adb262261baf4dff05/3d/TokenBucket_3d5bab7201e6336aa159b3806ddb358c.map
?? work/native-errors/jest-cache/jest-transform-cache-9cca1a483338b2b09b9b84e0204c6bf5-33e9a252a52783adb262261baf4dff05/3d/batchSync_3def20e3a440c43df1889d6413e234fa
?? work/native-errors/jest-cache/jest-transform-cache-9cca1a483338b2b09b9b84e0204c6bf5-33e9a252a52783adb262261baf4dff05/3d/batchSync_3def20e3a440c43df1889d6413e234fa.map
?? work/native-errors/jest-cache/jest-transform-cache-9cca1a483338b2b09b9b84e0204c6bf5-33e9a252a52783adb262261baf4dff05/3d/logVars_3d71ae98e971feea355edc145184b4b5
?? work/native-errors/jest-cache/jest-transform-cache-9cca1a483338b2b09b9b84e0204c6bf5-33e9a252a52783adb262261baf4dff05/3d/logVars_3d71ae98e971feea355edc145184b4b5.map
?? work/native-errors/jest-cache/jest-transform-cache-9cca1a483338b2b09b9b84e0204c6bf5-33e9a252a52783adb262261baf4dff05/41/orphanDetection_41a10488f62b50880a4d45089822a286
?? work/native-errors/jest-cache/jest-transform-cache-9cca1a483338b2b09b9b84e0204c6bf5-33e9a252a52783adb262261baf4dff05/41/orphanDetection_41a10488f62b50880a4d45089822a286.map
?? work/native-errors/jest-cache/jest-transform-cache-9cca1a483338b2b09b9b84e0204c6bf5-33e9a252a52783adb262261baf4dff05/42/nativeerrorstest_421666e0013f4609885ce5a902e73105
?? work/native-errors/jest-cache/jest-transform-cache-9cca1a483338b2b09b9b84e0204c6bf5-33e9a252a52783adb262261baf4dff05/42/nativeerrorstest_421666e0013f4609885ce5a902e73105.map
?? work/native-errors/jest-cache/jest-transform-cache-9cca1a483338b2b09b9b84e0204c6bf5-33e9a252a52783adb262261baf4dff05/43/value_43dd300e517107d240ec91ca3b6c33a7
?? work/native-errors/jest-cache/jest-transform-cache-9cca1a483338b2b09b9b84e0204c6bf5-33e9a252a52783adb262261baf4dff05/43/value_43dd300e517107d240ec91ca3b6c33a7.map
?? work/native-errors/jest-cache/jest-transform-cache-9cca1a483338b2b09b9b84e0204c6bf5-33e9a252a52783adb262261baf4dff05/44/authoritytest_446325f4252454393961b200db278beb
?? work/native-errors/jest-cache/jest-transform-cache-9cca1a483338b2b09b9b84e0204c6bf5-33e9a252a52783adb262261baf4dff05/44/authoritytest_446325f4252454393961b200db278beb.map
?? work/native-errors/jest-cache/jest-transform-cache-9cca1a483338b2b09b9b84e0204c6bf5-33e9a252a52783adb262261baf4dff05/46/types_466058ec57420a0bf3a2a975a20887d3
?? work/native-errors/jest-cache/jest-transform-cache-9cca1a483338b2b09b9b84e0204c6bf5-33e9a252a52783adb262261baf4dff05/46/types_466058ec57420a0bf3a2a975a20887d3.map
?? work/native-errors/jest-cache/jest-transform-cache-9cca1a483338b2b09b9b84e0204c6bf5-33e9a252a52783adb262261baf4dff05/47/long_47344e7471994bcc3935002f88b34fbf
?? work/native-errors/jest-cache/jest-transform-cache-9cca1a483338b2b09b9b84e0204c6bf5-33e9a252a52783adb262261baf4dff05/47/long_47344e7471994bcc3935002f88b34fbf.map
?? work/native-errors/jest-cache/jest-transform-cache-9cca1a483338b2b09b9b84e0204c6bf5-33e9a252a52783adb262261baf4dff05/49/profile_49be0f5b1e6cd9f3adc301c70b1001a3
?? work/native-errors/jest-cache/jest-transform-cache-9cca1a483338b2b09b9b84e0204c6bf5-33e9a252a52783adb262261baf4dff05/49/profile_49be0f5b1e6cd9f3adc301c70b1001a3.map
?? work/native-errors/jest-cache/jest-transform-cache-9cca1a483338b2b09b9b84e0204c6bf5-33e9a252a52783adb262261baf4dff05/4c/runtimeMetadataAuth_4c45230c8909d7ce1159034853fb857b
?? work/native-errors/jest-cache/jest-transform-cache-9cca1a483338b2b09b9b84e0204c6bf5-33e9a252a52783adb262261baf4dff05/4c/runtimeMetadataAuth_4c45230c8909d7ce1159034853fb857b.map
?? work/native-errors/jest-cache/jest-transform-cache-9cca1a483338b2b09b9b84e0204c6bf5-33e9a252a52783adb262261baf4dff05/4e/index_4ebebece5f8d347153f22c5c43d1f679
?? work/native-errors/jest-cache/jest-transform-cache-9cca1a483338b2b09b9b84e0204c6bf5-33e9a252a52783adb262261baf4dff05/4e/index_4ebebece5f8d347153f22c5c43d1f679.map
?? work/native-errors/jest-cache/jest-transform-cache-9cca1a483338b2b09b9b84e0204c6bf5-33e9a252a52783adb262261baf4dff05/4e/storage_4e3c79f806c00f16af3abd45607411bf
?? work/native-errors/jest-cache/jest-transform-cache-9cca1a483338b2b09b9b84e0204c6bf5-33e9a252a52783adb262261baf4dff05/4e/storage_4e3c79f806c00f16af3abd45607411bf.map
?? work/native-errors/jest-cache/jest-transform-cache-9cca1a483338b2b09b9b84e0204c6bf5-33e9a252a52783adb262261baf4dff05/4f/pagination_4f5541c6c8e73c707de8ffd5443bcd30
?? work/native-errors/jest-cache/jest-transform-cache-9cca1a483338b2b09b9b84e0204c6bf5-33e9a252a52783adb262261baf4dff05/4f/pagination_4f5541c6c8e73c707de8ffd5443bcd30.map
?? work/native-errors/jest-cache/jest-transform-cache-9cca1a483338b2b09b9b84e0204c6bf5-33e9a252a52783adb262261baf4dff05/4f/registrationstest_4f8c4f60527e9a3f25281939b352a77d
?? work/native-errors/jest-cache/jest-transform-cache-9cca1a483338b2b09b9b84e0204c6bf5-33e9a252a52783adb262261baf4dff05/4f/registrationstest_4f8c4f60527e9a3f25281939b352a77d.map
?? work/native-errors/jest-cache/jest-transform-cache-9cca1a483338b2b09b9b84e0204c6bf5-33e9a252a52783adb262261baf4dff05/50/fixture_50227a0b47ad4b37c179beb9de00fc7d
?? work/native-errors/jest-cache/jest-transform-cache-9cca1a483338b2b09b9b84e0204c6bf5-33e9a252a52783adb262261baf4dff05/50/fixture_50227a0b47ad4b37c179beb9de00fc7d.map
?? work/native-errors/jest-cache/jest-transform-cache-9cca1a483338b2b09b9b84e0204c6bf5-33e9a252a52783adb262261baf4dff05/52/optimistic_updates_impl_52822298ae783b86a279083926c899d7
?? work/native-errors/jest-cache/jest-transform-cache-9cca1a483338b2b09b9b84e0204c6bf5-33e9a252a52783adb262261baf4dff05/52/optimistic_updates_impl_52822298ae783b86a279083926c899d7.map
?? work/native-errors/jest-cache/jest-transform-cache-9cca1a483338b2b09b9b84e0204c6bf5-33e9a252a52783adb262261baf4dff05/55/nativeerrorstest_55cefede0c06ed5ce6b732ef8b399402
?? work/native-errors/jest-cache/jest-transform-cache-9cca1a483338b2b09b9b84e0204c6bf5-33e9a252a52783adb262261baf4dff05/55/nativeerrorstest_55cefede0c06ed5ce6b732ef8b399402.map
?? work/native-errors/jest-cache/jest-transform-cache-9cca1a483338b2b09b9b84e0204c6bf5-33e9a252a52783adb262261baf4dff05/56/credentialstest_56e6acc4c48a11c7f2e1cb8b0469786a
?? work/native-errors/jest-cache/jest-transform-cache-9cca1a483338b2b09b9b84e0204c6bf5-33e9a252a52783adb262261baf4dff05/56/credentialstest_56e6acc4c48a11c7f2e1cb8b0469786a.map
?? work/native-errors/jest-cache/jest-transform-cache-9cca1a483338b2b09b9b84e0204c6bf5-33e9a252a52783adb262261baf4dff05/5a/handlerstest_5a1fde2aaef36e85584d21f200ca20b4
?? work/native-errors/jest-cache/jest-transform-cache-9cca1a483338b2b09b9b84e0204c6bf5-33e9a252a52783adb262261baf4dff05/5a/handlerstest_5a1fde2aaef36e85584d21f200ca20b4.map
?? work/native-errors/jest-cache/jest-transform-cache-9cca1a483338b2b09b9b84e0204c6bf5-33e9a252a52783adb262261baf4dff05/5a/validators_5ad79ca02bec6b945e7b518102b344b6
?? work/native-errors/jest-cache/jest-transform-cache-9cca1a483338b2b09b9b84e0204c6bf5-33e9a252a52783adb262261baf4dff05/5a/validators_5ad79ca02bec6b945e7b518102b344b6.map
?? work/native-errors/jest-cache/jest-transform-cache-9cca1a483338b2b09b9b84e0204c6bf5-33e9a252a52783adb262261baf4dff05/5c/index_5c80ae648e177799af340f98a7e6b211
?? work/native-errors/jest-cache/jest-transform-cache-9cca1a483338b2b09b9b84e0204c6bf5-33e9a252a52783adb262261baf4dff05/5c/index_5c80ae648e177799af340f98a7e6b211.map
?? work/native-errors/jest-cache/jest-transform-cache-9cca1a483338b2b09b9b84e0204c6bf5-33e9a252a52783adb262261baf4dff05/5c/pagination_5ced45fe9b38c542b33ecef3169a728f
?? work/native-errors/jest-cache/jest-transform-cache-9cca1a483338b2b09b9b84e0204c6bf5-33e9a252a52783adb262261baf4dff05/5c/pagination_5ced45fe9b38c542b33ecef3169a728f.map
?? work/native-errors/jest-cache/jest-transform-cache-9cca1a483338b2b09b9b84e0204c6bf5-33e9a252a52783adb262261baf4dff05/5d/immutable_5d42c217c707affcf8e4b762a8ec53ad
?? work/native-errors/jest-cache/jest-transform-cache-9cca1a483338b2b09b9b84e0204c6bf5-33e9a252a52783adb262261baf4dff05/5d/immutable_5d42c217c707affcf8e4b762a8ec53ad.map
?? work/native-errors/jest-cache/jest-transform-cache-9cca1a483338b2b09b9b84e0204c6bf5-33e9a252a52783adb262261baf4dff05/62/index_62a25d4dac9a2a4039526adcd4a994a5
?? work/native-errors/jest-cache/jest-transform-cache-9cca1a483338b2b09b9b84e0204c6bf5-33e9a252a52783adb262261baf4dff05/62/index_62a25d4dac9a2a4039526adcd4a994a5.map
?? work/native-errors/jest-cache/jest-transform-cache-9cca1a483338b2b09b9b84e0204c6bf5-33e9a252a52783adb262261baf4dff05/63/scheduler_impl_63fde5142f308fb8e678a9bc60684cb8
?? work/native-errors/jest-cache/jest-transform-cache-9cca1a483338b2b09b9b84e0204c6bf5-33e9a252a52783adb262261baf4dff05/63/scheduler_impl_63fde5142f308fb8e678a9bc60684cb8.map
?? work/native-errors/jest-cache/jest-transform-cache-9cca1a483338b2b09b9b84e0204c6bf5-33e9a252a52783adb262261baf4dff05/63/syncDeletes_639e5ab2d0bf42d84d76ca761a9c170f
?? work/native-errors/jest-cache/jest-transform-cache-9cca1a483338b2b09b9b84e0204c6bf5-33e9a252a52783adb262261baf4dff05/63/syncDeletes_639e5ab2d0bf42d84d76ca761a9c170f.map
?? work/native-errors/jest-cache/jest-transform-cache-9cca1a483338b2b09b9b84e0204c6bf5-33e9a252a52783adb262261baf4dff05/66/validators_66fbcdf5b11fca2bc9e981b321b832e0
?? work/native-errors/jest-cache/jest-transform-cache-9cca1a483338b2b09b9b84e0204c6bf5-33e9a252a52783adb262261baf4dff05/66/validators_66fbcdf5b11fca2bc9e981b321b832e0.map
?? work/native-errors/jest-cache/jest-transform-cache-9cca1a483338b2b09b9b84e0204c6bf5-33e9a252a52783adb262261baf4dff05/67/syscall_67debaa7fdc151d64fbdcb3dd435f551
?? work/native-errors/jest-cache/jest-transform-cache-9cca1a483338b2b09b9b84e0204c6bf5-33e9a252a52783adb262261baf4dff05/67/syscall_67debaa7fdc151d64fbdcb3dd435f551.map
?? work/native-errors/jest-cache/jest-transform-cache-9cca1a483338b2b09b9b84e0204c6bf5-33e9a252a52783adb262261baf4dff05/6b/paths_6bd6085707dd9b2259de177672304786
?? work/native-errors/jest-cache/jest-transform-cache-9cca1a483338b2b09b9b84e0204c6bf5-33e9a252a52783adb262261baf4dff05/6b/paths_6bd6085707dd9b2259de177672304786.map
?? work/native-errors/jest-cache/jest-transform-cache-9cca1a483338b2b09b9b84e0204c6bf5-33e9a252a52783adb262261baf4dff05/6c/web_socket_manager_6cd4923b7548e47601dda2cbcb03d8b0
?? work/native-errors/jest-cache/jest-transform-cache-9cca1a483338b2b09b9b84e0204c6bf5-33e9a252a52783adb262261baf4dff05/6c/web_socket_manager_6cd4923b7548e47601dda2cbcb03d8b0.map
?? work/native-errors/jest-cache/jest-transform-cache-9cca1a483338b2b09b9b84e0204c6bf5-33e9a252a52783adb262261baf4dff05/6d/http_client_6d9252aab221c7291e4437230c4e0be7
?? work/native-errors/jest-cache/jest-transform-cache-9cca1a483338b2b09b9b84e0204c6bf5-33e9a252a52783adb262261baf4dff05/6d/http_client_6d9252aab221c7291e4437230c4e0be7.map
?? work/native-errors/jest-cache/jest-transform-cache-9cca1a483338b2b09b9b84e0204c6bf5-33e9a252a52783adb262261baf4dff05/6e/meta_impl_6e6f4cc36ddbfaeb44564eace119895a
?? work/native-errors/jest-cache/jest-transform-cache-9cca1a483338b2b09b9b84e0204c6bf5-33e9a252a52783adb262261baf4dff05/6e/meta_impl_6e6f4cc36ddbfaeb44564eace119895a.map
?? work/native-errors/jest-cache/jest-transform-cache-9cca1a483338b2b09b9b84e0204c6bf5-33e9a252a52783adb262261baf4dff05/6f/sources_6f38e5a7814f1c3db17992926eefe3ab
?? work/native-errors/jest-cache/jest-transform-cache-9cca1a483338b2b09b9b84e0204c6bf5-33e9a252a52783adb262261baf4dff05/6f/sources_6f38e5a7814f1c3db17992926eefe3ab.map
?? work/native-errors/jest-cache/jest-transform-cache-9cca1a483338b2b09b9b84e0204c6bf5-33e9a252a52783adb262261baf4dff05/70/config_7061bfe3744ba2479add931d179d0ec1
?? work/native-errors/jest-cache/jest-transform-cache-9cca1a483338b2b09b9b84e0204c6bf5-33e9a252a52783adb262261baf4dff05/70/config_7061bfe3744ba2479add931d179d0ec1.map
?? work/native-errors/jest-cache/jest-transform-cache-9cca1a483338b2b09b9b84e0204c6bf5-33e9a252a52783adb262261baf4dff05/72/audit_logging_72b41d6f50c6903a93b43a1dc032d806
?? work/native-errors/jest-cache/jest-transform-cache-9cca1a483338b2b09b9b84e0204c6bf5-33e9a252a52783adb262261baf4dff05/72/audit_logging_72b41d6f50c6903a93b43a1dc032d806.map
?? work/native-errors/jest-cache/jest-transform-cache-9cca1a483338b2b09b9b84e0204c6bf5-33e9a252a52783adb262261baf4dff05/72/index_724752cdd29c40fd972811746b377217
?? work/native-errors/jest-cache/jest-transform-cache-9cca1a483338b2b09b9b84e0204c6bf5-33e9a252a52783adb262261baf4dff05/72/index_724752cdd29c40fd972811746b377217.map
?? work/native-errors/jest-cache/jest-transform-cache-9cca1a483338b2b09b9b84e0204c6bf5-33e9a252a52783adb262261baf4dff05/76/index_76982c56f4450e7cf1e26223bbd70681
?? work/native-errors/jest-cache/jest-transform-cache-9cca1a483338b2b09b9b84e0204c6bf5-33e9a252a52783adb262261baf4dff05/76/index_76982c56f4450e7cf1e26223bbd70681.map
?? work/native-errors/jest-cache/jest-transform-cache-9cca1a483338b2b09b9b84e0204c6bf5-33e9a252a52783adb262261baf4dff05/76/registration_impl_76dcf41253e8b442f086feb12249a7dc
?? work/native-errors/jest-cache/jest-transform-cache-9cca1a483338b2b09b9b84e0204c6bf5-33e9a252a52783adb262261baf4dff05/76/registration_impl_76dcf41253e8b442f086feb12249a7dc.map
?? work/native-errors/jest-cache/jest-transform-cache-9cca1a483338b2b09b9b84e0204c6bf5-33e9a252a52783adb262261baf4dff05/78/udf_path_utils_78114a351d397a5b83df3b7a1403674f
?? work/native-errors/jest-cache/jest-transform-cache-9cca1a483338b2b09b9b84e0204c6bf5-33e9a252a52783adb262261baf4dff05/78/udf_path_utils_78114a351d397a5b83df3b7a1403674f.map
?? work/native-errors/jest-cache/jest-transform-cache-9cca1a483338b2b09b9b84e0204c6bf5-33e9a252a52783adb262261baf4dff05/7f/runtimeAuthSchema_7fd47bde6bc170440e53baa90c8ddb5a
?? work/native-errors/jest-cache/jest-transform-cache-9cca1a483338b2b09b9b84e0204c6bf5-33e9a252a52783adb262261baf4dff05/7f/runtimeAuthSchema_7fd47bde6bc170440e53baa90c8ddb5a.map
?? work/native-errors/jest-cache/jest-transform-cache-9cca1a483338b2b09b9b84e0204c6bf5-33e9a252a52783adb262261baf4dff05/82/index_820e29b67af5f8abfa4ab07e7dc0938d
?? work/native-errors/jest-cache/jest-transform-cache-9cca1a483338b2b09b9b84e0204c6bf5-33e9a252a52783adb262261baf4dff05/82/index_820e29b67af5f8abfa4ab07e7dc0938d.map
?? work/native-errors/jest-cache/jest-transform-cache-9cca1a483338b2b09b9b84e0204c6bf5-33e9a252a52783adb262261baf4dff05/82/indexnode_8201d40e6d628f2a3d3d56139b630cf3
?? work/native-errors/jest-cache/jest-transform-cache-9cca1a483338b2b09b9b84e0204c6bf5-33e9a252a52783adb262261baf4dff05/82/indexnode_8201d40e6d628f2a3d3d56139b630cf3.map
?? work/native-errors/jest-cache/jest-transform-cache-9cca1a483338b2b09b9b84e0204c6bf5-33e9a252a52783adb262261baf4dff05/83/api_83466669495f007534adbf27b830271f
?? work/native-errors/jest-cache/jest-transform-cache-9cca1a483338b2b09b9b84e0204c6bf5-33e9a252a52783adb262261baf4dff05/83/api_83466669495f007534adbf27b830271f.map
?? work/native-errors/jest-cache/jest-transform-cache-9cca1a483338b2b09b9b84e0204c6bf5-33e9a252a52783adb262261baf4dff05/84/index_84f24847ef931b508d24c875893be6b8
?? work/native-errors/jest-cache/jest-transform-cache-9cca1a483338b2b09b9b84e0204c6bf5-33e9a252a52783adb262261baf4dff05/84/index_84f24847ef931b508d24c875893be6b8.map
?? work/native-errors/jest-cache/jest-transform-cache-9cca1a483338b2b09b9b84e0204c6bf5-33e9a252a52783adb262261baf4dff05/84/paginated_query_client_841e9a281682c472e9e5d6f794666084
?? work/native-errors/jest-cache/jest-transform-cache-9cca1a483338b2b09b9b84e0204c6bf5-33e9a252a52783adb262261baf4dff05/84/paginated_query_client_841e9a281682c472e9e5d6f794666084.map
?? work/native-errors/jest-cache/jest-transform-cache-9cca1a483338b2b09b9b84e0204c6bf5-33e9a252a52783adb262261baf4dff05/85/graphEnhancement_85dd40c7d7af4041a0d2f8d0b65dea8a
?? work/native-errors/jest-cache/jest-transform-cache-9cca1a483338b2b09b9b84e0204c6bf5-33e9a252a52783adb262261baf4dff05/85/graphEnhancement_85dd40c7d7af4041a0d2f8d0b65dea8a.map
?? work/native-errors/jest-cache/jest-transform-cache-9cca1a483338b2b09b9b84e0204c6bf5-33e9a252a52783adb262261baf4dff05/85/validators_85a14ecf8f290547a1fa2ca91c695ae1
?? work/native-errors/jest-cache/jest-transform-cache-9cca1a483338b2b09b9b84e0204c6bf5-33e9a252a52783adb262261baf4dff05/85/validators_85a14ecf8f290547a1fa2ca91c695ae1.map
?? work/native-errors/jest-cache/jest-transform-cache-9cca1a483338b2b09b9b84e0204c6bf5-33e9a252a52783adb262261baf4dff05/86/GraphSyncWorker_86654aca03573ce40e0592a05e1f3b9b
?? work/native-errors/jest-cache/jest-transform-cache-9cca1a483338b2b09b9b84e0204c6bf5-33e9a252a52783adb262261baf4dff05/86/GraphSyncWorker_86654aca03573ce40e0592a05e1f3b9b.map
?? work/native-errors/jest-cache/jest-transform-cache-9cca1a483338b2b09b9b84e0204c6bf5-33e9a252a52783adb262261baf4dff05/86/index_86f392d43729b7161b2ec8ac02745219
?? work/native-errors/jest-cache/jest-transform-cache-9cca1a483338b2b09b9b84e0204c6bf5-33e9a252a52783adb262261baf4dff05/86/index_86f392d43729b7161b2ec8ac02745219.map
?? work/native-errors/jest-cache/jest-transform-cache-9cca1a483338b2b09b9b84e0204c6bf5-33e9a252a52783adb262261baf4dff05/86/slots_8656437d44c6f9d2fb807b8df219ac22
?? work/native-errors/jest-cache/jest-transform-cache-9cca1a483338b2b09b9b84e0204c6bf5-33e9a252a52783adb262261baf4dff05/86/slots_8656437d44c6f9d2fb807b8df219ac22.map
?? work/native-errors/jest-cache/jest-transform-cache-9cca1a483338b2b09b9b84e0204c6bf5-33e9a252a52783adb262261baf4dff05/88/actions_impl_88f613aacc31abd0ceb71814ffa79bed
?? work/native-errors/jest-cache/jest-transform-cache-9cca1a483338b2b09b9b84e0204c6bf5-33e9a252a52783adb262261baf4dff05/88/actions_impl_88f613aacc31abd0ceb71814ffa79bed.map
?? work/native-errors/jest-cache/jest-transform-cache-9cca1a483338b2b09b9b84e0204c6bf5-33e9a252a52783adb262261baf4dff05/8d/runtimeMemorySchema_8dc4a81ab68e8cbdcd298c8096556b1a
?? work/native-errors/jest-cache/jest-transform-cache-9cca1a483338b2b09b9b84e0204c6bf5-33e9a252a52783adb262261baf4dff05/8d/runtimeMemorySchema_8dc4a81ab68e8cbdcd298c8096556b1a.map
?? work/native-errors/jest-cache/jest-transform-cache-9cca1a483338b2b09b9b84e0204c6bf5-33e9a252a52783adb262261baf4dff05/8d/validators_8dbf793fc20093650ba0604dfa080ce0
?? work/native-errors/jest-cache/jest-transform-cache-9cca1a483338b2b09b9b84e0204c6bf5-33e9a252a52783adb262261baf4dff05/8d/validators_8dbf793fc20093650ba0604dfa080ce0.map
?? work/native-errors/jest-cache/jest-transform-cache-9cca1a483338b2b09b9b84e0204c6bf5-33e9a252a52783adb262261baf4dff05/92/vector_search_impl_92551d8f86e3558cbb63bab94da8baa0
?? work/native-errors/jest-cache/jest-transform-cache-9cca1a483338b2b09b9b84e0204c6bf5-33e9a252a52783adb262261baf4dff05/92/vector_search_impl_92551d8f86e3558cbb63bab94da8baa0.map
?? work/native-errors/jest-cache/jest-transform-cache-9cca1a483338b2b09b9b84e0204c6bf5-33e9a252a52783adb262261baf4dff05/93/database_93b9b3f51a145694ae7792ed60df2dd0
?? work/native-errors/jest-cache/jest-transform-cache-9cca1a483338b2b09b9b84e0204c6bf5-33e9a252a52783adb262261baf4dff05/93/database_93b9b3f51a145694ae7792ed60df2dd0.map
?? work/native-errors/jest-cache/jest-transform-cache-9cca1a483338b2b09b9b84e0204c6bf5-33e9a252a52783adb262261baf4dff05/93/handlerstest_93875b20de1269fed8890745b71a712b
?? work/native-errors/jest-cache/jest-transform-cache-9cca1a483338b2b09b9b84e0204c6bf5-33e9a252a52783adb262261baf4dff05/93/handlerstest_93875b20de1269fed8890745b71a712b.map
?? work/native-errors/jest-cache/jest-transform-cache-9cca1a483338b2b09b9b84e0204c6bf5-33e9a252a52783adb262261baf4dff05/95/provisioningtest_9559c052326a704a8a5dcf3bb6ca314b
?? work/native-errors/jest-cache/jest-transform-cache-9cca1a483338b2b09b9b84e0204c6bf5-33e9a252a52783adb262261baf4dff05/95/provisioningtest_9559c052326a704a8a5dcf3bb6ca314b.map
?? work/native-errors/jest-cache/jest-transform-cache-9cca1a483338b2b09b9b84e0204c6bf5-33e9a252a52783adb262261baf4dff05/96/mutable_96760447b7520247471aeeafdbfcd9ce
?? work/native-errors/jest-cache/jest-transform-cache-9cca1a483338b2b09b9b84e0204c6bf5-33e9a252a52783adb262261baf4dff05/96/mutable_96760447b7520247471aeeafdbfcd9ce.map
?? work/native-errors/jest-cache/jest-transform-cache-9cca1a483338b2b09b9b84e0204c6bf5-33e9a252a52783adb262261baf4dff05/97/index_range_builder_971b058042a812bd05158ebbba17aa71
?? work/native-errors/jest-cache/jest-transform-cache-9cca1a483338b2b09b9b84e0204c6bf5-33e9a252a52783adb262261baf4dff05/97/index_range_builder_971b058042a812bd05158ebbba17aa71.map
?? work/native-errors/jest-cache/jest-transform-cache-9cca1a483338b2b09b9b84e0204c6bf5-33e9a252a52783adb262261baf4dff05/98/authentication_impl_98dd8912ae02f71a4514d83f467af1b4
?? work/native-errors/jest-cache/jest-transform-cache-9cca1a483338b2b09b9b84e0204c6bf5-33e9a252a52783adb262261baf4dff05/98/authentication_impl_98dd8912ae02f71a4514d83f467af1b4.map
?? work/native-errors/jest-cache/jest-transform-cache-9cca1a483338b2b09b9b84e0204c6bf5-33e9a252a52783adb262261baf4dff05/98/index_98e3c776d62c62eab57d65a37c375578
?? work/native-errors/jest-cache/jest-transform-cache-9cca1a483338b2b09b9b84e0204c6bf5-33e9a252a52783adb262261baf4dff05/98/index_98e3c776d62c62eab57d65a37c375578.map
?? work/native-errors/jest-cache/jest-transform-cache-9cca1a483338b2b09b9b84e0204c6bf5-33e9a252a52783adb262261baf4dff05/99/query_impl_992ceccc488246bcc3df20797f7efeb8
?? work/native-errors/jest-cache/jest-transform-cache-9cca1a483338b2b09b9b84e0204c6bf5-33e9a252a52783adb262261baf4dff05/99/query_impl_992ceccc488246bcc3df20797f7efeb8.map
?? work/native-errors/jest-cache/jest-transform-cache-9cca1a483338b2b09b9b84e0204c6bf5-33e9a252a52783adb262261baf4dff05/9a/size_9a4a082ef21b0bb261cb3bdeef9eb208
?? work/native-errors/jest-cache/jest-transform-cache-9cca1a483338b2b09b9b84e0204c6bf5-33e9a252a52783adb262261baf4dff05/9a/size_9a4a082ef21b0bb261cb3bdeef9eb208.map
?? work/native-errors/jest-cache/jest-transform-cache-9cca1a483338b2b09b9b84e0204c6bf5-33e9a252a52783adb262261baf4dff05/9b/logging_9ba5473f70aa4339c6a5bb1efcfd9de1
?? work/native-errors/jest-cache/jest-transform-cache-9cca1a483338b2b09b9b84e0204c6bf5-33e9a252a52783adb262261baf4dff05/9b/logging_9ba5473f70aa4339c6a5bb1efcfd9de1.map
?? work/native-errors/jest-cache/jest-transform-cache-9cca1a483338b2b09b9b84e0204c6bf5-33e9a252a52783adb262261baf4dff05/9c/credentials_9cd9b12ad84ab0898fa1ba10df778915
?? work/native-errors/jest-cache/jest-transform-cache-9cca1a483338b2b09b9b84e0204c6bf5-33e9a252a52783adb262261baf4dff05/9c/credentials_9cd9b12ad84ab0898fa1ba10df778915.map
?? work/native-errors/jest-cache/jest-transform-cache-9cca1a483338b2b09b9b84e0204c6bf5-33e9a252a52783adb262261baf4dff05/9d/CypherGraphAdapter_9d3125847c69f945f1a4b235fd13bb2a
?? work/native-errors/jest-cache/jest-transform-cache-9cca1a483338b2b09b9b84e0204c6bf5-33e9a252a52783adb262261baf4dff05/9d/CypherGraphAdapter_9d3125847c69f945f1a4b235fd13bb2a.map
?? work/native-errors/jest-cache/jest-transform-cache-9cca1a483338b2b09b9b84e0204c6bf5-33e9a252a52783adb262261baf4dff05/9d/index_9da9061049a443f0cbe281ef99c0277b
?? work/native-errors/jest-cache/jest-transform-cache-9cca1a483338b2b09b9b84e0204c6bf5-33e9a252a52783adb262261baf4dff05/9d/index_9da9061049a443f0cbe281ef99c0277b.map
?? work/native-errors/jest-cache/jest-transform-cache-9cca1a483338b2b09b9b84e0204c6bf5-33e9a252a52783adb262261baf4dff05/a0/index_a0255769852737cec8b70a44edadf695
?? work/native-errors/jest-cache/jest-transform-cache-9cca1a483338b2b09b9b84e0204c6bf5-33e9a252a52783adb262261baf4dff05/a0/index_a0255769852737cec8b70a44edadf695.map
?? work/native-errors/jest-cache/jest-transform-cache-9cca1a483338b2b09b9b84e0204c6bf5-33e9a252a52783adb262261baf4dff05/a3/simple_clientnode_a3c925dc806a0fa6c8472a3c6d580828
?? work/native-errors/jest-cache/jest-transform-cache-9cca1a483338b2b09b9b84e0204c6bf5-33e9a252a52783adb262261baf4dff05/a3/simple_clientnode_a3c925dc806a0fa6c8472a3c6d580828.map
?? work/native-errors/jest-cache/jest-transform-cache-9cca1a483338b2b09b9b84e0204c6bf5-33e9a252a52783adb262261baf4dff05/a3/validator_a3383c0aed8fb22ae4a2e752a776431a
?? work/native-errors/jest-cache/jest-transform-cache-9cca1a483338b2b09b9b84e0204c6bf5-33e9a252a52783adb262261baf4dff05/a3/validator_a3383c0aed8fb22ae4a2e752a776431a.map
?? work/native-errors/jest-cache/jest-transform-cache-9cca1a483338b2b09b9b84e0204c6bf5-33e9a252a52783adb262261baf4dff05/a4/index_a4d00f1c2e2ccb366f04763c7d4a6a95
?? work/native-errors/jest-cache/jest-transform-cache-9cca1a483338b2b09b9b84e0204c6bf5-33e9a252a52783adb262261baf4dff05/a4/index_a4d00f1c2e2ccb366f04763c7d4a6a95.map
?? work/native-errors/jest-cache/jest-transform-cache-9cca1a483338b2b09b9b84e0204c6bf5-33e9a252a52783adb262261baf4dff05/a9/env_a97bada027dbd432ac0a8993add99005
?? work/native-errors/jest-cache/jest-transform-cache-9cca1a483338b2b09b9b84e0204c6bf5-33e9a252a52783adb262261baf4dff05/a9/env_a97bada027dbd432ac0a8993add99005.map
?? work/native-errors/jest-cache/jest-transform-cache-9cca1a483338b2b09b9b84e0204c6bf5-33e9a252a52783adb262261baf4dff05/af/deduplication_af176b7695970023155c1f2d50e4f26d
?? work/native-errors/jest-cache/jest-transform-cache-9cca1a483338b2b09b9b84e0204c6bf5-33e9a252a52783adb262261baf4dff05/af/deduplication_af176b7695970023155c1f2d50e4f26d.map
?? work/native-errors/jest-cache/jest-transform-cache-9cca1a483338b2b09b9b84e0204c6bf5-33e9a252a52783adb262261baf4dff05/b1/index_b1bc52a1e299688a25e5dd6f722f43f3
?? work/native-errors/jest-cache/jest-transform-cache-9cca1a483338b2b09b9b84e0204c6bf5-33e9a252a52783adb262261baf4dff05/b1/index_b1bc52a1e299688a25e5dd6f722f43f3.map
?? work/native-errors/jest-cache/jest-transform-cache-9cca1a483338b2b09b9b84e0204c6bf5-33e9a252a52783adb262261baf4dff05/b2/authentication_manager_b2c3a554cc2d293e2c39cea1eb8a49b2
?? work/native-errors/jest-cache/jest-transform-cache-9cca1a483338b2b09b9b84e0204c6bf5-33e9a252a52783adb262261baf4dff05/b2/authentication_manager_b2c3a554cc2d293e2c39cea1eb8a49b2.map
?? work/native-errors/jest-cache/jest-transform-cache-9cca1a483338b2b09b9b84e0204c6bf5-33e9a252a52783adb262261baf4dff05/b4/request_manager_b445d46ce126472f5bbce698191fc100
?? work/native-errors/jest-cache/jest-transform-cache-9cca1a483338b2b09b9b84e0204c6bf5-33e9a252a52783adb262261baf4dff05/b4/request_manager_b445d46ce126472f5bbce698191fc100.map
?? work/native-errors/jest-cache/jest-transform-cache-9cca1a483338b2b09b9b84e0204c6bf5-33e9a252a52783adb262261baf4dff05/b6/syncRelationships_b6a347fc601388241bd3d1cf9c380364
?? work/native-errors/jest-cache/jest-transform-cache-9cca1a483338b2b09b9b84e0204c6bf5-33e9a252a52783adb262261baf4dff05/b6/syncRelationships_b6a347fc601388241bd3d1cf9c380364.map
?? work/native-errors/jest-cache/jest-transform-cache-9cca1a483338b2b09b9b84e0204c6bf5-33e9a252a52783adb262261baf4dff05/b6/validators_b6785289783d2259de194a74917ee0ee
?? work/native-errors/jest-cache/jest-transform-cache-9cca1a483338b2b09b9b84e0204c6bf5-33e9a252a52783adb262261baf4dff05/b6/validators_b6785289783d2259de194a74917ee0ee.map
?? work/native-errors/jest-cache/jest-transform-cache-9cca1a483338b2b09b9b84e0204c6bf5-33e9a252a52783adb262261baf4dff05/ba/beliefrevision_ba77db92ca7ffe47ef4cf09fc7873a85
?? work/native-errors/jest-cache/jest-transform-cache-9cca1a483338b2b09b9b84e0204c6bf5-33e9a252a52783adb262261baf4dff05/ba/beliefrevision_ba77db92ca7ffe47ef4cf09fc7873a85.map
?? work/native-errors/jest-cache/jest-transform-cache-9cca1a483338b2b09b9b84e0204c6bf5-33e9a252a52783adb262261baf4dff05/bb/priorities_bb8d33b4288850eccace816566b9eb89
?? work/native-errors/jest-cache/jest-transform-cache-9cca1a483338b2b09b9b84e0204c6bf5-33e9a252a52783adb262261baf4dff05/bb/priorities_bb8d33b4288850eccace816566b9eb89.map
?? work/native-errors/jest-cache/jest-transform-cache-9cca1a483338b2b09b9b84e0204c6bf5-33e9a252a52783adb262261baf4dff05/bb/tenant_bb5c9b6cd7c648bd2f1f8d84c697eba8
?? work/native-errors/jest-cache/jest-transform-cache-9cca1a483338b2b09b9b84e0204c6bf5-33e9a252a52783adb262261baf4dff05/bb/tenant_bb5c9b6cd7c648bd2f1f8d84c697eba8.map
?? work/native-errors/jest-cache/jest-transform-cache-9cca1a483338b2b09b9b84e0204c6bf5-33e9a252a52783adb262261baf4dff05/bc/index_bc0f63b1af272ef9d51f2107f3f1bac1
?? work/native-errors/jest-cache/jest-transform-cache-9cca1a483338b2b09b9b84e0204c6bf5-33e9a252a52783adb262261baf4dff05/bc/index_bc0f63b1af272ef9d51f2107f3f1bac1.map
?? work/native-errors/jest-cache/jest-transform-cache-9cca1a483338b2b09b9b84e0204c6bf5-33e9a252a52783adb262261baf4dff05/bc/recall_bce28db2cb2c7700a194274481e80fde
?? work/native-errors/jest-cache/jest-transform-cache-9cca1a483338b2b09b9b84e0204c6bf5-33e9a252a52783adb262261baf4dff05/bc/recall_bce28db2cb2c7700a194274481e80fde.map
?? work/native-errors/jest-cache/jest-transform-cache-9cca1a483338b2b09b9b84e0204c6bf5-33e9a252a52783adb262261baf4dff05/bc/schema_bcbc026e0424fd45c2336924d2627906
?? work/native-errors/jest-cache/jest-transform-cache-9cca1a483338b2b09b9b84e0204c6bf5-33e9a252a52783adb262261baf4dff05/bc/schema_bcbc026e0424fd45c2336924d2627906.map
?? work/native-errors/jest-cache/jest-transform-cache-9cca1a483338b2b09b9b84e0204c6bf5-33e9a252a52783adb262261baf4dff05/bf/base64_bf3f6cb789601af15381eb2bff424147
?? work/native-errors/jest-cache/jest-transform-cache-9cca1a483338b2b09b9b84e0204c6bf5-33e9a252a52783adb262261baf4dff05/bf/base64_bf3f6cb789601af15381eb2bff424147.map
?? work/native-errors/jest-cache/jest-transform-cache-9cca1a483338b2b09b9b84e0204c6bf5-33e9a252a52783adb262261baf4dff05/c0/functionName_c027f04f4f6abfe3d32581a09c667d6f
?? work/native-errors/jest-cache/jest-transform-cache-9cca1a483338b2b09b9b84e0204c6bf5-33e9a252a52783adb262261baf4dff05/c0/functionName_c027f04f4f6abfe3d32581a09c667d6f.map
?? work/native-errors/jest-cache/jest-transform-cache-9cca1a483338b2b09b9b84e0204c6bf5-33e9a252a52783adb262261baf4dff05/c3/graphtest_c327ec731a9ff2614d1adbbafff3f984
?? work/native-errors/jest-cache/jest-transform-cache-9cca1a483338b2b09b9b84e0204c6bf5-33e9a252a52783adb262261baf4dff05/c3/graphtest_c327ec731a9ff2614d1adbbafff3f984.map
?? work/native-errors/jest-cache/jest-transform-cache-9cca1a483338b2b09b9b84e0204c6bf5-33e9a252a52783adb262261baf4dff05/c8/validators_c8413c2675e05b5f63b1d575429e6bb5
?? work/native-errors/jest-cache/jest-transform-cache-9cca1a483338b2b09b9b84e0204c6bf5-33e9a252a52783adb262261baf4dff05/c8/validators_c8413c2675e05b5f63b1d575429e6bb5.map
?? work/native-errors/jest-cache/jest-transform-cache-9cca1a483338b2b09b9b84e0204c6bf5-33e9a252a52783adb262261baf4dff05/c9/search_filter_builder_c9e37e7597b6ab5ae639005f0599578e
?? work/native-errors/jest-cache/jest-transform-cache-9cca1a483338b2b09b9b84e0204c6bf5-33e9a252a52783adb262261baf4dff05/c9/search_filter_builder_c9e37e7597b6ab5ae639005f0599578e.map
?? work/native-errors/jest-cache/jest-transform-cache-9cca1a483338b2b09b9b84e0204c6bf5-33e9a252a52783adb262261baf4dff05/c9/slotmatching_c90b6eb1fa58c615b4bc299ed926bdda
?? work/native-errors/jest-cache/jest-transform-cache-9cca1a483338b2b09b9b84e0204c6bf5-33e9a252a52783adb262261baf4dff05/c9/slotmatching_c90b6eb1fa58c615b4bc299ed926bdda.map
?? work/native-errors/jest-cache/jest-transform-cache-9cca1a483338b2b09b9b84e0204c6bf5-33e9a252a52783adb262261baf4dff05/cc/provisioningtest_cce02769910196d395c0db1c6fd4e178
?? work/native-errors/jest-cache/jest-transform-cache-9cca1a483338b2b09b9b84e0204c6bf5-33e9a252a52783adb262261baf4dff05/cc/provisioningtest_cce02769910196d395c0db1c6fd4e178.map
?? work/native-errors/jest-cache/jest-transform-cache-9cca1a483338b2b09b9b84e0204c6bf5-33e9a252a52783adb262261baf4dff05/ce/metadataconsumerstest_ceb02817d483f131db0e6b7eb1709ffc
?? work/native-errors/jest-cache/jest-transform-cache-9cca1a483338b2b09b9b84e0204c6bf5-33e9a252a52783adb262261baf4dff05/ce/metadataconsumerstest_ceb02817d483f131db0e6b7eb1709ffc.map
?? work/native-errors/jest-cache/jest-transform-cache-9cca1a483338b2b09b9b84e0204c6bf5-33e9a252a52783adb262261baf4dff05/d0/local_state_d000435b0dc890bb03d8b753efc9eeff
?? work/native-errors/jest-cache/jest-transform-cache-9cca1a483338b2b09b9b84e0204c6bf5-33e9a252a52783adb262261baf4dff05/d0/local_state_d000435b0dc890bb03d8b753efc9eeff.map
?? work/native-errors/jest-cache/jest-transform-cache-9cca1a483338b2b09b9b84e0204c6bf5-33e9a252a52783adb262261baf4dff05/d1/index_d1fb42b597cb2ca10be2eb84a1b538f7
?? work/native-errors/jest-cache/jest-transform-cache-9cca1a483338b2b09b9b84e0204c6bf5-33e9a252a52783adb262261baf4dff05/d1/index_d1fb42b597cb2ca10be2eb84a1b538f7.map
?? work/native-errors/jest-cache/jest-transform-cache-9cca1a483338b2b09b9b84e0204c6bf5-33e9a252a52783adb262261baf4dff05/d2/index_range_builder_impl_d20436c9f005a1489f41bef0f94bfae5
?? work/native-errors/jest-cache/jest-transform-cache-9cca1a483338b2b09b9b84e0204c6bf5-33e9a252a52783adb262261baf4dff05/d2/index_range_builder_impl_d20436c9f005a1489f41bef0f94bfae5.map
?? work/native-errors/jest-cache/jest-transform-cache-9cca1a483338b2b09b9b84e0204c6bf5-33e9a252a52783adb262261baf4dff05/d2/vector_search_d25d6e8642221e421877e19a13757c40
?? work/native-errors/jest-cache/jest-transform-cache-9cca1a483338b2b09b9b84e0204c6bf5-33e9a252a52783adb262261baf4dff05/d2/vector_search_d25d6e8642221e421877e19a13757c40.map
?? work/native-errors/jest-cache/jest-transform-cache-9cca1a483338b2b09b9b84e0204c6bf5-33e9a252a52783adb262261baf4dff05/d3/inventorytest_d32e76605485bea204776d2de9575908
?? work/native-errors/jest-cache/jest-transform-cache-9cca1a483338b2b09b9b84e0204c6bf5-33e9a252a52783adb262261baf4dff05/d3/inventorytest_d32e76605485bea204776d2de9575908.map
?? work/native-errors/jest-cache/jest-transform-cache-9cca1a483338b2b09b9b84e0204c6bf5-33e9a252a52783adb262261baf4dff05/d4/api_d4252aacd39b2d06d83946769b26fcaf
?? work/native-errors/jest-cache/jest-transform-cache-9cca1a483338b2b09b9b84e0204c6bf5-33e9a252a52783adb262261baf4dff05/d4/api_d4252aacd39b2d06d83946769b26fcaf.map
?? work/native-errors/jest-cache/jest-transform-cache-9cca1a483338b2b09b9b84e0204c6bf5-33e9a252a52783adb262261baf4dff05/d4/index_d4b505cd2875a5649f1f671c7cab1d41
?? work/native-errors/jest-cache/jest-transform-cache-9cca1a483338b2b09b9b84e0204c6bf5-33e9a252a52783adb262261baf4dff05/d4/index_d4b505cd2875a5649f1f671c7cab1d41.map
?? work/native-errors/jest-cache/jest-transform-cache-9cca1a483338b2b09b9b84e0204c6bf5-33e9a252a52783adb262261baf4dff05/d4/validators_d4cd490ed72956ebd6f309a002085061
?? work/native-errors/jest-cache/jest-transform-cache-9cca1a483338b2b09b9b84e0204c6bf5-33e9a252a52783adb262261baf4dff05/d4/validators_d4cd490ed72956ebd6f309a002085061.map
?? work/native-errors/jest-cache/jest-transform-cache-9cca1a483338b2b09b9b84e0204c6bf5-33e9a252a52783adb262261baf4dff05/d5/history_d536f2380c58eba3e995ab6d7078bc19
?? work/native-errors/jest-cache/jest-transform-cache-9cca1a483338b2b09b9b84e0204c6bf5-33e9a252a52783adb262261baf4dff05/d5/history_d536f2380c58eba3e995ab6d7078bc19.map
?? work/native-errors/jest-cache/jest-transform-cache-9cca1a483338b2b09b9b84e0204c6bf5-33e9a252a52783adb262261baf4dff05/d6/client_d6f52fc91a51a508deacfd52ef59f4b5
?? work/native-errors/jest-cache/jest-transform-cache-9cca1a483338b2b09b9b84e0204c6bf5-33e9a252a52783adb262261baf4dff05/d6/client_d6f52fc91a51a508deacfd52ef59f4b5.map
?? work/native-errors/jest-cache/jest-transform-cache-9cca1a483338b2b09b9b84e0204c6bf5-33e9a252a52783adb262261baf4dff05/d6/index_d670464b9c3392356d60853e2552648c
?? work/native-errors/jest-cache/jest-transform-cache-9cca1a483338b2b09b9b84e0204c6bf5-33e9a252a52783adb262261baf4dff05/d6/index_d670464b9c3392356d60853e2552648c.map
?? work/native-errors/jest-cache/jest-transform-cache-9cca1a483338b2b09b9b84e0204c6bf5-33e9a252a52783adb262261baf4dff05/d6/router_d68924c5550c09515d21fc4295407f04
?? work/native-errors/jest-cache/jest-transform-cache-9cca1a483338b2b09b9b84e0204c6bf5-33e9a252a52783adb262261baf4dff05/d6/router_d68924c5550c09515d21fc4295407f04.map
?? work/native-errors/jest-cache/jest-transform-cache-9cca1a483338b2b09b9b84e0204c6bf5-33e9a252a52783adb262261baf4dff05/d7/graphSync_d7874601c9c761bf8d1bdf687633195b
?? work/native-errors/jest-cache/jest-transform-cache-9cca1a483338b2b09b9b84e0204c6bf5-33e9a252a52783adb262261baf4dff05/d7/graphSync_d7874601c9c761bf8d1bdf687633195b.map
?? work/native-errors/jest-cache/jest-transform-cache-9cca1a483338b2b09b9b84e0204c6bf5-33e9a252a52783adb262261baf4dff05/d8/index_d8d44eec36cbbfc6c188abe53100371d
?? work/native-errors/jest-cache/jest-transform-cache-9cca1a483338b2b09b9b84e0204c6bf5-33e9a252a52783adb262261baf4dff05/d8/index_d8d44eec36cbbfc6c188abe53100371d.map
?? work/native-errors/jest-cache/jest-transform-cache-9cca1a483338b2b09b9b84e0204c6bf5-33e9a252a52783adb262261baf4dff05/db/Semaphore_db665e0f334846aca9b74ab548489d46
?? work/native-errors/jest-cache/jest-transform-cache-9cca1a483338b2b09b9b84e0204c6bf5-33e9a252a52783adb262261baf4dff05/db/Semaphore_db665e0f334846aca9b74ab548489d46.map
?? work/native-errors/jest-cache/jest-transform-cache-9cca1a483338b2b09b9b84e0204c6bf5-33e9a252a52783adb262261baf4dff05/db/fixture_dbf9c39595808cdf2cb40e20fbca753f
?? work/native-errors/jest-cache/jest-transform-cache-9cca1a483338b2b09b9b84e0204c6bf5-33e9a252a52783adb262261baf4dff05/db/fixture_dbf9c39595808cdf2cb40e20fbca753f.map
?? work/native-errors/jest-cache/jest-transform-cache-9cca1a483338b2b09b9b84e0204c6bf5-33e9a252a52783adb262261baf4dff05/db/setup_db9d05f6699445ff52ee91977c7c04b4
?? work/native-errors/jest-cache/jest-transform-cache-9cca1a483338b2b09b9b84e0204c6bf5-33e9a252a52783adb262261baf4dff05/db/setup_db9d05f6699445ff52ee91977c7c04b4.map
?? work/native-errors/jest-cache/jest-transform-cache-9cca1a483338b2b09b9b84e0204c6bf5-33e9a252a52783adb262261baf4dff05/dc/deduplication_dc8ad50ad3bd3501bf10e410aa378a1d
?? work/native-errors/jest-cache/jest-transform-cache-9cca1a483338b2b09b9b84e0204c6bf5-33e9a252a52783adb262261baf4dff05/dc/deduplication_dc8ad50ad3bd3501bf10e410aa378a1d.map
?? work/native-errors/jest-cache/jest-transform-cache-9cca1a483338b2b09b9b84e0204c6bf5-33e9a252a52783adb262261baf4dff05/dc/simple_client_dce16be9ce7d7b50f526b53c03b3df3f
?? work/native-errors/jest-cache/jest-transform-cache-9cca1a483338b2b09b9b84e0204c6bf5-33e9a252a52783adb262261baf4dff05/dc/simple_client_dce16be9ce7d7b50f526b53c03b3df3f.map
?? work/native-errors/jest-cache/jest-transform-cache-9cca1a483338b2b09b9b84e0204c6bf5-33e9a252a52783adb262261baf4dff05/de/validators_de7e6faf27ee0bcc559ea5c117e89ebb
?? work/native-errors/jest-cache/jest-transform-cache-9cca1a483338b2b09b9b84e0204c6bf5-33e9a252a52783adb262261baf4dff05/de/validators_de7e6faf27ee0bcc559ea5c117e89ebb.map
?? work/native-errors/jest-cache/jest-transform-cache-9cca1a483338b2b09b9b84e0204c6bf5-33e9a252a52783adb262261baf4dff05/df/governancetest_dfb2df47d4635f13c16fe91815528ca0
?? work/native-errors/jest-cache/jest-transform-cache-9cca1a483338b2b09b9b84e0204c6bf5-33e9a252a52783adb262261baf4dff05/df/governancetest_dfb2df47d4635f13c16fe91815528ca0.map
?? work/native-errors/jest-cache/jest-transform-cache-9cca1a483338b2b09b9b84e0204c6bf5-33e9a252a52783adb262261baf4dff05/e0/index_e0dc9a0bffd2185b54b2dadf4e4b9cb6
?? work/native-errors/jest-cache/jest-transform-cache-9cca1a483338b2b09b9b84e0204c6bf5-33e9a252a52783adb262261baf4dff05/e0/index_e0dc9a0bffd2185b54b2dadf4e4b9cb6.map
?? work/native-errors/jest-cache/jest-transform-cache-9cca1a483338b2b09b9b84e0204c6bf5-33e9a252a52783adb262261baf4dff05/e3/errors_e3e9c7c428d66518701dab778c85a1aa
?? work/native-errors/jest-cache/jest-transform-cache-9cca1a483338b2b09b9b84e0204c6bf5-33e9a252a52783adb262261baf4dff05/e3/errors_e3e9c7c428d66518701dab778c85a1aa.map
?? work/native-errors/jest-cache/jest-transform-cache-9cca1a483338b2b09b9b84e0204c6bf5-33e9a252a52783adb262261baf4dff05/e4/protocol_e44a0fcc71144ec718b15d74fe287538
?? work/native-errors/jest-cache/jest-transform-cache-9cca1a483338b2b09b9b84e0204c6bf5-33e9a252a52783adb262261baf4dff05/e4/protocol_e44a0fcc71144ec718b15d74fe287538.map
?? work/native-errors/jest-cache/jest-transform-cache-9cca1a483338b2b09b9b84e0204c6bf5-33e9a252a52783adb262261baf4dff05/e5/nativeerrorstest_e581cf7283f878de1a4fdc3cf451b436
?? work/native-errors/jest-cache/jest-transform-cache-9cca1a483338b2b09b9b84e0204c6bf5-33e9a252a52783adb262261baf4dff05/e5/nativeerrorstest_e581cf7283f878de1a4fdc3cf451b436.map
?? work/native-errors/jest-cache/jest-transform-cache-9cca1a483338b2b09b9b84e0204c6bf5-33e9a252a52783adb262261baf4dff05/e6/index_e6384fc4f835773e55dbe560bc3d941c
?? work/native-errors/jest-cache/jest-transform-cache-9cca1a483338b2b09b9b84e0204c6bf5-33e9a252a52783adb262261baf4dff05/e6/index_e6384fc4f835773e55dbe560bc3d941c.map
?? work/native-errors/jest-cache/jest-transform-cache-9cca1a483338b2b09b9b84e0204c6bf5-33e9a252a52783adb262261baf4dff05/e7/runtime_e716aaa19a97fdb9128d833de4af96b3
?? work/native-errors/jest-cache/jest-transform-cache-9cca1a483338b2b09b9b84e0204c6bf5-33e9a252a52783adb262261baf4dff05/e7/runtime_e716aaa19a97fdb9128d833de4af96b3.map
?? work/native-errors/jest-cache/jest-transform-cache-9cca1a483338b2b09b9b84e0204c6bf5-33e9a252a52783adb262261baf4dff05/ea/index_ea704cba4aed66cbeaef65c3d4ac4099
?? work/native-errors/jest-cache/jest-transform-cache-9cca1a483338b2b09b9b84e0204c6bf5-33e9a252a52783adb262261baf4dff05/ea/index_ea704cba4aed66cbeaef65c3d4ac4099.map
?? work/native-errors/jest-cache/jest-transform-cache-9cca1a483338b2b09b9b84e0204c6bf5-33e9a252a52783adb262261baf4dff05/ec/index_ec7ca2163ef8b613bc356f266660cecd
?? work/native-errors/jest-cache/jest-transform-cache-9cca1a483338b2b09b9b84e0204c6bf5-33e9a252a52783adb262261baf4dff05/ec/index_ec7ca2163ef8b613bc356f266660cecd.map
?? work/native-errors/jest-cache/jest-transform-cache-9cca1a483338b2b09b9b84e0204c6bf5-33e9a252a52783adb262261baf4dff05/ec/search_filter_builder_impl_ec1f510c43d80e4516ecaf6926a1ab3b
?? work/native-errors/jest-cache/jest-transform-cache-9cca1a483338b2b09b9b84e0204c6bf5-33e9a252a52783adb262261baf4dff05/ec/search_filter_builder_impl_ec1f510c43d80e4516ecaf6926a1ab3b.map
?? work/native-errors/jest-cache/jest-transform-cache-9cca1a483338b2b09b9b84e0204c6bf5-33e9a252a52783adb262261baf4dff05/ef/CircuitBreaker_ef91c1eac54bf6b1814e0246381da798
?? work/native-errors/jest-cache/jest-transform-cache-9cca1a483338b2b09b9b84e0204c6bf5-33e9a252a52783adb262261baf4dff05/ef/CircuitBreaker_ef91c1eac54bf6b1814e0246381da798.map
?? work/native-errors/jest-cache/jest-transform-cache-9cca1a483338b2b09b9b84e0204c6bf5-33e9a252a52783adb262261baf4dff05/ef/validators_ef2177144d327ef9b2923624e4a25424
?? work/native-errors/jest-cache/jest-transform-cache-9cca1a483338b2b09b9b84e0204c6bf5-33e9a252a52783adb262261baf4dff05/ef/validators_ef2177144d327ef9b2923624e4a25424.map
?? work/native-errors/jest-cache/jest-transform-cache-9cca1a483338b2b09b9b84e0204c6bf5-33e9a252a52783adb262261baf4dff05/f4/runtimeAuth_f471bf2d5cc58ee17acf0778f13b7976
?? work/native-errors/jest-cache/jest-transform-cache-9cca1a483338b2b09b9b84e0204c6bf5-33e9a252a52783adb262261baf4dff05/f4/runtimeAuth_f471bf2d5cc58ee17acf0778f13b7976.map
?? work/native-errors/jest-cache/jest-transform-cache-9cca1a483338b2b09b9b84e0204c6bf5-33e9a252a52783adb262261baf4dff05/f5/index_f5cebcef452828e9459748705fd053bc
?? work/native-errors/jest-cache/jest-transform-cache-9cca1a483338b2b09b9b84e0204c6bf5-33e9a252a52783adb262261baf4dff05/f5/index_f5cebcef452828e9459748705fd053bc.map
?? work/native-errors/jest-cache/jest-transform-cache-9cca1a483338b2b09b9b84e0204c6bf5-33e9a252a52783adb262261baf4dff05/f8/schemas_f80bd4b55558a00a064055a3462dbc5a
?? work/native-errors/jest-cache/jest-transform-cache-9cca1a483338b2b09b9b84e0204c6bf5-33e9a252a52783adb262261baf4dff05/f8/schemas_f80bd4b55558a00a064055a3462dbc5a.map
?? work/native-errors/jest-cache/jest-transform-cache-9cca1a483338b2b09b9b84e0204c6bf5-33e9a252a52783adb262261baf4dff05/f8/validators_f80ad6efc5d170b6502d336025dfa498
?? work/native-errors/jest-cache/jest-transform-cache-9cca1a483338b2b09b9b84e0204c6bf5-33e9a252a52783adb262261baf4dff05/f8/validators_f80ad6efc5d170b6502d336025dfa498.map
?? work/native-errors/jest-cache/jest-transform-cache-9cca1a483338b2b09b9b84e0204c6bf5-33e9a252a52783adb262261baf4dff05/f9/metrics_f91a6cd3633a6252209b472c1494f1d4
?? work/native-errors/jest-cache/jest-transform-cache-9cca1a483338b2b09b9b84e0204c6bf5-33e9a252a52783adb262261baf4dff05/f9/metrics_f91a6cd3633a6252209b472c1494f1d4.map
?? work/native-errors/jest-cache/jest-transform-cache-9cca1a483338b2b09b9b84e0204c6bf5-33e9a252a52783adb262261baf4dff05/f9/runtimeMemoryRepository_f9901536c919dbd25d1e676cae044cae
?? work/native-errors/jest-cache/jest-transform-cache-9cca1a483338b2b09b9b84e0204c6bf5-33e9a252a52783adb262261baf4dff05/f9/runtimeMemoryRepository_f9901536c919dbd25d1e676cae044cae.map
?? work/native-errors/jest-cache/jest-transform-cache-9cca1a483338b2b09b9b84e0204c6bf5-33e9a252a52783adb262261baf4dff05/fa/governance_fa7c428148547d0c6e481e073c03a893
?? work/native-errors/jest-cache/jest-transform-cache-9cca1a483338b2b09b9b84e0204c6bf5-33e9a252a52783adb262261baf4dff05/fa/governance_fa7c428148547d0c6e481e073c03a893.map
?? work/native-errors/jest-cache/jest-transform-cache-9cca1a483338b2b09b9b84e0204c6bf5-33e9a252a52783adb262261baf4dff05/fa/sessionsmaintenancetest_fac3b11705b4b7c5022932fb8b1bc356
?? work/native-errors/jest-cache/jest-transform-cache-9cca1a483338b2b09b9b84e0204c6bf5-33e9a252a52783adb262261baf4dff05/fa/sessionsmaintenancetest_fac3b11705b4b7c5022932fb8b1bc356.map
?? work/native-errors/jest-cache/jest-transform-cache-9cca1a483338b2b09b9b84e0204c6bf5-33e9a252a52783adb262261baf4dff05/fd/handlerstest_fddf439a287c47223c1f1ca4aaaee2b0
?? work/native-errors/jest-cache/jest-transform-cache-9cca1a483338b2b09b9b84e0204c6bf5-33e9a252a52783adb262261baf4dff05/fd/handlerstest_fddf439a287c47223c1f1ca4aaaee2b0.map
?? work/native-errors/jest-cache/jest-transform-cache-9cca1a483338b2b09b9b84e0204c6bf5-33e9a252a52783adb262261baf4dff05/ff/context_ff154f428a6f0992117ab8554d88a367
?? work/native-errors/jest-cache/jest-transform-cache-9cca1a483338b2b09b9b84e0204c6bf5-33e9a252a52783adb262261baf4dff05/ff/context_ff154f428a6f0992117ab8554d88a367.map
?? work/native-errors/jest-cache/perf-cache-9cca1a483338b2b09b9b84e0204c6bf5-da39a3ee5e6b4b0d3255bfef95601890
?? work/native-errors/jest-credentials-cache/haste-map-9cca1a483338b2b09b9b84e0204c6bf5-3a89bd145392ac8f6451fa45c33b01ed-5d65755ecd2ebe6c8ec9b8ca800267fd
?? work/native-errors/jest-credentials-cache/jest-transform-cache-9cca1a483338b2b09b9b84e0204c6bf5-33e9a252a52783adb262261baf4dff05/00/index_00462165a9b56b861cfc132a62a389c6
?? work/native-errors/jest-credentials-cache/jest-transform-cache-9cca1a483338b2b09b9b84e0204c6bf5-33e9a252a52783adb262261baf4dff05/00/index_00462165a9b56b861cfc132a62a389c6.map
?? work/native-errors/jest-credentials-cache/jest-transform-cache-9cca1a483338b2b09b9b84e0204c6bf5-33e9a252a52783adb262261baf4dff05/00/remote_query_set_005c4dfbf123a213d910c0bc9523c0af
?? work/native-errors/jest-credentials-cache/jest-transform-cache-9cca1a483338b2b09b9b84e0204c6bf5-33e9a252a52783adb262261baf4dff05/00/remote_query_set_005c4dfbf123a213d910c0bc9523c0af.map
?? work/native-errors/jest-credentials-cache/jest-transform-cache-9cca1a483338b2b09b9b84e0204c6bf5-33e9a252a52783adb262261baf4dff05/01/initSchema_011a25cd1a086cfa2c7618a5ff33601f
?? work/native-errors/jest-credentials-cache/jest-transform-cache-9cca1a483338b2b09b9b84e0204c6bf5-33e9a252a52783adb262261baf4dff05/01/initSchema_011a25cd1a086cfa2c7618a5ff33601f.map
?? work/native-errors/jest-credentials-cache/jest-transform-cache-9cca1a483338b2b09b9b84e0204c6bf5-33e9a252a52783adb262261baf4dff05/03/syncUtils_03c8dd60db953bd555c624c7a4a65527
?? work/native-errors/jest-credentials-cache/jest-transform-cache-9cca1a483338b2b09b9b84e0204c6bf5-33e9a252a52783adb262261baf4dff05/03/syncUtils_03c8dd60db953bd555c624c7a4a65527.map
?? work/native-errors/jest-credentials-cache/jest-transform-cache-9cca1a483338b2b09b9b84e0204c6bf5-33e9a252a52783adb262261baf4dff05/06/index_06357c04e85b774e3496c18187aed18f
?? work/native-errors/jest-credentials-cache/jest-transform-cache-9cca1a483338b2b09b9b84e0204c6bf5-33e9a252a52783adb262261baf4dff05/06/index_06357c04e85b774e3496c18187aed18f.map
?? work/native-errors/jest-credentials-cache/jest-transform-cache-9cca1a483338b2b09b9b84e0204c6bf5-33e9a252a52783adb262261baf4dff05/0e/session_0e2bd0d87bec1e44b84c4f9400584886
?? work/native-errors/jest-credentials-cache/jest-transform-cache-9cca1a483338b2b09b9b84e0204c6bf5-33e9a252a52783adb262261baf4dff05/0e/session_0e2bd0d87bec1e44b84c4f9400584886.map
?? work/native-errors/jest-credentials-cache/jest-transform-cache-9cca1a483338b2b09b9b84e0204c6bf5-33e9a252a52783adb262261baf4dff05/10/extraction_1021ecb1b2f643b5728a8dd8f270843b
?? work/native-errors/jest-credentials-cache/jest-transform-cache-9cca1a483338b2b09b9b84e0204c6bf5-33e9a252a52783adb262261baf4dff05/10/extraction_1021ecb1b2f643b5728a8dd8f270843b.map
?? work/native-errors/jest-credentials-cache/jest-transform-cache-9cca1a483338b2b09b9b84e0204c6bf5-33e9a252a52783adb262261baf4dff05/10/storage_impl_10746db3c406a2253c36ebfe015af3db
?? work/native-errors/jest-credentials-cache/jest-transform-cache-9cca1a483338b2b09b9b84e0204c6bf5-33e9a252a52783adb262261baf4dff05/10/storage_impl_10746db3c406a2253c36ebfe015af3db.map
?? work/native-errors/jest-credentials-cache/jest-transform-cache-9cca1a483338b2b09b9b84e0204c6bf5-33e9a252a52783adb262261baf4dff05/14/compare_utf8_146866b0f52d1d4437af171a4e7804f3
?? work/native-errors/jest-credentials-cache/jest-transform-cache-9cca1a483338b2b09b9b84e0204c6bf5-33e9a252a52783adb262261baf4dff05/14/compare_utf8_146866b0f52d1d4437af171a4e7804f3.map
?? work/native-errors/jest-credentials-cache/jest-transform-cache-9cca1a483338b2b09b9b84e0204c6bf5-33e9a252a52783adb262261baf4dff05/14/database_impl_149e11b566eafb6180b99b00f82eabc1
?? work/native-errors/jest-credentials-cache/jest-transform-cache-9cca1a483338b2b09b9b84e0204c6bf5-33e9a252a52783adb262261baf4dff05/14/database_impl_149e11b566eafb6180b99b00f82eabc1.map
?? work/native-errors/jest-credentials-cache/jest-transform-cache-9cca1a483338b2b09b9b84e0204c6bf5-33e9a252a52783adb262261baf4dff05/17/index_1740cd7c832f49f253b6ca0aee427d5b
?? work/native-errors/jest-credentials-cache/jest-transform-cache-9cca1a483338b2b09b9b84e0204c6bf5-33e9a252a52783adb262261baf4dff05/17/index_1740cd7c832f49f253b6ca0aee427d5b.map
?? work/native-errors/jest-credentials-cache/jest-transform-cache-9cca1a483338b2b09b9b84e0204c6bf5-33e9a252a52783adb262261baf4dff05/18/validators_1829a0dcc144a114d31748641dff8429
?? work/native-errors/jest-credentials-cache/jest-transform-cache-9cca1a483338b2b09b9b84e0204c6bf5-33e9a252a52783adb262261baf4dff05/18/validators_1829a0dcc144a114d31748641dff8429.map
?? work/native-errors/jest-credentials-cache/jest-transform-cache-9cca1a483338b2b09b9b84e0204c6bf5-33e9a252a52783adb262261baf4dff05/1a/index_1aba58eff78781c15fc82cdb2e3a9363
?? work/native-errors/jest-credentials-cache/jest-transform-cache-9cca1a483338b2b09b9b84e0204c6bf5-33e9a252a52783adb262261baf4dff05/1a/index_1aba58eff78781c15fc82cdb2e3a9363.map
?? work/native-errors/jest-credentials-cache/jest-transform-cache-9cca1a483338b2b09b9b84e0204c6bf5-33e9a252a52783adb262261baf4dff05/1b/index_1b794fea8bb4b9d7d026099133834d43
?? work/native-errors/jest-credentials-cache/jest-transform-cache-9cca1a483338b2b09b9b84e0204c6bf5-33e9a252a52783adb262261baf4dff05/1b/index_1b794fea8bb4b9d7d026099133834d43.map
?? work/native-errors/jest-credentials-cache/jest-transform-cache-9cca1a483338b2b09b9b84e0204c6bf5-33e9a252a52783adb262261baf4dff05/1e/conflictprompts_1e40346a639cbd92406f662ae13bc2d9
?? work/native-errors/jest-credentials-cache/jest-transform-cache-9cca1a483338b2b09b9b84e0204c6bf5-33e9a252a52783adb262261baf4dff05/1e/conflictprompts_1e40346a639cbd92406f662ae13bc2d9.map
?? work/native-errors/jest-credentials-cache/jest-transform-cache-9cca1a483338b2b09b9b84e0204c6bf5-33e9a252a52783adb262261baf4dff05/1f/validate_1fe2d3e4599b3f45e69dcb27847381f2
?? work/native-errors/jest-credentials-cache/jest-transform-cache-9cca1a483338b2b09b9b84e0204c6bf5-33e9a252a52783adb262261baf4dff05/1f/validate_1fe2d3e4599b3f45e69dcb27847381f2.map
?? work/native-errors/jest-credentials-cache/jest-transform-cache-9cca1a483338b2b09b9b84e0204c6bf5-33e9a252a52783adb262261baf4dff05/25/cron_253ce55376ade989516ea9e2baffb1bf
?? work/native-errors/jest-credentials-cache/jest-transform-cache-9cca1a483338b2b09b9b84e0204c6bf5-33e9a252a52783adb262261baf4dff05/25/cron_253ce55376ade989516ea9e2baffb1bf.map
?? work/native-errors/jest-credentials-cache/jest-transform-cache-9cca1a483338b2b09b9b84e0204c6bf5-33e9a252a52783adb262261baf4dff05/25/validators_253d1a6c279ed0e689f8f033430a7a0c
?? work/native-errors/jest-credentials-cache/jest-transform-cache-9cca1a483338b2b09b9b84e0204c6bf5-33e9a252a52783adb262261baf4dff05/25/validators_253d1a6c279ed0e689f8f033430a7a0c.map
?? work/native-errors/jest-credentials-cache/jest-transform-cache-9cca1a483338b2b09b9b84e0204c6bf5-33e9a252a52783adb262261baf4dff05/27/filter_builder_impl_278ece00eb19abc8dcd5b59ef808579d
?? work/native-errors/jest-credentials-cache/jest-transform-cache-9cca1a483338b2b09b9b84e0204c6bf5-33e9a252a52783adb262261baf4dff05/27/filter_builder_impl_278ece00eb19abc8dcd5b59ef808579d.map
?? work/native-errors/jest-credentials-cache/jest-transform-cache-9cca1a483338b2b09b9b84e0204c6bf5-33e9a252a52783adb262261baf4dff05/27/query_options_2702a6e500cfc742a2638102f3792326
?? work/native-errors/jest-credentials-cache/jest-transform-cache-9cca1a483338b2b09b9b84e0204c6bf5-33e9a252a52783adb262261baf4dff05/27/query_options_2702a6e500cfc742a2638102f3792326.map
?? work/native-errors/jest-credentials-cache/jest-transform-cache-9cca1a483338b2b09b9b84e0204c6bf5-33e9a252a52783adb262261baf4dff05/2a/validators_2a63f4ffd3936c9b141c79c8f5b49d7f
?? work/native-errors/jest-credentials-cache/jest-transform-cache-9cca1a483338b2b09b9b84e0204c6bf5-33e9a252a52783adb262261baf4dff05/2a/validators_2a63f4ffd3936c9b141c79c8f5b49d7f.map
?? work/native-errors/jest-credentials-cache/jest-transform-cache-9cca1a483338b2b09b9b84e0204c6bf5-33e9a252a52783adb262261baf4dff05/2b/index_2ba0b3ce586793ac559cbfd62d775457
?? work/native-errors/jest-credentials-cache/jest-transform-cache-9cca1a483338b2b09b9b84e0204c6bf5-33e9a252a52783adb262261baf4dff05/2b/index_2ba0b3ce586793ac559cbfd62d775457.map
?? work/native-errors/jest-credentials-cache/jest-transform-cache-9cca1a483338b2b09b9b84e0204c6bf5-33e9a252a52783adb262261baf4dff05/2b/validators_2b6e992bc4e6a5760d8203d727671c32
?? work/native-errors/jest-credentials-cache/jest-transform-cache-9cca1a483338b2b09b9b84e0204c6bf5-33e9a252a52783adb262261baf4dff05/2b/validators_2b6e992bc4e6a5760d8203d727671c32.map
?? work/native-errors/jest-credentials-cache/jest-transform-cache-9cca1a483338b2b09b9b84e0204c6bf5-33e9a252a52783adb262261baf4dff05/2d/index_2dc6dccb41c5b51c377073c73607f795
?? work/native-errors/jest-credentials-cache/jest-transform-cache-9cca1a483338b2b09b9b84e0204c6bf5-33e9a252a52783adb262261baf4dff05/2d/index_2dc6dccb41c5b51c377073c73607f795.map
?? work/native-errors/jest-credentials-cache/jest-transform-cache-9cca1a483338b2b09b9b84e0204c6bf5-33e9a252a52783adb262261baf4dff05/2d/log_2d4d674fbfee6963586f14ef2c32e9ae
?? work/native-errors/jest-credentials-cache/jest-transform-cache-9cca1a483338b2b09b9b84e0204c6bf5-33e9a252a52783adb262261baf4dff05/2d/log_2d4d674fbfee6963586f14ef2c32e9ae.map
?? work/native-errors/jest-credentials-cache/jest-transform-cache-9cca1a483338b2b09b9b84e0204c6bf5-33e9a252a52783adb262261baf4dff05/30/filter_builder_30b04f87697b442992522bbbc045e850
?? work/native-errors/jest-credentials-cache/jest-transform-cache-9cca1a483338b2b09b9b84e0204c6bf5-33e9a252a52783adb262261baf4dff05/30/filter_builder_30b04f87697b442992522bbbc045e850.map
?? work/native-errors/jest-credentials-cache/jest-transform-cache-9cca1a483338b2b09b9b84e0204c6bf5-33e9a252a52783adb262261baf4dff05/31/resultProcessor_31c68c9656920c762d88c751c4954792
?? work/native-errors/jest-credentials-cache/jest-transform-cache-9cca1a483338b2b09b9b84e0204c6bf5-33e9a252a52783adb262261baf4dff05/31/resultProcessor_31c68c9656920c762d88c751c4954792.map
?? work/native-errors/jest-credentials-cache/jest-transform-cache-9cca1a483338b2b09b9b84e0204c6bf5-33e9a252a52783adb262261baf4dff05/32/validators_3225b0b2981118c823d289fc1508a544
?? work/native-errors/jest-credentials-cache/jest-transform-cache-9cca1a483338b2b09b9b84e0204c6bf5-33e9a252a52783adb262261baf4dff05/32/validators_3225b0b2981118c823d289fc1508a544.map
?? work/native-errors/jest-credentials-cache/jest-transform-cache-9cca1a483338b2b09b9b84e0204c6bf5-33e9a252a52783adb262261baf4dff05/33/validators_33f9f2bb9fc6be65abda2b675c22e512
?? work/native-errors/jest-credentials-cache/jest-transform-cache-9cca1a483338b2b09b9b84e0204c6bf5-33e9a252a52783adb262261baf4dff05/33/validators_33f9f2bb9fc6be65abda2b675c22e512.map
?? work/native-errors/jest-credentials-cache/jest-transform-cache-9cca1a483338b2b09b9b84e0204c6bf5-33e9a252a52783adb262261baf4dff05/35/types_353824b2c2ecd0085f4a6a517988166b
?? work/native-errors/jest-credentials-cache/jest-transform-cache-9cca1a483338b2b09b9b84e0204c6bf5-33e9a252a52783adb262261baf4dff05/35/types_353824b2c2ecd0085f4a6a517988166b.map
?? work/native-errors/jest-credentials-cache/jest-transform-cache-9cca1a483338b2b09b9b84e0204c6bf5-33e9a252a52783adb262261baf4dff05/36/validators_36391d62f08b7c657a348f0e2a736596
?? work/native-errors/jest-credentials-cache/jest-transform-cache-9cca1a483338b2b09b9b84e0204c6bf5-33e9a252a52783adb262261baf4dff05/36/validators_36391d62f08b7c657a348f0e2a736596.map
?? work/native-errors/jest-credentials-cache/jest-transform-cache-9cca1a483338b2b09b9b84e0204c6bf5-33e9a252a52783adb262261baf4dff05/38/compare_38e952361b8195268faef2720c4fee74
?? work/native-errors/jest-credentials-cache/jest-transform-cache-9cca1a483338b2b09b9b84e0204c6bf5-33e9a252a52783adb262261baf4dff05/38/compare_38e952361b8195268faef2720c4fee74.map
?? work/native-errors/jest-credentials-cache/jest-transform-cache-9cca1a483338b2b09b9b84e0204c6bf5-33e9a252a52783adb262261baf4dff05/3a/conflicts_3af48cdb57a1ff96ce5c340f28668c8b
?? work/native-errors/jest-credentials-cache/jest-transform-cache-9cca1a483338b2b09b9b84e0204c6bf5-33e9a252a52783adb262261baf4dff05/3a/conflicts_3af48cdb57a1ff96ce5c340f28668c8b.map
?? work/native-errors/jest-credentials-cache/jest-transform-cache-9cca1a483338b2b09b9b84e0204c6bf5-33e9a252a52783adb262261baf4dff05/3d/PriorityQueue_3d1c2d0cea4b11b657eca55bbe00997c
?? work/native-errors/jest-credentials-cache/jest-transform-cache-9cca1a483338b2b09b9b84e0204c6bf5-33e9a252a52783adb262261baf4dff05/3d/PriorityQueue_3d1c2d0cea4b11b657eca55bbe00997c.map
?? work/native-errors/jest-credentials-cache/jest-transform-cache-9cca1a483338b2b09b9b84e0204c6bf5-33e9a252a52783adb262261baf4dff05/3d/TokenBucket_3d5bab7201e6336aa159b3806ddb358c
?? work/native-errors/jest-credentials-cache/jest-transform-cache-9cca1a483338b2b09b9b84e0204c6bf5-33e9a252a52783adb262261baf4dff05/3d/TokenBucket_3d5bab7201e6336aa159b3806ddb358c.map
?? work/native-errors/jest-credentials-cache/jest-transform-cache-9cca1a483338b2b09b9b84e0204c6bf5-33e9a252a52783adb262261baf4dff05/3d/batchSync_3def20e3a440c43df1889d6413e234fa
?? work/native-errors/jest-credentials-cache/jest-transform-cache-9cca1a483338b2b09b9b84e0204c6bf5-33e9a252a52783adb262261baf4dff05/3d/batchSync_3def20e3a440c43df1889d6413e234fa.map
?? work/native-errors/jest-credentials-cache/jest-transform-cache-9cca1a483338b2b09b9b84e0204c6bf5-33e9a252a52783adb262261baf4dff05/3d/logVars_3d71ae98e971feea355edc145184b4b5
?? work/native-errors/jest-credentials-cache/jest-transform-cache-9cca1a483338b2b09b9b84e0204c6bf5-33e9a252a52783adb262261baf4dff05/3d/logVars_3d71ae98e971feea355edc145184b4b5.map
?? work/native-errors/jest-credentials-cache/jest-transform-cache-9cca1a483338b2b09b9b84e0204c6bf5-33e9a252a52783adb262261baf4dff05/41/orphanDetection_41a10488f62b50880a4d45089822a286
?? work/native-errors/jest-credentials-cache/jest-transform-cache-9cca1a483338b2b09b9b84e0204c6bf5-33e9a252a52783adb262261baf4dff05/41/orphanDetection_41a10488f62b50880a4d45089822a286.map
?? work/native-errors/jest-credentials-cache/jest-transform-cache-9cca1a483338b2b09b9b84e0204c6bf5-33e9a252a52783adb262261baf4dff05/43/value_43dd300e517107d240ec91ca3b6c33a7
?? work/native-errors/jest-credentials-cache/jest-transform-cache-9cca1a483338b2b09b9b84e0204c6bf5-33e9a252a52783adb262261baf4dff05/43/value_43dd300e517107d240ec91ca3b6c33a7.map
?? work/native-errors/jest-credentials-cache/jest-transform-cache-9cca1a483338b2b09b9b84e0204c6bf5-33e9a252a52783adb262261baf4dff05/46/types_466058ec57420a0bf3a2a975a20887d3
?? work/native-errors/jest-credentials-cache/jest-transform-cache-9cca1a483338b2b09b9b84e0204c6bf5-33e9a252a52783adb262261baf4dff05/46/types_466058ec57420a0bf3a2a975a20887d3.map
?? work/native-errors/jest-credentials-cache/jest-transform-cache-9cca1a483338b2b09b9b84e0204c6bf5-33e9a252a52783adb262261baf4dff05/47/long_47344e7471994bcc3935002f88b34fbf
?? work/native-errors/jest-credentials-cache/jest-transform-cache-9cca1a483338b2b09b9b84e0204c6bf5-33e9a252a52783adb262261baf4dff05/47/long_47344e7471994bcc3935002f88b34fbf.map
?? work/native-errors/jest-credentials-cache/jest-transform-cache-9cca1a483338b2b09b9b84e0204c6bf5-33e9a252a52783adb262261baf4dff05/4e/index_4ebebece5f8d347153f22c5c43d1f679
?? work/native-errors/jest-credentials-cache/jest-transform-cache-9cca1a483338b2b09b9b84e0204c6bf5-33e9a252a52783adb262261baf4dff05/4e/index_4ebebece5f8d347153f22c5c43d1f679.map
?? work/native-errors/jest-credentials-cache/jest-transform-cache-9cca1a483338b2b09b9b84e0204c6bf5-33e9a252a52783adb262261baf4dff05/4e/storage_4e3c79f806c00f16af3abd45607411bf
?? work/native-errors/jest-credentials-cache/jest-transform-cache-9cca1a483338b2b09b9b84e0204c6bf5-33e9a252a52783adb262261baf4dff05/4e/storage_4e3c79f806c00f16af3abd45607411bf.map
?? work/native-errors/jest-credentials-cache/jest-transform-cache-9cca1a483338b2b09b9b84e0204c6bf5-33e9a252a52783adb262261baf4dff05/4f/pagination_4f5541c6c8e73c707de8ffd5443bcd30
?? work/native-errors/jest-credentials-cache/jest-transform-cache-9cca1a483338b2b09b9b84e0204c6bf5-33e9a252a52783adb262261baf4dff05/4f/pagination_4f5541c6c8e73c707de8ffd5443bcd30.map
?? work/native-errors/jest-credentials-cache/jest-transform-cache-9cca1a483338b2b09b9b84e0204c6bf5-33e9a252a52783adb262261baf4dff05/52/optimistic_updates_impl_52822298ae783b86a279083926c899d7
?? work/native-errors/jest-credentials-cache/jest-transform-cache-9cca1a483338b2b09b9b84e0204c6bf5-33e9a252a52783adb262261baf4dff05/52/optimistic_updates_impl_52822298ae783b86a279083926c899d7.map
?? work/native-errors/jest-credentials-cache/jest-transform-cache-9cca1a483338b2b09b9b84e0204c6bf5-33e9a252a52783adb262261baf4dff05/56/credentialstest_56e6acc4c48a11c7f2e1cb8b0469786a
?? work/native-errors/jest-credentials-cache/jest-transform-cache-9cca1a483338b2b09b9b84e0204c6bf5-33e9a252a52783adb262261baf4dff05/56/credentialstest_56e6acc4c48a11c7f2e1cb8b0469786a.map
?? work/native-errors/jest-credentials-cache/jest-transform-cache-9cca1a483338b2b09b9b84e0204c6bf5-33e9a252a52783adb262261baf4dff05/5a/validators_5ad79ca02bec6b945e7b518102b344b6
?? work/native-errors/jest-credentials-cache/jest-transform-cache-9cca1a483338b2b09b9b84e0204c6bf5-33e9a252a52783adb262261baf4dff05/5a/validators_5ad79ca02bec6b945e7b518102b344b6.map
?? work/native-errors/jest-credentials-cache/jest-transform-cache-9cca1a483338b2b09b9b84e0204c6bf5-33e9a252a52783adb262261baf4dff05/5c/index_5c80ae648e177799af340f98a7e6b211
?? work/native-errors/jest-credentials-cache/jest-transform-cache-9cca1a483338b2b09b9b84e0204c6bf5-33e9a252a52783adb262261baf4dff05/5c/index_5c80ae648e177799af340f98a7e6b211.map
?? work/native-errors/jest-credentials-cache/jest-transform-cache-9cca1a483338b2b09b9b84e0204c6bf5-33e9a252a52783adb262261baf4dff05/5c/pagination_5ced45fe9b38c542b33ecef3169a728f
?? work/native-errors/jest-credentials-cache/jest-transform-cache-9cca1a483338b2b09b9b84e0204c6bf5-33e9a252a52783adb262261baf4dff05/5c/pagination_5ced45fe9b38c542b33ecef3169a728f.map
?? work/native-errors/jest-credentials-cache/jest-transform-cache-9cca1a483338b2b09b9b84e0204c6bf5-33e9a252a52783adb262261baf4dff05/62/index_62a25d4dac9a2a4039526adcd4a994a5
?? work/native-errors/jest-credentials-cache/jest-transform-cache-9cca1a483338b2b09b9b84e0204c6bf5-33e9a252a52783adb262261baf4dff05/62/index_62a25d4dac9a2a4039526adcd4a994a5.map
?? work/native-errors/jest-credentials-cache/jest-transform-cache-9cca1a483338b2b09b9b84e0204c6bf5-33e9a252a52783adb262261baf4dff05/63/scheduler_impl_63fde5142f308fb8e678a9bc60684cb8
?? work/native-errors/jest-credentials-cache/jest-transform-cache-9cca1a483338b2b09b9b84e0204c6bf5-33e9a252a52783adb262261baf4dff05/63/scheduler_impl_63fde5142f308fb8e678a9bc60684cb8.map
?? work/native-errors/jest-credentials-cache/jest-transform-cache-9cca1a483338b2b09b9b84e0204c6bf5-33e9a252a52783adb262261baf4dff05/63/syncDeletes_639e5ab2d0bf42d84d76ca761a9c170f
?? work/native-errors/jest-credentials-cache/jest-transform-cache-9cca1a483338b2b09b9b84e0204c6bf5-33e9a252a52783adb262261baf4dff05/63/syncDeletes_639e5ab2d0bf42d84d76ca761a9c170f.map
?? work/native-errors/jest-credentials-cache/jest-transform-cache-9cca1a483338b2b09b9b84e0204c6bf5-33e9a252a52783adb262261baf4dff05/66/validators_66fbcdf5b11fca2bc9e981b321b832e0
?? work/native-errors/jest-credentials-cache/jest-transform-cache-9cca1a483338b2b09b9b84e0204c6bf5-33e9a252a52783adb262261baf4dff05/66/validators_66fbcdf5b11fca2bc9e981b321b832e0.map
?? work/native-errors/jest-credentials-cache/jest-transform-cache-9cca1a483338b2b09b9b84e0204c6bf5-33e9a252a52783adb262261baf4dff05/67/syscall_67debaa7fdc151d64fbdcb3dd435f551
?? work/native-errors/jest-credentials-cache/jest-transform-cache-9cca1a483338b2b09b9b84e0204c6bf5-33e9a252a52783adb262261baf4dff05/67/syscall_67debaa7fdc151d64fbdcb3dd435f551.map
?? work/native-errors/jest-credentials-cache/jest-transform-cache-9cca1a483338b2b09b9b84e0204c6bf5-33e9a252a52783adb262261baf4dff05/6b/paths_6bd6085707dd9b2259de177672304786
?? work/native-errors/jest-credentials-cache/jest-transform-cache-9cca1a483338b2b09b9b84e0204c6bf5-33e9a252a52783adb262261baf4dff05/6b/paths_6bd6085707dd9b2259de177672304786.map
?? work/native-errors/jest-credentials-cache/jest-transform-cache-9cca1a483338b2b09b9b84e0204c6bf5-33e9a252a52783adb262261baf4dff05/6c/web_socket_manager_6cd4923b7548e47601dda2cbcb03d8b0
?? work/native-errors/jest-credentials-cache/jest-transform-cache-9cca1a483338b2b09b9b84e0204c6bf5-33e9a252a52783adb262261baf4dff05/6c/web_socket_manager_6cd4923b7548e47601dda2cbcb03d8b0.map
?? work/native-errors/jest-credentials-cache/jest-transform-cache-9cca1a483338b2b09b9b84e0204c6bf5-33e9a252a52783adb262261baf4dff05/6d/http_client_6d9252aab221c7291e4437230c4e0be7
?? work/native-errors/jest-credentials-cache/jest-transform-cache-9cca1a483338b2b09b9b84e0204c6bf5-33e9a252a52783adb262261baf4dff05/6d/http_client_6d9252aab221c7291e4437230c4e0be7.map
?? work/native-errors/jest-credentials-cache/jest-transform-cache-9cca1a483338b2b09b9b84e0204c6bf5-33e9a252a52783adb262261baf4dff05/6e/meta_impl_6e6f4cc36ddbfaeb44564eace119895a
?? work/native-errors/jest-credentials-cache/jest-transform-cache-9cca1a483338b2b09b9b84e0204c6bf5-33e9a252a52783adb262261baf4dff05/6e/meta_impl_6e6f4cc36ddbfaeb44564eace119895a.map
?? work/native-errors/jest-credentials-cache/jest-transform-cache-9cca1a483338b2b09b9b84e0204c6bf5-33e9a252a52783adb262261baf4dff05/70/config_7061bfe3744ba2479add931d179d0ec1
?? work/native-errors/jest-credentials-cache/jest-transform-cache-9cca1a483338b2b09b9b84e0204c6bf5-33e9a252a52783adb262261baf4dff05/70/config_7061bfe3744ba2479add931d179d0ec1.map
?? work/native-errors/jest-credentials-cache/jest-transform-cache-9cca1a483338b2b09b9b84e0204c6bf5-33e9a252a52783adb262261baf4dff05/72/audit_logging_72b41d6f50c6903a93b43a1dc032d806
?? work/native-errors/jest-credentials-cache/jest-transform-cache-9cca1a483338b2b09b9b84e0204c6bf5-33e9a252a52783adb262261baf4dff05/72/audit_logging_72b41d6f50c6903a93b43a1dc032d806.map
?? work/native-errors/jest-credentials-cache/jest-transform-cache-9cca1a483338b2b09b9b84e0204c6bf5-33e9a252a52783adb262261baf4dff05/72/index_724752cdd29c40fd972811746b377217
?? work/native-errors/jest-credentials-cache/jest-transform-cache-9cca1a483338b2b09b9b84e0204c6bf5-33e9a252a52783adb262261baf4dff05/72/index_724752cdd29c40fd972811746b377217.map
?? work/native-errors/jest-credentials-cache/jest-transform-cache-9cca1a483338b2b09b9b84e0204c6bf5-33e9a252a52783adb262261baf4dff05/76/index_76982c56f4450e7cf1e26223bbd70681
?? work/native-errors/jest-credentials-cache/jest-transform-cache-9cca1a483338b2b09b9b84e0204c6bf5-33e9a252a52783adb262261baf4dff05/76/index_76982c56f4450e7cf1e26223bbd70681.map
?? work/native-errors/jest-credentials-cache/jest-transform-cache-9cca1a483338b2b09b9b84e0204c6bf5-33e9a252a52783adb262261baf4dff05/76/registration_impl_76dcf41253e8b442f086feb12249a7dc
?? work/native-errors/jest-credentials-cache/jest-transform-cache-9cca1a483338b2b09b9b84e0204c6bf5-33e9a252a52783adb262261baf4dff05/76/registration_impl_76dcf41253e8b442f086feb12249a7dc.map
?? work/native-errors/jest-credentials-cache/jest-transform-cache-9cca1a483338b2b09b9b84e0204c6bf5-33e9a252a52783adb262261baf4dff05/78/udf_path_utils_78114a351d397a5b83df3b7a1403674f
?? work/native-errors/jest-credentials-cache/jest-transform-cache-9cca1a483338b2b09b9b84e0204c6bf5-33e9a252a52783adb262261baf4dff05/78/udf_path_utils_78114a351d397a5b83df3b7a1403674f.map
?? work/native-errors/jest-credentials-cache/jest-transform-cache-9cca1a483338b2b09b9b84e0204c6bf5-33e9a252a52783adb262261baf4dff05/82/index_820e29b67af5f8abfa4ab07e7dc0938d
?? work/native-errors/jest-credentials-cache/jest-transform-cache-9cca1a483338b2b09b9b84e0204c6bf5-33e9a252a52783adb262261baf4dff05/82/index_820e29b67af5f8abfa4ab07e7dc0938d.map
?? work/native-errors/jest-credentials-cache/jest-transform-cache-9cca1a483338b2b09b9b84e0204c6bf5-33e9a252a52783adb262261baf4dff05/82/indexnode_8201d40e6d628f2a3d3d56139b630cf3
?? work/native-errors/jest-credentials-cache/jest-transform-cache-9cca1a483338b2b09b9b84e0204c6bf5-33e9a252a52783adb262261baf4dff05/82/indexnode_8201d40e6d628f2a3d3d56139b630cf3.map
?? work/native-errors/jest-credentials-cache/jest-transform-cache-9cca1a483338b2b09b9b84e0204c6bf5-33e9a252a52783adb262261baf4dff05/83/api_83466669495f007534adbf27b830271f
?? work/native-errors/jest-credentials-cache/jest-transform-cache-9cca1a483338b2b09b9b84e0204c6bf5-33e9a252a52783adb262261baf4dff05/83/api_83466669495f007534adbf27b830271f.map
?? work/native-errors/jest-credentials-cache/jest-transform-cache-9cca1a483338b2b09b9b84e0204c6bf5-33e9a252a52783adb262261baf4dff05/84/index_84f24847ef931b508d24c875893be6b8
?? work/native-errors/jest-credentials-cache/jest-transform-cache-9cca1a483338b2b09b9b84e0204c6bf5-33e9a252a52783adb262261baf4dff05/84/index_84f24847ef931b508d24c875893be6b8.map
?? work/native-errors/jest-credentials-cache/jest-transform-cache-9cca1a483338b2b09b9b84e0204c6bf5-33e9a252a52783adb262261baf4dff05/84/paginated_query_client_841e9a281682c472e9e5d6f794666084
?? work/native-errors/jest-credentials-cache/jest-transform-cache-9cca1a483338b2b09b9b84e0204c6bf5-33e9a252a52783adb262261baf4dff05/84/paginated_query_client_841e9a281682c472e9e5d6f794666084.map
?? work/native-errors/jest-credentials-cache/jest-transform-cache-9cca1a483338b2b09b9b84e0204c6bf5-33e9a252a52783adb262261baf4dff05/85/graphEnhancement_85dd40c7d7af4041a0d2f8d0b65dea8a
?? work/native-errors/jest-credentials-cache/jest-transform-cache-9cca1a483338b2b09b9b84e0204c6bf5-33e9a252a52783adb262261baf4dff05/85/graphEnhancement_85dd40c7d7af4041a0d2f8d0b65dea8a.map
?? work/native-errors/jest-credentials-cache/jest-transform-cache-9cca1a483338b2b09b9b84e0204c6bf5-33e9a252a52783adb262261baf4dff05/85/validators_85a14ecf8f290547a1fa2ca91c695ae1
?? work/native-errors/jest-credentials-cache/jest-transform-cache-9cca1a483338b2b09b9b84e0204c6bf5-33e9a252a52783adb262261baf4dff05/85/validators_85a14ecf8f290547a1fa2ca91c695ae1.map
?? work/native-errors/jest-credentials-cache/jest-transform-cache-9cca1a483338b2b09b9b84e0204c6bf5-33e9a252a52783adb262261baf4dff05/86/GraphSyncWorker_86654aca03573ce40e0592a05e1f3b9b
?? work/native-errors/jest-credentials-cache/jest-transform-cache-9cca1a483338b2b09b9b84e0204c6bf5-33e9a252a52783adb262261baf4dff05/86/GraphSyncWorker_86654aca03573ce40e0592a05e1f3b9b.map
?? work/native-errors/jest-credentials-cache/jest-transform-cache-9cca1a483338b2b09b9b84e0204c6bf5-33e9a252a52783adb262261baf4dff05/86/index_86f392d43729b7161b2ec8ac02745219
?? work/native-errors/jest-credentials-cache/jest-transform-cache-9cca1a483338b2b09b9b84e0204c6bf5-33e9a252a52783adb262261baf4dff05/86/index_86f392d43729b7161b2ec8ac02745219.map
?? work/native-errors/jest-credentials-cache/jest-transform-cache-9cca1a483338b2b09b9b84e0204c6bf5-33e9a252a52783adb262261baf4dff05/86/slots_8656437d44c6f9d2fb807b8df219ac22
?? work/native-errors/jest-credentials-cache/jest-transform-cache-9cca1a483338b2b09b9b84e0204c6bf5-33e9a252a52783adb262261baf4dff05/86/slots_8656437d44c6f9d2fb807b8df219ac22.map
?? work/native-errors/jest-credentials-cache/jest-transform-cache-9cca1a483338b2b09b9b84e0204c6bf5-33e9a252a52783adb262261baf4dff05/88/actions_impl_88f613aacc31abd0ceb71814ffa79bed
?? work/native-errors/jest-credentials-cache/jest-transform-cache-9cca1a483338b2b09b9b84e0204c6bf5-33e9a252a52783adb262261baf4dff05/88/actions_impl_88f613aacc31abd0ceb71814ffa79bed.map
?? work/native-errors/jest-credentials-cache/jest-transform-cache-9cca1a483338b2b09b9b84e0204c6bf5-33e9a252a52783adb262261baf4dff05/8d/validators_8dbf793fc20093650ba0604dfa080ce0
?? work/native-errors/jest-credentials-cache/jest-transform-cache-9cca1a483338b2b09b9b84e0204c6bf5-33e9a252a52783adb262261baf4dff05/8d/validators_8dbf793fc20093650ba0604dfa080ce0.map
?? work/native-errors/jest-credentials-cache/jest-transform-cache-9cca1a483338b2b09b9b84e0204c6bf5-33e9a252a52783adb262261baf4dff05/92/vector_search_impl_92551d8f86e3558cbb63bab94da8baa0
?? work/native-errors/jest-credentials-cache/jest-transform-cache-9cca1a483338b2b09b9b84e0204c6bf5-33e9a252a52783adb262261baf4dff05/92/vector_search_impl_92551d8f86e3558cbb63bab94da8baa0.map
?? work/native-errors/jest-credentials-cache/jest-transform-cache-9cca1a483338b2b09b9b84e0204c6bf5-33e9a252a52783adb262261baf4dff05/93/database_93b9b3f51a145694ae7792ed60df2dd0
?? work/native-errors/jest-credentials-cache/jest-transform-cache-9cca1a483338b2b09b9b84e0204c6bf5-33e9a252a52783adb262261baf4dff05/93/database_93b9b3f51a145694ae7792ed60df2dd0.map
?? work/native-errors/jest-credentials-cache/jest-transform-cache-9cca1a483338b2b09b9b84e0204c6bf5-33e9a252a52783adb262261baf4dff05/97/index_range_builder_971b058042a812bd05158ebbba17aa71
?? work/native-errors/jest-credentials-cache/jest-transform-cache-9cca1a483338b2b09b9b84e0204c6bf5-33e9a252a52783adb262261baf4dff05/97/index_range_builder_971b058042a812bd05158ebbba17aa71.map
?? work/native-errors/jest-credentials-cache/jest-transform-cache-9cca1a483338b2b09b9b84e0204c6bf5-33e9a252a52783adb262261baf4dff05/98/authentication_impl_98dd8912ae02f71a4514d83f467af1b4
?? work/native-errors/jest-credentials-cache/jest-transform-cache-9cca1a483338b2b09b9b84e0204c6bf5-33e9a252a52783adb262261baf4dff05/98/authentication_impl_98dd8912ae02f71a4514d83f467af1b4.map
?? work/native-errors/jest-credentials-cache/jest-transform-cache-9cca1a483338b2b09b9b84e0204c6bf5-33e9a252a52783adb262261baf4dff05/98/index_98e3c776d62c62eab57d65a37c375578
?? work/native-errors/jest-credentials-cache/jest-transform-cache-9cca1a483338b2b09b9b84e0204c6bf5-33e9a252a52783adb262261baf4dff05/98/index_98e3c776d62c62eab57d65a37c375578.map
?? work/native-errors/jest-credentials-cache/jest-transform-cache-9cca1a483338b2b09b9b84e0204c6bf5-33e9a252a52783adb262261baf4dff05/99/query_impl_992ceccc488246bcc3df20797f7efeb8
?? work/native-errors/jest-credentials-cache/jest-transform-cache-9cca1a483338b2b09b9b84e0204c6bf5-33e9a252a52783adb262261baf4dff05/99/query_impl_992ceccc488246bcc3df20797f7efeb8.map
?? work/native-errors/jest-credentials-cache/jest-transform-cache-9cca1a483338b2b09b9b84e0204c6bf5-33e9a252a52783adb262261baf4dff05/9a/size_9a4a082ef21b0bb261cb3bdeef9eb208
?? work/native-errors/jest-credentials-cache/jest-transform-cache-9cca1a483338b2b09b9b84e0204c6bf5-33e9a252a52783adb262261baf4dff05/9a/size_9a4a082ef21b0bb261cb3bdeef9eb208.map
?? work/native-errors/jest-credentials-cache/jest-transform-cache-9cca1a483338b2b09b9b84e0204c6bf5-33e9a252a52783adb262261baf4dff05/9b/logging_9ba5473f70aa4339c6a5bb1efcfd9de1
?? work/native-errors/jest-credentials-cache/jest-transform-cache-9cca1a483338b2b09b9b84e0204c6bf5-33e9a252a52783adb262261baf4dff05/9b/logging_9ba5473f70aa4339c6a5bb1efcfd9de1.map
?? work/native-errors/jest-credentials-cache/jest-transform-cache-9cca1a483338b2b09b9b84e0204c6bf5-33e9a252a52783adb262261baf4dff05/9c/credentials_9cd9b12ad84ab0898fa1ba10df778915
?? work/native-errors/jest-credentials-cache/jest-transform-cache-9cca1a483338b2b09b9b84e0204c6bf5-33e9a252a52783adb262261baf4dff05/9c/credentials_9cd9b12ad84ab0898fa1ba10df778915.map
?? work/native-errors/jest-credentials-cache/jest-transform-cache-9cca1a483338b2b09b9b84e0204c6bf5-33e9a252a52783adb262261baf4dff05/9d/CypherGraphAdapter_9d3125847c69f945f1a4b235fd13bb2a
?? work/native-errors/jest-credentials-cache/jest-transform-cache-9cca1a483338b2b09b9b84e0204c6bf5-33e9a252a52783adb262261baf4dff05/9d/CypherGraphAdapter_9d3125847c69f945f1a4b235fd13bb2a.map
?? work/native-errors/jest-credentials-cache/jest-transform-cache-9cca1a483338b2b09b9b84e0204c6bf5-33e9a252a52783adb262261baf4dff05/9d/index_9da9061049a443f0cbe281ef99c0277b
?? work/native-errors/jest-credentials-cache/jest-transform-cache-9cca1a483338b2b09b9b84e0204c6bf5-33e9a252a52783adb262261baf4dff05/9d/index_9da9061049a443f0cbe281ef99c0277b.map
?? work/native-errors/jest-credentials-cache/jest-transform-cache-9cca1a483338b2b09b9b84e0204c6bf5-33e9a252a52783adb262261baf4dff05/a0/index_a0255769852737cec8b70a44edadf695
?? work/native-errors/jest-credentials-cache/jest-transform-cache-9cca1a483338b2b09b9b84e0204c6bf5-33e9a252a52783adb262261baf4dff05/a0/index_a0255769852737cec8b70a44edadf695.map
?? work/native-errors/jest-credentials-cache/jest-transform-cache-9cca1a483338b2b09b9b84e0204c6bf5-33e9a252a52783adb262261baf4dff05/a3/simple_clientnode_a3c925dc806a0fa6c8472a3c6d580828
?? work/native-errors/jest-credentials-cache/jest-transform-cache-9cca1a483338b2b09b9b84e0204c6bf5-33e9a252a52783adb262261baf4dff05/a3/simple_clientnode_a3c925dc806a0fa6c8472a3c6d580828.map
?? work/native-errors/jest-credentials-cache/jest-transform-cache-9cca1a483338b2b09b9b84e0204c6bf5-33e9a252a52783adb262261baf4dff05/a3/validator_a3383c0aed8fb22ae4a2e752a776431a
?? work/native-errors/jest-credentials-cache/jest-transform-cache-9cca1a483338b2b09b9b84e0204c6bf5-33e9a252a52783adb262261baf4dff05/a3/validator_a3383c0aed8fb22ae4a2e752a776431a.map
?? work/native-errors/jest-credentials-cache/jest-transform-cache-9cca1a483338b2b09b9b84e0204c6bf5-33e9a252a52783adb262261baf4dff05/a4/index_a4d00f1c2e2ccb366f04763c7d4a6a95
?? work/native-errors/jest-credentials-cache/jest-transform-cache-9cca1a483338b2b09b9b84e0204c6bf5-33e9a252a52783adb262261baf4dff05/a4/index_a4d00f1c2e2ccb366f04763c7d4a6a95.map
?? work/native-errors/jest-credentials-cache/jest-transform-cache-9cca1a483338b2b09b9b84e0204c6bf5-33e9a252a52783adb262261baf4dff05/a9/env_a97bada027dbd432ac0a8993add99005
?? work/native-errors/jest-credentials-cache/jest-transform-cache-9cca1a483338b2b09b9b84e0204c6bf5-33e9a252a52783adb262261baf4dff05/a9/env_a97bada027dbd432ac0a8993add99005.map
?? work/native-errors/jest-credentials-cache/jest-transform-cache-9cca1a483338b2b09b9b84e0204c6bf5-33e9a252a52783adb262261baf4dff05/af/deduplication_af176b7695970023155c1f2d50e4f26d
?? work/native-errors/jest-credentials-cache/jest-transform-cache-9cca1a483338b2b09b9b84e0204c6bf5-33e9a252a52783adb262261baf4dff05/af/deduplication_af176b7695970023155c1f2d50e4f26d.map
?? work/native-errors/jest-credentials-cache/jest-transform-cache-9cca1a483338b2b09b9b84e0204c6bf5-33e9a252a52783adb262261baf4dff05/b1/index_b1bc52a1e299688a25e5dd6f722f43f3
?? work/native-errors/jest-credentials-cache/jest-transform-cache-9cca1a483338b2b09b9b84e0204c6bf5-33e9a252a52783adb262261baf4dff05/b1/index_b1bc52a1e299688a25e5dd6f722f43f3.map
?? work/native-errors/jest-credentials-cache/jest-transform-cache-9cca1a483338b2b09b9b84e0204c6bf5-33e9a252a52783adb262261baf4dff05/b2/authentication_manager_b2c3a554cc2d293e2c39cea1eb8a49b2
?? work/native-errors/jest-credentials-cache/jest-transform-cache-9cca1a483338b2b09b9b84e0204c6bf5-33e9a252a52783adb262261baf4dff05/b2/authentication_manager_b2c3a554cc2d293e2c39cea1eb8a49b2.map
?? work/native-errors/jest-credentials-cache/jest-transform-cache-9cca1a483338b2b09b9b84e0204c6bf5-33e9a252a52783adb262261baf4dff05/b4/request_manager_b445d46ce126472f5bbce698191fc100
?? work/native-errors/jest-credentials-cache/jest-transform-cache-9cca1a483338b2b09b9b84e0204c6bf5-33e9a252a52783adb262261baf4dff05/b4/request_manager_b445d46ce126472f5bbce698191fc100.map
?? work/native-errors/jest-credentials-cache/jest-transform-cache-9cca1a483338b2b09b9b84e0204c6bf5-33e9a252a52783adb262261baf4dff05/b6/syncRelationships_b6a347fc601388241bd3d1cf9c380364
?? work/native-errors/jest-credentials-cache/jest-transform-cache-9cca1a483338b2b09b9b84e0204c6bf5-33e9a252a52783adb262261baf4dff05/b6/syncRelationships_b6a347fc601388241bd3d1cf9c380364.map
?? work/native-errors/jest-credentials-cache/jest-transform-cache-9cca1a483338b2b09b9b84e0204c6bf5-33e9a252a52783adb262261baf4dff05/b6/validators_b6785289783d2259de194a74917ee0ee
?? work/native-errors/jest-credentials-cache/jest-transform-cache-9cca1a483338b2b09b9b84e0204c6bf5-33e9a252a52783adb262261baf4dff05/b6/validators_b6785289783d2259de194a74917ee0ee.map
?? work/native-errors/jest-credentials-cache/jest-transform-cache-9cca1a483338b2b09b9b84e0204c6bf5-33e9a252a52783adb262261baf4dff05/ba/beliefrevision_ba77db92ca7ffe47ef4cf09fc7873a85
?? work/native-errors/jest-credentials-cache/jest-transform-cache-9cca1a483338b2b09b9b84e0204c6bf5-33e9a252a52783adb262261baf4dff05/ba/beliefrevision_ba77db92ca7ffe47ef4cf09fc7873a85.map
?? work/native-errors/jest-credentials-cache/jest-transform-cache-9cca1a483338b2b09b9b84e0204c6bf5-33e9a252a52783adb262261baf4dff05/bb/priorities_bb8d33b4288850eccace816566b9eb89
?? work/native-errors/jest-credentials-cache/jest-transform-cache-9cca1a483338b2b09b9b84e0204c6bf5-33e9a252a52783adb262261baf4dff05/bb/priorities_bb8d33b4288850eccace816566b9eb89.map
?? work/native-errors/jest-credentials-cache/jest-transform-cache-9cca1a483338b2b09b9b84e0204c6bf5-33e9a252a52783adb262261baf4dff05/bb/tenant_bb5c9b6cd7c648bd2f1f8d84c697eba8
?? work/native-errors/jest-credentials-cache/jest-transform-cache-9cca1a483338b2b09b9b84e0204c6bf5-33e9a252a52783adb262261baf4dff05/bb/tenant_bb5c9b6cd7c648bd2f1f8d84c697eba8.map
?? work/native-errors/jest-credentials-cache/jest-transform-cache-9cca1a483338b2b09b9b84e0204c6bf5-33e9a252a52783adb262261baf4dff05/bc/index_bc0f63b1af272ef9d51f2107f3f1bac1
?? work/native-errors/jest-credentials-cache/jest-transform-cache-9cca1a483338b2b09b9b84e0204c6bf5-33e9a252a52783adb262261baf4dff05/bc/index_bc0f63b1af272ef9d51f2107f3f1bac1.map
?? work/native-errors/jest-credentials-cache/jest-transform-cache-9cca1a483338b2b09b9b84e0204c6bf5-33e9a252a52783adb262261baf4dff05/bc/recall_bce28db2cb2c7700a194274481e80fde
?? work/native-errors/jest-credentials-cache/jest-transform-cache-9cca1a483338b2b09b9b84e0204c6bf5-33e9a252a52783adb262261baf4dff05/bc/recall_bce28db2cb2c7700a194274481e80fde.map
?? work/native-errors/jest-credentials-cache/jest-transform-cache-9cca1a483338b2b09b9b84e0204c6bf5-33e9a252a52783adb262261baf4dff05/bc/schema_bcbc026e0424fd45c2336924d2627906
?? work/native-errors/jest-credentials-cache/jest-transform-cache-9cca1a483338b2b09b9b84e0204c6bf5-33e9a252a52783adb262261baf4dff05/bc/schema_bcbc026e0424fd45c2336924d2627906.map
?? work/native-errors/jest-credentials-cache/jest-transform-cache-9cca1a483338b2b09b9b84e0204c6bf5-33e9a252a52783adb262261baf4dff05/bf/base64_bf3f6cb789601af15381eb2bff424147
?? work/native-errors/jest-credentials-cache/jest-transform-cache-9cca1a483338b2b09b9b84e0204c6bf5-33e9a252a52783adb262261baf4dff05/bf/base64_bf3f6cb789601af15381eb2bff424147.map
?? work/native-errors/jest-credentials-cache/jest-transform-cache-9cca1a483338b2b09b9b84e0204c6bf5-33e9a252a52783adb262261baf4dff05/c0/functionName_c027f04f4f6abfe3d32581a09c667d6f
?? work/native-errors/jest-credentials-cache/jest-transform-cache-9cca1a483338b2b09b9b84e0204c6bf5-33e9a252a52783adb262261baf4dff05/c0/functionName_c027f04f4f6abfe3d32581a09c667d6f.map
?? work/native-errors/jest-credentials-cache/jest-transform-cache-9cca1a483338b2b09b9b84e0204c6bf5-33e9a252a52783adb262261baf4dff05/c8/validators_c8413c2675e05b5f63b1d575429e6bb5
?? work/native-errors/jest-credentials-cache/jest-transform-cache-9cca1a483338b2b09b9b84e0204c6bf5-33e9a252a52783adb262261baf4dff05/c8/validators_c8413c2675e05b5f63b1d575429e6bb5.map
?? work/native-errors/jest-credentials-cache/jest-transform-cache-9cca1a483338b2b09b9b84e0204c6bf5-33e9a252a52783adb262261baf4dff05/c9/search_filter_builder_c9e37e7597b6ab5ae639005f0599578e
?? work/native-errors/jest-credentials-cache/jest-transform-cache-9cca1a483338b2b09b9b84e0204c6bf5-33e9a252a52783adb262261baf4dff05/c9/search_filter_builder_c9e37e7597b6ab5ae639005f0599578e.map
?? work/native-errors/jest-credentials-cache/jest-transform-cache-9cca1a483338b2b09b9b84e0204c6bf5-33e9a252a52783adb262261baf4dff05/c9/slotmatching_c90b6eb1fa58c615b4bc299ed926bdda
?? work/native-errors/jest-credentials-cache/jest-transform-cache-9cca1a483338b2b09b9b84e0204c6bf5-33e9a252a52783adb262261baf4dff05/c9/slotmatching_c90b6eb1fa58c615b4bc299ed926bdda.map
?? work/native-errors/jest-credentials-cache/jest-transform-cache-9cca1a483338b2b09b9b84e0204c6bf5-33e9a252a52783adb262261baf4dff05/d0/local_state_d000435b0dc890bb03d8b753efc9eeff
?? work/native-errors/jest-credentials-cache/jest-transform-cache-9cca1a483338b2b09b9b84e0204c6bf5-33e9a252a52783adb262261baf4dff05/d0/local_state_d000435b0dc890bb03d8b753efc9eeff.map
?? work/native-errors/jest-credentials-cache/jest-transform-cache-9cca1a483338b2b09b9b84e0204c6bf5-33e9a252a52783adb262261baf4dff05/d1/index_d1fb42b597cb2ca10be2eb84a1b538f7
?? work/native-errors/jest-credentials-cache/jest-transform-cache-9cca1a483338b2b09b9b84e0204c6bf5-33e9a252a52783adb262261baf4dff05/d1/index_d1fb42b597cb2ca10be2eb84a1b538f7.map
?? work/native-errors/jest-credentials-cache/jest-transform-cache-9cca1a483338b2b09b9b84e0204c6bf5-33e9a252a52783adb262261baf4dff05/d2/index_range_builder_impl_d20436c9f005a1489f41bef0f94bfae5
?? work/native-errors/jest-credentials-cache/jest-transform-cache-9cca1a483338b2b09b9b84e0204c6bf5-33e9a252a52783adb262261baf4dff05/d2/index_range_builder_impl_d20436c9f005a1489f41bef0f94bfae5.map
?? work/native-errors/jest-credentials-cache/jest-transform-cache-9cca1a483338b2b09b9b84e0204c6bf5-33e9a252a52783adb262261baf4dff05/d2/vector_search_d25d6e8642221e421877e19a13757c40
?? work/native-errors/jest-credentials-cache/jest-transform-cache-9cca1a483338b2b09b9b84e0204c6bf5-33e9a252a52783adb262261baf4dff05/d2/vector_search_d25d6e8642221e421877e19a13757c40.map
?? work/native-errors/jest-credentials-cache/jest-transform-cache-9cca1a483338b2b09b9b84e0204c6bf5-33e9a252a52783adb262261baf4dff05/d4/api_d4252aacd39b2d06d83946769b26fcaf
?? work/native-errors/jest-credentials-cache/jest-transform-cache-9cca1a483338b2b09b9b84e0204c6bf5-33e9a252a52783adb262261baf4dff05/d4/api_d4252aacd39b2d06d83946769b26fcaf.map
?? work/native-errors/jest-credentials-cache/jest-transform-cache-9cca1a483338b2b09b9b84e0204c6bf5-33e9a252a52783adb262261baf4dff05/d4/index_d4b505cd2875a5649f1f671c7cab1d41
?? work/native-errors/jest-credentials-cache/jest-transform-cache-9cca1a483338b2b09b9b84e0204c6bf5-33e9a252a52783adb262261baf4dff05/d4/index_d4b505cd2875a5649f1f671c7cab1d41.map
?? work/native-errors/jest-credentials-cache/jest-transform-cache-9cca1a483338b2b09b9b84e0204c6bf5-33e9a252a52783adb262261baf4dff05/d4/validators_d4cd490ed72956ebd6f309a002085061
?? work/native-errors/jest-credentials-cache/jest-transform-cache-9cca1a483338b2b09b9b84e0204c6bf5-33e9a252a52783adb262261baf4dff05/d4/validators_d4cd490ed72956ebd6f309a002085061.map
?? work/native-errors/jest-credentials-cache/jest-transform-cache-9cca1a483338b2b09b9b84e0204c6bf5-33e9a252a52783adb262261baf4dff05/d5/history_d536f2380c58eba3e995ab6d7078bc19
?? work/native-errors/jest-credentials-cache/jest-transform-cache-9cca1a483338b2b09b9b84e0204c6bf5-33e9a252a52783adb262261baf4dff05/d5/history_d536f2380c58eba3e995ab6d7078bc19.map
?? work/native-errors/jest-credentials-cache/jest-transform-cache-9cca1a483338b2b09b9b84e0204c6bf5-33e9a252a52783adb262261baf4dff05/d6/client_d6f52fc91a51a508deacfd52ef59f4b5
?? work/native-errors/jest-credentials-cache/jest-transform-cache-9cca1a483338b2b09b9b84e0204c6bf5-33e9a252a52783adb262261baf4dff05/d6/client_d6f52fc91a51a508deacfd52ef59f4b5.map
?? work/native-errors/jest-credentials-cache/jest-transform-cache-9cca1a483338b2b09b9b84e0204c6bf5-33e9a252a52783adb262261baf4dff05/d6/index_d670464b9c3392356d60853e2552648c
?? work/native-errors/jest-credentials-cache/jest-transform-cache-9cca1a483338b2b09b9b84e0204c6bf5-33e9a252a52783adb262261baf4dff05/d6/index_d670464b9c3392356d60853e2552648c.map
?? work/native-errors/jest-credentials-cache/jest-transform-cache-9cca1a483338b2b09b9b84e0204c6bf5-33e9a252a52783adb262261baf4dff05/d6/router_d68924c5550c09515d21fc4295407f04
?? work/native-errors/jest-credentials-cache/jest-transform-cache-9cca1a483338b2b09b9b84e0204c6bf5-33e9a252a52783adb262261baf4dff05/d6/router_d68924c5550c09515d21fc4295407f04.map
?? work/native-errors/jest-credentials-cache/jest-transform-cache-9cca1a483338b2b09b9b84e0204c6bf5-33e9a252a52783adb262261baf4dff05/d8/index_d8d44eec36cbbfc6c188abe53100371d
?? work/native-errors/jest-credentials-cache/jest-transform-cache-9cca1a483338b2b09b9b84e0204c6bf5-33e9a252a52783adb262261baf4dff05/d8/index_d8d44eec36cbbfc6c188abe53100371d.map
?? work/native-errors/jest-credentials-cache/jest-transform-cache-9cca1a483338b2b09b9b84e0204c6bf5-33e9a252a52783adb262261baf4dff05/db/Semaphore_db665e0f334846aca9b74ab548489d46
?? work/native-errors/jest-credentials-cache/jest-transform-cache-9cca1a483338b2b09b9b84e0204c6bf5-33e9a252a52783adb262261baf4dff05/db/Semaphore_db665e0f334846aca9b74ab548489d46.map
?? work/native-errors/jest-credentials-cache/jest-transform-cache-9cca1a483338b2b09b9b84e0204c6bf5-33e9a252a52783adb262261baf4dff05/db/setup_db9d05f6699445ff52ee91977c7c04b4
?? work/native-errors/jest-credentials-cache/jest-transform-cache-9cca1a483338b2b09b9b84e0204c6bf5-33e9a252a52783adb262261baf4dff05/db/setup_db9d05f6699445ff52ee91977c7c04b4.map
?? work/native-errors/jest-credentials-cache/jest-transform-cache-9cca1a483338b2b09b9b84e0204c6bf5-33e9a252a52783adb262261baf4dff05/dc/deduplication_dc8ad50ad3bd3501bf10e410aa378a1d
?? work/native-errors/jest-credentials-cache/jest-transform-cache-9cca1a483338b2b09b9b84e0204c6bf5-33e9a252a52783adb262261baf4dff05/dc/deduplication_dc8ad50ad3bd3501bf10e410aa378a1d.map
?? work/native-errors/jest-credentials-cache/jest-transform-cache-9cca1a483338b2b09b9b84e0204c6bf5-33e9a252a52783adb262261baf4dff05/dc/simple_client_dce16be9ce7d7b50f526b53c03b3df3f
?? work/native-errors/jest-credentials-cache/jest-transform-cache-9cca1a483338b2b09b9b84e0204c6bf5-33e9a252a52783adb262261baf4dff05/dc/simple_client_dce16be9ce7d7b50f526b53c03b3df3f.map
?? work/native-errors/jest-credentials-cache/jest-transform-cache-9cca1a483338b2b09b9b84e0204c6bf5-33e9a252a52783adb262261baf4dff05/de/validators_de7e6faf27ee0bcc559ea5c117e89ebb
?? work/native-errors/jest-credentials-cache/jest-transform-cache-9cca1a483338b2b09b9b84e0204c6bf5-33e9a252a52783adb262261baf4dff05/de/validators_de7e6faf27ee0bcc559ea5c117e89ebb.map
?? work/native-errors/jest-credentials-cache/jest-transform-cache-9cca1a483338b2b09b9b84e0204c6bf5-33e9a252a52783adb262261baf4dff05/e0/index_e0dc9a0bffd2185b54b2dadf4e4b9cb6
?? work/native-errors/jest-credentials-cache/jest-transform-cache-9cca1a483338b2b09b9b84e0204c6bf5-33e9a252a52783adb262261baf4dff05/e0/index_e0dc9a0bffd2185b54b2dadf4e4b9cb6.map
?? work/native-errors/jest-credentials-cache/jest-transform-cache-9cca1a483338b2b09b9b84e0204c6bf5-33e9a252a52783adb262261baf4dff05/e3/errors_e3e9c7c428d66518701dab778c85a1aa
?? work/native-errors/jest-credentials-cache/jest-transform-cache-9cca1a483338b2b09b9b84e0204c6bf5-33e9a252a52783adb262261baf4dff05/e3/errors_e3e9c7c428d66518701dab778c85a1aa.map
?? work/native-errors/jest-credentials-cache/jest-transform-cache-9cca1a483338b2b09b9b84e0204c6bf5-33e9a252a52783adb262261baf4dff05/e4/protocol_e44a0fcc71144ec718b15d74fe287538
?? work/native-errors/jest-credentials-cache/jest-transform-cache-9cca1a483338b2b09b9b84e0204c6bf5-33e9a252a52783adb262261baf4dff05/e4/protocol_e44a0fcc71144ec718b15d74fe287538.map
?? work/native-errors/jest-credentials-cache/jest-transform-cache-9cca1a483338b2b09b9b84e0204c6bf5-33e9a252a52783adb262261baf4dff05/e5/contexttest_e58f6c887df72b6c9acd1a11b319b727
?? work/native-errors/jest-credentials-cache/jest-transform-cache-9cca1a483338b2b09b9b84e0204c6bf5-33e9a252a52783adb262261baf4dff05/e5/contexttest_e58f6c887df72b6c9acd1a11b319b727.map
?? work/native-errors/jest-credentials-cache/jest-transform-cache-9cca1a483338b2b09b9b84e0204c6bf5-33e9a252a52783adb262261baf4dff05/e6/index_e6384fc4f835773e55dbe560bc3d941c
?? work/native-errors/jest-credentials-cache/jest-transform-cache-9cca1a483338b2b09b9b84e0204c6bf5-33e9a252a52783adb262261baf4dff05/e6/index_e6384fc4f835773e55dbe560bc3d941c.map
?? work/native-errors/jest-credentials-cache/jest-transform-cache-9cca1a483338b2b09b9b84e0204c6bf5-33e9a252a52783adb262261baf4dff05/e6/validatorstest_e637e2bde2cc4d21a7b147003a3c4aec
?? work/native-errors/jest-credentials-cache/jest-transform-cache-9cca1a483338b2b09b9b84e0204c6bf5-33e9a252a52783adb262261baf4dff05/e6/validatorstest_e637e2bde2cc4d21a7b147003a3c4aec.map
?? work/native-errors/jest-credentials-cache/jest-transform-cache-9cca1a483338b2b09b9b84e0204c6bf5-33e9a252a52783adb262261baf4dff05/e7/runtime_e716aaa19a97fdb9128d833de4af96b3
?? work/native-errors/jest-credentials-cache/jest-transform-cache-9cca1a483338b2b09b9b84e0204c6bf5-33e9a252a52783adb262261baf4dff05/e7/runtime_e716aaa19a97fdb9128d833de4af96b3.map
?? work/native-errors/jest-credentials-cache/jest-transform-cache-9cca1a483338b2b09b9b84e0204c6bf5-33e9a252a52783adb262261baf4dff05/ea/index_ea704cba4aed66cbeaef65c3d4ac4099
?? work/native-errors/jest-credentials-cache/jest-transform-cache-9cca1a483338b2b09b9b84e0204c6bf5-33e9a252a52783adb262261baf4dff05/ea/index_ea704cba4aed66cbeaef65c3d4ac4099.map
?? work/native-errors/jest-credentials-cache/jest-transform-cache-9cca1a483338b2b09b9b84e0204c6bf5-33e9a252a52783adb262261baf4dff05/ec/index_ec7ca2163ef8b613bc356f266660cecd
?? work/native-errors/jest-credentials-cache/jest-transform-cache-9cca1a483338b2b09b9b84e0204c6bf5-33e9a252a52783adb262261baf4dff05/ec/index_ec7ca2163ef8b613bc356f266660cecd.map
?? work/native-errors/jest-credentials-cache/jest-transform-cache-9cca1a483338b2b09b9b84e0204c6bf5-33e9a252a52783adb262261baf4dff05/ec/search_filter_builder_impl_ec1f510c43d80e4516ecaf6926a1ab3b
?? work/native-errors/jest-credentials-cache/jest-transform-cache-9cca1a483338b2b09b9b84e0204c6bf5-33e9a252a52783adb262261baf4dff05/ec/search_filter_builder_impl_ec1f510c43d80e4516ecaf6926a1ab3b.map
?? work/native-errors/jest-credentials-cache/jest-transform-cache-9cca1a483338b2b09b9b84e0204c6bf5-33e9a252a52783adb262261baf4dff05/ef/CircuitBreaker_ef91c1eac54bf6b1814e0246381da798
?? work/native-errors/jest-credentials-cache/jest-transform-cache-9cca1a483338b2b09b9b84e0204c6bf5-33e9a252a52783adb262261baf4dff05/ef/CircuitBreaker_ef91c1eac54bf6b1814e0246381da798.map
?? work/native-errors/jest-credentials-cache/jest-transform-cache-9cca1a483338b2b09b9b84e0204c6bf5-33e9a252a52783adb262261baf4dff05/ef/validators_ef2177144d327ef9b2923624e4a25424
?? work/native-errors/jest-credentials-cache/jest-transform-cache-9cca1a483338b2b09b9b84e0204c6bf5-33e9a252a52783adb262261baf4dff05/ef/validators_ef2177144d327ef9b2923624e4a25424.map
?? work/native-errors/jest-credentials-cache/jest-transform-cache-9cca1a483338b2b09b9b84e0204c6bf5-33e9a252a52783adb262261baf4dff05/f5/index_f5cebcef452828e9459748705fd053bc
?? work/native-errors/jest-credentials-cache/jest-transform-cache-9cca1a483338b2b09b9b84e0204c6bf5-33e9a252a52783adb262261baf4dff05/f5/index_f5cebcef452828e9459748705fd053bc.map
?? work/native-errors/jest-credentials-cache/jest-transform-cache-9cca1a483338b2b09b9b84e0204c6bf5-33e9a252a52783adb262261baf4dff05/f8/schemas_f80bd4b55558a00a064055a3462dbc5a
?? work/native-errors/jest-credentials-cache/jest-transform-cache-9cca1a483338b2b09b9b84e0204c6bf5-33e9a252a52783adb262261baf4dff05/f8/schemas_f80bd4b55558a00a064055a3462dbc5a.map
?? work/native-errors/jest-credentials-cache/jest-transform-cache-9cca1a483338b2b09b9b84e0204c6bf5-33e9a252a52783adb262261baf4dff05/f8/validators_f80ad6efc5d170b6502d336025dfa498
?? work/native-errors/jest-credentials-cache/jest-transform-cache-9cca1a483338b2b09b9b84e0204c6bf5-33e9a252a52783adb262261baf4dff05/f8/validators_f80ad6efc5d170b6502d336025dfa498.map
?? work/native-errors/jest-credentials-cache/jest-transform-cache-9cca1a483338b2b09b9b84e0204c6bf5-33e9a252a52783adb262261baf4dff05/f9/metrics_f91a6cd3633a6252209b472c1494f1d4
?? work/native-errors/jest-credentials-cache/jest-transform-cache-9cca1a483338b2b09b9b84e0204c6bf5-33e9a252a52783adb262261baf4dff05/f9/metrics_f91a6cd3633a6252209b472c1494f1d4.map
?? work/native-errors/jest-credentials-cache/jest-transform-cache-9cca1a483338b2b09b9b84e0204c6bf5-33e9a252a52783adb262261baf4dff05/ff/context_ff154f428a6f0992117ab8554d88a367
?? work/native-errors/jest-credentials-cache/jest-transform-cache-9cca1a483338b2b09b9b84e0204c6bf5-33e9a252a52783adb262261baf4dff05/ff/context_ff154f428a6f0992117ab8554d88a367.map
?? work/native-errors/jest-credentials-cache/perf-cache-9cca1a483338b2b09b9b84e0204c6bf5-da39a3ee5e6b4b0d3255bfef95601890
?? work/native-errors/npm12-cache/_cacache/CACHEDIR.TAG
?? work/native-errors/npm12-cache/_cacache/content-v2/sha512/3c/ce/58cde33eb8c86f15534d61c49ee511b31b7dc541d4ba5c37227c46887ddb88acc4343190c5ac12c8657b51932e978cc423bdfe6981b99c812220e82bea26
?? work/native-errors/npm12-cache/_cacache/index-v5/90/3e/7c480e5a106cd8d03fd4f8660c5971c574e10a8a1bb9ff495638a13a9a2a
?? work/native-errors/replays/boundary-probes.json
?? work/native-errors/replays/boundary-probes.mjs
?? work/native-errors/replays/cleanup-controls.json
?? work/native-errors/replays/closure-controls.mjs
?? work/native-errors/replays/cycle2-immutable.ts
?? work/native-errors/replays/cycle2-users.ts
?? work/native-errors/replays/extra-probes.json
?? work/native-errors/replays/extra-probes.mjs
?? work/native-errors/replays/historical-additional-probes.mjs
?? work/native-errors/replays/historical-numeric-probe.mjs
?? work/native-errors/replays/historical-probe-check.mjs
?? work/native-errors/replays/historical-probes.mjs
?? work/native-errors/replays/inventory-callback.ts.text
?? work/native-errors/replays/registration.mjs
?? work/native-errors/replays/timestamp-equivalence.json
?? work/native-errors/run-check.py
?? work/native-errors/verify.py
